gene_id,isoform_id,region,tissue,archived_r,archived_p,archived_q,raw_weighted_r,raw_weighted_p,raw_unweighted_r,raw_unweighted_p,strand_sensitive_r,strand_sensitive_p,spearman_rho,linear_detrended_r,linear_detrended_p,first_difference_r,first_difference_p,isoform_absolute_expression_r,isoform_absolute_expression_p,gene_total_expression_r,gene_total_expression_p,loo_min_r,loo_max_r,loo_same_sign_fraction,methylation_replicate_reliability,usage_replicate_reliability,n_complete_stages,median_cpg,min_cpg,median_coverage,strand_cpg_gain,strand_sensitive_cpg,raw_weighted_exact_permutation_p,detrended_exact_permutation_p,difference_exact_permutation_p,raw_global_q,unweighted_global_q,strand_sensitive_global_q,detrended_global_q,difference_global_q,raw_weighted_exact_global_q,detrended_exact_global_q,difference_exact_global_q,archived_sign_reproduced,raw_nominal_reproduced,selection_origin,stage_permutation_p,circular_abs_rank,bootstrap_median_r,bootstrap_low_r,bootstrap_high_r,bootstrap_archived_sign_probability,detrended_same_sign,difference_same_sign,bootstrap_interval_excludes_zero,hostile_support_score
Psap,NM_011179,downstream,ForeBrain,-0.957587448581662,0.0001847162392671,0.0313779378023223,-0.9649315195744868,0.00010500202753979473,-0.9549950215366267,0.00022026528020263757,-0.9240419934411495,0.0010341541084659448,-0.9523809523809523,-0.6234415323410295,0.0986265605134479,-0.40825398529077483,0.3632101131060225,-0.9594582310765329,0.0001615653703935735,-0.95733310321996,0.000188022990534227,-0.9952380319679272,-0.9453046912675416,1.0,0.5988223151601155,0.9470670324062841,8,77.0,76.0,692.5,59.0,18.0,0.0001984126984126984,0.1385168650793651,0.23020833333333332,0.1861255117261344,0.13440395587104934,0.3428636535448618,0.7279280642950565,0.8910483074198734,0.2421957671957672,0.9779538523274478,0.9952985992560824,True,True,archived_only,0.0001984126984126984,1,-0.8894261919702813,-0.9854173106408353,-0.6770494785394652,1.0,True,True,True,10
Myo18a,NM_011586,gene_body,ForeBrain,0.935680486014185,0.0006335471690827,0.0409444844296338,0.9042746581830582,0.0020384862599533015,0.9768724536120528,3.039239504873093e-05,0.9042746581830582,0.0020384862599533015,0.9761904761904762,0.5867586262390468,0.12626205371245322,0.7567470581810346,0.048924261419196674,0.7865511317166795,0.02058616531169433,0.17390974213964963,0.6804343658308445,0.8847330436813172,0.9366073683085719,1.0,0.5033584284645451,0.9265875607439198,8,254.0,252.0,2448.5,0.0,254.0,0.0003224206349206349,0.16758432539682538,0.060069444444444446,0.3433914060833611,0.11129695066845267,0.35635484205781515,0.749972902638593,0.734688552044914,0.27247023809523807,0.9779538523274478,0.9952985992560824,True,True,archived_only,0.0003224206349206349,1,0.7726577206604985,0.5484934540346261,0.9603978295992825,1.0,True,True,True,10
Gnao1,NM_001113384,upstream,ForeBrain,0.25143089506649,0.548058799155074,0.767912106938358,0.9857601854485475,7.141726437816928e-06,0.924572359020943,0.001013056349986853,0.10522816430529379,0.8041488385759479,0.9523809523809523,0.8999183100938487,0.002321783665712614,0.8548890133822408,0.014225916265437672,0.007644536005612324,0.9856670534028245,-0.9111596287745919,0.0016382316929343555,0.9631780607811495,0.9967540671760683,1.0,0.7900560433424277,0.998962008516983,8,84.5,70.0,681.5,37.0,47.5,0.00034722222222222224,0.009250992063492064,0.008060515873015874,0.03822980998784311,0.16728590738333968,0.9725375104723986,0.3965082678008589,0.6564244219623383,0.27247023809523807,0.9348048062310029,0.9952985992560824,True,True,reconstructed_only,0.00034722222222222224,1,0.938194176541544,0.8656611377482505,0.9864414412014252,1.0,True,True,True,10
Gnao1,NM_010308,upstream,ForeBrain,-0.25143089506649,0.548058799155074,0.767912106938358,-0.9857601854485475,7.141726437816928e-06,-0.924572359020943,0.001013056349986853,-0.10522816430529376,0.804148838575948,-0.9523809523809523,-0.8999183100938493,0.002321783665712578,-0.8548890133822413,0.014225916265437528,-0.9081034591385373,0.0018088970061263482,-0.9111596287745919,0.0016382316929343555,-0.9967540671760681,-0.9631780607811499,1.0,0.7900560433424277,0.9989620085169832,8,84.5,70.0,681.5,37.0,47.5,0.00034722222222222224,0.009250992063492064,0.008060515873015874,0.03822980998784311,0.16728590738333968,0.9725375104723986,0.3965082678008589,0.6564244219623383,0.27247023809523807,0.9348048062310029,0.9952985992560824,True,True,reconstructed_only,0.00034722222222222224,1,-0.9341704656441481,-0.9856621097760575,-0.8654731330071044,1.0,True,True,True,10
Vti1a,NM_001293685,gene_body,ForeBrain,-0.943427827739148,0.0004336478244272,0.0386712448368348,-0.9324746172076115,0.0007312788703397484,-0.9419142078368467,0.0004688514472105351,-0.9492433639904638,0.0003145846608371121,-0.8095238095238095,-0.7235936813454561,0.04245451201431492,-0.3980034682862047,0.3765470601438981,-0.9332884235273958,0.0007055972981772929,-0.8650093306321709,0.005543861259283808,-0.9587943758384587,-0.8686021581881374,1.0,0.8329283144105378,0.8817769913855242,8,179.0,175.0,2121.0,42.0,137.0,0.001636904761904762,0.06599702380952381,0.2962549603174603,0.3433914060833611,0.16096256247046684,0.3428636535448618,0.6277544367403568,0.8944927134977912,0.3458276098901099,0.9685819095079892,0.9952985992560824,True,True,archived_only,0.001636904761904762,1,-0.8796294996599356,-0.9659914822468987,-0.7510233353798751,1.0,True,True,True,10
Ss18,NM_001161369,gene_body,ForeBrain,0.941414877703349,0.0004808631615472,0.0396897055646312,0.901539274101539,0.0022135732107330464,0.8719326695955714,0.004759700407389599,0.901539274101539,0.0022135732107330464,0.8809523809523809,0.1385362662771073,0.743548901313021,0.032292762002690226,0.9452066848264862,0.8777993691118411,0.004154157703274734,0.8858607955588491,0.003406479680714917,0.8801995140967811,0.9399848407665662,1.0,0.9055167212208614,0.91279007961257,8,83.0,82.0,953.5,0.0,83.0,0.0038194444444444443,0.7596230158730158,0.9493799603174603,0.3433914060833611,0.2264143206025668,0.35635484205781515,0.9691100047247418,0.9953629791954827,0.3839353354978355,0.9993058090540707,0.9997015587246041,True,True,archived_only,0.0038194444444444443,1,0.7949021548301136,0.6434600425830347,0.9191751102352874,1.0,True,True,True,10
Kif1b,NM_008441,gene_body,ForeBrain,0.977003764782802,2.9880618909428e-05,0.0187017672181655,0.8480163253656384,0.00780666605034524,0.8743156447085838,0.0045073400373814585,0.8480163253656384,0.00780666605034524,0.8809523809523809,0.1691179579521796,0.6888981050462013,0.2124134700983037,0.6474754754965226,0.8629105243631469,0.005796899769669941,-0.011120018552344598,0.9791516839553551,0.780653165682478,0.9585636562875874,1.0,0.7427772408481842,0.9889632907814659,8,322.0,310.0,4686.5,0.0,322.0,0.007762896825396826,0.6583085317460318,0.5137648809523809,0.3869030957762777,0.22296477796723213,0.3731302915330532,0.9547416733880093,0.9642277171111375,0.44220579625292744,0.9905884357214163,0.9986015357060414,True,True,archived_only,0.007762896825396826,1,0.7796077141888597,0.5764933905945505,0.9171054256002865,1.0,True,True,True,10
Arvcf,NM_033474,gene_body,ForeBrain,-0.981803809547211,1.48571532866697e-05,0.0187017672181655,-0.8848928893854517,0.003491237069226456,-0.9301966814172764,0.0008063987900444553,-0.8996038557601369,0.002343164755846164,-0.8982196964349443,-0.1694140951534428,0.6883742093396439,-0.4567089921408984,0.3029305096621416,-0.8388979029932163,0.009230750316430305,0.38116745209211744,0.35151790364663904,-0.9261875147221972,-0.8403111879537424,1.0,0.6211216230212127,0.9816754909662408,8,215.0,210.0,2037.5,18.0,197.0,0.008680555555555556,0.786780753968254,0.3947172619047619,0.3635882027487626,0.16728590738333968,0.35635484205781515,0.9546174026515182,0.8727132363876282,0.44220579625292744,0.9995570426160224,0.9974398198634841,True,True,archived_only,0.008680555555555556,1,-0.783529450552618,-0.9343728176367798,-0.598202713452343,1.0,True,True,True,10
Steap3,NM_001085409,gene_body,ForeBrain,0.960805979673442,0.0001461318337277,0.0297176391468432,0.7358780739375513,0.037420419350811335,0.7124272105899971,0.04736874639878068,0.7358780739375513,0.037420419350811335,0.5238095238095238,0.6792037246052371,0.06394986292993156,0.567218333938979,0.1841734493437694,0.7107133652883701,0.048151892541719796,-0.05233823972769955,0.9020448653447124,0.6565466684647212,0.8579086831497895,1.0,0.523302374871023,0.6316160974283895,8,86.0,86.0,805.0,0.0,86.0,0.025124007936507937,0.09379960317460317,0.08162202380952381,0.5311518724365947,0.45528700606912054,0.5374007179946723,0.6841217331148296,0.8285918970476344,0.4994481096168485,0.9779538523274478,0.9952985992560824,True,True,archived_only,0.025124007936507937,1,0.5846172208682034,0.2911782054320331,0.835482246047387,1.0,True,True,True,10
Steap3,NM_133186,gene_body,ForeBrain,-0.960805979673441,0.0001461318337277,0.0297176391468432,-0.7358780739375512,0.03742041935081139,-0.712427210589997,0.0473687463987807,-0.7358780739375512,0.03742041935081139,-0.5238095238095238,-0.6792037246052376,0.06394986292993134,-0.5672183339389795,0.18417344934376892,-0.404034136943897,0.3208433848670843,-0.05233823972769955,0.9020448653447124,-0.8579086831497899,-0.6565466684647214,1.0,0.523302374871023,0.6316160974283894,8,86.0,86.0,805.0,0.0,86.0,0.025124007936507937,0.09379960317460317,0.08162202380952381,0.5311518724365947,0.45528700606912054,0.5374007179946723,0.6841217331148296,0.8285918970476344,0.4994481096168485,0.9779538523274478,0.9952985992560824,True,True,archived_only,0.025124007936507937,1,-0.588388487683288,-0.8396927681855303,-0.30258627156259715,1.0,True,True,True,10
Ankrd6,NM_001012451,gene_body,ForeBrain,-0.960498998079587,0.0001495575502264,0.0297176391468432,-0.7551279823549593,0.030296367224977295,-0.9646771896610288,0.00010728245867077373,-0.7548198670317398,0.030403194103744657,-0.8571428571428571,-0.41453107034806613,0.30720340614657987,-0.6774460338631253,0.09450902574351669,-0.5915682915210675,0.12241798132517656,0.26419077158255594,0.5272092436365263,-0.915592764981236,-0.6557567636296148,1.0,0.8436273727287763,0.8122190988303648,8,124.0,120.0,1677.5,2.0,122.0,0.026711309523809523,0.35044642857142855,0.14188988095238095,0.5098304005777347,0.13440395587104934,0.5155509473648389,0.8613188713412498,0.7649221476202062,0.5064851241701499,0.9889329625292741,0.9952985992560824,True,True,archived_only,0.026711309523809523,1,-0.7222601846177166,-0.9010675339989965,-0.5122596295629774,1.0,True,True,True,10
Ankrd6,NM_080471,gene_body,ForeBrain,0.940351201767997,0.0005071200842471,0.0400102831174441,0.7486198088973506,0.032602170651649484,0.9380343973478168,0.0005675272751426524,0.7477544779181238,0.03291659441209942,0.7380952380952381,0.37350207972340616,0.36208898638753184,0.5820863084827995,0.17033827301962548,0.7448599986439163,0.03398179463810408,0.26419077158255594,0.5272092436365263,0.6449214187506258,0.9411255106822616,1.0,0.8436273727287763,0.5527146819594413,8,124.0,120.0,1677.5,2.0,122.0,0.028546626984126983,0.4199156746031746,0.2343501984126984,0.516056894442164,0.163440732506827,0.5231741081504091,0.8776561484514,0.8190006933493393,0.519678334910123,0.9891895816226394,0.9952985992560824,True,True,archived_only,0.028546626984126983,1,0.7004911685581205,0.3398861845512439,0.9090926831058467,1.0,True,True,True,10
Taok3,NM_001199685,gene_body,ForeBrain,0.737991684433402,0.0365930092550905,0.202049931164789,0.9838313010217311,1.0439598576691181e-05,0.8793903002297346,0.003998991240468006,0.9838313010217311,1.0439598576691181e-05,0.9761904761904762,0.9679157662386999,8.05945058849323e-05,0.9712008017286191,0.0002661775016042862,-0.0168227245317154,0.9684633421219684,-0.5676025988738358,0.1422347904085531,0.9567303817524391,0.9949327619996419,1.0,0.34294203556532493,0.5144351771028012,8,171.0,169.0,1734.0,0.0,171.0,9.92063492063492e-05,0.0004464285714285714,0.0007192460317460318,0.03822980998784311,0.22093899742801262,0.11468942996352932,0.07378427013765552,0.2923161322618271,0.1816468253968254,0.44586038961038965,0.6963128306878308,True,True,reconstructed_only,9.92063492063492e-05,1,0.738846175161095,0.46806469005575896,0.9055531667654425,1.0,True,True,True,9
Psap,NM_001146120,gene_body,ForeBrain,0.966254758997976,9.36527856591347e-05,0.0239260569076789,0.9061923840121155,0.0019212652078452804,0.8169495495041199,0.01330580555417852,0.8961065016933292,0.00258961720222866,0.9761904761904762,0.5433196149816801,0.1640035923179743,0.17641717419780348,0.7051436599718328,0.3460149031289558,0.4011459502358558,-0.8199312352362259,0.012696400980370028,0.8463753544829742,0.9297975222370257,1.0,0.39907608528473815,0.9305467736907799,8,111.0,103.0,1022.0,33.0,78.0,0.0003720238095238095,0.20751488095238096,0.7625496031746032,0.3433914060833611,0.3064773532643985,0.35635484205781515,0.7792807323859249,0.9712246410654345,0.27247023809523807,0.9824330657565852,0.9997015587246041,True,True,archived_only,0.0003720238095238095,1,0.7601491712004185,0.5772935161651566,0.8739577845922847,1.0,True,True,True,9
Rapgef4,NM_019688,gene_body,ForeBrain,-0.974956452497295,3.85331403659817e-05,0.0187017672181655,-0.9392916081144633,0.0005341944344562855,-0.9588843249422052,0.00016845070545424824,-0.9392916081144633,0.0005341944344562855,-0.8333333333333334,-0.4663718504263007,0.24407563358023607,0.12269027718319532,0.7932786211285511,-0.885991929530278,0.003395099829982769,-0.9193455349098095,0.0012336077580754668,-0.9712958717004643,-0.9057842355883194,1.0,0.9032864038739493,0.9914427060190796,8,186.0,181.0,2902.5,0.0,186.0,0.0009176587301587302,0.2895337301587302,0.8130704365079365,0.3433914060833611,0.13440395587104934,0.3428636535448618,0.8195619787620082,0.9799185452335419,0.31375360750360753,0.9842788299570828,0.9997015587246041,True,True,archived_only,0.0009176587301587302,1,-0.9201965118466873,-0.9625059089534401,-0.8636909125579093,1.0,True,False,True,9
Tenm3,NM_001145937,gene_body,ForeBrain,0.926490495656713,0.0009391046048878,0.0440262633818279,0.8855312455629483,0.0034351867515940776,0.8949542742880189,0.002674336897269649,0.8855312455629483,0.0034351867515940776,0.8809523809523809,0.21945659060887823,0.6015396210757173,-0.2297414116563599,0.6201897310356517,0.6293161120389812,0.09455945292248577,0.08432897881630297,0.8426311843882015,0.8652269362319595,0.9546248215171712,1.0,0.971014158914324,0.9062755070216069,8,441.0,441.0,6443.0,0.0,441.0,0.0010912698412698413,0.6568452380952381,0.6354910714285714,0.3635882027487626,0.20985903681003115,0.3594186824096452,0.9341976642829842,0.9591790739943408,0.33301917989417995,0.9905884357214163,0.9997015587246041,True,True,archived_only,0.0010912698412698413,1,0.8597806182493923,0.7718185509702091,0.9315727565165353,1.0,True,False,True,9
Tenm3,NM_011857,gene_body,ForeBrain,-0.926490495656713,0.0009391046048878,0.0440262633818279,-0.885531245562948,0.0034351867515940967,-0.894954274288019,0.002674336897269639,-0.885531245562948,0.0034351867515940967,-0.8809523809523809,-0.21945659060887837,0.6015396210757169,0.22974141165635997,0.6201897310356517,-0.7342456315366451,0.03806720238325002,0.08432897881630297,0.8426311843882015,-0.9546248215171712,-0.8652269362319595,1.0,0.971014158914324,0.9062755070216069,8,441.0,441.0,6443.0,0.0,441.0,0.0010912698412698413,0.6568452380952381,0.6354910714285714,0.3635882027487626,0.20985903681003115,0.3594186824096452,0.9341976642829842,0.9591790739943408,0.33301917989417995,0.9905884357214163,0.9997015587246041,True,True,archived_only,0.0010912698412698413,1,-0.8597753915358555,-0.9310668384280345,-0.7739203268042865,1.0,True,False,True,9
Psap,NM_011179,gene_body,ForeBrain,-0.989334370820281,3.00897744380594e-06,0.0080715819930094,-0.8916105957187505,0.0029302874371856004,-0.877856431046421,0.004148526471256033,-0.8753164167819174,0.0044039799405238885,-0.9047619047619048,-0.43945827379697366,0.2759565461837489,-0.07256578352957319,0.877132593864818,-0.8172675608112991,0.013239949997010943,-0.8199312352362259,0.012696400980370028,-0.9302668568747898,-0.8267069840788855,1.0,0.39907608528473815,0.9470670324062841,8,111.0,103.0,1022.0,33.0,78.0,0.0012648809523809524,0.3233878968253968,0.8418650793650794,0.34991454114044573,0.22093899742801262,0.3700108852206154,0.8528415504553496,0.9883414273359065,0.33734410430839,0.9889329625292741,0.9997015587246041,True,True,archived_only,0.0012648809523809524,1,-0.7285257828587461,-0.9061001386684167,-0.5656092385858926,1.0,True,True,True,9
Rapgef4,NM_001204166,gene_body,ForeBrain,0.959751066547465,0.0001581248320862,0.0302978472908054,0.9289937864228527,0.0008480257391220505,0.943781461707657,0.00042568148078943904,0.9289937864228527,0.0008480257391220505,0.8333333333333334,0.452769732924716,0.25994384077078214,-0.06349731750711353,0.8924207869733107,-0.8446881833841089,0.00830888844017946,-0.9193455349098095,0.0012336077580754668,0.8872121540404871,0.9646607677918217,1.0,0.9032864038739493,0.8736199153976347,8,186.0,181.0,2902.5,0.0,186.0,0.0013392857142857143,0.30739087301587303,0.8849950396825397,0.3433914060833611,0.1558845582650926,0.3428636535448618,0.8359398395728168,0.99129695063131,0.3390740740740741,0.9869989891200135,0.9997015587246041,True,True,archived_only,0.0013392857142857143,1,0.8894386524008318,0.8075991408873359,0.9537546258937839,1.0,True,False,True,9
Pnoc,NM_001205075,gene_body,ForeBrain,0.967881365061323,8.0851917957638e-05,0.0228300284127756,0.9082270119767034,0.001801783229199157,0.8367818664449169,0.009583147075557612,0.9345632809900302,0.0006665656106778043,0.7857142857142857,0.9243425713795954,0.0010221623566166725,0.8290133838999384,0.021128680331898953,-0.8110778591232488,0.014559030677459422,-0.847710569429704,0.007851974912904947,0.843300429098897,0.9809922657222088,1.0,0.7736885043982548,0.34218093005227473,8,56.0,55.0,718.5,6.0,50.0,0.002951388888888889,0.0015376984126984127,0.012698412698412698,0.3433914060833611,0.27351928813562015,0.3428636535448618,0.33374139801720776,0.7121112261423753,0.3779425883256528,0.6256723985890652,0.9952985992560824,True,True,archived_only,0.002951388888888889,1,0.701438316337027,0.3086974682257113,0.914969055096786,1.0,True,True,True,9
Pnoc,NM_010932,gene_body,ForeBrain,-0.967881365061323,8.08519179576396e-05,0.0228300284127756,-0.9082270119767033,0.001801783229199162,-0.8367818664449167,0.009583147075557661,-0.93456328099003,0.0006665656106778086,-0.7857142857142857,-0.9243425713795953,0.0010221623566166779,-0.8290133838999383,0.021128680331899,-0.839928403237928,0.009062161458137213,-0.847710569429704,0.007851974912904947,-0.980992265722209,-0.843300429098897,1.0,0.7736885043982548,0.34218093005227473,8,56.0,55.0,718.5,6.0,50.0,0.002951388888888889,0.0015376984126984127,0.012698412698412698,0.3433914060833611,0.27351928813562015,0.3428636535448618,0.33374139801720776,0.7121112261423753,0.3779425883256528,0.6256723985890652,0.9952985992560824,True,True,archived_only,0.002951388888888889,1,-0.6833308002060181,-0.9117365765868026,-0.3030982838162928,1.0,True,True,True,9
Abl1,NM_001112703,gene_body,ForeBrain,-0.938984059135676,0.0005422265240421,0.0408997814989829,-0.8135501543985666,0.014022695877933656,-0.9629317228325853,0.00012382101296860948,-0.7562322323594777,0.02991540890884699,-0.8571428571428571,-0.2155075273645809,0.6082602209754455,-0.04290741411148297,0.9272251455739988,0.6435883978696606,0.08508763456870425,0.8323035097632737,0.01035683298684824,-0.857759228842342,-0.7324285918919354,1.0,0.39175036269114993,0.7289203649403578,8,239.0,234.0,2293.0,4.0,235.0,0.003695436507936508,0.6357638888888889,0.9148313492063492,0.42146082671491797,0.13440395587104934,0.514320316545529,0.9381506574866019,0.9950055090766271,0.3839353354978355,0.9891895816226394,0.9997015587246041,True,True,archived_only,0.003695436507936508,1,-0.6100267974228267,-0.8522946649780307,-0.314319213473592,1.0,True,True,True,9
Rph3a,NM_011286,gene_body,ForeBrain,0.926992181625637,0.0009203633159408,0.0440262633818279,0.8826815227009086,0.003689957960332345,0.9106594813101333,0.0016654112762226304,0.8826815227009086,0.003689957960332345,0.9523809523809523,0.37576152395672124,0.358958246633777,0.5216244869081759,0.22984607428800652,-0.8112184111163016,0.01452819959350002,-0.8332328223726816,0.010193145005991925,0.8240300927282675,0.9247448988193682,1.0,0.38940166327079806,0.833799000075302,8,107.0,106.0,1068.0,0.0,107.0,0.0038442460317460315,0.407514880952381,0.2689484126984127,0.3635882027487626,0.19605592100766997,0.36852616502010127,0.8776561484514,0.8392174493294228,0.3839353354978355,0.9891895816226394,0.9952985992560824,True,True,archived_only,0.0038442460317460315,1,0.7285407092611853,0.35398263389198054,0.952507733860493,1.0,True,True,True,9
Pdlim7,NM_001114088,gene_body,ForeBrain,0.975385525877777,3.6598183261395e-05,0.0187017672181655,0.8669770915530755,0.005313158427347324,0.7687894845615125,0.025789729391337956,0.8669770915530755,0.005313158427347324,0.8571428571428571,0.5420980674570198,0.16514348813882412,0.5528693536743944,0.19802442465984202,0.8222847269456917,0.012228050323093292,0.3403991628549448,0.4093409565154788,0.8056806838007522,0.9646443129177926,1.0,-0.1076699571547335,0.9807502175274345,8,99.0,93.0,795.0,0.0,99.0,0.004613095238095238,0.2101686507936508,0.2844494047619048,0.3869030957762777,0.3888399398595313,0.3700108852206154,0.7799109295636538,0.8357817953936915,0.4120281649245064,0.9824330657565852,0.9952985992560824,True,True,archived_only,0.004613095238095238,1,0.5993882385569937,0.22102102321642783,0.8815988078161567,1.0,True,True,True,9
Pdlim7,NM_026131,gene_body,ForeBrain,-0.937175951484844,0.000591053263656,0.0408997814989829,-0.8598797241298244,0.006175172461508792,-0.7458728519590079,0.03360668981756979,-0.8598797241298244,0.006175172461508792,-0.9047619047619048,-0.49718283204241415,0.21001363539646514,-0.3413253927870558,0.4537036316803879,-0.8748707842958464,0.004449814571316622,0.3403991628549448,0.4093409565154788,-0.9155724597172323,-0.8080232318126283,1.0,-0.1076699571547335,0.9260577313100428,8,99.0,93.0,795.0,0.0,99.0,0.006374007936507936,0.2572668650793651,0.4328125,0.3869030957762777,0.416707781417406,0.3700108852206154,0.8023958771878953,0.9167694879941568,0.43765531994047613,0.9824330657565852,0.9984288061773902,True,True,archived_only,0.006374007936507936,1,-0.5775214418201672,-0.8472360802725046,-0.2001604886952328,0.9998,True,True,True,9
Gtf2i,NM_001080746,gene_body,ForeBrain,-0.934547976845902,0.0006670255678157,0.0409444844296338,-0.8866918301617145,0.0033347771739713327,-0.7257552747413115,0.04154064425530545,-0.8866918301617145,0.0033347771739713327,-0.7380952380952381,-0.7409878974666008,0.0354393720572159,-0.6073505274701344,0.1480543433121981,-0.7639769183996253,0.02732633875416387,0.7426457149731158,0.03481073565694321,-0.9350479864144308,-0.82965982913786,1.0,0.4556726432070832,0.9280146121025707,8,165.0,145.0,2024.5,0.0,165.0,0.007068452380952381,0.04221230158730159,0.16364087301587302,0.3635882027487626,0.4375508320122586,0.35867966722809325,0.6156542403418404,0.808349616835571,0.44220579625292744,0.9685819095079892,0.9952985992560824,True,True,archived_only,0.007068452380952381,1,-0.7713624199908382,-0.9604514013973067,-0.4666068904795728,1.0,True,True,True,9
Pdlim7,NM_001114087,gene_body,ForeBrain,0.938598455784428,0.0005524085065964,0.0408997814989829,0.8374487859832913,0.009471175343895601,0.7596102373626122,0.02876837283997545,0.8374487859832913,0.009471175343895601,0.8571428571428571,0.36999324832359937,0.36697528217588044,0.2218425282436824,0.6325869093202459,0.8137076261790741,0.013988962637758758,0.3403991628549448,0.4093409565154788,0.781354766759951,0.894690233636938,1.0,-0.1076699571547335,0.9839166514796837,8,99.0,93.0,795.0,0.0,99.0,0.01083829365079365,0.412078373015873,0.5670882936507936,0.3869030957762777,0.3940764888029555,0.37355705599232075,0.8789550476343104,0.9614479404537359,0.4426539143165356,0.9891895816226394,0.9997015587246041,True,True,archived_only,0.01083829365079365,1,0.5868190514517573,0.2270364967063669,0.8220222841492821,1.0,True,True,True,9
Pdlim7,NR_104287,gene_body,ForeBrain,-0.9432914353346,0.0004367463147033,0.0386712448368348,-0.8361102714112245,0.00969674946797017,-0.76397149433798,0.027328101660679054,-0.8361102714112245,0.00969674946797017,-0.8571428571428571,-0.36179219996027795,0.37851048985706787,-0.2699716824501326,0.5581998110243105,-0.872897863307622,0.004656419738694076,0.3403991628549448,0.4093409565154788,-0.8910077106199551,-0.7767128170729454,1.0,-0.1076699571547335,0.9827326155112799,8,99.0,93.0,795.0,0.0,99.0,0.01130952380952381,0.42232142857142857,0.5011904761904762,0.3869030957762777,0.3900027062171159,0.37355705599232075,0.8842209862206513,0.9461260731047314,0.4426539143165356,0.9891895816226394,0.9986015357060414,True,True,archived_only,0.01130952380952381,1,-0.5862015462467522,-0.8240953573006098,-0.22642348642723498,1.0,True,True,True,9
Arvcf,NM_001272032,gene_body,ForeBrain,0.991404190745693,1.57759769803388e-06,0.0080715819930094,0.8435007853208016,0.00849291830640036,0.9249788157793823,0.0009970793833546858,0.8566447992475462,0.006595960798271327,0.8809523809523809,-0.15696667790132662,0.7104860328243613,0.18140384131048773,0.6970812498933685,0.7164899128009331,0.04554312304649625,0.38116745209211744,0.35151790364663904,0.7973962814939498,0.9146783043763006,1.0,0.6211216230212127,0.966554268943301,8,215.0,210.0,2037.5,18.0,197.0,0.01168154761904762,0.7385168650793651,0.7476190476190476,0.3869030957762777,0.16728590738333968,0.3700108852206154,0.9594351111961853,0.9685816996943002,0.4426539143165356,0.997008474883856,0.9997015587246041,True,True,archived_only,0.01168154761904762,1,0.7537337058235388,0.5386951938081229,0.9263948457087974,1.0,False,True,True,9
Snap25,NM_001291056,gene_body,ForeBrain,0.93712599241473,0.0005924417439085,0.0408997814989829,0.8074257805124643,0.015374613464430949,0.9220899922231572,0.001114271360787553,0.8074257805124643,0.015374613464430949,0.9047619047619048,0.0806875647465155,0.8493661773636096,0.08484439429153978,0.8564815502925858,-0.8909496805318022,0.002982680953350398,-0.878722613278767,0.004063648905588579,0.6296183554441599,0.8848228866151442,1.0,0.38040873838377526,0.8201342200541679,8,39.0,38.0,562.0,0.0,39.0,0.012177579365079365,0.860639880952381,0.8228670634920635,0.43420437922940464,0.16919645671558842,0.4285309730867356,0.985175053771017,0.9861493727882985,0.4426539143165356,0.9995570426160224,0.9997015587246041,True,True,archived_only,0.012177579365079365,1,0.6375527368199232,0.20307683633792864,0.9212644318127006,1.0,True,True,True,9
Snap25,NM_011428,gene_body,ForeBrain,-0.93712599241473,0.0005924417439085,0.0408997814989829,-0.8074257805124644,0.015374613464430923,-0.9220899922231572,0.001114271360787553,-0.8074257805124644,0.015374613464430923,-0.9047619047619048,-0.08068756474651481,0.849366177363611,-0.08484439429153931,0.8564815502925867,-0.875005290997734,0.004435947985476838,-0.878722613278767,0.004063648905588579,-0.8848228866151441,-0.6296183554441597,1.0,0.38040873838377526,0.820134220054168,8,39.0,38.0,562.0,0.0,39.0,0.012177579365079365,0.860639880952381,0.8228670634920635,0.43420437922940464,0.16919645671558842,0.4285309730867356,0.985175053771017,0.9861493727882985,0.4426539143165356,0.9995570426160224,0.9997015587246041,True,True,archived_only,0.012177579365079365,1,-0.6519632930777716,-0.9194432562897416,-0.20206766449527136,1.0,True,True,True,9
Nlrx1,NM_001163743,downstream,ForeBrain,0.928046478646665,0.0008817788361868,0.0440262633818279,0.8146158277871403,0.013795406752642337,0.8397193090112944,0.009096209450920148,0.8146158277871403,0.013795406752642337,0.7380952380952381,0.24590661620328352,0.5571753846709525,0.0507881827780817,0.9138904605399502,0.45784807312994985,0.2539606497796539,-0.7216077950211383,0.04330474162387319,0.6833791298184513,0.8920053798205513,1.0,0.6775234060905686,0.4355046682557527,8,71.0,71.0,674.0,0.0,71.0,0.017038690476190475,0.5949900793650794,0.9306299603174604,0.42126568674401216,0.2708156017013787,0.41210773703218584,0.9290790821655134,0.9939370151062438,0.46810505113108153,0.9891895816226394,0.9997015587246041,True,True,archived_only,0.017038690476190475,1,0.6580999911276871,0.29392633588440326,0.9258210463624333,1.0,True,True,True,9
Gtf2i,NM_001080749,gene_body,ForeBrain,0.945559517171161,0.0003870816473253,0.0364332111912358,0.8344084012793459,0.009988442934506412,0.6909710518664689,0.057736616325760964,0.8344084012793459,0.009988442934506412,0.6904761904761905,0.5394739950816915,0.1676066434966525,0.2953245569971777,0.52021577698843,0.8514611170726561,0.007307675706323326,0.7426457149731158,0.03481073565694321,0.7601182121057327,0.9210236960957924,1.0,0.4556726432070832,0.945227173176893,8,165.0,145.0,2024.5,0.0,165.0,0.017584325396825397,0.21966765873015873,0.45538194444444446,0.3880057560362224,0.48361523413906243,0.37355705599232075,0.7811669749458491,0.9367851899084849,0.46810505113108153,0.9824330657565852,0.9986015357060414,True,True,archived_only,0.017584325396825397,1,0.7584479126092517,0.38141015974081066,0.9553080452903575,1.0,True,True,True,9
Akap2,NM_001035532,gene_body,ForeBrain,0.926001408051335,0.0009576136699509,0.0440262633818279,0.8239329897278407,0.011906634650923181,0.6443572517768725,0.0845937781601069,0.8239329897278407,0.011906634650923181,0.7637626158259733,0.756042762333978,0.029980564078647996,0.43716549264678317,0.32668074455345436,0.8065170221107949,0.015581911913845371,0.8088222653374164,0.015059449714639796,0.670748990439398,0.8674575332906731,1.0,0.5962664664751212,0.02080647888256024,8,130.0,129.0,1763.0,0.0,130.0,0.017857142857142856,0.0441468253968254,0.19987599206349208,0.4093502222522446,0.5482233303827462,0.39694567006278264,0.6046358262840354,0.8802637894797919,0.46810505113108153,0.9685819095079892,0.9952985992560824,True,True,archived_only,0.017857142857142856,1,0.5397245807934683,0.0237854452277933,0.9206652057047892,0.9906,True,True,True,9
Nlrx1,NM_001163742,downstream,ForeBrain,-0.922857980436982,0.0010822842759446,0.0460829773051014,-0.7989829468141847,0.01736826228134843,-0.8235503054910895,0.011980777282386133,-0.7989829468141847,0.01736826228134843,-0.8295150620062532,-0.1907270169506791,0.6509647463727516,-0.030448488662145636,0.9483329984927547,-0.8213641469355702,0.01240992520980118,-0.7216077950211383,0.04330474162387319,-0.8738224464059334,-0.6560838484184552,1.0,0.6775234060905686,0.4993270659972241,8,71.0,71.0,674.0,0.0,71.0,0.021875,0.6747767857142857,0.9583581349206349,0.45215101758979587,0.30161837417613147,0.4416845588492913,0.9460510025333194,0.9953629791954827,0.48845274390243903,0.9912329394141145,0.9997015587246041,True,True,archived_only,0.021875,1,-0.6626439718948389,-0.928161019210602,-0.2913988321765069,1.0,True,True,True,9
Lamp2,NM_010685,gene_body,ForeBrain,0.927108801866778,0.0009160420975954,0.0440262633818279,0.7212254082068377,0.04346962871034925,0.49270797263247434,0.2147967117650305,0.7212254082068377,0.04346962871034925,0.5952380952380952,0.43459398552607453,0.28192587174448713,0.348865868313851,0.44311984361864315,0.6076406944545494,0.11005596571324099,-0.20210150762225512,0.6312517847911561,0.6109279821110088,0.7869520435438834,1.0,0.48144853712651203,0.9927560639999833,8,57.0,57.0,711.5,0.0,57.0,0.045510912698412696,0.3248263888888889,0.4626736111111111,0.5550598388117497,0.69949593104396,0.5596095096216821,0.8535067349168692,0.9122334438096353,0.5699349147926441,0.9889329625292741,0.9986015357060414,True,True,archived_only,0.045510912698412696,1,0.6692971951054152,0.32365865411798256,0.90601288894545,1.0,True,True,True,9
Shtn1,NM_001114312,gene_body,ForeBrain,0.953123907514741,0.0002485416467377,0.0317482365416138,0.7085525009975003,0.04915035083976496,0.8807190841885698,0.0038722942006047863,0.7085525009975003,0.04915035083976496,0.7857142857142857,-0.027559265452949837,0.9483525358433744,0.26961393760012614,0.5587420499507426,-0.09826533698351483,0.8169351293234903,-0.5395471453964696,0.1675377112945146,0.5949997982539152,0.8558373148131256,1.0,0.5465400024364915,0.9775077380360007,8,113.5,109.0,1233.0,0.0,113.5,0.05620039682539683,0.952579365079365,0.6165178571428571,0.565588250847288,0.22036803291994217,0.5691641512741413,0.9947109535266051,0.9461260731047314,0.5925312471437711,0.9995570426160224,0.9997015587246041,True,True,archived_only,0.05620039682539683,1,0.6094204166822245,0.3594188187506845,0.9035747030666835,1.0,False,True,True,9
Shtn1,NM_175172,gene_body,ForeBrain,-0.953123907514741,0.0002485416467377,0.0317482365416138,-0.7085525009975003,0.04915035083976496,-0.8807190841885698,0.0038722942006047863,-0.7085525009975003,0.04915035083976496,-0.7857142857142857,0.027559265452949865,0.9483525358433744,-0.2696139376001266,0.5587420499507418,-0.574976261085458,0.1359610710098644,-0.5395471453964696,0.1675377112945146,-0.8558373148131256,-0.5949997982539154,1.0,0.5465400024364915,0.9775077380360009,8,113.5,109.0,1233.0,0.0,113.5,0.05620039682539683,0.952579365079365,0.6165178571428571,0.565588250847288,0.22036803291994217,0.5691641512741413,0.9947109535266051,0.9461260731047314,0.5925312471437711,0.9995570426160224,0.9997015587246041,True,True,archived_only,0.05620039682539683,1,-0.6137330327611418,-0.9151774488296961,-0.36125146835123395,1.0,False,True,True,9
Celsr2,NM_001004177,gene_body,ForeBrain,0.954271861189047,0.0002309274733644,0.0317482365416138,0.5981625322433362,0.11725603769905307,0.8425243827317584,0.00864617427974345,0.5981625322433362,0.11725603769905307,0.6428571428571429,0.3496857242635624,0.39582803269473654,0.3298066416717978,0.47005006314542447,0.5886908429832866,0.12470973062330969,0.6119276430690186,0.10688424445267146,0.5140217212622824,0.7188421421212358,1.0,0.5857699490868572,0.9289670293296332,8,425.0,421.0,3729.5,0.0,425.0,0.1271577380952381,0.4331597222222222,0.4863343253968254,0.6975802430608588,0.2644267773052652,0.705849222006464,0.8884833259438043,0.9229715114777118,0.712414656655437,0.9891895816226394,0.9986015357060414,True,False,archived_only,0.1271577380952381,1,0.5317876880183696,0.28160217616246985,0.7786256939308646,1.0,True,True,True,9
Celsr2,NM_017392,gene_body,ForeBrain,-0.954271861189047,0.0002309274733644,0.0317482365416138,-0.5981625322433363,0.11725603769905298,-0.8425243827317586,0.008646174279743424,-0.5981625322433363,0.11725603769905298,-0.6428571428571429,-0.34968572426356265,0.3958280326947361,-0.329806641671798,0.4700500631454243,0.5923108160654736,0.12183047271183056,0.6119276430690186,0.10688424445267146,-0.7188421421212359,-0.5140217212622826,1.0,0.5857699490868572,0.9289670293296333,8,425.0,421.0,3729.5,0.0,425.0,0.1271577380952381,0.4331597222222222,0.4863343253968254,0.6975802430608588,0.2644267773052652,0.705849222006464,0.8884833259438043,0.9229715114777118,0.712414656655437,0.9891895816226394,0.9986015357060414,True,False,archived_only,0.1271577380952381,1,-0.53068482475756,-0.7752568100797064,-0.2803913344531299,1.0,True,True,True,9
Rapgef4,NM_001204167,gene_body,ForeBrain,0.962707163283288,0.0001260634822636,0.0281804409310216,0.9077905252073256,0.0018269963504897123,0.9341927605386752,0.0006777598813311893,0.9077905252073256,0.0018269963504897123,0.7857142857142857,0.2199246949023733,0.6007446031969752,-0.3571116112356411,0.43165457956472997,-0.990304566170124,2.2619259046939295e-06,-0.9193455349098095,0.0012336077580754668,0.858631249243954,0.9467000368348529,1.0,0.9032864038739493,0.48102014329916,8,186.0,181.0,2902.5,0.0,186.0,0.0017113095238095238,0.649702380952381,0.47192460317460316,0.3433914060833611,0.163440732506827,0.35635484205781515,0.9341976642829842,0.9056993872334475,0.3528712919594067,0.9905884357214163,0.9986015357060414,True,True,archived_only,0.0017113095238095238,1,0.7951563801718686,0.5941584655676957,0.9360933418088337,1.0,True,False,True,8
Atp11c,NM_001001798,gene_body,ForeBrain,-0.955519426079546,0.0002127399443017,0.0313779378023223,-0.848883365595655,0.00767908991719464,-0.032514242065433054,0.939078749093244,-0.848883365595655,0.00767908991719464,-0.7619047619047619,-0.36156065246009694,0.3788384876870691,-0.16230288120886796,0.7280807745768725,-0.510659364495352,0.19594909884484477,0.7239720036730433,0.042293695856466904,-0.9439074329142121,-0.6963621326483038,1.0,0.24519499865388916,0.41155125061983655,8,66.0,64.0,805.0,0.0,66.0,0.007936507936507936,0.41845238095238096,0.7504464285714286,0.3869030957762777,0.9865349690207611,0.3700108852206154,0.8842209862206513,0.9735495010699491,0.44220579625292744,0.9891895816226394,0.9997015587246041,True,True,archived_only,0.007936507936507936,1,-0.57903975932229,-0.8640300410409252,-0.02321961542677028,0.9798,True,True,True,8
Atp11c,NM_001037863,gene_body,ForeBrain,0.955519426079546,0.0002127399443017,0.0313779378023223,0.848883365595655,0.00767908991719464,0.03251424206543298,0.9390787490932442,0.848883365595655,0.00767908991719464,0.7619047619047619,0.3615606524600974,0.3788384876870686,0.16230288120886763,0.7280807745768729,0.7670562692180234,0.02633680340514915,0.7239720036730433,0.042293695856466904,0.6963621326483038,0.943907432914212,1.0,0.24519499865388916,0.41155125061983655,8,66.0,64.0,805.0,0.0,66.0,0.007936507936507936,0.41845238095238096,0.7504464285714286,0.3869030957762777,0.9865349690207611,0.3700108852206154,0.8842209862206513,0.9735495010699491,0.44220579625292744,0.9891895816226394,0.9997015587246041,True,True,archived_only,0.007936507936507936,1,0.5741118519199098,0.023429598875743814,0.8539208184995237,0.9804,True,True,True,8
Sybu,NM_178765,gene_body,ForeBrain,-0.938591095505481,0.000552604066704,0.0408997814989829,-0.8486463254006879,0.007713834906760901,-0.9805337771975589,1.817284126477481e-05,-0.8802403392844611,0.003917638890900644,-0.8982196964349443,0.0526849309772706,0.9013983992827508,0.0815704058358541,0.8619820164030971,-0.9034498970454157,0.0020902934824541947,-0.9023916664642172,0.002158007560984099,-0.936415755444357,-0.8042327958254358,1.0,0.6628961829115242,0.7226429791348613,8,162.0,159.0,1391.5,15.0,147.0,0.009821428571428571,0.9103918650793651,0.8847222222222222,0.3869030957762777,0.09982341706740804,0.3700108852206154,0.990115009594549,0.9867542414093294,0.44220579625292744,0.9995570426160224,0.9997015587246041,True,True,archived_only,0.009821428571428571,1,-0.7330257664187063,-0.9070494331765447,-0.4813410007570368,1.0,False,False,True,8
Dab2ip,NM_001114124,gene_body,ForeBrain,0.931744082896293,0.0007548472016356,0.042516116174293,0.8435931154278288,0.008478516363317033,0.9211307615606671,0.0011550823096367314,0.8240381075852667,0.01188631963256821,0.8809523809523809,-0.2509797303994373,0.5488013377080363,-0.2049506032262326,0.6593262346212427,0.27828241330025216,0.5045327605235337,-0.5662798880333024,0.14337678815736674,0.7487115444899687,0.910737556608289,1.0,0.6195880344030995,0.9744217916757825,8,281.0,276.0,2376.5,19.0,262.0,0.009995039682539682,0.5829117063492063,0.7073164682539682,0.3869030957762777,0.16919645671558842,0.39694567006278264,0.9290790821655134,0.9657828228481928,0.4426539143165356,0.9891895816226394,0.9997015587246041,True,True,archived_only,0.009995039682539682,1,0.7716328734680591,0.5516107990466866,0.9124994307348923,1.0,False,False,True,8
Baiap2,NM_130862,gene_body,ForeBrain,-0.939702242188729,0.0005235923611929,0.0407112031565228,-0.8380612495237875,0.009369081481758237,-0.8843610914551587,0.003538379042210311,-0.8096399267382108,0.014876817066387054,-0.8809523809523809,0.5453649403496127,0.1621045781691977,0.49352473533261415,0.2603560957601197,-0.8209192946302263,0.01249842104645937,-0.7902122104891584,0.01960296233755324,-0.9794991541506276,-0.780101909930807,1.0,0.8173508835579724,0.618761774936986,8,119.0,119.0,1241.0,12.0,107.0,0.016170634920634922,0.2126984126984127,0.34362599206349204,0.3869030957762777,0.22036803291994217,0.4263406090626225,0.7767423505755605,0.850702803310772,0.4675015664160402,0.9824330657565852,0.9974398198634841,True,True,archived_only,0.016170634920634922,1,-0.7345019707089818,-0.9391218696672351,-0.4598364717550106,1.0,False,False,True,8
Ablim1,NM_001290815,gene_body,ForeBrain,-0.931562759640012,0.0007607730014412,0.042516116174293,-0.829747429820506,0.010815621214749127,-0.9308727702029931,0.0007836006882645896,-0.829747429820506,0.010815621214749127,-0.7857142857142857,0.002119620649948664,0.9960257231850977,0.0965581506384955,0.8368408848556379,-0.7684230599552438,0.0259047965617789,-0.7528419785858428,0.03109446230201284,-0.9286948176299566,-0.7447872453861798,1.0,0.6765138985303616,0.9768202391538594,8,185.0,183.0,2252.0,0.0,185.0,0.01711309523809524,0.996453373015873,0.843204365079365,0.39508138356421973,0.16728590738333968,0.3847399835638729,0.9995194125431662,0.9842919679892602,0.46810505113108153,0.999793588100875,0.9997015587246041,True,True,archived_only,0.01711309523809524,1,-0.772241209574326,-0.9651523924439716,-0.5083094692005597,1.0,False,False,True,8
Dab2ip,NM_001114125,gene_body,ForeBrain,-0.940826136399149,0.0004952830559006,0.0400102831174441,-0.78205302391789,0.021835469440216613,-0.843194532627726,0.008540800006595978,-0.7571226222019957,0.029610387350533,-0.7142857142857143,0.1776330156900583,0.67387795138251,0.31805177821477726,0.48694841897464836,-0.7944277406987901,0.018507790617586884,-0.5662798880333024,0.14337678815736674,-0.9265570419186931,-0.6096149953539977,1.0,0.6195880344030995,0.9249412404252046,8,281.0,276.0,2376.5,19.0,262.0,0.021279761904761905,0.7104662698412698,0.587921626984127,0.4855960875915379,0.2643076869646857,0.514320316545529,0.9499311985859082,0.9303155694914884,0.4843915343915344,0.9937741512401804,0.9997015587246041,True,True,archived_only,0.021279761904761905,1,-0.6999527105534327,-0.8906509669859912,-0.5200388844564242,1.0,False,False,True,8
Macrod2,NM_001013802,gene_body,ForeBrain,-0.922979983860991,0.0010772586492889,0.0460829773051014,-0.7233823211067614,0.04254451751713229,-0.8197528848702071,0.012732346892597037,-0.43714649339962086,0.2787856778515829,-0.7380952380952381,0.06501892088635865,0.878432668710508,0.01520773666630682,0.9741855297531219,-0.71843213761373,0.04468562742369956,-0.7015683415871736,0.05246218005502445,-0.8283582805335366,-0.5749662948885005,1.0,0.6622588920771777,0.8214782746687249,8,144.0,138.0,2151.0,84.0,60.0,0.03206845238095238,0.8937251984126984,0.9735119047619047,0.5526352022462263,0.302672242771432,0.8238702176844329,0.9885741957030977,0.997622667637895,0.5321812958567111,0.9995570426160224,0.9997015587246041,True,True,archived_only,0.03206845238095238,1,-0.6418236430909189,-0.8403145171696319,-0.340259222822778,1.0,False,False,True,8
Macrod2,NM_028387,gene_body,ForeBrain,0.922979983860991,0.0010772586492889,0.0460829773051014,0.7233823211067615,0.04254451751713227,0.8197528848702073,0.012732346892597016,0.4371464933996208,0.278785677851583,0.7380952380952381,-0.06501892088635909,0.8784326687105072,-0.015207736666306922,0.9741855297531217,-0.28157490152221376,0.49928894535049007,-0.7015683415871736,0.05246218005502445,0.5749662948885005,0.8283582805335366,1.0,0.6622588920771777,0.8214782746687249,8,144.0,138.0,2151.0,84.0,60.0,0.03206845238095238,0.8937251984126984,0.9735119047619047,0.5526352022462263,0.302672242771432,0.8238702176844329,0.9885741957030977,0.997622667637895,0.5321812958567111,0.9995570426160224,0.9997015587246041,True,True,archived_only,0.03206845238095238,1,0.6397049093862407,0.3374398508330044,0.8408781807219639,1.0,False,False,True,8
Mon2,NM_153395,gene_body,ForeBrain,0.93319926327744,0.0007083816783096,0.0409444844296338,0.7346108101638618,0.037921929966794075,0.9049634757196167,0.0019958630287418497,0.7346108101638618,0.037921929966794075,0.5476190476190477,0.33008918281407573,0.42457090071837184,0.39055744418810534,0.38635782743419617,0.4630658566492891,0.24788607499019474,0.13412631827605326,0.7515130188850441,0.490033123814234,0.8589094567558291,1.0,0.38147594602269635,0.3016433113880633,8,280.0,273.0,3494.0,0.0,280.0,0.033407738095238095,0.4611359126984127,0.5132936507936507,0.5334319111590266,0.19605592100766997,0.5411577224035033,0.9029862246542936,0.899494700486713,0.5378584864178229,0.9891895816226394,0.9986015357060414,True,True,archived_only,0.033407738095238095,1,0.5108831809616318,0.1690228657547036,0.7935930221248603,0.9982,True,True,True,8
Gpm6b,NM_001177956,gene_body,ForeBrain,-0.974778762825591,3.93538864302705e-05,0.0187017672181655,-0.7503528273908331,0.031978020262720765,-0.6771051313520958,0.06509772282543702,-0.753212201901405,0.030964343227109576,-0.7619047619047619,-0.47439818440586756,0.23494925297347696,-0.29639346327308813,0.5186341120426017,-0.6856138105206494,0.06051847899386706,-0.5428405221798268,0.16445015049194117,-0.9272809353202172,-0.6828671858830903,1.0,0.3693889356312717,0.9825363771377251,8,78.0,67.0,870.5,4.0,74.0,0.035515873015873015,0.28742559523809524,0.5055059523809524,0.5134525568203383,0.5053375545771847,0.5177809823628126,0.8152724236154827,0.9367851899084849,0.5378584864178229,0.9842788299570828,0.9986015357060414,True,True,archived_only,0.035515873015873015,2,-0.6585691714451738,-0.8200692615351477,-0.4311992679657626,1.0,True,True,True,8
Gpm6b,NM_001177958,gene_body,ForeBrain,0.922565316065991,0.0010944021928175,0.0462320296414659,0.7506698741544489,0.03186463514157228,0.6445385580096004,0.08447756354942833,0.7513205953495237,0.03163269197536567,0.7857142857142857,0.40252510769438404,0.3228273269279073,0.1747148556790556,0.7079010225954843,0.6635687732649128,0.0727937580671047,-0.5428405221798268,0.16445015049194117,0.6821115604048775,0.8275988031462052,1.0,0.3693889356312717,0.9931199634724415,8,78.0,67.0,870.5,4.0,74.0,0.03643353174603175,0.38070436507936506,0.7350198412698413,0.5134525568203383,0.5482233303827462,0.5191514020268524,0.8654559931606146,0.9712246410654345,0.5401667388653575,0.9889329625292741,0.9997015587246041,True,True,archived_only,0.03643353174603175,2,0.6327190276562121,0.369446272335796,0.823265301783898,1.0,True,True,True,8
Gpm6b,NM_001177962,gene_body,ForeBrain,-0.935178458035848,0.0006482484259795,0.0409444844296338,-0.7312303804725849,0.03927966075549794,-0.5660658407117267,0.14356206617121195,-0.7340971932564082,0.038126349639569596,-0.7380952380952381,-0.3389868127270307,0.4114132244746494,-0.03221460906927293,0.9453391543855709,-0.739285113440083,0.036092229988600615,-0.5428405221798268,0.16445015049194117,-0.8219310333203607,-0.6649485741674014,1.0,0.3693889356312717,0.9798061201552731,8,78.0,67.0,870.5,4.0,74.0,0.04114583333333333,0.4595486111111111,0.9583581349206349,0.5414383350814308,0.6309915841775949,0.5411577224035033,0.8970149836443533,0.9953629791954827,0.5611826193372725,0.9891895816226394,0.9997015587246041,True,True,archived_only,0.04114583333333333,2,-0.6088046126423399,-0.7970335262486091,-0.3810051533791653,1.0,True,True,True,8
Kif1b,NM_001290995,gene_body,ForeBrain,-0.947945971893908,0.0003389938028109,0.0351170057249657,-0.7474656676286632,0.03302194745167743,-0.8211593510996166,0.012450616565944277,-0.7474656676286632,0.03302194745167743,-0.6428571428571429,0.18809473901626217,0.6555524767738883,0.3423001616217426,0.4523301828133983,-0.5640837113785854,0.14528406404366317,-0.011120018552344598,0.9791516839553551,-0.8846785757381423,-0.6884525339878327,1.0,0.7427772408481842,0.9741976576511656,8,322.0,310.0,4686.5,0.0,322.0,0.04729662698412698,0.6431795634920635,0.4146825396825397,0.5182558781487546,0.3019709490047601,0.523490786008843,0.9465603022782303,0.9162235828346432,0.5776369047619048,0.9894309192103052,0.9974398198634841,True,True,archived_only,0.04729662698412698,1,-0.689545365226375,-0.8746466601070323,-0.4086370050090233,1.0,False,False,True,8
Abl1,NM_009594,gene_body,ForeBrain,0.951771048043889,0.000270408497862,0.0335101138743959,0.7671098071156436,0.026319798322957857,0.9183286753727556,0.0012798520614337493,0.7260199375220906,0.04142957943421688,0.8333333333333334,-0.11719445006767894,0.7822641305945697,-0.395188954512267,0.3802433852060198,0.8283083143505471,0.011079491096668963,0.8323035097632737,0.01035683298684824,0.6640597950358347,0.8318801531021096,1.0,0.39175036269114993,0.9302683094176044,8,239.0,234.0,2293.0,4.0,235.0,0.01168154761904762,0.8046378968253968,0.4294642857142857,0.5000795057957792,0.1757556843363896,0.5554404252533055,0.975365612672304,0.8965692747670098,0.4426539143165356,0.9995570426160224,0.9984288061773902,True,True,archived_only,0.01168154761904762,1,0.5966541696679843,0.3457054244437844,0.8211815215185125,1.0,False,False,True,7
Myt1l,NM_001093776,gene_body,ForeBrain,-0.933155363047422,0.0007097552752946,0.0409444844296338,-0.7302974783051014,0.03965948239763975,-0.881151972243868,0.003831585294513001,-0.6165955941676685,0.10349063660129477,-0.6666666666666666,0.44739307182905624,0.266354375004642,0.21828420502603987,0.6381942394290657,-0.9112662416841883,0.0016324755885592454,-0.8991701880495518,0.0023728604739443244,-0.8600429929068322,-0.6361762703568629,1.0,0.5468724894788823,0.8748492933516169,8,212.0,212.0,3380.0,48.0,164.0,0.02978670634920635,0.2933531746031746,0.6199652777777778,0.5430811775879436,0.22036803291994217,0.6915742905728859,0.842084079448295,0.9624621171944521,0.5227424216491708,0.985648994435052,0.9997015587246041,True,True,archived_only,0.02978670634920635,2,-0.579991304099213,-0.8333307925643969,-0.2746446713109847,1.0,False,False,True,7
Tenm2,NM_001290702,gene_body,ForeBrain,-0.934208789927483,0.0006772730675132,0.0409444844296338,-0.6235989022492492,0.09851632496046003,-0.6616330403200749,0.07393587569606652,-0.6235989022492492,0.09851632496046003,-0.6190476190476191,0.09531905122036698,0.8223563811737702,0.05953315224961628,0.8991123864853456,-0.6145631880579163,0.10496051633997903,-0.5148360884090588,0.19169431681666912,-0.9571807107269098,-0.389113821436452,1.0,0.9326707145710001,0.8151479832169465,8,361.0,361.0,4713.0,0.0,361.0,0.10250496031746031,0.8385912698412699,0.9270585317460317,0.6758068464875349,0.5323564964883964,0.6838031010796085,0.9840853997430727,0.9920671985002645,0.6955689861939861,0.9995570426160224,0.9997015587246041,True,False,archived_only,0.10250496031746031,1,-0.6089453554825632,-0.7993499612850679,-0.36557994786028014,1.0,False,False,True,7
Tenm2,NM_011856,gene_body,ForeBrain,0.934208789927483,0.0006772730675132,0.0409444844296338,0.623598902249249,0.0985163249604602,0.6616330403200749,0.07393587569606652,0.623598902249249,0.0985163249604602,0.6190476190476191,-0.09531905122036809,0.8223563811737682,-0.059533152249616805,0.8991123864853448,-0.3735766583533876,0.36198545179856045,-0.5148360884090588,0.19169431681666912,0.38911382143645173,0.9571807107269096,1.0,0.9326707145710001,0.8151479832169466,8,361.0,361.0,4713.0,0.0,361.0,0.10250496031746031,0.8385912698412699,0.9270585317460317,0.6758068464875349,0.5323564964883964,0.6838031010796085,0.9840853997430727,0.9920671985002645,0.6955689861939861,0.9995570426160224,0.9997015587246041,True,False,archived_only,0.10250496031746031,1,0.6058793371541132,0.3653758617506145,0.8001380649398315,1.0,False,False,True,7
Trappc9,NM_029640,gene_body,ForeBrain,-0.933569461327454,0.0006968677069101,0.0409444844296338,-0.6187982880916044,0.10191097001068422,-0.6083682500973595,0.1095139595500909,-0.6187982880916044,0.10191097001068422,-0.8095238095238095,0.5106709094907348,0.19593726996103258,0.5026837806130627,0.25021865503987617,-0.637301941714171,0.08918837944865125,-0.4783620478430471,0.23050756564247432,-0.7693496973758784,-0.41370137494417075,1.0,0.5230233485210856,0.8524176543155013,8,334.0,322.0,3893.0,0.0,334.0,0.10798611111111112,0.23911210317460319,0.29404761904761906,0.6789823568686286,0.5871429757082686,0.6868726717190897,0.7999455544932056,0.8477151998553589,0.6985232914719627,0.9824330657565852,0.9952985992560824,True,False,archived_only,0.10798611111111112,1,-0.5402128063473786,-0.8263868289863523,-0.2157398381372824,1.0,False,False,True,7
Camta1,NM_001081557,gene_body,ForeBrain,-0.929242791303823,0.0008392961135416,0.0440262633818279,-0.5754025948121521,0.1356031335337118,-0.09677617203366694,0.8196744561364223,-0.3884285873132953,0.3416366694814681,-0.6428571428571429,0.43150259068260277,0.28575208421770176,0.6841270141686264,0.09005165155446092,-0.5802550671436508,0.13156611016581024,-0.3089919290489477,0.4564605289791347,-0.7973984312059531,-0.34348291894402,1.0,0.5433459113464343,0.985655907907469,8,323.0,304.0,3465.5,22.0,301.0,0.13725198412698414,0.33062996031746034,0.08687996031746031,0.7102036803485307,0.9563185722753252,0.8524092413922206,0.8549344707910147,0.7649221476202062,0.7175007340069578,0.9889329625292741,0.9952985992560824,True,False,archived_only,0.13725198412698414,1,-0.5181683215797288,-0.8586300962283008,-0.20565109727352418,1.0,False,False,True,7
Camta1,NM_001195565,gene_body,ForeBrain,0.929242791303823,0.0008392961135416,0.0440262633818279,0.5754025948121523,0.1356031335337116,0.09677617203366691,0.8196744561364223,0.3884285873132955,0.3416366694814681,0.6428571428571429,-0.4315025906826029,0.28575208421770176,-0.6841270141686262,0.090051651554461,0.4853805105964035,0.22274978078088628,-0.3089919290489477,0.4564605289791347,0.3434829189440203,0.7973984312059534,1.0,0.5433459113464343,0.9856559079074689,8,323.0,304.0,3465.5,22.0,301.0,0.13725198412698414,0.33062996031746034,0.08687996031746031,0.7102036803485307,0.9563185722753252,0.8524092413922206,0.8549344707910147,0.7649221476202062,0.7175007340069578,0.9889329625292741,0.9952985992560824,True,False,archived_only,0.13725198412698414,1,0.522255389056067,0.21158557961625607,0.8599978229651343,1.0,False,False,True,7
C2cd5,NM_029897,gene_body,ForeBrain,0.942452327154359,0.0004561290156352,0.0388433677600534,0.5663590362664674,0.14330831142142433,0.4079623513264867,0.3157060170806951,0.5663590362664674,0.14330831142142433,0.4523809523809524,0.28365773370186165,0.4959825728634666,0.18394266980087345,0.6929851305834587,0.5327134098149005,0.17404360071196584,0.40566859496811863,0.3187010540181289,0.447556049808006,0.7006582818104924,1.0,-0.2128767722986873,0.9242999401524451,8,129.0,123.0,1767.5,0.0,129.0,0.14660218253968255,0.5323660714285714,0.6729910714285714,0.7195544375117768,0.7721162741871141,0.7308115787650302,0.9208759943436969,0.9673094504941263,0.7247561843958014,0.9891895816226394,0.9997015587246041,True,False,archived_only,0.14660218253968255,2,0.35575529415238394,0.028962898615062245,0.6553307996864287,0.9856,True,True,True,7
Ankrd10,NR_030781,gene_body,ForeBrain,-0.934657326993127,0.0006637436737046,0.0409444844296338,-0.5413209758331525,0.16587086631590073,-0.8352590072393471,0.009841966894144842,-0.5413209758331525,0.16587086631590073,-0.5952380952380952,-0.5706834613236567,0.13959442005094605,-0.4201852365359457,0.34793779451989054,-0.6146607611206082,0.10488967871689794,0.31579792719436045,0.44606857018017276,-0.752093110090791,-0.4258372171231075,1.0,0.4384504919608451,0.9652586696316596,8,128.0,125.0,1385.5,0.0,128.0,0.15848214285714285,0.17507440476190475,0.4187996031746032,0.7485326734981018,0.27351928813562015,0.7638231089898383,0.753070837603507,0.8898000055084049,0.7354742825008534,0.9779538523274478,0.9974398198634841,True,False,archived_only,0.15848214285714285,4,-0.4619425688075535,-0.665825799606808,-0.18570864504172768,1.0,True,True,True,7
Meis2,NM_001159569,gene_body,ForeBrain,-0.965031655064818,0.0001041130322518,0.0253893826377761,-0.9033878818052475,0.002094223123249509,-0.9271375557835614,0.0009149786990058207,-0.9033878818052475,0.002094223123249509,-0.9047619047619048,0.005140845457154881,0.9903610845961943,0.17107560297382174,0.7138042561905769,-0.663292261848615,0.07295626546784004,-0.27261541949250756,0.513607121819355,-0.9772156724645666,-0.8665613022045131,1.0,0.2998805543806894,0.10243785829629037,8,152.0,140.0,1647.5,0.0,152.0,0.0036706349206349206,0.9901537698412698,0.6888144841269841,0.3433914060833611,0.16728590738333968,0.35635484205781515,0.9995194125431662,0.9735495010699491,0.3839353354978355,0.999793588100875,0.9997015587246041,True,True,archived_only,0.0036706349206349206,1,-0.5651231894121242,-0.8389433780181681,-0.055600688972577667,0.985,False,False,True,6
Acly,NM_001199296,gene_body,ForeBrain,0.928427093638535,0.0008681137454966,0.0440262633818279,0.8179493100826023,0.013099462906336203,0.7739397621300134,0.02420577056138549,0.8179493100826023,0.013099462906336203,0.7619047619047619,0.786700647197722,0.020545423706361463,0.8152859712424448,0.025428298423792312,0.7354103674588638,0.03760503722099722,0.6248523654164366,0.0976408173552868,0.7279673871546779,0.8840541243554886,1.0,-0.5176461715978313,0.8738931474857985,8,126.0,125.0,1521.5,0.0,126.0,0.012276785714285714,0.03501984126984127,0.035069444444444445,0.4181432704180372,0.38271793185058195,0.40428319425195686,0.5552448630067235,0.7260715621172551,0.4426539143165356,0.9452775827775828,0.9952985992560824,True,True,archived_only,0.012276785714285714,2,0.4497463741540777,-0.16673451363352232,0.7797030334404204,0.9248,True,True,False,6
Acly,NM_134037,gene_body,ForeBrain,-0.928427093638534,0.0008681137454966,0.0440262633818279,-0.8179493100826022,0.013099462906336222,-0.7739397621300131,0.02420577056138556,-0.8179493100826022,0.013099462906336222,-0.7619047619047619,-0.7867006471977214,0.020545423706361653,-0.8152859712424442,0.025428298423792513,0.43924797683032446,0.2762133182640969,0.6248523654164366,0.0976408173552868,-0.8840541243554885,-0.7279673871546776,1.0,-0.5176461715978313,0.8738931474857982,8,126.0,125.0,1521.5,0.0,126.0,0.012276785714285714,0.03501984126984127,0.035069444444444445,0.4181432704180372,0.38271793185058195,0.40428319425195686,0.5552448630067235,0.7260715621172551,0.4426539143165356,0.9452775827775828,0.9952985992560824,True,True,archived_only,0.012276785714285714,2,-0.44115367662698457,-0.7764767187029094,0.1626190831773466,0.9298,True,True,False,6
Gtf2i,NM_001080747,gene_body,ForeBrain,0.929097553709312,0.0008443806796071,0.0440262633818279,0.7191471418542518,0.0443724300838238,0.5343711817840764,0.17245306997867207,0.7191471418542518,0.0443724300838238,0.6666666666666666,-0.2541226895179079,0.5436360655134993,-0.6494748036241985,0.11439821835763027,0.8185624626271966,0.01297391751628949,0.7426457149731158,0.03481073565694321,0.5704287137323416,0.8385757528271975,1.0,0.4556726432070832,0.8254690989284995,8,165.0,145.0,2024.5,0.0,165.0,0.047718253968253965,0.6197916666666666,0.1599454365079365,0.5569560510240347,0.6590517182002946,0.5604683596187208,0.9290790821655134,0.7814959365187686,0.5779853782747939,0.9891895816226394,0.9952985992560824,True,True,archived_only,0.047718253968253965,2,0.5554938575573642,0.10903066459617891,0.9220949900715059,0.9932,False,False,True,6
Dlgap4,NM_001277186,gene_body,ForeBrain,-0.973109125763113,4.76380962177132e-05,0.0187017672181655,-0.7226108625247367,0.042874015724434375,-0.7822204855573972,0.02178813615877856,-0.6834006159895591,0.06169052858617584,-0.8571428571428571,0.5129701775954232,0.19358898811596065,0.7350066872675654,0.0598315601226955,-0.7022981572599379,0.052110030907705135,-0.09447019880069535,0.8239194436842783,-0.8237728165487553,-0.6295950842734995,1.0,0.4809075659544323,0.939452664780021,8,329.0,323.0,2431.5,64.0,265.0,0.050074404761904764,0.24146825396825397,0.05763888888888889,0.5534828868961646,0.3751248624160758,0.6094690288828076,0.7975040215193192,0.7594676204139309,0.585145744869073,0.9824330657565852,0.9952985992560824,True,True,archived_only,0.050074404761904764,2,-0.6251326034150866,-0.8065826783074357,-0.40744650861612897,1.0,False,False,True,6
Ece2,NM_139293,gene_body,ForeBrain,-0.941479205305154,0.00047930451567,0.0396897055646312,-0.6169436352137855,0.10324011343654035,-0.8769646034866925,0.004237100929023435,-0.36351362313642493,0.3760759815823903,-0.7380952380952381,0.3201126929944526,0.4395314815911977,0.4416396730252565,0.3211750593682262,-0.5806993106372084,0.13119991722125765,0.5170360660480431,0.1894731221763152,-0.7335125693061395,-0.5287023343338911,1.0,0.8304694908529473,0.9806691520816049,8,211.0,204.0,1669.5,97.0,114.0,0.10081845238095238,0.48754960317460316,0.40243055555555557,0.6811334182417367,0.22093899742801262,0.8634421595954316,0.9043971299101756,0.8789571198707532,0.6939316925271981,0.9891895816226394,0.9974398198634841,True,False,archived_only,0.10081845238095238,2,-0.5912579522169341,-0.709046902696179,-0.43700058022708627,1.0,False,False,True,6
Mgat1,NM_001110150,downstream,ForeBrain,0.920320985978693,0.0011902839425258,0.0491221027050103,0.589018582715475,0.12444749639771212,0.6012164523828835,0.11490789523669141,0.589018582715475,0.12444749639771212,0.7142857142857143,-0.12187142775469512,0.7737436323979364,0.3158631709439627,0.49011831982378495,0.4388987462610887,0.27663998768339954,-0.0524404148218866,0.901854337227829,0.5110842068096318,0.7442599909052812,1.0,0.4215654609529403,0.9009219126278832,8,44.0,43.0,389.0,0.0,44.0,0.12904265873015874,0.8015625,0.5391617063492063,0.7002825203495994,0.5879730494039552,0.7143851724475647,0.9743621671389558,0.9315231404535885,0.712414656655437,0.9995570426160224,0.9997015587246041,True,False,archived_only,0.12904265873015874,2,0.4989537970627123,0.13070657425972232,0.7661217089988743,0.996,False,True,True,6
Frmd4a,NM_001177844,gene_body,ForeBrain,0.956121624504559,0.0002043095846614,0.0313779378023223,0.5721918436264739,0.13831169071438562,0.6681830501354964,0.07011330976915128,0.5721918436264739,0.13831169071438562,0.6190476190476191,-0.4699392938715905,0.23999740809713294,0.07242257360036389,0.8773738005640631,0.6859556586486558,0.06033863609889082,0.5848163530771314,0.12783331350682847,0.45233947129287105,0.7799211864295323,1.0,0.43628644472295325,0.7520940088820518,8,258.0,254.0,2677.0,0.0,258.0,0.13747519841269842,0.2815228174603175,0.8493303571428571,0.7123609543227526,0.5190463754204151,0.7256220890332955,0.8177540537430563,0.9883414273359065,0.7175007340069578,0.9825026750172099,0.9997015587246041,True,False,archived_only,0.13747519841269842,3,0.4821049281573907,0.144364591440322,0.6945158592617449,1.0,False,True,True,6
C2cd5,NM_001109688,gene_body,ForeBrain,-0.947205811152297,0.0003534610082289,0.0351170057249657,-0.5616446228028111,0.14741860298436585,-0.4570348613607414,0.2549140611757709,-0.5616446228028111,0.14741860298436585,-0.40476190476190477,-0.220805188896221,0.5992501243144461,-0.027547235709749405,0.9532521022324457,-0.47614341394080073,0.23298829779915026,0.40566859496811863,0.3187010540181289,-0.6766197264400553,-0.44398721469377234,1.0,-0.2128767722986873,0.9855109071392922,8,129.0,123.0,1767.5,0.0,129.0,0.14704861111111112,0.6258184523809524,0.9480654761904762,0.724287381031763,0.7284285629436441,0.7338813605417689,0.9341976642829842,0.9953629791954827,0.7247561843958014,0.9891895816226394,0.9997015587246041,True,False,archived_only,0.14704861111111112,2,-0.35322408553803775,-0.6687044910869816,0.0013523303622540008,0.9744,True,True,False,6
App,NM_001198823,gene_body,ForeBrain,0.927350006306313,0.0009071466952521,0.0440262633818279,0.5165617550077025,0.18995084536828824,0.6899052120482685,0.05828386764974683,0.4254218573747237,0.29335154582405887,0.30952380952380953,0.36683122647369115,0.3714038864655623,0.21729567604560673,0.6397544451890027,0.1066545558363539,0.8015340529596388,-0.4473646844561898,0.2663884272611199,0.029934106824884583,0.6809642183848571,1.0,0.084112281810172,0.9774087082371514,8,183.0,175.0,2283.5,32.0,151.0,0.1966765873015873,0.42743055555555554,0.6569940476190477,0.7726586678010018,0.48361523413906243,0.8290187751902148,0.8824688970624418,0.9629964118829996,0.7808550987120827,0.9891895816226394,0.9997015587246041,True,False,archived_only,0.1966765873015873,1,0.3777663087581923,-0.3060690839690796,0.7776963810993895,0.816,True,True,False,6
Myt1,NM_001171615,gene_body,ForeBrain,0.974122653829021,4.24846496336127e-05,0.0187017672181655,0.47550199832620854,0.23370802110943864,0.8453254360913146,0.00821117944351788,0.47550199832620854,0.23370802110943864,0.47619047619047616,0.5473149411430582,0.16030526383799384,0.787898600148624,0.035366612594800416,0.10209182994483039,0.8099037558511896,-0.04343022790626245,0.9186706615230062,0.29475749276143975,0.6730713500949689,1.0,-0.3164299313159334,0.6657876355748659,8,93.0,89.0,1303.0,0.0,93.0,0.22919146825396824,0.20513392857142856,0.06748511904761904,0.7920744579263377,0.2640697516511387,0.8028962503943063,0.7747970209081392,0.7260715621172551,0.7956371924164486,0.9824330657565852,0.9952985992560824,True,False,archived_only,0.22919146825396824,1,0.2774284587381628,-0.31795617912298163,0.6664806879050327,0.862,True,True,False,6
Myadm,NM_001093765,upstream,ForeBrain,0.921467911683398,0.001140628843727,0.0474377809813629,-0.72028170048368,0.04387818471307736,-0.7778297363516897,0.023050387636056543,-0.72028170048368,0.04387818471307736,-0.7142857142857143,0.10542184598251877,0.8037936979175393,0.3024308959897575,0.5097315814738672,-0.8577573664361847,0.006449238291333804,-0.5815313024255798,0.1305156332272954,-0.8461464199387009,-0.5394014643567216,1.0,-0.446181613834877,0.8405401026686498,8,19.0,15.0,145.0,0.0,19.0,0.04652777777777778,0.8121031746031746,0.551140873015873,0.5560177022900535,0.38163468937580824,0.5598740299741972,0.9784212358892456,0.9348834007903073,0.574166334131418,0.9995570426160224,0.9997015587246041,False,False,archived_only,0.04652777777777778,1,-0.38253332250931793,-0.8302486787043052,0.26787734218659565,0.1816,True,True,False,5
Arhgap21,NM_001081364,gene_body,ForeBrain,0.924918865444799,0.0009994254810751,0.0443727407791295,0.4960122496675743,0.21125942277747145,0.6049561118385628,0.11206906403854283,0.862878495815516,0.005800817411558282,0.5476190476190477,0.7055993023840741,0.05053490853112051,0.7796597490346424,0.038716877043384626,0.3515651736946363,0.3931172662960903,0.25875823686250027,0.5360500070120017,0.2561148496237145,0.7284552877046141,1.0,0.4069554143013316,0.6481837954444204,8,253.0,238.0,2923.5,75.0,178.0,0.21220238095238095,0.05994543650793651,0.09831349206349206,0.7788728128687806,0.5871429757082686,0.3700108852206154,0.6450691060811711,0.7260715621172551,0.7879446404730117,0.9685819095079892,0.9952985992560824,True,False,archived_only,0.21220238095238095,2,0.3834168283848368,-0.07010172730316128,0.7627621719918584,0.945,True,True,False,5
Arhgap21,NM_001128084,gene_body,ForeBrain,-0.924918865444798,0.0009994254810751,0.0443727407791295,-0.4960122496675745,0.21125942277747126,-0.604956111838563,0.11206906403854262,-0.8628784958155163,0.0058008174115582395,-0.5476190476190477,-0.7055993023840745,0.0505349085311203,-0.7796597490346425,0.03871687704338457,-0.12505234235181723,0.7679598644871446,0.25875823686250027,0.5360500070120017,-0.728455287704614,-0.2561148496237149,1.0,0.4069554143013316,0.6481837954444204,8,253.0,238.0,2923.5,75.0,178.0,0.21220238095238095,0.05994543650793651,0.09831349206349206,0.7788728128687806,0.5871429757082686,0.3700108852206154,0.6450691060811711,0.7260715621172551,0.7879446404730117,0.9685819095079892,0.9952985992560824,True,False,archived_only,0.21220238095238095,2,-0.3758725053869334,-0.757633405377891,0.0796275047566915,0.945,True,True,False,5
Pax6,NM_001310144,gene_body,ForeBrain,-0.922314138183828,0.0011048726852476,0.0463097027840137,-0.49195077917977437,0.2156116065650277,0.44189016198864695,0.2729957681751715,-0.5379578827148468,0.1690387866189154,-0.38095238095238093,-0.613826241691184,0.10549641831175201,-0.46919422439350794,0.28816995355525293,-0.16267963002569802,0.7003145440023806,0.184763104653615,0.661372601412283,-0.6065194340792421,-0.3594303612713317,1.0,-0.23632019630048706,0.8712169112866822,8,193.0,186.0,2171.5,36.0,157.0,0.21785714285714286,0.14608134920634921,0.2994295634920635,0.7823929627462479,0.7465140988187681,0.7676601329706745,0.7303246984851399,0.8642194255422667,0.7906767662466374,0.9779538523274478,0.9952985992560824,True,False,archived_only,0.21785714285714286,3,-0.3419966156141473,-0.6790564391462846,0.1979034981281183,0.9152,True,True,False,5
Sirt2,NM_022432,gene_body,ForeBrain,0.955337999871908,0.0002153239660552,0.0313779378023223,0.44096233193424217,0.274123525273626,0.9504363769728839,0.0002931863243388669,0.49743648357104997,0.20974419476437517,0.3333333333333333,-0.054299761640258244,0.8983878960283647,0.14479755262430807,0.7567528447785714,-0.4447599880638988,0.269522101819101,-0.5558999809188981,0.15251372757161852,0.27613576863126726,0.8993948067012122,1.0,0.20288120080409336,0.7829272899607916,8,119.0,117.0,1170.5,62.0,57.0,0.2691468253968254,0.906795634920635,0.7580357142857143,0.8138389072680704,0.14640658905394507,0.7886537640990547,0.9893609106609561,0.9787417097017882,0.8110983757089644,0.9995570426160224,0.9997015587246041,True,False,archived_only,0.2691468253968254,1,0.34915144052231506,-0.15322891003906353,0.7625618507092332,0.9112,False,True,False,5
Fut10,NM_134161,gene_body,ForeBrain,-0.937047458843551,0.0005946286965369,0.0408997814989829,-0.43713021595974794,0.27880564830124493,0.08560480718809117,0.8402734222001822,-0.43713021595974794,0.27880564830124493,-0.5476190476190477,-0.3897316337491726,0.33987719008146267,-0.526923558264282,0.22429116219570255,-0.2133197740375384,0.6119937577567997,0.06637861439998664,0.8759052049625811,-0.5865272400123804,-0.32478577193319214,1.0,-0.399167411566754,0.38500384119552716,8,88.0,88.0,1203.0,0.0,88.0,0.2865327380952381,0.38152281746031746,0.20513392857142856,0.8163468831431419,0.9633343262821251,0.8238702176844329,0.869155216535137,0.8392174493294228,0.8192541246917711,0.9889329625292741,0.9952985992560824,True,False,archived_only,0.2865327380952381,1,-0.197718529199677,-0.6759495752182441,0.4635715453173574,0.7034,True,True,False,5
Spag9,NM_001025429,downstream,ForeBrain,-0.94047722170443,0.000503961336523,0.0400102831174441,-0.26526899327690046,0.5254610132968472,-0.3002043734267259,0.47002146470327844,-0.26526899327690046,0.5254610132968472,-0.8095238095238095,-0.14475191575369276,0.7323575811841943,-0.20169295366494722,0.6645172190604225,-0.428800564257951,0.28911699341888547,-0.5711253056512614,0.13921799526308945,-0.610646314174176,-0.1626616788608159,1.0,-0.0030277179711378794,0.980322483522523,8,21.0,21.0,483.5,0.0,21.0,0.41790674603174605,0.7361855158730158,0.6028025793650794,0.9016946962135343,0.8480424373704172,0.9077665113205229,0.9664387756836498,0.9661078021762671,0.8733352695272517,0.9969583508962965,0.9997015587246041,True,False,archived_only,0.41790674603174605,4,-0.6114384978397203,-0.8257261616432673,0.6282494455925818,0.5076,True,True,False,5
Agbl4,NM_001284190,gene_body,ForeBrain,-0.924273197447387,0.0010249219685588,0.0447049297668131,0.6426243137896857,0.08570925489827294,0.12775834590750723,0.7630469584769727,0.6426243137896857,0.08570925489827294,0.30952380952380953,0.2584272519940611,0.5365903798558627,0.11458250208196703,0.8067531338400519,0.4410026082246084,0.2740745226893728,0.45914390493643215,0.2524451228089502,-0.03915080553641775,0.7560149399233975,0.875,0.7089395259001529,0.8281154911695967,8,139.0,124.0,1463.5,0.0,139.0,0.08085317460317461,0.5906994047619047,0.8235863095238095,0.651823385562722,0.9423471534320318,0.6608576667209025,0.9281763649842448,0.9816139831589569,0.6536904328373738,0.9891895816226394,0.9997015587246041,False,False,archived_only,0.08085317460317461,1,0.5737055617659603,0.2163136164233878,0.8366287251964203,0.0,False,False,True,4
Mtss1,NM_001146180,gene_body,ForeBrain,-0.947656123954233,0.0003446118482284,0.0351170057249657,-0.3284794129142161,0.42697016236809243,-0.8534057722599109,0.007035211594352236,-0.357422316599678,0.3847218934923674,-0.07142857142857142,-0.04264133435510255,0.9201443627548971,0.2511996869701829,0.586876605623428,-0.347426477739711,0.3990973469573775,-0.38439733639164514,0.34710654923827355,-0.5832322846037757,-0.09471064813898022,1.0,0.03426818206091994,0.9469892404499456,8,187.0,182.0,2027.0,4.0,183.0,0.4355406746031746,0.9288690476190476,0.6118303571428572,0.874639978328522,0.25513393466863704,0.8663984693489346,0.9947109535266051,0.9499641323314482,0.8812262441802351,0.9995570426160224,0.9997015587246041,True,False,archived_only,0.4355406746031746,4,-0.22392194931074744,-0.6512530595905464,0.16285315503554276,0.8628,True,False,False,4
Mtss1,NM_144800,gene_body,ForeBrain,0.947656123954233,0.0003446118482284,0.0351170057249657,0.3284794129142161,0.42697016236809243,0.8534057722599109,0.007035211594352236,0.3574223165996778,0.3847218934923676,0.07142857142857142,0.042641334355102714,0.9201443627548967,-0.251199686970183,0.586876605623428,-0.4882062687265531,0.21966501853284653,-0.38439733639164514,0.34710654923827355,0.09471064813898017,0.5832322846037757,1.0,0.03426818206091994,0.9469892404499456,8,187.0,182.0,2027.0,4.0,183.0,0.4355406746031746,0.9288690476190476,0.6118303571428572,0.874639978328522,0.25513393466863704,0.8663984693489346,0.9947109535266051,0.9499641323314482,0.8812262441802351,0.9995570426160224,0.9997015587246041,True,False,archived_only,0.4355406746031746,4,0.22631242019109513,-0.16857533085186727,0.6619702367325268,0.8696,True,False,False,4
Ap2b1,NM_001035854,gene_body,ForeBrain,-0.948765349268668,0.0003234386128508,0.0351170057249657,-0.2575589899650719,0.5380088638067471,-0.180228540161077,0.6693179803187974,-0.2575589899650719,0.5380088638067471,-0.30952380952380953,-0.01199241420422864,0.9775163791803131,0.13764537360147852,0.7685332742881766,-0.7033569299681053,0.0516016811700895,-0.8345324676957695,0.009966992894472273,-0.600757759796588,0.010221625112443337,0.875,0.5675511833307386,0.9228242768919395,8,102.0,102.0,1456.0,0.0,102.0,0.5248759920634921,0.9776537698412698,0.7024801587301587,0.9068378262460126,0.9200087529699428,0.9112881907602575,0.9983109320537571,0.9795125845426569,0.8998576230976162,0.999793588100875,0.9997015587246041,True,False,archived_only,0.5248759920634921,3,-0.2534132577904382,-0.6434715981605561,0.12417761511234421,0.8428,True,False,False,4
Ap2b1,NM_027915,gene_body,ForeBrain,0.948765349268668,0.0003234386128508,0.0351170057249657,0.2575589899650719,0.5380088638067471,0.1802285401610771,0.6693179803187972,0.2575589899650719,0.5380088638067471,0.30952380952380953,0.01199241420422899,0.9775163791803124,-0.13764537360147913,0.7685332742881756,-0.21559751798619278,0.6081068038918898,-0.8345324676957695,0.009966992894472273,-0.01022162511244334,0.6007577597965879,0.875,0.5675511833307386,0.9228242768919394,8,102.0,102.0,1456.0,0.0,102.0,0.5248759920634921,0.9776537698412698,0.7024801587301587,0.9068378262460126,0.9200087529699428,0.9112881907602575,0.9983109320537571,0.9795125845426569,0.8998576230976162,0.999793588100875,0.9997015587246041,True,False,archived_only,0.5248759920634921,3,0.25578435615065015,-0.13438460078731154,0.6289091462426364,0.837,True,False,False,4
Dhx32,NM_001286030,gene_body,ForeBrain,0.972420955952413,5.13630673041287e-05,0.0187017672181655,0.24079155845195527,0.5656638139412231,0.8910892089366912,0.0029715699323333822,0.3046422346864046,0.4631529634199333,0.023809523809523808,0.30997224533350065,0.4549576761589945,0.18215899869143995,0.6958622714144322,0.26510060977811356,0.5257338890784513,0.3053627721732462,0.46204162330831655,-0.2913029067055213,0.5224260829959599,0.875,0.2092670584803249,0.8713224491507101,8,133.0,132.0,1606.5,18.0,115.0,0.5823164682539682,0.5058779761904761,0.6869047619047619,0.9193596209331201,0.22036803291994217,0.8906146874321965,0.9087572782332207,0.9685816996943002,0.9254091511208116,0.9891895816226394,0.9997015587246041,True,False,archived_only,0.5823164682539682,6,0.19985210837827982,-0.31946251737612114,0.6791345813138226,0.7658,True,True,False,4
Bcas3,NM_001166642,gene_body,ForeBrain,0.932173059761864,0.0007409483522831,0.0422892330850968,0.2323878505885522,0.5797060000272165,0.5457006976229555,0.1617939876349143,0.19911336277553898,0.636412674367337,0.19094065395649334,0.0517144438866043,0.9032081593407648,-0.3615335700296347,0.42555351773408956,0.19036664213926485,0.6515922729352039,-0.4653322050023579,0.24527069411939403,-0.13865064800505544,0.4098610644729464,0.875,0.7094649704900235,0.6963912698717973,8,186.0,184.0,2417.5,72.0,114.0,0.5922619047619048,0.9108878968253968,0.4396329365079365,0.924759011899732,0.6464808423578932,0.9400497420505787,0.9911741922402999,0.9033910736963713,0.9276833894591634,0.9995570426160224,0.9986015357060414,True,False,archived_only,0.5922619047619048,5,0.1876900557065398,-0.2698380486110841,0.6315000026588731,0.7786,True,False,False,4
Erbb2ip,NM_001005868,upstream,ForeBrain,-0.924544938085939,0.0010141401889395,0.0445972304398395,-0.21974615345905088,0.6010477934581724,-0.07795241430528577,0.8544302487803519,-0.21974615345905088,0.6010477934581724,-0.08383383833392813,-0.6950035457628135,0.055693952038284734,-0.7346756298565853,0.060006908163042445,-0.2889356503210916,0.4876423104016884,-0.14934183930599088,0.724119655015151,-0.4377313143580984,0.13192071344932194,0.875,-0.5123414961715957,0.8706158671859549,8,31.0,27.0,198.5,0.0,31.0,0.5964285714285714,0.07361111111111111,0.05952380952380952,0.9290707946501977,0.9670104783250176,0.9277673844444595,0.6555521422503238,0.7594676204139309,0.9285686872878669,0.9685819095079892,0.9952985992560824,True,False,archived_only,0.5964285714285714,4,-0.09763536576849158,-0.5662393487188655,0.814343348662126,0.5937627395026498,True,True,False,4
Dhx32,NM_133941,gene_body,ForeBrain,-0.955262903634753,0.0002163995710504,0.0313779378023223,-0.19608401059744804,0.6416578047235793,-0.8552704943709128,0.006780124141074875,-0.27470620925941525,0.5102520804804731,0.047619047619047616,-0.1855591826172385,0.659980550561319,-0.10543678268638548,0.8219982334665866,0.21241588913999787,0.6135384310013812,0.3053627721732462,0.46204162330831655,-0.4842755400161352,0.33599218780086876,0.875,0.2092670584803249,0.9004461874564954,8,133.0,132.0,1606.5,18.0,115.0,0.660094246031746,0.6953125,0.813764880952381,0.9397637705677119,0.25466311620467574,0.901132473561343,0.9475300708012081,0.9834832905950888,0.9453251834006164,0.9917972875070605,0.9997015587246041,True,False,archived_only,0.660094246031746,6,-0.16557259972731503,-0.6407748710935293,0.34682628513177877,0.7238,True,True,False,4
Adcyap1r1,NM_001025372,gene_body,ForeBrain,0.976291818535983,3.27250474401246e-05,0.0187017672181655,0.16915823214269837,0.6888268497073599,-0.47148576708094303,0.23824036510803204,0.16915823214269837,0.6888268497073599,0.42857142857142855,0.549867496633073,0.1579664806626182,0.5581180418349352,0.19290150321476368,0.4133205497561525,0.3087619958934767,0.06641287496062423,0.8758415315407939,-0.0869630333197447,0.5001097218087931,0.875,-0.26273570089940107,0.9463683044884277,8,117.0,113.0,1055.5,0.0,117.0,0.6825644841269841,0.19806547619047618,0.09518849206349206,0.952802683295669,0.7181799042085815,0.9550872934651058,0.7715244866521956,0.8327253261164028,0.9526771732690029,0.9779538523274478,0.9952985992560824,True,False,archived_only,0.6825644841269841,4,0.11523457417698862,-0.6473838379606602,0.7188440831538983,0.6142,True,True,False,4
Adcyap1r1,NM_007407,gene_body,ForeBrain,-0.976291818535983,3.27250474401246e-05,0.0187017672181655,-0.16915823214269846,0.6888268497073597,0.4714857670809431,0.2382403651080319,-0.16915823214269846,0.6888268497073597,-0.42857142857142855,-0.5498674966330734,0.15796648066261781,-0.5581180418349356,0.1929015032147633,-0.1645639322073568,0.6969681221620869,0.06641287496062423,0.8758415315407939,-0.5001097218087932,0.08696303331974461,0.875,-0.26273570089940107,0.9463683044884277,8,117.0,113.0,1055.5,0.0,117.0,0.6825644841269841,0.19806547619047618,0.09518849206349206,0.952802683295669,0.7181799042085815,0.9550872934651058,0.7715244866521956,0.8327253261164028,0.9526771732690029,0.9779538523274478,0.9952985992560824,True,False,archived_only,0.6825644841269841,4,-0.11701592959035145,-0.7238692888594783,0.6436307310837965,0.6053999999999999,True,True,False,4
Gnal,NM_010307,gene_body,ForeBrain,-0.942848894701546,0.0004468997539391,0.0386712448368348,-0.1572166560459715,0.7100401717742781,0.15677660298216123,0.7108250985011095,-0.027284263351121,0.9488673896117468,-0.2857142857142857,-0.21522069646210176,0.6087492969831069,-0.35452559837009456,0.4352379675330126,-0.14617247390370264,0.7298055602797249,-0.1906973430854841,0.6510164112012435,-0.4132035808460217,0.2604322674292793,0.875,0.21127311353765327,0.6789391826532778,8,292.0,286.0,3385.0,29.0,263.0,0.7040426587301587,0.6378968253968254,0.477827380952381,0.9537852804218099,0.9284635670801747,0.9903398666763215,0.9381598551168621,0.9083586772040183,0.9571675574991901,0.9891895816226394,0.9986015357060414,True,False,archived_only,0.7040426587301587,6,-0.10095664697740514,-0.6248481211559653,0.6104840462564334,0.6192,True,True,False,4
Gnal,NM_177137,gene_body,ForeBrain,0.942848894701546,0.0004468997539391,0.0386712448368348,0.1572166560459717,0.7100401717742778,-0.15677660298216098,0.71082509850111,0.02728426335112139,0.9488673896117461,0.2857142857142857,0.21522069646210273,0.6087492969831052,0.3545255983700962,0.4352379675330099,-0.19282246891996027,0.6473194581829553,-0.1906973430854841,0.6510164112012435,-0.26043226742927933,0.413203580846022,0.875,0.21127311353765327,0.6789391826532781,8,292.0,286.0,3385.0,29.0,263.0,0.7040426587301587,0.6378968253968254,0.477827380952381,0.9537852804218099,0.9284635670801747,0.9903398666763215,0.9381598551168621,0.9083586772040183,0.9571675574991901,0.9891895816226394,0.9986015357060414,True,False,archived_only,0.7040426587301587,6,0.10924031567307044,-0.6287688218886042,0.6291658576699104,0.6208,True,True,False,4
Rara,NM_001176528,upstream,ForeBrain,-0.966749050719763,8.96309814821554e-05,0.0239260569076789,-0.12036759345469582,0.7764811981886831,-0.12672798628919138,0.7649168299865414,-0.12036759345469582,0.7764811981886831,0.09352195295828244,-0.3108235526314214,0.45365423595942567,-0.4517873334491043,0.30883809110105115,-0.1661094013409434,0.6942266304721454,-0.13432447040826373,0.7511547505390722,-0.3429685504496901,0.20740107089287094,0.875,,0.9167814505161641,8,22.0,22.0,86.0,0.0,22.0,0.9107142857142857,0.6071428571428571,0.5714285714285714,0.9653312562323078,0.9429398099045448,0.9707359114673682,0.90757227069962,0.8767930637408213,0.9868065657736925,0.9891895816226394,0.9997015587246041,True,False,archived_only,0.9107142857142857,8,-0.10632129275343197,-0.21833560704014018,0.38999459698894356,0.6632707774798927,True,True,False,4
Cadps,NM_001042617,gene_body,ForeBrain,-0.9272245370864,0.0009117668056035,0.0440262633818279,0.601989227121842,0.11431797088099707,0.597309213401188,0.11791695207601344,0.601989227121842,0.11431797088099707,0.6904761904761905,0.012973128830832032,0.9756781125599608,-0.11443186498965154,0.8070038501860741,0.6266327492332423,0.0964049852919398,0.37796620846352996,0.3559152930763955,0.44478132777179247,0.8095930623852147,1.0,-0.3753759964052118,0.8868848885150847,8,172.5,165.0,2120.5,0.0,172.5,0.11235119047619048,0.9766369047619048,0.7698660714285714,0.6938658718776982,0.5902568625449585,0.7027964343025371,0.9979567277116951,0.9816139831589569,0.7073296152271797,0.999793588100875,0.9997015587246041,False,False,archived_only,0.11235119047619048,3,0.3364918559076881,-0.1063139298550246,0.6636085081830089,0.06220000000000003,False,True,False,3
Cadps,NM_012061,gene_body,ForeBrain,0.9272245370864,0.0009117668056035,0.0440262633818279,-0.601989227121842,0.11431797088099707,-0.5973092134011881,0.11791695207601338,-0.601989227121842,0.11431797088099707,-0.6904761904761905,-0.012973128830831812,0.9756781125599612,0.11443186498965063,0.8070038501860757,0.20186790419213815,0.631654780847948,0.37796620846352996,0.3559152930763955,-0.8095930623852148,-0.4447813277717926,1.0,-0.3753759964052118,0.886884888515085,8,172.5,165.0,2120.5,0.0,172.5,0.11235119047619048,0.9766369047619048,0.7698660714285714,0.6938658718776982,0.5902568625449585,0.7027964343025371,0.9979567277116951,0.9816139831589569,0.7073296152271797,0.999793588100875,0.9997015587246041,False,False,archived_only,0.11235119047619048,3,-0.3308449176563169,-0.660752360960611,0.1125204987766814,0.0688,False,True,False,3
Cadm1,NM_207676,gene_body,ForeBrain,-0.963210812055618,0.0001210709211839,0.0281804409310216,-0.3639262116533661,0.37549352249770684,-0.38725003046243345,0.3432316705489963,-0.3847226037056424,0.3466637195663065,-0.3333333333333333,0.416989430454103,0.3040497953319678,0.3193442448492723,0.48507990815124896,-0.3842980289457538,0.3472418014815415,-0.43625367117399305,0.27988210009130626,-0.5298417467573947,-0.012433489503932955,1.0,0.2512189348015227,0.954133728010096,8,143.0,134.0,1979.0,40.0,103.0,0.3685515873015873,0.3355902777777778,0.23082837301587303,0.8509635612060356,0.7901423013623914,0.8529557946596737,0.8613188713412498,0.9294879304100963,0.8518920595533499,0.9889329625292741,0.9952985992560824,True,False,archived_only,0.3685515873015873,3,-0.28430962186840913,-0.8369181242186272,0.20693738446905002,0.8266,False,False,False,3
Cadm1,NM_207675,gene_body,ForeBrain,0.953140245442438,0.0002482849544053,0.0317482365416138,0.3618606325457755,0.37841357611223514,0.4075887225031247,0.3161929634712895,0.38169882211571393,0.3507904064109147,0.2619047619047619,-0.3947941795369772,0.3330813549347708,-0.27764314451538397,0.5466131794445265,0.29680380651308264,0.4753118680964781,-0.43625367117399305,0.27988210009130626,0.01456949463554468,0.5197953551563801,1.0,0.2512189348015227,0.9068807755633472,8,143.0,134.0,1979.0,40.0,103.0,0.3712549603174603,0.36334325396825395,0.4631200396825397,0.85201836056285,0.7729630388730722,0.8535091568743493,0.8672163888508015,0.9419278105538662,0.8518920595533499,0.9889329625292741,0.9986015357060414,True,False,archived_only,0.3712549603174603,3,0.2782963312660711,-0.2170332453110307,0.8158920970143628,0.8074,False,False,False,3
Cadm1,NM_018770,gene_body,ForeBrain,0.935390800349049,0.0006420032779549,0.0409444844296338,0.3683089485932194,0.3693312749233211,0.3343595751062543,0.41823389932893573,0.3675273527827221,0.37042687063312774,0.42857142857142855,-0.3801523672740465,0.35290957075129165,-0.2185276450020591,0.6378101780476089,0.33310784386977077,0.42008720136973215,-0.43625367117399305,0.27988210009130626,0.03887567206344597,0.5443971909712927,1.0,0.2512189348015227,0.8651174868002092,8,143.0,134.0,1979.0,40.0,103.0,0.3785218253968254,0.3798859126984127,0.6906994047619047,0.8457724692607119,0.8314347782888917,0.8594904009081391,0.8745460364764392,0.9624621171944521,0.8541947554565527,0.9889329625292741,0.9997015587246041,True,False,archived_only,0.3785218253968254,2,0.28592787858598,-0.1863803126539512,0.8119901209219548,0.8504,False,False,False,3
Tpd52,NM_001025261,gene_body,ForeBrain,-0.972609781783395,5.03224647036136e-05,0.0187017672181655,0.10787043958200615,0.7993064285969237,-0.5098016021665532,0.196829008708285,0.10787043958200615,0.7993064285969237,0.23809523809523808,-0.8959710717349264,0.00259948347637213,-0.7931722992408975,0.03331021508250743,0.08775391393341608,0.8363041735227115,0.27057112415241436,0.5168955546555689,-0.3532720495991112,0.5345793150047841,0.875,-0.19225284656440464,0.86043761187878,8,65.0,58.0,682.0,0.0,65.0,0.798139880952381,0.00625,0.012326388888888888,0.9677674319342991,0.6880284225942018,0.9725375104723986,0.3965082678008589,0.7260715621172551,0.9714563186508817,0.9348048062310029,0.9952985992560824,False,False,archived_only,0.798139880952381,7,0.07581064788603753,-0.6509492556014247,0.4626502632037049,0.46519999999999995,True,True,False,3
Slc25a25,NM_001164358,gene_body,ForeBrain,-0.949502271132054,0.0003098563776545,0.0351170057249657,0.10649712620863892,0.801822566029294,-0.8002695761110137,0.017054571467468745,0.10940806647409541,0.7964910319968898,0.21428571428571427,-0.012332255154690061,0.9768793659093296,-0.4030000922460327,0.3700212931950348,0.12609923506048812,0.766058360665296,0.24093666109670955,0.5654223990281806,-0.03312131807401224,0.47051988428694985,0.75,0.24152577420438454,0.9244043103845204,8,313.0,310.0,2826.5,154.0,159.0,0.8102678571428571,0.9819444444444444,0.43799603174603174,0.9677674319342991,0.3482556173635904,0.9721947782509748,0.9983109320537571,0.8928380060641216,0.9743724056394953,0.999793588100875,0.9986015357060414,False,False,archived_only,0.8102678571428571,6,0.0771660196105629,-0.603759896683739,0.6267381117569409,0.44820000000000004,True,True,False,3
Mbp,NM_001025259,upstream,ForeBrain,0.957180601030278,0.0001900242639339,0.0313779378023223,0.08680131834027335,0.838063182566487,0.6206998789838843,0.10055841639266538,0.08680131834027335,0.838063182566487,-0.21686746987951808,0.3864426696745786,0.34432629266924103,-0.0888874921621834,0.8496953292101715,0.14618380116005789,0.7297852196317366,0.10199699310071669,0.8100778909326594,-0.09019307870064082,0.22027373725894758,0.75,-0.001977586094540004,0.9231470717346022,8,27.0,23.0,131.5,0.0,27.0,0.8338293650793651,0.4138392857142857,0.8014880952380953,0.9724357526557116,0.5730034751944019,0.9762304360038707,0.8706953434949317,0.9855565935295679,0.9785801124163193,0.9891895816226394,0.9997015587246041,True,False,archived_only,0.8338293650793651,7,0.09504485193230758,-0.6018886156496217,0.6894752876860512,0.5128,True,False,False,3
Ap1b1,NM_007454,gene_body,ForeBrain,0.938176466959994,0.0005636940661255,0.0408997814989829,0.10744152514992056,0.8000921097695951,0.389518618579247,0.3401645329438775,-0.06676825242444222,0.8751810951506513,0.14285714285714285,-0.29768515359106607,0.47393845752727237,-0.16769502862725497,0.7192980782369265,0.23589288713332118,0.5738348866919525,0.036198458157314595,0.9321871574817663,-0.05009030771176171,0.2511321295565822,0.75,0.7947508118028576,0.9636214368434538,8,297.0,283.0,2019.0,144.0,153.0,0.8393601190476191,0.5151537698412698,0.6708333333333333,0.9677674319342991,0.7869109663264956,0.9829114448788285,0.9128147768882899,0.9735495010699491,0.9785801124163193,0.9891895816226394,0.9997015587246041,True,False,archived_only,0.8393601190476191,8,0.10432050608379398,-0.1408250870543434,0.3721765706546362,0.775,False,False,False,3
Ap1b1,NM_001243043,gene_body,ForeBrain,-0.934452804568259,0.0006698905825742,0.0409444844296338,-0.10303539628645657,0.8081715946411967,-0.40208631405895745,0.3234052967985024,0.06235076919206633,0.8833949493846197,-0.14285714285714285,0.3181230856156804,0.4425408785384397,0.165647877341816,0.7226296242257095,-0.12018190308573365,0.7768193672396724,0.036198458157314595,0.9321871574817663,-0.24923700285873465,0.0550538973790538,0.75,0.7947508118028576,0.9694723207275673,8,297.0,283.0,2019.0,144.0,153.0,0.8414434523809524,0.4810515873015873,0.6812996031746031,0.9682138867947679,0.7768549076448276,0.9829114448788285,0.9043971299101756,0.9735495010699491,0.9786791985915281,0.9891895816226394,0.9997015587246041,True,False,archived_only,0.8414434523809524,8,-0.09902066252509154,-0.36611942863785174,0.14186349617114732,0.7594,False,False,False,3
Pde4b,NM_001177981,gene_body,ForeBrain,-0.950856218274741,0.0002858903160485,0.0335101138743959,0.07658547155607778,0.8569627520742653,-0.6982457418293906,0.054083402839167995,0.07658547155607778,0.8569627520742653,0.23809523809523808,-0.23656353144207953,0.57271385468606,-0.47655273329502423,0.2796240803813274,0.223431697569145,0.5947993744606134,0.25682792433862084,0.5392042638474257,-0.35427776353660023,0.7533911462874024,0.75,-0.2722700635723545,0.955992809898434,8,117.0,115.0,1744.0,0.0,117.0,0.8597470238095238,0.6079613095238096,0.2638888888888889,0.9781951981614917,0.47137041564734833,0.9809933098143043,0.9290790821655134,0.8629537364767941,0.9814937716969573,0.9891895816226394,0.9952985992560824,False,False,archived_only,0.8597470238095238,8,0.04278646566185384,-0.538225298853078,0.7026308736037613,0.46040000000000003,True,True,False,3
Rcan1,NM_001081549,gene_body,ForeBrain,-0.926365787999755,0.0009438016373074,0.0440262633818279,0.7110953761475995,0.0479766613050113,0.46893879481168455,0.24113763593734025,0.7110953761475995,0.0479766613050113,0.7857142857142857,0.686390287880387,0.06011044160727922,0.5879509750547971,0.1650271634289669,0.724578966041736,0.04203646256417275,0.7049398236219118,0.050847256153609896,0.5418031651345303,0.914250773426451,1.0,-0.28489127680817306,0.9116009735304924,8,110.0,106.0,1000.0,0.0,110.0,0.034102182539682536,0.07708333333333334,0.024553571428571428,0.5637129423495771,0.7208538961653392,0.566743657093392,0.6668632370926227,0.8190006933493393,0.5378584864178229,0.9685819095079892,0.9952985992560824,False,False,archived_only,0.034102182539682536,3,0.3850340887793386,-0.13670109027782265,0.7248150457420205,0.07479999999999998,False,False,False,2
Rcan1,NM_019466,gene_body,ForeBrain,0.926365787999755,0.0009438016373074,0.0440262633818279,-0.7110953761475994,0.04797666130501134,-0.4689387948116845,0.24113763593734042,-0.7110953761475994,0.04797666130501134,-0.7857142857142857,-0.6863902878803871,0.0601104416072792,-0.587950975054797,0.1650271634289671,-0.7090674522647992,0.04891129026074006,0.7049398236219118,0.050847256153609896,-0.9142507734264508,-0.5418031651345304,1.0,-0.28489127680817306,0.9116009735304926,8,110.0,106.0,1000.0,0.0,110.0,0.034102182539682536,0.07708333333333334,0.024553571428571428,0.5637129423495771,0.7208538961653392,0.566743657093392,0.6668632370926227,0.8190006933493393,0.5378584864178229,0.9685819095079892,0.9952985992560824,False,False,archived_only,0.034102182539682536,3,-0.3895330260536977,-0.7221815355590729,0.18041938989140638,0.0818,False,False,False,2
Ica1,NM_001252266,gene_body,ForeBrain,0.946489325200301,0.000367846509205,0.0352410093193788,-0.5846179474337341,0.12799443252301987,-0.4083154059921829,0.3152462119373106,-0.5846179474337341,0.12799443252301987,-0.7380952380952381,-0.28816412569157746,0.48885805516476355,-0.36600900359627353,0.4194128567789979,0.528113965058043,0.1784976473309654,0.5658257301931197,0.14377006163189515,-0.704232453717245,-0.5466727205540275,1.0,0.014403726934943224,0.5968691060087224,8,69.5,63.0,617.0,0.0,69.5,0.1408234126984127,0.5555555555555556,0.4959077380952381,0.7020472219704411,0.7721162741871141,0.7158090259538574,0.9182977707767017,0.9033910736963713,0.717757247574956,0.9891895816226394,0.9986015357060414,False,False,archived_only,0.1408234126984127,2,-0.4471263149719181,-0.8571329338152431,0.21183484135183894,0.1322,False,False,False,2
Ica1,NM_010492,gene_body,ForeBrain,-0.946489325200301,0.000367846509205,0.0352410093193788,0.584617947433734,0.12799443252301987,0.40831540599218286,0.31524621193731067,0.584617947433734,0.12799443252301987,0.7380952380952381,0.28816412569157757,0.4888580551647633,0.3660090035962736,0.4194128567789979,0.5787507258758574,0.13281037983516422,0.5658257301931197,0.14377006163189515,0.5466727205540274,0.7042324537172449,1.0,0.014403726934943224,0.5968691060087224,8,69.5,63.0,617.0,0.0,69.5,0.1408234126984127,0.5555555555555556,0.4959077380952381,0.7020472219704411,0.7721162741871141,0.7158090259538574,0.9182977707767017,0.9033910736963713,0.717757247574956,0.9891895816226394,0.9986015357060414,False,False,archived_only,0.1408234126984127,2,0.4431119630211904,-0.24170244507015937,0.8583776065056159,0.14500000000000002,False,False,False,2
Sema6d,NM_199238,gene_body,ForeBrain,0.973583955500162,4.5175098920799e-05,0.0187017672181655,0.47639704904469066,0.23270401088142764,0.8960371033260871,0.0025946699414799482,0.5053965684650783,0.20138055916400674,0.5855400437691199,-0.7572468188368329,0.029567993978224485,-0.7316586498391587,0.061617706227354976,0.6601609369132455,0.07481144077473878,-0.2770600987007609,0.5064848162751074,0.34578373730386963,0.6695906302788512,1.0,0.024376490332461257,,8,236.0,235.0,2575.5,12.0,224.0,0.22901785714285713,0.05689484126984127,0.08090277777777778,0.7920253674230278,0.2065582896891211,0.7878971208706596,0.6046358262840354,0.7594676204139309,0.7956371924164486,0.9685819095079892,0.9952985992560824,True,False,archived_only,0.22901785714285713,2,0.29887921725037286,-0.4764804570935325,0.7728058212609554,0.7388521882741536,False,False,False,2
Hs6st2,NM_001290467,gene_body,ForeBrain,0.97225518764574,5.22882587646753e-05,0.0187017672181655,-0.45584254284967557,0.25631518001608805,-0.24422030120845584,0.5599688523542092,-0.45584254284967557,0.25631518001608805,-0.19047619047619047,-0.7409424203390307,0.03545671372341788,-0.15624574385653922,0.7379748469187101,-0.5015266715313434,0.20542436730953215,0.03317313940291333,0.9378459805789204,-0.6537163633626979,-0.09025134978143934,1.0,-0.41252263676249434,0.9565702961044605,8,127.5,121.0,1037.5,0.0,127.5,0.2608878968253968,0.05615079365079365,0.7003472222222222,0.807859408921558,0.8803874469039689,0.8144007806537165,0.6156542403418404,0.9736649315996273,0.809360805731972,0.9685819095079892,0.9997015587246041,False,False,archived_only,0.2608878968253968,5,-0.23461986207138819,-0.7342976931429779,0.28503426495850454,0.2808,False,False,False,2
Hs6st2,NM_001077202,gene_body,ForeBrain,-0.919806535859977,0.0012130068824424,0.049677724613004,0.4252215001217879,0.29360359294956073,0.22355314031486465,0.5945938484395961,0.4252215001217879,0.29360359294956073,0.30952380952380953,0.6251955611754213,0.09740188786490978,0.13661510454584921,0.7702332105605318,0.10385054802271253,0.8066757196316382,0.03317313940291333,0.9378459805789204,0.1602987981228656,0.5825998944862012,1.0,-0.41252263676249434,0.517276960623491,8,127.5,121.0,1037.5,0.0,127.5,0.29444444444444445,0.1281001984126984,0.7828125,0.8191594931978211,0.893358508534136,0.8290187751902148,0.7278354983500983,0.9795260083299884,0.8199367475629691,0.9779538523274478,0.9997015587246041,False,False,archived_only,0.29444444444444445,5,0.23560286514711812,-0.41596530415074406,0.6688807260412266,0.29179999999999995,False,False,False,2
Hs6st2,NM_001290468,gene_body,ForeBrain,-0.947207093734771,0.0003534355942733,0.0351170057249657,0.34165651342340086,0.4074998993127482,0.12034844560349967,0.776516067780659,0.34165651342340086,0.4074998993127482,0.16766767666785626,0.58020212120485,0.13160979185869495,0.38471449226476917,0.3941275803128852,0.08759161031112672,0.836603832484621,0.03317313940291333,0.9378459805789204,0.03763837496461184,0.5324947173586121,1.0,-0.41252263676249434,0.9403602623646821,8,127.5,121.0,1037.5,0.0,127.5,0.4063988095238095,0.1701388888888889,0.3339285714285714,0.86450984954349,0.9466521427390611,0.8752709055118789,0.75297745188348,0.9009350884256427,0.8659755220455134,0.9779538523274478,0.9965038840469874,False,False,archived_only,0.4063988095238095,6,0.184081906899459,-0.29728706121406384,0.6379416274287845,0.271,False,False,False,2
Aimp2,NM_001172146,gene_body,ForeBrain,0.950773468510113,0.0002873187769286,0.0335101138743959,-0.33253983353585964,0.4209293408608141,0.2989100189975843,0.47203236497021983,-0.32915920977196483,0.42595627161277533,-0.38095238095238093,-0.5744506223246679,0.13640310435986672,-0.4126777554319798,0.3575157167724322,-0.3087867427487808,0.4567753405433832,-0.16267085773168605,0.700330133034978,-0.4432005266359701,-0.13182948814813283,1.0,0.1497896642572455,0.9785962606829426,8,54.0,54.0,612.0,12.0,42.0,0.4115079365079365,0.17222222222222222,0.2484375,0.8715284091023198,0.8486529633946011,0.8832064217849208,0.75297745188348,0.8909445303254739,0.8697927516171472,0.9779538523274478,0.9952985992560824,False,False,archived_only,0.4115079365079365,4,-0.2600380909808999,-0.5976000496878564,0.2096030452689226,0.131,False,False,False,2
Aimp2,NM_146165,gene_body,ForeBrain,-0.950773468510113,0.0002873187769286,0.0335101138743959,0.33253983353585936,0.42092934086081457,-0.2989100189975842,0.47203236497021994,0.32915920977196456,0.4259562716127755,0.38095238095238093,0.5744506223246668,0.13640310435986766,0.4126777554319783,0.35751571677243393,0.3505204406319481,0.3946230994903711,-0.16267085773168605,0.700330133034978,0.13182948814813245,0.4432005266359697,1.0,0.1497896642572455,0.9785962606829426,8,54.0,54.0,612.0,12.0,42.0,0.4115079365079365,0.17222222222222222,0.2484375,0.8715284091023198,0.8486529633946011,0.8832064217849208,0.75297745188348,0.8909445303254739,0.8697927516171472,0.9779538523274478,0.9952985992560824,False,False,archived_only,0.4115079365079365,4,0.2561445942605073,-0.20308513474123624,0.5931193280240566,0.128,False,False,False,2
Pitpnb,NM_019640,gene_body,ForeBrain,0.958649102393624,0.0001713277238083,0.0311358448093357,-0.3104071868642003,0.45429154485912593,0.7408542142563933,0.035490363879783354,-0.3104071868642003,0.45429154485912593,-0.30952380952380953,-0.18374456432369085,0.6631548944515484,-0.25165912613411295,0.5861694165621338,-0.27975722960671984,0.5021812860909289,-0.1508918576836609,0.7213428823826542,-0.7421597465333445,0.5100046076563678,0.875,0.5071655324973271,0.9566208544839908,8,74.0,72.0,981.0,0.0,74.0,0.46850198412698413,0.6861607142857142,0.4706845238095238,0.8832964925068764,0.42216867223415494,0.8887818326839063,0.9487172253165844,0.9499641323314482,0.8921629477180819,0.9917972875070605,0.9986015357060414,False,False,archived_only,0.46850198412698413,2,-0.2761152487380205,-0.6412313647385967,0.23670763317696625,0.1648,False,False,False,2
Eml1,NM_001286347,gene_body,ForeBrain,-0.933255445123792,0.0007066263420053,0.0409444844296338,0.27868540163357125,0.5038898118415714,-0.5715580009091158,0.13884991102376057,0.12199544792744413,0.7735179578066576,0.30952380952380953,0.531849953941399,0.17487514882508023,0.7419843468654824,0.056200454643394925,0.28447665418906987,0.49468490666396814,-0.44413260615357153,0.2702796114160713,0.13962118027857934,0.476463871274383,1.0,0.3979768831885411,0.728976233880183,8,236.0,230.0,2638.0,35.0,201.0,0.502281746031746,0.21609623015873017,0.060887896825396824,0.8934901348796569,0.6243886627144509,0.9705352744916297,0.7869519711138896,0.74665560787311,0.8947172498554077,0.9824330657565852,0.9952985992560824,False,False,archived_only,0.502281746031746,5,0.2107680184762957,-0.20622161345261794,0.5668795034618068,0.17620000000000002,False,False,False,2
Pitpnb,NM_001301643,gene_body,ForeBrain,-0.971090325972678,5.91024075526873e-05,0.019177198206605,0.2846437967575201,0.49442021306145034,-0.7127195214656752,0.047235946223452174,0.2846437967575201,0.49442021306145034,0.23809523809523808,0.10872696761704068,0.7977378898599846,0.14627322933817674,0.7543268277377642,0.31402820572333023,0.4487612917343716,-0.1508918576836609,0.7213428823826542,-0.5175633504039927,0.7182149260825402,0.875,0.5071655324973271,0.9373602885015698,8,74.0,72.0,981.0,0.0,74.0,0.5094494047619048,0.8258184523809524,0.7300595238095238,0.8926987564311308,0.45528700606912054,0.8966726382193977,0.9780067146693718,0.9780421749960007,0.8974982268299491,0.9995570426160224,0.9997015587246041,False,False,archived_only,0.5094494047619048,2,0.2506361362394628,-0.24787994942812305,0.6195659950803905,0.18579999999999997,False,False,False,2
Btbd3,NM_001025431,gene_body,ForeBrain,0.924884689972553,0.0010007645171061,0.0443727407791295,0.22501198478295126,0.5921267836447642,0.5652509236054232,0.14426866287398235,0.22501198478295126,0.5921267836447642,0.35714285714285715,-0.40822943332735767,0.31535815021803876,-0.028858020243109978,0.9510295001598783,0.2812620806769073,0.49978625970973967,-0.42063405446246754,0.2994031818907547,-0.01890347197100669,0.5660424446860544,0.875,0.38789540077151907,0.9884562441490237,8,117.0,108.0,1412.0,0.0,117.0,0.5951140873015873,0.3523065476190476,0.9387152777777777,0.9271399752472003,0.6309915841775949,0.9277673844444595,0.8654559931606146,0.9953629791954827,0.9279531310182652,0.9889329625292741,0.9997015587246041,True,False,archived_only,0.5951140873015873,5,0.2018985465737652,-0.11046829085874513,0.5158209529257115,0.8912,False,False,False,2
Btbd3,NM_145534,gene_body,ForeBrain,-0.924884689972553,0.0010007645171061,0.0443727407791295,-0.22501198478295134,0.5921267836447641,-0.5652509236054232,0.14426866287398235,-0.22501198478295134,0.5921267836447641,-0.35714285714285715,0.4082294333273572,0.31535815021803937,0.028858020243109617,0.9510295001598789,-0.39267520505194486,0.3359180484213393,-0.42063405446246754,0.2994031818907547,-0.5660424446860544,0.018903471971006655,0.875,0.38789540077151907,0.9884562441490237,8,117.0,108.0,1412.0,0.0,117.0,0.5951140873015873,0.3523065476190476,0.9387152777777777,0.9271399752472003,0.6309915841775949,0.9277673844444595,0.8654559931606146,0.9953629791954827,0.9279531310182652,0.9889329625292741,0.9997015587246041,True,False,archived_only,0.5951140873015873,5,-0.1990622738512743,-0.5156547414694296,0.11917980748688844,0.8804,False,False,False,2
Unc5c,NM_001293561,gene_body,ForeBrain,0.925935514758351,0.0009601254083269,0.0440262633818279,0.1696669913206857,0.6879268969285912,0.14374931600195656,0.7341600356152188,0.1696669913206857,0.6879268969285912,0.047619047619047616,-0.24211547773087833,0.5634624695854198,-0.24728995243575616,0.5929051733133299,-0.22515446524193136,0.5918860161315304,-0.7327305006896669,0.03867355732859734,-0.5172790658135582,0.5071409991654312,0.875,0.1507967275674451,0.8840116413420752,8,101.0,99.0,1561.0,0.0,101.0,0.6872519841269841,0.5911458333333334,0.49657738095238096,0.9527709022342742,0.9351482828717529,0.9550872934651058,0.9290790821655134,0.9529224438746723,0.9547999303084491,0.9891895816226394,0.9986015357060414,True,False,archived_only,0.6872519841269841,4,0.12596501997019083,-0.3806451808322457,0.6189228351143116,0.6596,False,False,False,2
Unc5c,NM_009472,gene_body,ForeBrain,-0.925935514758351,0.0009601254083269,0.0440262633818279,-0.16966699132068572,0.6879268969285912,-0.14374931600195665,0.7341600356152187,-0.16966699132068572,0.6879268969285912,-0.047619047619047616,0.24211547773087852,0.5634624695854196,0.24728995243575622,0.5929051733133299,-0.2471311189785434,0.5551500191064425,-0.7327305006896669,0.03867355732859734,-0.5071409991654314,0.5172790658135582,0.875,0.1507967275674451,0.8840116413420752,8,101.0,99.0,1561.0,0.0,101.0,0.6872519841269841,0.5911458333333334,0.49657738095238096,0.9527709022342742,0.9351482828717529,0.9550872934651058,0.9290790821655134,0.9529224438746723,0.9547999303084491,0.9891895816226394,0.9986015357060414,True,False,archived_only,0.6872519841269841,4,-0.1387357978908733,-0.6278046176078939,0.38234048703064316,0.6726,False,False,False,2
Atp6v0a1,NM_001243051,gene_body,ForeBrain,0.930638168493695,0.0007914631455635,0.0437752554221515,0.15575794269071438,0.7126429434309836,0.7899872355061751,0.019662517031413106,0.15575794269071438,0.7126429434309836,0.047619047619047616,-0.26414102622415797,0.5272899526054915,-0.4351812358473613,0.32913531338463653,-0.34378988623656276,0.4043843305083293,-0.1484431000226694,0.7257309036844468,-0.11638844875679936,0.5784856804618683,0.75,-0.15984932685367118,0.7792275263189722,8,138.0,137.0,1495.5,0.0,138.0,0.7077628968253968,0.5877728174603175,0.3400793650793651,0.9537852804218099,0.35835487312290853,0.9596444784654173,0.9244639537134743,0.8802637894797919,0.9574836783649368,0.9891895816226394,0.9965038840469874,True,False,archived_only,0.7077628968253968,6,0.10589397889155959,-0.5653718144670079,0.6346933072096869,0.581,False,False,False,2
Ralyl,NM_001163330,gene_body,ForeBrain,0.937250724105096,0.0005889791449416,0.0408997814989829,0.15082610080718503,0.7214606284230352,0.49745741914261177,0.2097219640811694,0.18709673821790496,0.6572943387474302,0.2857142857142857,-0.2884298240615087,0.48843924254917004,-0.06691465976810687,0.886656295780879,-0.09851688898766522,0.8164725572203478,-0.19522781576148202,0.6431426117165845,-0.2792237737749713,0.5345435772633473,0.875,0.3415275413559789,0.955519050956394,8,76.0,70.0,877.5,9.0,67.0,0.715922619047619,0.5307291666666667,0.8872767857142857,0.9540791501849465,0.6977684067339273,0.9460013766035876,0.9182977707767017,0.99129695063131,0.959161694250871,0.9891895816226394,0.9997015587246041,True,False,archived_only,0.715922619047619,6,0.11935965760736739,-0.35174934324795465,0.5697614147919724,0.6614,False,False,False,2
Ncald,NM_001170868,gene_body,ForeBrain,0.944152370415127,0.0004174299125461,0.0386122669105226,0.08543043746107479,0.8405956008786434,0.5662509968263467,0.143401788487322,-0.18690976178836896,0.6576208285092116,0.023809523809523808,-0.7528387333396572,0.03109560436161435,-0.510560505044564,0.24164891710672942,-0.16847323825929333,0.6900390507631626,-0.2106971817393097,0.6164790008563896,-0.25648697717090685,0.2566486695796921,0.75,-0.4349155165286466,0.8736952022364651,8,112.0,110.0,1396.0,7.0,105.0,0.8261656746031746,0.058779761904761904,0.1632936507936508,0.9728358364961761,0.6309915841775949,0.9460013766035876,0.6046358262840354,0.8440802823365466,0.9768110817292909,0.9685819095079892,0.9952985992560824,True,False,archived_only,0.8261656746031746,7,0.05014304957549992,-0.6620662001194102,0.6196668882443446,0.5494,False,False,False,2
Pde4b,NM_001177983,gene_body,ForeBrain,0.958424462845572,0.0001741053763802,0.0311358448093357,-0.24016751655100102,0.5667024733606811,0.7185356009740866,0.04464022434079071,-0.24016751655100102,0.5667024733606811,-0.19047619047619047,-0.22426984878367226,0.5933813915580637,-0.18658757199674486,0.6887241867117057,0.21102196772608448,0.6159229753794432,0.25682792433862084,0.5392042638474257,-0.6086651063635324,0.29119694130509316,0.875,-0.2722700635723545,0.6281969543600906,8,117.0,115.0,1744.0,0.0,117.0,0.5686755952380952,0.6288690476190476,0.6716021825396825,0.9198427512217439,0.4524011084550489,0.921793510858816,0.93273543678021,0.9673094504941263,0.9186906381064409,0.9891895816226394,0.9997015587246041,False,False,archived_only,0.5686755952380952,5,-0.11315711602447232,-0.7042680882013238,0.5230837370185694,0.3772,False,False,False,1
Fip1l1,NM_001159574,gene_body,ForeBrain,0.936132740929413,0.0006204920337479,0.0409444844296338,-0.19499098249280106,0.643553508756864,0.3833228204321217,0.3485712777593253,-0.04601201988898522,0.9138491507738179,-0.30952380952380953,-0.24301235998220735,0.5619728817969107,-0.4998245362424104,0.2533635055251017,-0.18772931915118324,0.6561901058767173,-0.06845943280740445,0.872039060102876,-0.6113565268044483,0.12080032004857823,0.75,0.3833734611749658,0.8741407659049927,8,106.0,106.0,1596.5,12.0,94.0,0.6283730158730159,0.5793154761904762,0.2741071428571429,0.9403916549500968,0.7931006485602177,0.9856989815564106,0.9290790821655134,0.848045723156558,0.9360414850686037,0.9891895816226394,0.9952985992560824,False,False,archived_only,0.6283730158730159,7,-0.12808919875146973,-0.6698114216689673,0.3484540130287348,0.3576,False,False,False,1
Kcnip1,NM_001190886,gene_body,ForeBrain,-0.934120016093597,0.0006799720162364,0.0409444844296338,0.2139864743414967,0.6108552149012703,-0.5156884165775981,0.19083213792982787,0.1431288180142047,0.7352760870248753,-0.04790505047653036,0.5034020866825721,0.203459400091368,0.2603616212014455,0.572824105238705,0.20454168551587087,0.6270469216905924,0.21635929676828916,0.6068086150324505,-0.1923713828178956,0.5470602275121341,0.875,-0.23455435592244403,0.8611861375186574,8,131.0,128.0,1412.5,55.0,76.0,0.6512400793650793,0.2341765873015873,0.5691964285714286,0.9317578636360638,0.6806759309406134,0.9637730324852984,0.8001477615416465,0.9474410521994622,0.9415213196491952,0.9824330657565852,0.9997015587246041,False,False,archived_only,0.6512400793650793,6,0.1364087134132997,-0.5594982893497107,0.5424383044668467,0.3194,False,False,False,1
Mtcl1,NM_001114098,gene_body,ForeBrain,-0.926484686804944,0.0009393230514958,0.0440262633818279,0.06361398103075394,0.8810451813509426,-0.7481472483585676,0.03277364940985197,0.06361398103075394,0.8810451813509426,0.047619047619047616,0.4759675099527133,0.2331855641195371,0.23005418276986597,0.6197002886571206,0.21127419235449899,0.615491283158816,-0.070662254629024,0.8679486463441543,-0.31970783702596056,0.4628623340163201,0.75,0.1615925290239447,0.8443314822417023,8,419.0,401.0,3543.5,0.0,419.0,0.8867063492063492,0.2840525793650794,0.5241319444444444,0.9805200565839796,0.41422439523042504,0.9829114448788285,0.8148123878824347,0.9591790739943408,0.9829490288346978,0.9825026750172099,0.9986015357060414,False,False,archived_only,0.8867063492063492,8,-0.1416478081049441,-0.5989437872693263,0.5750596694389475,0.5054000000000001,False,False,False,1
Mtcl1,NM_172963,gene_body,ForeBrain,0.926484686804944,0.0009393230514958,0.0440262633818279,-0.06361398103075387,0.8810451813509427,0.7481472483585676,0.03277364940985197,-0.06361398103075387,0.8810451813509427,-0.047619047619047616,-0.4759675099527131,0.23318556411953723,-0.23005418276986567,0.619700288657121,-0.16128407731767075,0.7027956934064818,-0.070662254629024,0.8679486463441543,-0.4628623340163201,0.31970783702596056,0.75,0.1615925290239447,0.8443314822417023,8,419.0,401.0,3543.5,0.0,419.0,0.8867063492063492,0.2840525793650794,0.5241319444444444,0.9805200565839796,0.41422439523042504,0.9829114448788285,0.8148123878824347,0.9591790739943408,0.9829490288346978,0.9825026750172099,0.9986015357060414,False,False,archived_only,0.8867063492063492,8,-0.14307715894657028,-0.5749006922136985,0.6013699094345716,0.4924,False,False,False,1
Mapt,NM_010838,gene_body,ForeBrain,-0.970819506870973,6.07665180824391e-05,0.019177198206605,0.004518064371365274,0.9915287445865113,-0.4455688062190832,0.26854707786959076,0.1741876753522251,0.6799443356630037,0.23809523809523808,0.15704821912809985,0.7103405879914984,0.3854085931199785,0.3932013425212579,-0.18115187162300814,0.6676979353825088,-0.05424846763383684,0.8984835065159963,-0.1547722276581047,0.5626600649010186,0.5,-0.060965106859452965,0.7965860321286099,8,119.0,117.0,1149.0,3.0,116.0,0.991468253968254,0.7317956349206349,0.3779513888888889,0.9976864512794085,0.7437000749874777,0.9537704382196273,0.9594351111961853,0.9009350884256427,1.0,0.9968998936496153,0.9974398198634841,False,False,archived_only,0.991468253968254,8,-0.004263638938627006,-0.5357168385836031,0.39101990262287384,0.5074000000000001,False,False,False,1
Skap1,NM_001177899,gene_body,ForeBrain,-0.93445884831623,0.0006697084056204,0.0409444844296338,0.09446801859320526,0.8239234589348866,0.11051737182726915,0.7944610813759125,0.07543074248726571,0.859102924101386,-0.23809523809523808,0.684591625337627,0.06105814062985906,0.7140274548173442,0.07149393559966137,-0.4123478960105154,0.3100170526589205,-0.4346964605013398,0.28179947081745216,-0.08798042469505425,0.2069776408278269,0.75,0.23973511576233644,-0.14981763312965904,8,69.0,66.0,713.0,19.0,50.0,0.830828373015873,0.08162202380952381,0.04913194444444444,0.9706932740277058,0.9498258178252013,0.9818670098100507,0.6686379327924947,0.7649221476202062,0.9777989262121561,0.9696994851994852,0.9952985992560824,False,False,archived_only,0.830828373015873,7,-0.10492060281787133,-0.6312909518547507,0.7405049580270091,0.5322,False,False,False,0
