"gene_id","Forebrain","Hindbrain","Midbrain","membership"
"1500011B03Rik",TRUE,TRUE,TRUE,"Forebrain + Hindbrain + Midbrain"
"1600012H06Rik",TRUE,TRUE,TRUE,"Forebrain + Hindbrain + Midbrain"
"1600020E01Rik",TRUE,TRUE,TRUE,"Forebrain + Hindbrain + Midbrain"
"1700020I14Rik",TRUE,TRUE,TRUE,"Forebrain + Hindbrain + Midbrain"
"1700021K19Rik",TRUE,TRUE,TRUE,"Forebrain + Hindbrain + Midbrain"
"1700086O06Rik",TRUE,TRUE,TRUE,"Forebrain + Hindbrain + Midbrain"
"1810032O08Rik",TRUE,TRUE,TRUE,"Forebrain + Hindbrain + Midbrain"
"2010111I01Rik",TRUE,TRUE,TRUE,"Forebrain + Hindbrain + Midbrain"
"2310022A10Rik",TRUE,TRUE,TRUE,"Forebrain + Hindbrain + Midbrain"
"2310035C23Rik",TRUE,TRUE,TRUE,"Forebrain + Hindbrain + Midbrain"
"2700097O09Rik",TRUE,TRUE,TRUE,"Forebrain + Hindbrain + Midbrain"
"2900079G21Rik",TRUE,TRUE,FALSE,"Forebrain + Hindbrain"
"3110039I08Rik",TRUE,TRUE,TRUE,"Forebrain + Hindbrain + Midbrain"
"3110062M04Rik",TRUE,TRUE,TRUE,"Forebrain + Hindbrain + Midbrain"
"3830406C13Rik",TRUE,TRUE,TRUE,"Forebrain + Hindbrain + Midbrain"
"4833439L19Rik",TRUE,TRUE,TRUE,"Forebrain + Hindbrain + Midbrain"
"4930526I15Rik",TRUE,TRUE,TRUE,"Forebrain + Hindbrain + Midbrain"
"4931406C07Rik",TRUE,TRUE,TRUE,"Forebrain + Hindbrain + Midbrain"
"5430405H02Rik",TRUE,TRUE,TRUE,"Forebrain + Hindbrain + Midbrain"
"6030458C11Rik",TRUE,TRUE,TRUE,"Forebrain + Hindbrain + Midbrain"
"6430548M08Rik",TRUE,TRUE,TRUE,"Forebrain + Hindbrain + Midbrain"
"9330179D12Rik",TRUE,TRUE,TRUE,"Forebrain + Hindbrain + Midbrain"
"9430015G10Rik",TRUE,TRUE,TRUE,"Forebrain + Hindbrain + Midbrain"
"9930012K11Rik",TRUE,TRUE,TRUE,"Forebrain + Hindbrain + Midbrain"
"A330009N23Rik",TRUE,TRUE,TRUE,"Forebrain + Hindbrain + Midbrain"
"A730017C20Rik",TRUE,TRUE,TRUE,"Forebrain + Hindbrain + Midbrain"
"A930005H10Rik",TRUE,TRUE,TRUE,"Forebrain + Hindbrain + Midbrain"
"Abat",TRUE,TRUE,TRUE,"Forebrain + Hindbrain + Midbrain"
"Abcc5",TRUE,TRUE,TRUE,"Forebrain + Hindbrain + Midbrain"
"Abhd14a",TRUE,TRUE,TRUE,"Forebrain + Hindbrain + Midbrain"
"Abhd4",TRUE,TRUE,TRUE,"Forebrain + Hindbrain + Midbrain"
"Abi1",TRUE,TRUE,TRUE,"Forebrain + Hindbrain + Midbrain"
"Abi2",TRUE,TRUE,TRUE,"Forebrain + Hindbrain + Midbrain"
"Abl1",TRUE,TRUE,TRUE,"Forebrain + Hindbrain + Midbrain"
"Ablim1",TRUE,TRUE,TRUE,"Forebrain + Hindbrain + Midbrain"
"Acbd5",TRUE,TRUE,TRUE,"Forebrain + Hindbrain + Midbrain"
"Acin1",TRUE,TRUE,TRUE,"Forebrain + Hindbrain + Midbrain"
"Acly",TRUE,TRUE,TRUE,"Forebrain + Hindbrain + Midbrain"
"Acp1",TRUE,TRUE,TRUE,"Forebrain + Hindbrain + Midbrain"
"Acsl6",TRUE,TRUE,TRUE,"Forebrain + Hindbrain + Midbrain"
"Actr3",TRUE,TRUE,TRUE,"Forebrain + Hindbrain + Midbrain"
"Acvrl1",TRUE,TRUE,TRUE,"Forebrain + Hindbrain + Midbrain"
"Adam11",TRUE,TRUE,TRUE,"Forebrain + Hindbrain + Midbrain"
"Adam15",TRUE,TRUE,TRUE,"Forebrain + Hindbrain + Midbrain"
"Adck1",TRUE,TRUE,TRUE,"Forebrain + Hindbrain + Midbrain"
"Adcyap1r1",TRUE,TRUE,TRUE,"Forebrain + Hindbrain + Midbrain"
"Add1",TRUE,TRUE,TRUE,"Forebrain + Hindbrain + Midbrain"
"Add3",TRUE,TRUE,TRUE,"Forebrain + Hindbrain + Midbrain"
"Adgre5",TRUE,TRUE,TRUE,"Forebrain + Hindbrain + Midbrain"
"Adk",TRUE,TRUE,TRUE,"Forebrain + Hindbrain + Midbrain"
"Aen",TRUE,TRUE,TRUE,"Forebrain + Hindbrain + Midbrain"
"Agap1",TRUE,TRUE,TRUE,"Forebrain + Hindbrain + Midbrain"
"Agap3",TRUE,TRUE,TRUE,"Forebrain + Hindbrain + Midbrain"
"Agfg2",TRUE,TRUE,TRUE,"Forebrain + Hindbrain + Midbrain"
"Ahcyl2",TRUE,TRUE,FALSE,"Forebrain + Hindbrain"
"AI854517",TRUE,TRUE,TRUE,"Forebrain + Hindbrain + Midbrain"
"AI987944",TRUE,TRUE,TRUE,"Forebrain + Hindbrain + Midbrain"
"Aifm1",TRUE,TRUE,TRUE,"Forebrain + Hindbrain + Midbrain"
"Aifm2",TRUE,TRUE,TRUE,"Forebrain + Hindbrain + Midbrain"
"Aimp2",TRUE,TRUE,TRUE,"Forebrain + Hindbrain + Midbrain"
"Aip",TRUE,TRUE,TRUE,"Forebrain + Hindbrain + Midbrain"
"Airn",TRUE,TRUE,TRUE,"Forebrain + Hindbrain + Midbrain"
"Ak1",TRUE,TRUE,TRUE,"Forebrain + Hindbrain + Midbrain"
"Ak4",TRUE,TRUE,TRUE,"Forebrain + Hindbrain + Midbrain"
"Akt1s1",TRUE,TRUE,TRUE,"Forebrain + Hindbrain + Midbrain"
"Alg13",TRUE,TRUE,TRUE,"Forebrain + Hindbrain + Midbrain"
"Alox5ap",TRUE,TRUE,TRUE,"Forebrain + Hindbrain + Midbrain"
"Amer2",TRUE,TRUE,TRUE,"Forebrain + Hindbrain + Midbrain"
"Amigo2",TRUE,TRUE,TRUE,"Forebrain + Hindbrain + Midbrain"
"Ampd2",TRUE,TRUE,TRUE,"Forebrain + Hindbrain + Midbrain"
"Anapc11",TRUE,TRUE,TRUE,"Forebrain + Hindbrain + Midbrain"
"Angel2",TRUE,TRUE,TRUE,"Forebrain + Hindbrain + Midbrain"
"Ank3",TRUE,TRUE,TRUE,"Forebrain + Hindbrain + Midbrain"
"Ankrd10",TRUE,TRUE,TRUE,"Forebrain + Hindbrain + Midbrain"
"Ankrd11",TRUE,TRUE,TRUE,"Forebrain + Hindbrain + Midbrain"
"Ankrd27",TRUE,TRUE,TRUE,"Forebrain + Hindbrain + Midbrain"
"Ankrd6",TRUE,TRUE,TRUE,"Forebrain + Hindbrain + Midbrain"
"Ankzf1",TRUE,TRUE,TRUE,"Forebrain + Hindbrain + Midbrain"
"Ap1b1",TRUE,TRUE,TRUE,"Forebrain + Hindbrain + Midbrain"
"Ap1g2",TRUE,TRUE,TRUE,"Forebrain + Hindbrain + Midbrain"
"Ap1s2",TRUE,TRUE,TRUE,"Forebrain + Hindbrain + Midbrain"
"Ap2a1",TRUE,TRUE,TRUE,"Forebrain + Hindbrain + Midbrain"
"Ap2b1",TRUE,TRUE,TRUE,"Forebrain + Hindbrain + Midbrain"
"Ap3s1",TRUE,TRUE,TRUE,"Forebrain + Hindbrain + Midbrain"
"Ap5s1",TRUE,TRUE,TRUE,"Forebrain + Hindbrain + Midbrain"
"Apbb1",TRUE,TRUE,TRUE,"Forebrain + Hindbrain + Midbrain"
"Apbb2",TRUE,TRUE,TRUE,"Forebrain + Hindbrain + Midbrain"
"Aph1a",TRUE,TRUE,TRUE,"Forebrain + Hindbrain + Midbrain"
"Aplp2",TRUE,TRUE,TRUE,"Forebrain + Hindbrain + Midbrain"
"Apoa2",TRUE,TRUE,TRUE,"Forebrain + Hindbrain + Midbrain"
"App",TRUE,TRUE,TRUE,"Forebrain + Hindbrain + Midbrain"
"Aptx",TRUE,TRUE,TRUE,"Forebrain + Hindbrain + Midbrain"
"Araf",TRUE,TRUE,TRUE,"Forebrain + Hindbrain + Midbrain"
"Arap1",TRUE,TRUE,TRUE,"Forebrain + Hindbrain + Midbrain"
"Arfgap1",TRUE,TRUE,TRUE,"Forebrain + Hindbrain + Midbrain"
"Arhgap1",TRUE,TRUE,FALSE,"Forebrain + Hindbrain"
"Arhgap12",TRUE,TRUE,TRUE,"Forebrain + Hindbrain + Midbrain"
"Arhgap17",TRUE,TRUE,TRUE,"Forebrain + Hindbrain + Midbrain"
"Arhgap21",TRUE,TRUE,TRUE,"Forebrain + Hindbrain + Midbrain"
"Arhgap24",TRUE,TRUE,TRUE,"Forebrain + Hindbrain + Midbrain"
"Arhgap33",TRUE,TRUE,TRUE,"Forebrain + Hindbrain + Midbrain"
"Arhgap39",TRUE,TRUE,TRUE,"Forebrain + Hindbrain + Midbrain"
"Arhgdib",TRUE,TRUE,TRUE,"Forebrain + Hindbrain + Midbrain"
"Arhgef1",TRUE,TRUE,TRUE,"Forebrain + Hindbrain + Midbrain"
"Arhgef2",TRUE,TRUE,TRUE,"Forebrain + Hindbrain + Midbrain"
"Arhgef7",TRUE,TRUE,TRUE,"Forebrain + Hindbrain + Midbrain"
"Arl4a",TRUE,TRUE,TRUE,"Forebrain + Hindbrain + Midbrain"
"Armc8",TRUE,TRUE,TRUE,"Forebrain + Hindbrain + Midbrain"
"Armcx2",TRUE,TRUE,TRUE,"Forebrain + Hindbrain + Midbrain"
"Arnt",TRUE,TRUE,TRUE,"Forebrain + Hindbrain + Midbrain"
"Arrb1",TRUE,TRUE,TRUE,"Forebrain + Hindbrain + Midbrain"
"Arrb2",TRUE,TRUE,TRUE,"Forebrain + Hindbrain + Midbrain"
"Arrdc4",TRUE,TRUE,TRUE,"Forebrain + Hindbrain + Midbrain"
"Arvcf",TRUE,TRUE,TRUE,"Forebrain + Hindbrain + Midbrain"
"Asap1",TRUE,TRUE,TRUE,"Forebrain + Hindbrain + Midbrain"
"Asap2",TRUE,TRUE,TRUE,"Forebrain + Hindbrain + Midbrain"
"Asb1",TRUE,TRUE,TRUE,"Forebrain + Hindbrain + Midbrain"
"Asph",TRUE,TRUE,TRUE,"Forebrain + Hindbrain + Midbrain"
"Atat1",TRUE,TRUE,TRUE,"Forebrain + Hindbrain + Midbrain"
"Ate1",TRUE,TRUE,TRUE,"Forebrain + Hindbrain + Midbrain"
"Atf2",TRUE,TRUE,TRUE,"Forebrain + Hindbrain + Midbrain"
"Atf5",TRUE,TRUE,TRUE,"Forebrain + Hindbrain + Midbrain"
"Atg16l1",TRUE,TRUE,TRUE,"Forebrain + Hindbrain + Midbrain"
"Atl2",TRUE,TRUE,TRUE,"Forebrain + Hindbrain + Midbrain"
"Atp13a2",TRUE,TRUE,TRUE,"Forebrain + Hindbrain + Midbrain"
"Atp2a2",TRUE,TRUE,TRUE,"Forebrain + Hindbrain + Midbrain"
"Atp2c1",TRUE,TRUE,TRUE,"Forebrain + Hindbrain + Midbrain"
"Atp5g1",TRUE,TRUE,TRUE,"Forebrain + Hindbrain + Midbrain"
"Atp6v0a1",TRUE,TRUE,TRUE,"Forebrain + Hindbrain + Midbrain"
"Atp8a1",TRUE,TRUE,TRUE,"Forebrain + Hindbrain + Midbrain"
"Atp9a",TRUE,TRUE,TRUE,"Forebrain + Hindbrain + Midbrain"
"Atp9b",TRUE,TRUE,TRUE,"Forebrain + Hindbrain + Midbrain"
"Atxn3",TRUE,TRUE,TRUE,"Forebrain + Hindbrain + Midbrain"
"AW551984",TRUE,TRUE,FALSE,"Forebrain + Hindbrain"
"Azi2",TRUE,TRUE,TRUE,"Forebrain + Hindbrain + Midbrain"
"B230354K17Rik",TRUE,TRUE,TRUE,"Forebrain + Hindbrain + Midbrain"
"B4galnt1",TRUE,TRUE,TRUE,"Forebrain + Hindbrain + Midbrain"
"B4galt4",TRUE,TRUE,TRUE,"Forebrain + Hindbrain + Midbrain"
"Bag6",TRUE,TRUE,TRUE,"Forebrain + Hindbrain + Midbrain"
"Baiap2",TRUE,TRUE,TRUE,"Forebrain + Hindbrain + Midbrain"
"Banp",TRUE,TRUE,TRUE,"Forebrain + Hindbrain + Midbrain"
"Bbip1",TRUE,TRUE,TRUE,"Forebrain + Hindbrain + Midbrain"
"BC017643",TRUE,TRUE,TRUE,"Forebrain + Hindbrain + Midbrain"
"BC068281",TRUE,TRUE,TRUE,"Forebrain + Hindbrain + Midbrain"
"Bcas3",TRUE,TRUE,TRUE,"Forebrain + Hindbrain + Midbrain"
"Bcat1",TRUE,TRUE,TRUE,"Forebrain + Hindbrain + Midbrain"
"Bcat2",TRUE,TRUE,TRUE,"Forebrain + Hindbrain + Midbrain"
"Bcs1l",TRUE,TRUE,TRUE,"Forebrain + Hindbrain + Midbrain"
"Bend5",TRUE,TRUE,TRUE,"Forebrain + Hindbrain + Midbrain"
"Bicd2",TRUE,TRUE,TRUE,"Forebrain + Hindbrain + Midbrain"
"Bin1",TRUE,TRUE,TRUE,"Forebrain + Hindbrain + Midbrain"
"Bnip2",TRUE,TRUE,TRUE,"Forebrain + Hindbrain + Midbrain"
"Brd2",TRUE,TRUE,TRUE,"Forebrain + Hindbrain + Midbrain"
"Brd3",TRUE,TRUE,TRUE,"Forebrain + Hindbrain + Midbrain"
"Brpf1",TRUE,TRUE,TRUE,"Forebrain + Hindbrain + Midbrain"
"Bscl2",TRUE,TRUE,TRUE,"Forebrain + Hindbrain + Midbrain"
"Btbd3",TRUE,TRUE,TRUE,"Forebrain + Hindbrain + Midbrain"
"C2cd5",TRUE,TRUE,TRUE,"Forebrain + Hindbrain + Midbrain"
"C330006A16Rik",TRUE,TRUE,TRUE,"Forebrain + Hindbrain + Midbrain"
"C8g",TRUE,TRUE,FALSE,"Forebrain + Hindbrain"
"Cables1",TRUE,TRUE,TRUE,"Forebrain + Hindbrain + Midbrain"
"Cacfd1",TRUE,TRUE,TRUE,"Forebrain + Hindbrain + Midbrain"
"Cadm1",TRUE,TRUE,TRUE,"Forebrain + Hindbrain + Midbrain"
"Calca",TRUE,TRUE,TRUE,"Forebrain + Hindbrain + Midbrain"
"Camk2d",TRUE,TRUE,TRUE,"Forebrain + Hindbrain + Midbrain"
"Camk2g",TRUE,TRUE,TRUE,"Forebrain + Hindbrain + Midbrain"
"Camkk2",TRUE,TRUE,TRUE,"Forebrain + Hindbrain + Midbrain"
"Camsap1",TRUE,TRUE,TRUE,"Forebrain + Hindbrain + Midbrain"
"Camta1",TRUE,TRUE,TRUE,"Forebrain + Hindbrain + Midbrain"
"Camta2",TRUE,TRUE,TRUE,"Forebrain + Hindbrain + Midbrain"
"Caprin1",TRUE,TRUE,TRUE,"Forebrain + Hindbrain + Midbrain"
"Capzb",TRUE,TRUE,TRUE,"Forebrain + Hindbrain + Midbrain"
"Cars",TRUE,TRUE,TRUE,"Forebrain + Hindbrain + Midbrain"
"Casc4",TRUE,TRUE,TRUE,"Forebrain + Hindbrain + Midbrain"
"Cask",TRUE,TRUE,TRUE,"Forebrain + Hindbrain + Midbrain"
"Ccdc106",TRUE,TRUE,TRUE,"Forebrain + Hindbrain + Midbrain"
"Ccdc159",TRUE,TRUE,TRUE,"Forebrain + Hindbrain + Midbrain"
"Ccdc58",TRUE,TRUE,TRUE,"Forebrain + Hindbrain + Midbrain"
"Ccdc9",TRUE,TRUE,TRUE,"Forebrain + Hindbrain + Midbrain"
"Ccm2",TRUE,TRUE,TRUE,"Forebrain + Hindbrain + Midbrain"
"Cd59a",TRUE,TRUE,TRUE,"Forebrain + Hindbrain + Midbrain"
"Cd83",TRUE,TRUE,TRUE,"Forebrain + Hindbrain + Midbrain"
"Cdc27",TRUE,TRUE,TRUE,"Forebrain + Hindbrain + Midbrain"
"Cdc42",TRUE,TRUE,TRUE,"Forebrain + Hindbrain + Midbrain"
"Cdc7",TRUE,TRUE,TRUE,"Forebrain + Hindbrain + Midbrain"
"Cdh3",TRUE,TRUE,FALSE,"Forebrain + Hindbrain"
"Cdk10",TRUE,TRUE,TRUE,"Forebrain + Hindbrain + Midbrain"
"Cdk2",TRUE,TRUE,TRUE,"Forebrain + Hindbrain + Midbrain"
"Cdkl3",TRUE,TRUE,TRUE,"Forebrain + Hindbrain + Midbrain"
"Celf1",TRUE,TRUE,TRUE,"Forebrain + Hindbrain + Midbrain"
"Celf2",TRUE,TRUE,TRUE,"Forebrain + Hindbrain + Midbrain"
"Celf3",TRUE,TRUE,TRUE,"Forebrain + Hindbrain + Midbrain"
"Celf4",TRUE,TRUE,TRUE,"Forebrain + Hindbrain + Midbrain"
"Celsr2",TRUE,TRUE,TRUE,"Forebrain + Hindbrain + Midbrain"
"Cenpa",TRUE,TRUE,TRUE,"Forebrain + Hindbrain + Midbrain"
"Cenpk",TRUE,TRUE,TRUE,"Forebrain + Hindbrain + Midbrain"
"Chchd6",TRUE,TRUE,TRUE,"Forebrain + Hindbrain + Midbrain"
"Chchd7",TRUE,TRUE,TRUE,"Forebrain + Hindbrain + Midbrain"
"Chka",TRUE,TRUE,TRUE,"Forebrain + Hindbrain + Midbrain"
"Chn1",TRUE,TRUE,TRUE,"Forebrain + Hindbrain + Midbrain"
"Chn2",TRUE,TRUE,TRUE,"Forebrain + Hindbrain + Midbrain"
"Chpt1",TRUE,TRUE,TRUE,"Forebrain + Hindbrain + Midbrain"
"Chtop",TRUE,TRUE,TRUE,"Forebrain + Hindbrain + Midbrain"
"Cklf",TRUE,TRUE,TRUE,"Forebrain + Hindbrain + Midbrain"
"Clasp1",TRUE,TRUE,TRUE,"Forebrain + Hindbrain + Midbrain"
"Clasp2",TRUE,TRUE,TRUE,"Forebrain + Hindbrain + Midbrain"
"Clasrp",TRUE,TRUE,TRUE,"Forebrain + Hindbrain + Midbrain"
"Clcn3",TRUE,TRUE,FALSE,"Forebrain + Hindbrain"
"Clcn4-2",TRUE,TRUE,TRUE,"Forebrain + Hindbrain + Midbrain"
"Cldnd1",TRUE,TRUE,TRUE,"Forebrain + Hindbrain + Midbrain"
"Clip1",TRUE,TRUE,TRUE,"Forebrain + Hindbrain + Midbrain"
"Clip2",TRUE,TRUE,TRUE,"Forebrain + Hindbrain + Midbrain"
"Clk1",TRUE,TRUE,TRUE,"Forebrain + Hindbrain + Midbrain"
"Clk4",TRUE,TRUE,TRUE,"Forebrain + Hindbrain + Midbrain"
"Clpx",TRUE,TRUE,TRUE,"Forebrain + Hindbrain + Midbrain"
"Clta",TRUE,TRUE,TRUE,"Forebrain + Hindbrain + Midbrain"
"Cnot4",TRUE,TRUE,TRUE,"Forebrain + Hindbrain + Midbrain"
"Cnot6",TRUE,TRUE,TRUE,"Forebrain + Hindbrain + Midbrain"
"Cnp",TRUE,TRUE,FALSE,"Forebrain + Hindbrain"
"Cntnap2",TRUE,TRUE,TRUE,"Forebrain + Hindbrain + Midbrain"
"Comt",TRUE,TRUE,TRUE,"Forebrain + Hindbrain + Midbrain"
"Copg1",TRUE,TRUE,TRUE,"Forebrain + Hindbrain + Midbrain"
"Cp",TRUE,TRUE,TRUE,"Forebrain + Hindbrain + Midbrain"
"Cpsf7",TRUE,TRUE,TRUE,"Forebrain + Hindbrain + Midbrain"
"Crem",TRUE,TRUE,TRUE,"Forebrain + Hindbrain + Midbrain"
"Crk",TRUE,TRUE,TRUE,"Forebrain + Hindbrain + Midbrain"
"Crlf3",TRUE,TRUE,TRUE,"Forebrain + Hindbrain + Midbrain"
"Cstf2",TRUE,TRUE,TRUE,"Forebrain + Hindbrain + Midbrain"
"Cstf3",TRUE,TRUE,TRUE,"Forebrain + Hindbrain + Midbrain"
"Ctf1",TRUE,TRUE,TRUE,"Forebrain + Hindbrain + Midbrain"
"Ctnna2",TRUE,TRUE,TRUE,"Forebrain + Hindbrain + Midbrain"
"Ctps2",TRUE,TRUE,TRUE,"Forebrain + Hindbrain + Midbrain"
"Cttn",TRUE,TRUE,TRUE,"Forebrain + Hindbrain + Midbrain"
"Cuta",TRUE,TRUE,TRUE,"Forebrain + Hindbrain + Midbrain"
"Cxcl12",TRUE,TRUE,TRUE,"Forebrain + Hindbrain + Midbrain"
"D3Ertd751e",TRUE,TRUE,TRUE,"Forebrain + Hindbrain + Midbrain"
"Daam1",TRUE,TRUE,TRUE,"Forebrain + Hindbrain + Midbrain"
"Dab2",TRUE,TRUE,TRUE,"Forebrain + Hindbrain + Midbrain"
"Dab2ip",TRUE,TRUE,TRUE,"Forebrain + Hindbrain + Midbrain"
"Dach2",TRUE,TRUE,TRUE,"Forebrain + Hindbrain + Midbrain"
"Dapk1",TRUE,TRUE,TRUE,"Forebrain + Hindbrain + Midbrain"
"Dclk2",TRUE,TRUE,TRUE,"Forebrain + Hindbrain + Midbrain"
"Dclre1c",TRUE,TRUE,TRUE,"Forebrain + Hindbrain + Midbrain"
"Dctd",TRUE,TRUE,TRUE,"Forebrain + Hindbrain + Midbrain"
"Dctn1",TRUE,TRUE,TRUE,"Forebrain + Hindbrain + Midbrain"
"Dctn2",TRUE,TRUE,TRUE,"Forebrain + Hindbrain + Midbrain"
"Dcun1d2",TRUE,TRUE,TRUE,"Forebrain + Hindbrain + Midbrain"
"Dcx",TRUE,TRUE,TRUE,"Forebrain + Hindbrain + Midbrain"
"Ddr1",TRUE,TRUE,TRUE,"Forebrain + Hindbrain + Midbrain"
"Dedd",TRUE,TRUE,TRUE,"Forebrain + Hindbrain + Midbrain"
"Derl2",TRUE,TRUE,FALSE,"Forebrain + Hindbrain"
"Dffa",TRUE,TRUE,TRUE,"Forebrain + Hindbrain + Midbrain"
"Dguok",TRUE,TRUE,TRUE,"Forebrain + Hindbrain + Midbrain"
"Dhrs4",TRUE,TRUE,TRUE,"Forebrain + Hindbrain + Midbrain"
"Dhx30",TRUE,TRUE,TRUE,"Forebrain + Hindbrain + Midbrain"
"Dhx32",TRUE,TRUE,TRUE,"Forebrain + Hindbrain + Midbrain"
"Dhx35",TRUE,TRUE,FALSE,"Forebrain + Hindbrain"
"Dhx57",TRUE,TRUE,TRUE,"Forebrain + Hindbrain + Midbrain"
"Dido1",TRUE,TRUE,TRUE,"Forebrain + Hindbrain + Midbrain"
"Dis3l2",TRUE,TRUE,TRUE,"Forebrain + Hindbrain + Midbrain"
"Dlg1",TRUE,TRUE,TRUE,"Forebrain + Hindbrain + Midbrain"
"Dlgap4",TRUE,TRUE,TRUE,"Forebrain + Hindbrain + Midbrain"
"Dmtn",TRUE,TRUE,TRUE,"Forebrain + Hindbrain + Midbrain"
"Dnaja1",TRUE,TRUE,TRUE,"Forebrain + Hindbrain + Midbrain"
"Dnajb2",TRUE,TRUE,TRUE,"Forebrain + Hindbrain + Midbrain"
"Dnajb4",TRUE,TRUE,TRUE,"Forebrain + Hindbrain + Midbrain"
"Dnajc24",TRUE,TRUE,TRUE,"Forebrain + Hindbrain + Midbrain"
"Dnajc5",TRUE,TRUE,TRUE,"Forebrain + Hindbrain + Midbrain"
"Dnlz",TRUE,TRUE,TRUE,"Forebrain + Hindbrain + Midbrain"
"Dnm1",TRUE,TRUE,TRUE,"Forebrain + Hindbrain + Midbrain"
"Dnm1l",TRUE,TRUE,TRUE,"Forebrain + Hindbrain + Midbrain"
"Dnmbp",TRUE,TRUE,TRUE,"Forebrain + Hindbrain + Midbrain"
"Dnmt3a",TRUE,TRUE,TRUE,"Forebrain + Hindbrain + Midbrain"
"Dpf2",TRUE,TRUE,TRUE,"Forebrain + Hindbrain + Midbrain"
"Dph3",TRUE,TRUE,TRUE,"Forebrain + Hindbrain + Midbrain"
"Dpysl3",TRUE,TRUE,TRUE,"Forebrain + Hindbrain + Midbrain"
"Dtna",TRUE,TRUE,TRUE,"Forebrain + Hindbrain + Midbrain"
"Dtnb",TRUE,TRUE,TRUE,"Forebrain + Hindbrain + Midbrain"
"Dus2",TRUE,TRUE,TRUE,"Forebrain + Hindbrain + Midbrain"
"Dvl1",TRUE,TRUE,TRUE,"Forebrain + Hindbrain + Midbrain"
"Dync1i2",TRUE,TRUE,TRUE,"Forebrain + Hindbrain + Midbrain"
"Dynlt1f",TRUE,TRUE,TRUE,"Forebrain + Hindbrain + Midbrain"
"Dzip3",TRUE,TRUE,TRUE,"Forebrain + Hindbrain + Midbrain"
"E130308A19Rik",TRUE,TRUE,TRUE,"Forebrain + Hindbrain + Midbrain"
"E2f6",TRUE,TRUE,TRUE,"Forebrain + Hindbrain + Midbrain"
"E4f1",TRUE,TRUE,FALSE,"Forebrain + Hindbrain"
"Ece2",TRUE,TRUE,TRUE,"Forebrain + Hindbrain + Midbrain"
"Echdc2",TRUE,TRUE,TRUE,"Forebrain + Hindbrain + Midbrain"
"Ednrb",TRUE,TRUE,TRUE,"Forebrain + Hindbrain + Midbrain"
"Eef1d",TRUE,TRUE,TRUE,"Forebrain + Hindbrain + Midbrain"
"Ehbp1l1",TRUE,TRUE,TRUE,"Forebrain + Hindbrain + Midbrain"
"Ehmt1",TRUE,TRUE,TRUE,"Forebrain + Hindbrain + Midbrain"
"Ehmt2",TRUE,TRUE,TRUE,"Forebrain + Hindbrain + Midbrain"
"Eif2b4",TRUE,TRUE,TRUE,"Forebrain + Hindbrain + Midbrain"
"Eif4a2",TRUE,TRUE,TRUE,"Forebrain + Hindbrain + Midbrain"
"Eif4e2",TRUE,TRUE,TRUE,"Forebrain + Hindbrain + Midbrain"
"Eif4enif1",TRUE,TRUE,TRUE,"Forebrain + Hindbrain + Midbrain"
"Eif4g1",TRUE,TRUE,TRUE,"Forebrain + Hindbrain + Midbrain"
"Eif4g3",TRUE,TRUE,FALSE,"Forebrain + Hindbrain"
"Elavl2",TRUE,TRUE,TRUE,"Forebrain + Hindbrain + Midbrain"
"Elavl4",TRUE,TRUE,TRUE,"Forebrain + Hindbrain + Midbrain"
"Eldr",TRUE,TRUE,TRUE,"Forebrain + Hindbrain + Midbrain"
"Elf2",TRUE,TRUE,TRUE,"Forebrain + Hindbrain + Midbrain"
"Elmo2",TRUE,TRUE,TRUE,"Forebrain + Hindbrain + Midbrain"
"Emc1",TRUE,TRUE,TRUE,"Forebrain + Hindbrain + Midbrain"
"Eml1",TRUE,TRUE,TRUE,"Forebrain + Hindbrain + Midbrain"
"Eml4",TRUE,TRUE,TRUE,"Forebrain + Hindbrain + Midbrain"
"Eno2",TRUE,TRUE,TRUE,"Forebrain + Hindbrain + Midbrain"
"Eno3",TRUE,TRUE,TRUE,"Forebrain + Hindbrain + Midbrain"
"Enoph1",TRUE,TRUE,TRUE,"Forebrain + Hindbrain + Midbrain"
"Enox2",TRUE,TRUE,TRUE,"Forebrain + Hindbrain + Midbrain"
"Ensa",TRUE,TRUE,TRUE,"Forebrain + Hindbrain + Midbrain"
"Entpd5",TRUE,TRUE,TRUE,"Forebrain + Hindbrain + Midbrain"
"Epb4.1l5",TRUE,TRUE,TRUE,"Forebrain + Hindbrain + Midbrain"
"Epha7",TRUE,TRUE,TRUE,"Forebrain + Hindbrain + Midbrain"
"Ephb1",TRUE,TRUE,TRUE,"Forebrain + Hindbrain + Midbrain"
"Ephb4",TRUE,TRUE,TRUE,"Forebrain + Hindbrain + Midbrain"
"Epn2",TRUE,TRUE,TRUE,"Forebrain + Hindbrain + Midbrain"
"Eps15",TRUE,TRUE,TRUE,"Forebrain + Hindbrain + Midbrain"
"Eps15l1",TRUE,TRUE,TRUE,"Forebrain + Hindbrain + Midbrain"
"Erbb2ip",TRUE,TRUE,TRUE,"Forebrain + Hindbrain + Midbrain"
"Erc1",TRUE,TRUE,TRUE,"Forebrain + Hindbrain + Midbrain"
"Etv1",TRUE,TRUE,TRUE,"Forebrain + Hindbrain + Midbrain"
"Evl",TRUE,TRUE,TRUE,"Forebrain + Hindbrain + Midbrain"
"Exoc1",TRUE,TRUE,TRUE,"Forebrain + Hindbrain + Midbrain"
"Exoc7",TRUE,TRUE,TRUE,"Forebrain + Hindbrain + Midbrain"
"Exog",TRUE,TRUE,TRUE,"Forebrain + Hindbrain + Midbrain"
"Faap20",TRUE,TRUE,TRUE,"Forebrain + Hindbrain + Midbrain"
"Faim",TRUE,TRUE,TRUE,"Forebrain + Hindbrain + Midbrain"
"Fam105a",TRUE,TRUE,TRUE,"Forebrain + Hindbrain + Midbrain"
"Fam114a2",TRUE,TRUE,FALSE,"Forebrain + Hindbrain"
"Fam118b",TRUE,TRUE,TRUE,"Forebrain + Hindbrain + Midbrain"
"Fam120b",TRUE,TRUE,TRUE,"Forebrain + Hindbrain + Midbrain"
"Fam219b",TRUE,TRUE,TRUE,"Forebrain + Hindbrain + Midbrain"
"Fam220a",TRUE,TRUE,TRUE,"Forebrain + Hindbrain + Midbrain"
"Fam57b",TRUE,TRUE,TRUE,"Forebrain + Hindbrain + Midbrain"
"Fam63a",TRUE,TRUE,TRUE,"Forebrain + Hindbrain + Midbrain"
"Fam73b",TRUE,TRUE,TRUE,"Forebrain + Hindbrain + Midbrain"
"Fam89b",TRUE,TRUE,TRUE,"Forebrain + Hindbrain + Midbrain"
"Fancc",TRUE,TRUE,TRUE,"Forebrain + Hindbrain + Midbrain"
"Fance",TRUE,TRUE,TRUE,"Forebrain + Hindbrain + Midbrain"
"Farsb",TRUE,TRUE,TRUE,"Forebrain + Hindbrain + Midbrain"
"Fblim1",TRUE,TRUE,FALSE,"Forebrain + Hindbrain"
"Fbrsl1",TRUE,TRUE,TRUE,"Forebrain + Hindbrain + Midbrain"
"Fbxl12",TRUE,TRUE,TRUE,"Forebrain + Hindbrain + Midbrain"
"Fbxo34",TRUE,TRUE,TRUE,"Forebrain + Hindbrain + Midbrain"
"Fbxo44",TRUE,TRUE,TRUE,"Forebrain + Hindbrain + Midbrain"
"Fbxw11",TRUE,TRUE,TRUE,"Forebrain + Hindbrain + Midbrain"
"Fbxw7",TRUE,TRUE,TRUE,"Forebrain + Hindbrain + Midbrain"
"Fen1",TRUE,TRUE,TRUE,"Forebrain + Hindbrain + Midbrain"
"Fez2",TRUE,TRUE,TRUE,"Forebrain + Hindbrain + Midbrain"
"Fgf14",TRUE,TRUE,TRUE,"Forebrain + Hindbrain + Midbrain"
"Fgf8",TRUE,TRUE,FALSE,"Forebrain + Hindbrain"
"Fhit",TRUE,TRUE,TRUE,"Forebrain + Hindbrain + Midbrain"
"Fhl1",TRUE,TRUE,TRUE,"Forebrain + Hindbrain + Midbrain"
"Fibp",TRUE,TRUE,TRUE,"Forebrain + Hindbrain + Midbrain"
"Fip1l1",TRUE,TRUE,TRUE,"Forebrain + Hindbrain + Midbrain"
"Fiz1",TRUE,TRUE,TRUE,"Forebrain + Hindbrain + Midbrain"
"Flrt3",TRUE,TRUE,TRUE,"Forebrain + Hindbrain + Midbrain"
"Fn1",TRUE,TRUE,TRUE,"Forebrain + Hindbrain + Midbrain"
"Fnbp1",TRUE,TRUE,TRUE,"Forebrain + Hindbrain + Midbrain"
"Fnbp1l",TRUE,TRUE,TRUE,"Forebrain + Hindbrain + Midbrain"
"Folr1",TRUE,TRUE,TRUE,"Forebrain + Hindbrain + Midbrain"
"Foxj3",TRUE,TRUE,TRUE,"Forebrain + Hindbrain + Midbrain"
"Foxp2",TRUE,TRUE,TRUE,"Forebrain + Hindbrain + Midbrain"
"Frmd4a",TRUE,TRUE,TRUE,"Forebrain + Hindbrain + Midbrain"
"Fsd1l",TRUE,TRUE,TRUE,"Forebrain + Hindbrain + Midbrain"
"Fubp3",TRUE,TRUE,TRUE,"Forebrain + Hindbrain + Midbrain"
"Fut10",TRUE,TRUE,FALSE,"Forebrain + Hindbrain"
"Fut8",TRUE,TRUE,TRUE,"Forebrain + Hindbrain + Midbrain"
"Fxyd1",TRUE,TRUE,TRUE,"Forebrain + Hindbrain + Midbrain"
"Fxyd5",TRUE,TRUE,TRUE,"Forebrain + Hindbrain + Midbrain"
"G3bp2",TRUE,TRUE,TRUE,"Forebrain + Hindbrain + Midbrain"
"Gabpb1",TRUE,TRUE,TRUE,"Forebrain + Hindbrain + Midbrain"
"Gabrg2",TRUE,TRUE,TRUE,"Forebrain + Hindbrain + Midbrain"
"Galnt9",TRUE,TRUE,TRUE,"Forebrain + Hindbrain + Midbrain"
"Galt",TRUE,TRUE,TRUE,"Forebrain + Hindbrain + Midbrain"
"Ganab",TRUE,TRUE,TRUE,"Forebrain + Hindbrain + Midbrain"
"Gatad2a",TRUE,TRUE,TRUE,"Forebrain + Hindbrain + Midbrain"
"Gcat",TRUE,TRUE,FALSE,"Forebrain + Hindbrain"
"Gdpd2",TRUE,TRUE,TRUE,"Forebrain + Hindbrain + Midbrain"
"Gemin5",TRUE,TRUE,TRUE,"Forebrain + Hindbrain + Midbrain"
"Gfra1",TRUE,TRUE,TRUE,"Forebrain + Hindbrain + Midbrain"
"Ghitm",TRUE,TRUE,TRUE,"Forebrain + Hindbrain + Midbrain"
"Ghr",TRUE,TRUE,TRUE,"Forebrain + Hindbrain + Midbrain"
"Gins1",TRUE,TRUE,TRUE,"Forebrain + Hindbrain + Midbrain"
"Git2",TRUE,TRUE,TRUE,"Forebrain + Hindbrain + Midbrain"
"Gjc1",TRUE,TRUE,TRUE,"Forebrain + Hindbrain + Midbrain"
"Glcci1",TRUE,TRUE,TRUE,"Forebrain + Hindbrain + Midbrain"
"Gls",TRUE,TRUE,TRUE,"Forebrain + Hindbrain + Midbrain"
"Glt8d1",TRUE,TRUE,TRUE,"Forebrain + Hindbrain + Midbrain"
"Glyr1",TRUE,TRUE,TRUE,"Forebrain + Hindbrain + Midbrain"
"Gm13139",TRUE,TRUE,TRUE,"Forebrain + Hindbrain + Midbrain"
"Gm13306",TRUE,TRUE,TRUE,"Forebrain + Hindbrain + Midbrain"
"Gm14326",TRUE,TRUE,TRUE,"Forebrain + Hindbrain + Midbrain"
"Gm16677",TRUE,TRUE,TRUE,"Forebrain + Hindbrain + Midbrain"
"Gmfg",TRUE,TRUE,TRUE,"Forebrain + Hindbrain + Midbrain"
"Gnao1",TRUE,TRUE,TRUE,"Forebrain + Hindbrain + Midbrain"
"Gngt2",TRUE,TRUE,TRUE,"Forebrain + Hindbrain + Midbrain"
"Gnl3",TRUE,TRUE,TRUE,"Forebrain + Hindbrain + Midbrain"
"Golga1",TRUE,TRUE,TRUE,"Forebrain + Hindbrain + Midbrain"
"Golga2",TRUE,TRUE,TRUE,"Forebrain + Hindbrain + Midbrain"
"Gon4l",TRUE,TRUE,TRUE,"Forebrain + Hindbrain + Midbrain"
"Gopc",TRUE,TRUE,TRUE,"Forebrain + Hindbrain + Midbrain"
"Gpc6",TRUE,TRUE,TRUE,"Forebrain + Hindbrain + Midbrain"
"Gpcpd1",TRUE,TRUE,TRUE,"Forebrain + Hindbrain + Midbrain"
"Gpd2",TRUE,TRUE,TRUE,"Forebrain + Hindbrain + Midbrain"
"Gphn",TRUE,TRUE,TRUE,"Forebrain + Hindbrain + Midbrain"
"Gpm6a",TRUE,TRUE,TRUE,"Forebrain + Hindbrain + Midbrain"
"Gpm6b",TRUE,TRUE,TRUE,"Forebrain + Hindbrain + Midbrain"
"Gpr108",TRUE,TRUE,TRUE,"Forebrain + Hindbrain + Midbrain"
"Gpr19",TRUE,TRUE,TRUE,"Forebrain + Hindbrain + Midbrain"
"Gprasp1",TRUE,TRUE,TRUE,"Forebrain + Hindbrain + Midbrain"
"Gprc5c",TRUE,TRUE,TRUE,"Forebrain + Hindbrain + Midbrain"
"Gpsm1",TRUE,TRUE,TRUE,"Forebrain + Hindbrain + Midbrain"
"Gripap1",TRUE,TRUE,TRUE,"Forebrain + Hindbrain + Midbrain"
"Gse1",TRUE,TRUE,TRUE,"Forebrain + Hindbrain + Midbrain"
"Gsn",TRUE,TRUE,TRUE,"Forebrain + Hindbrain + Midbrain"
"Gstz1",TRUE,TRUE,TRUE,"Forebrain + Hindbrain + Midbrain"
"Gt(ROSA)26Sor",TRUE,TRUE,TRUE,"Forebrain + Hindbrain + Midbrain"
"Gtf2i",TRUE,TRUE,TRUE,"Forebrain + Hindbrain + Midbrain"
"Gtf2ird1",TRUE,TRUE,TRUE,"Forebrain + Hindbrain + Midbrain"
"Guk1",TRUE,TRUE,TRUE,"Forebrain + Hindbrain + Midbrain"
"Gyk",TRUE,TRUE,TRUE,"Forebrain + Hindbrain + Midbrain"
"H2-Q7",TRUE,TRUE,TRUE,"Forebrain + Hindbrain + Midbrain"
"Haghl",TRUE,TRUE,TRUE,"Forebrain + Hindbrain + Midbrain"
"Hap1",TRUE,TRUE,TRUE,"Forebrain + Hindbrain + Midbrain"
"Haus7",TRUE,TRUE,TRUE,"Forebrain + Hindbrain + Midbrain"
"Hba-a1",TRUE,TRUE,TRUE,"Forebrain + Hindbrain + Midbrain"
"Hba-a2",TRUE,TRUE,TRUE,"Forebrain + Hindbrain + Midbrain"
"Hdac10",TRUE,TRUE,TRUE,"Forebrain + Hindbrain + Midbrain"
"Hdac7",TRUE,TRUE,TRUE,"Forebrain + Hindbrain + Midbrain"
"Hdlbp",TRUE,TRUE,TRUE,"Forebrain + Hindbrain + Midbrain"
"Herc4",TRUE,TRUE,TRUE,"Forebrain + Hindbrain + Midbrain"
"Hexim2",TRUE,TRUE,TRUE,"Forebrain + Hindbrain + Midbrain"
"Hipk2",TRUE,TRUE,TRUE,"Forebrain + Hindbrain + Midbrain"
"Hist1h2bc",TRUE,TRUE,TRUE,"Forebrain + Hindbrain + Midbrain"
"Hist2h2aa2",TRUE,TRUE,TRUE,"Forebrain + Hindbrain + Midbrain"
"Hmbs",TRUE,TRUE,TRUE,"Forebrain + Hindbrain + Midbrain"
"Hmg20b",TRUE,TRUE,TRUE,"Forebrain + Hindbrain + Midbrain"
"Hmgb3",TRUE,TRUE,TRUE,"Forebrain + Hindbrain + Midbrain"
"Hnrnpa3",TRUE,TRUE,TRUE,"Forebrain + Hindbrain + Midbrain"
"Hnrnpab",TRUE,TRUE,TRUE,"Forebrain + Hindbrain + Midbrain"
"Hnrnpf",TRUE,TRUE,TRUE,"Forebrain + Hindbrain + Midbrain"
"Hnrnpul1",TRUE,TRUE,TRUE,"Forebrain + Hindbrain + Midbrain"
"Homer1",TRUE,TRUE,TRUE,"Forebrain + Hindbrain + Midbrain"
"Hp1bp3",TRUE,TRUE,TRUE,"Forebrain + Hindbrain + Midbrain"
"Hps3",TRUE,TRUE,TRUE,"Forebrain + Hindbrain + Midbrain"
"Hs6st2",TRUE,TRUE,TRUE,"Forebrain + Hindbrain + Midbrain"
"Hspa13",TRUE,TRUE,TRUE,"Forebrain + Hindbrain + Midbrain"
"Hspa5",TRUE,TRUE,TRUE,"Forebrain + Hindbrain + Midbrain"
"Htatip2",TRUE,TRUE,TRUE,"Forebrain + Hindbrain + Midbrain"
"Htra3",TRUE,TRUE,TRUE,"Forebrain + Hindbrain + Midbrain"
"Iba57",TRUE,TRUE,TRUE,"Forebrain + Hindbrain + Midbrain"
"Ica1",TRUE,TRUE,TRUE,"Forebrain + Hindbrain + Midbrain"
"Ifi27",TRUE,TRUE,TRUE,"Forebrain + Hindbrain + Midbrain"
"Ifnar2",TRUE,TRUE,TRUE,"Forebrain + Hindbrain + Midbrain"
"Igf1",TRUE,TRUE,TRUE,"Forebrain + Hindbrain + Midbrain"
"Igf2",TRUE,TRUE,TRUE,"Forebrain + Hindbrain + Midbrain"
"Igsf1",TRUE,TRUE,TRUE,"Forebrain + Hindbrain + Midbrain"
"Igsf9",TRUE,TRUE,TRUE,"Forebrain + Hindbrain + Midbrain"
"Il11ra1",TRUE,TRUE,TRUE,"Forebrain + Hindbrain + Midbrain"
"Ilf3",TRUE,TRUE,TRUE,"Forebrain + Hindbrain + Midbrain"
"Immt",TRUE,TRUE,TRUE,"Forebrain + Hindbrain + Midbrain"
"Inadl",TRUE,TRUE,TRUE,"Forebrain + Hindbrain + Midbrain"
"Ing1",TRUE,TRUE,TRUE,"Forebrain + Hindbrain + Midbrain"
"Inpp4a",TRUE,TRUE,TRUE,"Forebrain + Hindbrain + Midbrain"
"Ints10",TRUE,TRUE,TRUE,"Forebrain + Hindbrain + Midbrain"
"Iqsec1",TRUE,TRUE,TRUE,"Forebrain + Hindbrain + Midbrain"
"Irak1",TRUE,TRUE,TRUE,"Forebrain + Hindbrain + Midbrain"
"Irf1",TRUE,TRUE,TRUE,"Forebrain + Hindbrain + Midbrain"
"Irf3",TRUE,TRUE,TRUE,"Forebrain + Hindbrain + Midbrain"
"Itga3",TRUE,TRUE,TRUE,"Forebrain + Hindbrain + Midbrain"
"Ivns1abp",TRUE,TRUE,TRUE,"Forebrain + Hindbrain + Midbrain"
"Jade1",TRUE,TRUE,TRUE,"Forebrain + Hindbrain + Midbrain"
"Jkamp",TRUE,TRUE,TRUE,"Forebrain + Hindbrain + Midbrain"
"Jmjd4",TRUE,TRUE,TRUE,"Forebrain + Hindbrain + Midbrain"
"Kansl2",TRUE,TRUE,TRUE,"Forebrain + Hindbrain + Midbrain"
"Kat5",TRUE,TRUE,TRUE,"Forebrain + Hindbrain + Midbrain"
"Kat7",TRUE,TRUE,TRUE,"Forebrain + Hindbrain + Midbrain"
"Kazn",TRUE,TRUE,TRUE,"Forebrain + Hindbrain + Midbrain"
"Kbtbd3",TRUE,TRUE,TRUE,"Forebrain + Hindbrain + Midbrain"
"Kcnab2",TRUE,TRUE,TRUE,"Forebrain + Hindbrain + Midbrain"
"Kcnh2",TRUE,TRUE,TRUE,"Forebrain + Hindbrain + Midbrain"
"Kcnip1",TRUE,TRUE,TRUE,"Forebrain + Hindbrain + Midbrain"
"Kcnq2",TRUE,TRUE,TRUE,"Forebrain + Hindbrain + Midbrain"
"Kctd17",TRUE,TRUE,TRUE,"Forebrain + Hindbrain + Midbrain"
"Kif1b",TRUE,TRUE,TRUE,"Forebrain + Hindbrain + Midbrain"
"Kif21a",TRUE,TRUE,TRUE,"Forebrain + Hindbrain + Midbrain"
"Kif2a",TRUE,TRUE,TRUE,"Forebrain + Hindbrain + Midbrain"
"Kif5a",TRUE,TRUE,TRUE,"Forebrain + Hindbrain + Midbrain"
"Kifap3",TRUE,TRUE,TRUE,"Forebrain + Hindbrain + Midbrain"
"Kifc3",TRUE,TRUE,TRUE,"Forebrain + Hindbrain + Midbrain"
"Klc1",TRUE,TRUE,TRUE,"Forebrain + Hindbrain + Midbrain"
"Klhl13",TRUE,TRUE,TRUE,"Forebrain + Hindbrain + Midbrain"
"Klhl25",TRUE,TRUE,TRUE,"Forebrain + Hindbrain + Midbrain"
"L3mbtl2",TRUE,TRUE,FALSE,"Forebrain + Hindbrain"
"Lamp2",TRUE,TRUE,TRUE,"Forebrain + Hindbrain + Midbrain"
"Lca5",TRUE,TRUE,TRUE,"Forebrain + Hindbrain + Midbrain"
"Lcorl",TRUE,TRUE,TRUE,"Forebrain + Hindbrain + Midbrain"
"Lcp1",TRUE,TRUE,TRUE,"Forebrain + Hindbrain + Midbrain"
"Ldb2",TRUE,TRUE,TRUE,"Forebrain + Hindbrain + Midbrain"
"Ldhb",TRUE,TRUE,FALSE,"Forebrain + Hindbrain"
"Lef1",TRUE,TRUE,TRUE,"Forebrain + Hindbrain + Midbrain"
"Lekr1",TRUE,TRUE,TRUE,"Forebrain + Hindbrain + Midbrain"
"Lhx9",TRUE,TRUE,TRUE,"Forebrain + Hindbrain + Midbrain"
"Lima1",TRUE,TRUE,TRUE,"Forebrain + Hindbrain + Midbrain"
"Limch1",TRUE,TRUE,TRUE,"Forebrain + Hindbrain + Midbrain"
"Lims1",TRUE,TRUE,TRUE,"Forebrain + Hindbrain + Midbrain"
"Lin54",TRUE,TRUE,TRUE,"Forebrain + Hindbrain + Midbrain"
"Lins",TRUE,TRUE,TRUE,"Forebrain + Hindbrain + Midbrain"
"Lipe",TRUE,TRUE,FALSE,"Forebrain + Hindbrain"
"Lman1",TRUE,TRUE,TRUE,"Forebrain + Hindbrain + Midbrain"
"Lmo1",TRUE,TRUE,TRUE,"Forebrain + Hindbrain + Midbrain"
"Lmo2",TRUE,TRUE,TRUE,"Forebrain + Hindbrain + Midbrain"
"Lmo4",TRUE,TRUE,TRUE,"Forebrain + Hindbrain + Midbrain"
"Lnp",TRUE,TRUE,TRUE,"Forebrain + Hindbrain + Midbrain"
"Lnx1",TRUE,TRUE,TRUE,"Forebrain + Hindbrain + Midbrain"
"Lonp2",TRUE,TRUE,TRUE,"Forebrain + Hindbrain + Midbrain"
"Lpgat1",TRUE,TRUE,TRUE,"Forebrain + Hindbrain + Midbrain"
"Lpin1",TRUE,TRUE,TRUE,"Forebrain + Hindbrain + Midbrain"
"Lppr3",TRUE,TRUE,TRUE,"Forebrain + Hindbrain + Midbrain"
"Lrif1",TRUE,TRUE,TRUE,"Forebrain + Hindbrain + Midbrain"
"Lrrc57",TRUE,TRUE,TRUE,"Forebrain + Hindbrain + Midbrain"
"Lrrfip1",TRUE,TRUE,TRUE,"Forebrain + Hindbrain + Midbrain"
"Lsp1",TRUE,TRUE,TRUE,"Forebrain + Hindbrain + Midbrain"
"Luc7l",TRUE,TRUE,TRUE,"Forebrain + Hindbrain + Midbrain"
"Luc7l2",TRUE,TRUE,TRUE,"Forebrain + Hindbrain + Midbrain"
"Ly6c1",TRUE,TRUE,TRUE,"Forebrain + Hindbrain + Midbrain"
"Macrod2",TRUE,TRUE,TRUE,"Forebrain + Hindbrain + Midbrain"
"Maf1",TRUE,TRUE,TRUE,"Forebrain + Hindbrain + Midbrain"
"Magi1",TRUE,TRUE,TRUE,"Forebrain + Hindbrain + Midbrain"
"Map2k7",TRUE,TRUE,TRUE,"Forebrain + Hindbrain + Midbrain"
"Map3k7",TRUE,TRUE,TRUE,"Forebrain + Hindbrain + Midbrain"
"Map4",TRUE,TRUE,TRUE,"Forebrain + Hindbrain + Midbrain"
"Map4k4",TRUE,TRUE,TRUE,"Forebrain + Hindbrain + Midbrain"
"Map6",TRUE,TRUE,TRUE,"Forebrain + Hindbrain + Midbrain"
"Mapk14",TRUE,TRUE,TRUE,"Forebrain + Hindbrain + Midbrain"
"Mapk7",TRUE,TRUE,TRUE,"Forebrain + Hindbrain + Midbrain"
"Mapk8ip1",TRUE,TRUE,TRUE,"Forebrain + Hindbrain + Midbrain"
"Mapk8ip3",TRUE,TRUE,TRUE,"Forebrain + Hindbrain + Midbrain"
"Mapk9",TRUE,TRUE,TRUE,"Forebrain + Hindbrain + Midbrain"
"Mapre2",TRUE,TRUE,TRUE,"Forebrain + Hindbrain + Midbrain"
"March8",TRUE,TRUE,TRUE,"Forebrain + Hindbrain + Midbrain"
"Mark3",TRUE,TRUE,TRUE,"Forebrain + Hindbrain + Midbrain"
"Mars",TRUE,TRUE,TRUE,"Forebrain + Hindbrain + Midbrain"
"Mast2",TRUE,TRUE,TRUE,"Forebrain + Hindbrain + Midbrain"
"Mat2b",TRUE,TRUE,TRUE,"Forebrain + Hindbrain + Midbrain"
"Matk",TRUE,TRUE,TRUE,"Forebrain + Hindbrain + Midbrain"
"Mbp",TRUE,TRUE,TRUE,"Forebrain + Hindbrain + Midbrain"
"Mcf2l",TRUE,TRUE,TRUE,"Forebrain + Hindbrain + Midbrain"
"Mdk",TRUE,TRUE,TRUE,"Forebrain + Hindbrain + Midbrain"
"Mdm1",TRUE,TRUE,TRUE,"Forebrain + Hindbrain + Midbrain"
"Mdp1",TRUE,TRUE,TRUE,"Forebrain + Hindbrain + Midbrain"
"Mea1",TRUE,TRUE,TRUE,"Forebrain + Hindbrain + Midbrain"
"Med14",TRUE,TRUE,TRUE,"Forebrain + Hindbrain + Midbrain"
"Med7",TRUE,TRUE,TRUE,"Forebrain + Hindbrain + Midbrain"
"Mef2a",TRUE,TRUE,TRUE,"Forebrain + Hindbrain + Midbrain"
"Meis2",TRUE,TRUE,TRUE,"Forebrain + Hindbrain + Midbrain"
"Men1",TRUE,TRUE,FALSE,"Forebrain + Hindbrain"
"Mfn2",TRUE,TRUE,TRUE,"Forebrain + Hindbrain + Midbrain"
"Mgat1",TRUE,TRUE,TRUE,"Forebrain + Hindbrain + Midbrain"
"Miat",TRUE,TRUE,TRUE,"Forebrain + Hindbrain + Midbrain"
"Mier1",TRUE,TRUE,TRUE,"Forebrain + Hindbrain + Midbrain"
"Mink1",TRUE,TRUE,TRUE,"Forebrain + Hindbrain + Midbrain"
"Mkks",TRUE,TRUE,TRUE,"Forebrain + Hindbrain + Midbrain"
"Mkl2",TRUE,TRUE,FALSE,"Forebrain + Hindbrain"
"Mllt10",TRUE,TRUE,TRUE,"Forebrain + Hindbrain + Midbrain"
"Mlst8",TRUE,TRUE,TRUE,"Forebrain + Hindbrain + Midbrain"
"Mlx",TRUE,TRUE,TRUE,"Forebrain + Hindbrain + Midbrain"
"Mocs2",TRUE,TRUE,TRUE,"Forebrain + Hindbrain + Midbrain"
"Mon1b",TRUE,TRUE,TRUE,"Forebrain + Hindbrain + Midbrain"
"Morf4l1",TRUE,TRUE,TRUE,"Forebrain + Hindbrain + Midbrain"
"Morf4l2",TRUE,TRUE,TRUE,"Forebrain + Hindbrain + Midbrain"
"Mov10",TRUE,TRUE,TRUE,"Forebrain + Hindbrain + Midbrain"
"Mprip",TRUE,TRUE,TRUE,"Forebrain + Hindbrain + Midbrain"
"Mpzl1",TRUE,TRUE,TRUE,"Forebrain + Hindbrain + Midbrain"
"Mrpl15",TRUE,TRUE,TRUE,"Forebrain + Hindbrain + Midbrain"
"Msantd3",TRUE,TRUE,TRUE,"Forebrain + Hindbrain + Midbrain"
"Msra",TRUE,TRUE,TRUE,"Forebrain + Hindbrain + Midbrain"
"Mta3",TRUE,TRUE,TRUE,"Forebrain + Hindbrain + Midbrain"
"Mtf2",TRUE,TRUE,TRUE,"Forebrain + Hindbrain + Midbrain"
"Mtfr1",TRUE,TRUE,TRUE,"Forebrain + Hindbrain + Midbrain"
"Mtg2",TRUE,TRUE,TRUE,"Forebrain + Hindbrain + Midbrain"
"Mtss1",TRUE,TRUE,TRUE,"Forebrain + Hindbrain + Midbrain"
"Mvk",TRUE,TRUE,TRUE,"Forebrain + Hindbrain + Midbrain"
"Mxi1",TRUE,TRUE,TRUE,"Forebrain + Hindbrain + Midbrain"
"Myadm",TRUE,TRUE,TRUE,"Forebrain + Hindbrain + Midbrain"
"Myc",TRUE,FALSE,TRUE,"Forebrain + Midbrain"
"Mynn",TRUE,TRUE,TRUE,"Forebrain + Hindbrain + Midbrain"
"Myo18a",TRUE,TRUE,TRUE,"Forebrain + Hindbrain + Midbrain"
"Myo1b",TRUE,TRUE,TRUE,"Forebrain + Hindbrain + Midbrain"
"Myt1",TRUE,TRUE,TRUE,"Forebrain + Hindbrain + Midbrain"
"Naa20",TRUE,TRUE,TRUE,"Forebrain + Hindbrain + Midbrain"
"Nagk",TRUE,TRUE,TRUE,"Forebrain + Hindbrain + Midbrain"
"Nap1l4",TRUE,TRUE,TRUE,"Forebrain + Hindbrain + Midbrain"
"Nasp",TRUE,TRUE,TRUE,"Forebrain + Hindbrain + Midbrain"
"Nbr1",TRUE,TRUE,TRUE,"Forebrain + Hindbrain + Midbrain"
"Ncald",TRUE,TRUE,TRUE,"Forebrain + Hindbrain + Midbrain"
"Ncaph2",TRUE,TRUE,TRUE,"Forebrain + Hindbrain + Midbrain"
"Nckap1",TRUE,TRUE,TRUE,"Forebrain + Hindbrain + Midbrain"
"Ncoa4",TRUE,TRUE,TRUE,"Forebrain + Hindbrain + Midbrain"
"Ncoa6",TRUE,TRUE,TRUE,"Forebrain + Hindbrain + Midbrain"
"Ncoa7",TRUE,TRUE,TRUE,"Forebrain + Hindbrain + Midbrain"
"Ndfip2",TRUE,TRUE,TRUE,"Forebrain + Hindbrain + Midbrain"
"Ndufs1",TRUE,TRUE,TRUE,"Forebrain + Hindbrain + Midbrain"
"Nek1",TRUE,TRUE,TRUE,"Forebrain + Hindbrain + Midbrain"
"Nelfe",TRUE,TRUE,TRUE,"Forebrain + Hindbrain + Midbrain"
"Neo1",TRUE,TRUE,TRUE,"Forebrain + Hindbrain + Midbrain"
"Net1",TRUE,TRUE,TRUE,"Forebrain + Hindbrain + Midbrain"
"Nf2",TRUE,TRUE,TRUE,"Forebrain + Hindbrain + Midbrain"
"Nfe2l1",TRUE,TRUE,TRUE,"Forebrain + Hindbrain + Midbrain"
"Nit1",TRUE,TRUE,TRUE,"Forebrain + Hindbrain + Midbrain"
"Nmt2",TRUE,TRUE,TRUE,"Forebrain + Hindbrain + Midbrain"
"Nnat",TRUE,TRUE,TRUE,"Forebrain + Hindbrain + Midbrain"
"Nol11",TRUE,TRUE,TRUE,"Forebrain + Hindbrain + Midbrain"
"Nprl3",TRUE,TRUE,TRUE,"Forebrain + Hindbrain + Midbrain"
"Nptn",TRUE,TRUE,TRUE,"Forebrain + Hindbrain + Midbrain"
"Nr2c2ap",TRUE,TRUE,TRUE,"Forebrain + Hindbrain + Midbrain"
"Nr4a2",TRUE,TRUE,TRUE,"Forebrain + Hindbrain + Midbrain"
"Nrcam",TRUE,TRUE,TRUE,"Forebrain + Hindbrain + Midbrain"
"Nrep",TRUE,TRUE,TRUE,"Forebrain + Hindbrain + Midbrain"
"Nsmf",TRUE,TRUE,TRUE,"Forebrain + Hindbrain + Midbrain"
"Nt5c2",TRUE,TRUE,TRUE,"Forebrain + Hindbrain + Midbrain"
"Nt5c3",TRUE,TRUE,TRUE,"Forebrain + Hindbrain + Midbrain"
"Ntrk2",TRUE,TRUE,TRUE,"Forebrain + Hindbrain + Midbrain"
"Ntrk3",TRUE,TRUE,FALSE,"Forebrain + Hindbrain"
"Nudt7",TRUE,TRUE,TRUE,"Forebrain + Hindbrain + Midbrain"
"Numb",TRUE,TRUE,TRUE,"Forebrain + Hindbrain + Midbrain"
"Nup88",TRUE,TRUE,TRUE,"Forebrain + Hindbrain + Midbrain"
"Nusap1",TRUE,TRUE,TRUE,"Forebrain + Hindbrain + Midbrain"
"Ocel1",TRUE,TRUE,TRUE,"Forebrain + Hindbrain + Midbrain"
"Ociad1",TRUE,TRUE,TRUE,"Forebrain + Hindbrain + Midbrain"
"Odf2",TRUE,TRUE,TRUE,"Forebrain + Hindbrain + Midbrain"
"Odf2l",TRUE,TRUE,FALSE,"Forebrain + Hindbrain"
"Ogdh",TRUE,TRUE,TRUE,"Forebrain + Hindbrain + Midbrain"
"Ogt",TRUE,TRUE,TRUE,"Forebrain + Hindbrain + Midbrain"
"Olfm1",TRUE,TRUE,TRUE,"Forebrain + Hindbrain + Midbrain"
"Opa1",TRUE,TRUE,TRUE,"Forebrain + Hindbrain + Midbrain"
"Oprl1",TRUE,TRUE,TRUE,"Forebrain + Hindbrain + Midbrain"
"Orc4",TRUE,TRUE,TRUE,"Forebrain + Hindbrain + Midbrain"
"Orc6",TRUE,TRUE,TRUE,"Forebrain + Hindbrain + Midbrain"
"Osbpl1a",TRUE,TRUE,TRUE,"Forebrain + Hindbrain + Midbrain"
"Otud5",TRUE,TRUE,TRUE,"Forebrain + Hindbrain + Midbrain"
"Oxr1",TRUE,TRUE,TRUE,"Forebrain + Hindbrain + Midbrain"
"P4ha2",TRUE,TRUE,TRUE,"Forebrain + Hindbrain + Midbrain"
"Pabpc4",TRUE,TRUE,TRUE,"Forebrain + Hindbrain + Midbrain"
"Pafah2",TRUE,TRUE,TRUE,"Forebrain + Hindbrain + Midbrain"
"Paip1",TRUE,TRUE,TRUE,"Forebrain + Hindbrain + Midbrain"
"Palld",TRUE,TRUE,TRUE,"Forebrain + Hindbrain + Midbrain"
"Papd5",TRUE,TRUE,TRUE,"Forebrain + Hindbrain + Midbrain"
"Pard6a",TRUE,TRUE,TRUE,"Forebrain + Hindbrain + Midbrain"
"Pars2",TRUE,TRUE,TRUE,"Forebrain + Hindbrain + Midbrain"
"Pax3",TRUE,TRUE,FALSE,"Forebrain + Hindbrain"
"Pax6",TRUE,TRUE,TRUE,"Forebrain + Hindbrain + Midbrain"
"Pbdc1",TRUE,TRUE,TRUE,"Forebrain + Hindbrain + Midbrain"
"Pbx1",TRUE,TRUE,TRUE,"Forebrain + Hindbrain + Midbrain"
"Pced1a",TRUE,TRUE,TRUE,"Forebrain + Hindbrain + Midbrain"
"Pcgf2",TRUE,TRUE,TRUE,"Forebrain + Hindbrain + Midbrain"
"Pcsk7",TRUE,TRUE,TRUE,"Forebrain + Hindbrain + Midbrain"
"Pde1b",TRUE,TRUE,TRUE,"Forebrain + Hindbrain + Midbrain"
"Pde2a",TRUE,TRUE,TRUE,"Forebrain + Hindbrain + Midbrain"
"Pde4b",TRUE,TRUE,TRUE,"Forebrain + Hindbrain + Midbrain"
"Pde4dip",TRUE,TRUE,TRUE,"Forebrain + Hindbrain + Midbrain"
"Pde7a",TRUE,TRUE,TRUE,"Forebrain + Hindbrain + Midbrain"
"Pdgfrb",TRUE,TRUE,FALSE,"Forebrain + Hindbrain"
"Pdlim2",TRUE,TRUE,TRUE,"Forebrain + Hindbrain + Midbrain"
"Pdlim7",TRUE,TRUE,TRUE,"Forebrain + Hindbrain + Midbrain"
"Pdp1",TRUE,TRUE,TRUE,"Forebrain + Hindbrain + Midbrain"
"Pdzrn4",TRUE,TRUE,FALSE,"Forebrain + Hindbrain"
"Pex2",TRUE,TRUE,TRUE,"Forebrain + Hindbrain + Midbrain"
"Pex5",TRUE,TRUE,TRUE,"Forebrain + Hindbrain + Midbrain"
"Pfkfb3",TRUE,TRUE,TRUE,"Forebrain + Hindbrain + Midbrain"
"Phactr1",TRUE,TRUE,FALSE,"Forebrain + Hindbrain"
"Phf23",TRUE,TRUE,TRUE,"Forebrain + Hindbrain + Midbrain"
"Pias3",TRUE,TRUE,TRUE,"Forebrain + Hindbrain + Midbrain"
"Pigo",TRUE,TRUE,TRUE,"Forebrain + Hindbrain + Midbrain"
"Pigp",TRUE,TRUE,TRUE,"Forebrain + Hindbrain + Midbrain"
"Pigx",TRUE,TRUE,TRUE,"Forebrain + Hindbrain + Midbrain"
"Pih1d1",TRUE,TRUE,TRUE,"Forebrain + Hindbrain + Midbrain"
"Pip5k1c",TRUE,TRUE,TRUE,"Forebrain + Hindbrain + Midbrain"
"Pitpnb",TRUE,TRUE,TRUE,"Forebrain + Hindbrain + Midbrain"
"Pitpnm1",TRUE,TRUE,TRUE,"Forebrain + Hindbrain + Midbrain"
"Pja1",TRUE,TRUE,TRUE,"Forebrain + Hindbrain + Midbrain"
"Pja2",TRUE,TRUE,TRUE,"Forebrain + Hindbrain + Midbrain"
"Pkm",TRUE,TRUE,TRUE,"Forebrain + Hindbrain + Midbrain"
"Pknox2",TRUE,TRUE,TRUE,"Forebrain + Hindbrain + Midbrain"
"Pla2g6",TRUE,TRUE,TRUE,"Forebrain + Hindbrain + Midbrain"
"Plod2",TRUE,TRUE,TRUE,"Forebrain + Hindbrain + Midbrain"
"Plp1",TRUE,TRUE,FALSE,"Forebrain + Hindbrain"
"Plscr3",TRUE,TRUE,TRUE,"Forebrain + Hindbrain + Midbrain"
"Pmp22",TRUE,TRUE,TRUE,"Forebrain + Hindbrain + Midbrain"
"Pnck",TRUE,TRUE,TRUE,"Forebrain + Hindbrain + Midbrain"
"Pnkp",TRUE,TRUE,TRUE,"Forebrain + Hindbrain + Midbrain"
"Poglut1",TRUE,TRUE,TRUE,"Forebrain + Hindbrain + Midbrain"
"Porcn",TRUE,TRUE,TRUE,"Forebrain + Hindbrain + Midbrain"
"Postn",TRUE,TRUE,TRUE,"Forebrain + Hindbrain + Midbrain"
"Ppap2c",TRUE,TRUE,TRUE,"Forebrain + Hindbrain + Midbrain"
"Ppapdc1b",TRUE,TRUE,TRUE,"Forebrain + Hindbrain + Midbrain"
"Ppfibp1",TRUE,TRUE,TRUE,"Forebrain + Hindbrain + Midbrain"
"Ppm1b",TRUE,TRUE,TRUE,"Forebrain + Hindbrain + Midbrain"
"Ppp2r3d",TRUE,TRUE,TRUE,"Forebrain + Hindbrain + Midbrain"
"Ppp3ca",TRUE,TRUE,TRUE,"Forebrain + Hindbrain + Midbrain"
"Ppp4r1",TRUE,TRUE,FALSE,"Forebrain + Hindbrain"
"Pqlc1",TRUE,TRUE,TRUE,"Forebrain + Hindbrain + Midbrain"
"Pradc1",TRUE,TRUE,TRUE,"Forebrain + Hindbrain + Midbrain"
"Prdm2",TRUE,TRUE,TRUE,"Forebrain + Hindbrain + Midbrain"
"Prepl",TRUE,TRUE,TRUE,"Forebrain + Hindbrain + Midbrain"
"Prkacb",TRUE,TRUE,TRUE,"Forebrain + Hindbrain + Midbrain"
"Prkcsh",TRUE,TRUE,TRUE,"Forebrain + Hindbrain + Midbrain"
"Prkcz",TRUE,TRUE,TRUE,"Forebrain + Hindbrain + Midbrain"
"Prmt6",TRUE,TRUE,TRUE,"Forebrain + Hindbrain + Midbrain"
"Prom1",TRUE,TRUE,TRUE,"Forebrain + Hindbrain + Midbrain"
"Prorsd1",TRUE,TRUE,FALSE,"Forebrain + Hindbrain"
"Prpf19",TRUE,TRUE,TRUE,"Forebrain + Hindbrain + Midbrain"
"Prph",TRUE,TRUE,TRUE,"Forebrain + Hindbrain + Midbrain"
"Prr13",TRUE,TRUE,TRUE,"Forebrain + Hindbrain + Midbrain"
"Prrc2b",TRUE,TRUE,TRUE,"Forebrain + Hindbrain + Midbrain"
"Psap",TRUE,TRUE,TRUE,"Forebrain + Hindbrain + Midbrain"
"Psip1",TRUE,TRUE,TRUE,"Forebrain + Hindbrain + Midbrain"
"Psmd10",TRUE,TRUE,TRUE,"Forebrain + Hindbrain + Midbrain"
"Psmg4",TRUE,TRUE,TRUE,"Forebrain + Hindbrain + Midbrain"
"Psrc1",TRUE,TRUE,TRUE,"Forebrain + Hindbrain + Midbrain"
"Ptbp1",TRUE,TRUE,TRUE,"Forebrain + Hindbrain + Midbrain"
"Ptpn5",TRUE,TRUE,TRUE,"Forebrain + Hindbrain + Midbrain"
"Ptprs",TRUE,TRUE,TRUE,"Forebrain + Hindbrain + Midbrain"
"Ptpru",TRUE,TRUE,TRUE,"Forebrain + Hindbrain + Midbrain"
"Puf60",TRUE,TRUE,TRUE,"Forebrain + Hindbrain + Midbrain"
"Pum1",TRUE,TRUE,TRUE,"Forebrain + Hindbrain + Midbrain"
"Pum2",TRUE,TRUE,TRUE,"Forebrain + Hindbrain + Midbrain"
"Pus1",TRUE,TRUE,TRUE,"Forebrain + Hindbrain + Midbrain"
"Pus7",TRUE,TRUE,TRUE,"Forebrain + Hindbrain + Midbrain"
"Pvrl2",TRUE,TRUE,TRUE,"Forebrain + Hindbrain + Midbrain"
"Pvrl3",TRUE,TRUE,TRUE,"Forebrain + Hindbrain + Midbrain"
"Pxk",TRUE,TRUE,TRUE,"Forebrain + Hindbrain + Midbrain"
"Qk",TRUE,TRUE,TRUE,"Forebrain + Hindbrain + Midbrain"
"Qsox1",TRUE,TRUE,TRUE,"Forebrain + Hindbrain + Midbrain"
"Qsox2",TRUE,TRUE,TRUE,"Forebrain + Hindbrain + Midbrain"
"R74862",TRUE,TRUE,TRUE,"Forebrain + Hindbrain + Midbrain"
"Rab11fip3",TRUE,TRUE,TRUE,"Forebrain + Hindbrain + Midbrain"
"Rab34",TRUE,TRUE,TRUE,"Forebrain + Hindbrain + Midbrain"
"Rab6a",TRUE,TRUE,TRUE,"Forebrain + Hindbrain + Midbrain"
"Rabgap1l",TRUE,TRUE,TRUE,"Forebrain + Hindbrain + Midbrain"
"Rabggtb",TRUE,TRUE,TRUE,"Forebrain + Hindbrain + Midbrain"
"Rad52",TRUE,TRUE,TRUE,"Forebrain + Hindbrain + Midbrain"
"Rai1",TRUE,TRUE,TRUE,"Forebrain + Hindbrain + Midbrain"
"Ralgds",TRUE,TRUE,TRUE,"Forebrain + Hindbrain + Midbrain"
"Ralgps2",TRUE,TRUE,TRUE,"Forebrain + Hindbrain + Midbrain"
"Ralyl",TRUE,TRUE,TRUE,"Forebrain + Hindbrain + Midbrain"
"Rap1gds1",TRUE,TRUE,TRUE,"Forebrain + Hindbrain + Midbrain"
"Rapgef1",TRUE,TRUE,TRUE,"Forebrain + Hindbrain + Midbrain"
"Rapgef6",TRUE,TRUE,TRUE,"Forebrain + Hindbrain + Midbrain"
"Rara",TRUE,TRUE,FALSE,"Forebrain + Hindbrain"
"Rarb",TRUE,TRUE,TRUE,"Forebrain + Hindbrain + Midbrain"
"Rarg",TRUE,TRUE,TRUE,"Forebrain + Hindbrain + Midbrain"
"Rassf1",TRUE,TRUE,TRUE,"Forebrain + Hindbrain + Midbrain"
"Rbbp6",TRUE,TRUE,TRUE,"Forebrain + Hindbrain + Midbrain"
"Rbfox2",TRUE,TRUE,TRUE,"Forebrain + Hindbrain + Midbrain"
"Rbl1",TRUE,TRUE,TRUE,"Forebrain + Hindbrain + Midbrain"
"Rbm18",TRUE,TRUE,FALSE,"Forebrain + Hindbrain"
"Rbm4",TRUE,TRUE,TRUE,"Forebrain + Hindbrain + Midbrain"
"Rbm43",TRUE,TRUE,TRUE,"Forebrain + Hindbrain + Midbrain"
"Rbm7",TRUE,TRUE,TRUE,"Forebrain + Hindbrain + Midbrain"
"Rbms1",TRUE,TRUE,TRUE,"Forebrain + Hindbrain + Midbrain"
"Rbmx",TRUE,TRUE,TRUE,"Forebrain + Hindbrain + Midbrain"
"Rcan1",TRUE,TRUE,TRUE,"Forebrain + Hindbrain + Midbrain"
"Rcan2",TRUE,TRUE,TRUE,"Forebrain + Hindbrain + Midbrain"
"Rcsd1",TRUE,TRUE,TRUE,"Forebrain + Hindbrain + Midbrain"
"Rdh13",TRUE,TRUE,TRUE,"Forebrain + Hindbrain + Midbrain"
"Rdx",TRUE,TRUE,TRUE,"Forebrain + Hindbrain + Midbrain"
"Reep6",TRUE,TRUE,TRUE,"Forebrain + Hindbrain + Midbrain"
"Repin1",TRUE,TRUE,TRUE,"Forebrain + Hindbrain + Midbrain"
"Reps1",TRUE,TRUE,TRUE,"Forebrain + Hindbrain + Midbrain"
"Rhbdd3",TRUE,TRUE,TRUE,"Forebrain + Hindbrain + Midbrain"
"Rhobtb1",TRUE,TRUE,TRUE,"Forebrain + Hindbrain + Midbrain"
"Rhot1",TRUE,TRUE,TRUE,"Forebrain + Hindbrain + Midbrain"
"Ric3",TRUE,TRUE,TRUE,"Forebrain + Hindbrain + Midbrain"
"Rnf14",TRUE,TRUE,TRUE,"Forebrain + Hindbrain + Midbrain"
"Rnf144a",TRUE,TRUE,TRUE,"Forebrain + Hindbrain + Midbrain"
"Rnf216",TRUE,TRUE,TRUE,"Forebrain + Hindbrain + Midbrain"
"Rnf44",TRUE,TRUE,TRUE,"Forebrain + Hindbrain + Midbrain"
"Rnf6",TRUE,TRUE,TRUE,"Forebrain + Hindbrain + Midbrain"
"Rnps1",TRUE,TRUE,TRUE,"Forebrain + Hindbrain + Midbrain"
"Rora",TRUE,TRUE,TRUE,"Forebrain + Hindbrain + Midbrain"
"Rpap2",TRUE,TRUE,TRUE,"Forebrain + Hindbrain + Midbrain"
"Rpl30",TRUE,TRUE,TRUE,"Forebrain + Hindbrain + Midbrain"
"Rpl37rt",TRUE,TRUE,TRUE,"Forebrain + Hindbrain + Midbrain"
"Rprd1b",TRUE,TRUE,TRUE,"Forebrain + Hindbrain + Midbrain"
"Rps6kb1",TRUE,TRUE,TRUE,"Forebrain + Hindbrain + Midbrain"
"Rrbp1",TRUE,TRUE,TRUE,"Forebrain + Hindbrain + Midbrain"
"Rtel1",TRUE,TRUE,TRUE,"Forebrain + Hindbrain + Midbrain"
"Rtkn",TRUE,TRUE,TRUE,"Forebrain + Hindbrain + Midbrain"
"Rtn4",TRUE,TRUE,TRUE,"Forebrain + Hindbrain + Midbrain"
"Rufy3",TRUE,TRUE,TRUE,"Forebrain + Hindbrain + Midbrain"
"Rxrb",TRUE,TRUE,TRUE,"Forebrain + Hindbrain + Midbrain"
"Rxrg",TRUE,TRUE,TRUE,"Forebrain + Hindbrain + Midbrain"
"Sall2",TRUE,TRUE,TRUE,"Forebrain + Hindbrain + Midbrain"
"Sapcd2",TRUE,TRUE,FALSE,"Forebrain + Hindbrain"
"Sars",TRUE,TRUE,TRUE,"Forebrain + Hindbrain + Midbrain"
"Satb1",TRUE,TRUE,TRUE,"Forebrain + Hindbrain + Midbrain"
"Sbf1",TRUE,TRUE,TRUE,"Forebrain + Hindbrain + Midbrain"
"Scamp5",TRUE,TRUE,TRUE,"Forebrain + Hindbrain + Midbrain"
"Scap",TRUE,TRUE,TRUE,"Forebrain + Hindbrain + Midbrain"
"Scarb1",TRUE,TRUE,TRUE,"Forebrain + Hindbrain + Midbrain"
"Scnm1",TRUE,TRUE,TRUE,"Forebrain + Hindbrain + Midbrain"
"Sdccag3",TRUE,TRUE,TRUE,"Forebrain + Hindbrain + Midbrain"
"Sec14l1",TRUE,TRUE,TRUE,"Forebrain + Hindbrain + Midbrain"
"Sec24c",TRUE,TRUE,TRUE,"Forebrain + Hindbrain + Midbrain"
"Seh1l",TRUE,TRUE,TRUE,"Forebrain + Hindbrain + Midbrain"
"Sema4a",TRUE,TRUE,TRUE,"Forebrain + Hindbrain + Midbrain"
"Sema6d",TRUE,TRUE,TRUE,"Forebrain + Hindbrain + Midbrain"
"Senp2",TRUE,TRUE,TRUE,"Forebrain + Hindbrain + Midbrain"
"Senp7",TRUE,TRUE,TRUE,"Forebrain + Hindbrain + Midbrain"
"Sept6",TRUE,TRUE,TRUE,"Forebrain + Hindbrain + Midbrain"
"Sept9",TRUE,TRUE,TRUE,"Forebrain + Hindbrain + Midbrain"
"Serp2",TRUE,TRUE,TRUE,"Forebrain + Hindbrain + Midbrain"
"Sesn1",TRUE,TRUE,TRUE,"Forebrain + Hindbrain + Midbrain"
"Sfpq",TRUE,TRUE,TRUE,"Forebrain + Hindbrain + Midbrain"
"Sgce",TRUE,TRUE,TRUE,"Forebrain + Hindbrain + Midbrain"
"Sgms1",TRUE,TRUE,TRUE,"Forebrain + Hindbrain + Midbrain"
"Sgsm1",TRUE,TRUE,TRUE,"Forebrain + Hindbrain + Midbrain"
"Sh2b1",TRUE,TRUE,TRUE,"Forebrain + Hindbrain + Midbrain"
"Sh3bp5l",TRUE,TRUE,TRUE,"Forebrain + Hindbrain + Midbrain"
"Sh3gl3",TRUE,TRUE,TRUE,"Forebrain + Hindbrain + Midbrain"
"Sh3glb1",TRUE,TRUE,TRUE,"Forebrain + Hindbrain + Midbrain"
"Sh3glb2",TRUE,TRUE,TRUE,"Forebrain + Hindbrain + Midbrain"
"Shisa5",TRUE,TRUE,TRUE,"Forebrain + Hindbrain + Midbrain"
"Shox2",TRUE,TRUE,TRUE,"Forebrain + Hindbrain + Midbrain"
"Siah1b",TRUE,TRUE,TRUE,"Forebrain + Hindbrain + Midbrain"
"Sin3a",TRUE,TRUE,TRUE,"Forebrain + Hindbrain + Midbrain"
"Sipa1",TRUE,TRUE,TRUE,"Forebrain + Hindbrain + Midbrain"
"Sirt3",TRUE,TRUE,TRUE,"Forebrain + Hindbrain + Midbrain"
"Skil",TRUE,TRUE,TRUE,"Forebrain + Hindbrain + Midbrain"
"Slc11a2",TRUE,TRUE,TRUE,"Forebrain + Hindbrain + Midbrain"
"Slc16a3",TRUE,TRUE,TRUE,"Forebrain + Hindbrain + Midbrain"
"Slc1a2",TRUE,TRUE,TRUE,"Forebrain + Hindbrain + Midbrain"
"Slc25a13",TRUE,TRUE,TRUE,"Forebrain + Hindbrain + Midbrain"
"Slc25a14",TRUE,TRUE,TRUE,"Forebrain + Hindbrain + Midbrain"
"Slc25a25",TRUE,TRUE,TRUE,"Forebrain + Hindbrain + Midbrain"
"Slc25a40",TRUE,TRUE,TRUE,"Forebrain + Hindbrain + Midbrain"
"Slc35a2",TRUE,TRUE,TRUE,"Forebrain + Hindbrain + Midbrain"
"Slc35a4",TRUE,TRUE,TRUE,"Forebrain + Hindbrain + Midbrain"
"Slc35c2",TRUE,TRUE,TRUE,"Forebrain + Hindbrain + Midbrain"
"Slc37a4",TRUE,TRUE,TRUE,"Forebrain + Hindbrain + Midbrain"
"Slc38a10",TRUE,TRUE,TRUE,"Forebrain + Hindbrain + Midbrain"
"Slc38a3",TRUE,TRUE,FALSE,"Forebrain + Hindbrain"
"Slc39a11",TRUE,TRUE,TRUE,"Forebrain + Hindbrain + Midbrain"
"Slc39a13",TRUE,TRUE,TRUE,"Forebrain + Hindbrain + Midbrain"
"Slc39a8",TRUE,TRUE,TRUE,"Forebrain + Hindbrain + Midbrain"
"Slc3a2",TRUE,TRUE,TRUE,"Forebrain + Hindbrain + Midbrain"
"Slc41a3",TRUE,TRUE,TRUE,"Forebrain + Hindbrain + Midbrain"
"Slc44a1",TRUE,TRUE,TRUE,"Forebrain + Hindbrain + Midbrain"
"Slc5a6",TRUE,TRUE,TRUE,"Forebrain + Hindbrain + Midbrain"
"Slc7a7",TRUE,TRUE,TRUE,"Forebrain + Hindbrain + Midbrain"
"Slc9a8",TRUE,TRUE,TRUE,"Forebrain + Hindbrain + Midbrain"
"Slco3a1",TRUE,TRUE,TRUE,"Forebrain + Hindbrain + Midbrain"
"Slx1b",TRUE,TRUE,TRUE,"Forebrain + Hindbrain + Midbrain"
"Smad5",TRUE,TRUE,TRUE,"Forebrain + Hindbrain + Midbrain"
"Smarcc2",TRUE,TRUE,TRUE,"Forebrain + Hindbrain + Midbrain"
"Smc2",TRUE,TRUE,TRUE,"Forebrain + Hindbrain + Midbrain"
"Smc5",TRUE,TRUE,TRUE,"Forebrain + Hindbrain + Midbrain"
"Smek1",TRUE,TRUE,TRUE,"Forebrain + Hindbrain + Midbrain"
"Smg7",TRUE,TRUE,TRUE,"Forebrain + Hindbrain + Midbrain"
"Smox",TRUE,TRUE,TRUE,"Forebrain + Hindbrain + Midbrain"
"Smpd4",TRUE,TRUE,TRUE,"Forebrain + Hindbrain + Midbrain"
"Snap25",TRUE,TRUE,TRUE,"Forebrain + Hindbrain + Midbrain"
"Snap91",TRUE,TRUE,TRUE,"Forebrain + Hindbrain + Midbrain"
"Snapc4",TRUE,TRUE,TRUE,"Forebrain + Hindbrain + Midbrain"
"Snrk",TRUE,TRUE,TRUE,"Forebrain + Hindbrain + Midbrain"
"Snx11",TRUE,TRUE,TRUE,"Forebrain + Hindbrain + Midbrain"
"Snx12",TRUE,TRUE,TRUE,"Forebrain + Hindbrain + Midbrain"
"Snx5",TRUE,TRUE,TRUE,"Forebrain + Hindbrain + Midbrain"
"Son",TRUE,TRUE,TRUE,"Forebrain + Hindbrain + Midbrain"
"Sorbs1",TRUE,TRUE,TRUE,"Forebrain + Hindbrain + Midbrain"
"Sorbs2",TRUE,TRUE,TRUE,"Forebrain + Hindbrain + Midbrain"
"Sorcs1",TRUE,TRUE,TRUE,"Forebrain + Hindbrain + Midbrain"
"Sp3",TRUE,TRUE,TRUE,"Forebrain + Hindbrain + Midbrain"
"Spag9",TRUE,TRUE,TRUE,"Forebrain + Hindbrain + Midbrain"
"Spata7",TRUE,TRUE,TRUE,"Forebrain + Hindbrain + Midbrain"
"Spc25",TRUE,TRUE,TRUE,"Forebrain + Hindbrain + Midbrain"
"Spg20",TRUE,TRUE,TRUE,"Forebrain + Hindbrain + Midbrain"
"Spin1",TRUE,TRUE,TRUE,"Forebrain + Hindbrain + Midbrain"
"Spire1",TRUE,TRUE,TRUE,"Forebrain + Hindbrain + Midbrain"
"Spock3",TRUE,TRUE,TRUE,"Forebrain + Hindbrain + Midbrain"
"Spopl",TRUE,TRUE,TRUE,"Forebrain + Hindbrain + Midbrain"
"Spp1",TRUE,TRUE,TRUE,"Forebrain + Hindbrain + Midbrain"
"Spsb2",TRUE,TRUE,TRUE,"Forebrain + Hindbrain + Midbrain"
"Src",TRUE,TRUE,TRUE,"Forebrain + Hindbrain + Midbrain"
"Srr",TRUE,TRUE,TRUE,"Forebrain + Hindbrain + Midbrain"
"Srrt",TRUE,TRUE,TRUE,"Forebrain + Hindbrain + Midbrain"
"Srsf1",TRUE,TRUE,TRUE,"Forebrain + Hindbrain + Midbrain"
"Srsf11",TRUE,TRUE,TRUE,"Forebrain + Hindbrain + Midbrain"
"Srsf5",TRUE,TRUE,TRUE,"Forebrain + Hindbrain + Midbrain"
"Srsf7",TRUE,TRUE,TRUE,"Forebrain + Hindbrain + Midbrain"
"Srsf9",TRUE,TRUE,TRUE,"Forebrain + Hindbrain + Midbrain"
"Ss18",TRUE,TRUE,TRUE,"Forebrain + Hindbrain + Midbrain"
"Ssbp3",TRUE,TRUE,TRUE,"Forebrain + Hindbrain + Midbrain"
"St18",TRUE,TRUE,FALSE,"Forebrain + Hindbrain"
"St3gal3",TRUE,TRUE,TRUE,"Forebrain + Hindbrain + Midbrain"
"St5",TRUE,TRUE,TRUE,"Forebrain + Hindbrain + Midbrain"
"St6galnac4",TRUE,TRUE,TRUE,"Forebrain + Hindbrain + Midbrain"
"St6galnac6",TRUE,TRUE,TRUE,"Forebrain + Hindbrain + Midbrain"
"St7",TRUE,TRUE,TRUE,"Forebrain + Hindbrain + Midbrain"
"St8sia4",TRUE,TRUE,FALSE,"Forebrain + Hindbrain"
"Stag2",TRUE,TRUE,TRUE,"Forebrain + Hindbrain + Midbrain"
"Stau2",TRUE,TRUE,TRUE,"Forebrain + Hindbrain + Midbrain"
"Steap3",TRUE,TRUE,FALSE,"Forebrain + Hindbrain"
"Stoml1",TRUE,TRUE,TRUE,"Forebrain + Hindbrain + Midbrain"
"Stra6",TRUE,TRUE,TRUE,"Forebrain + Hindbrain + Midbrain"
"Strada",TRUE,TRUE,TRUE,"Forebrain + Hindbrain + Midbrain"
"Strn3",TRUE,TRUE,TRUE,"Forebrain + Hindbrain + Midbrain"
"Strn4",TRUE,TRUE,TRUE,"Forebrain + Hindbrain + Midbrain"
"Stx3",TRUE,TRUE,TRUE,"Forebrain + Hindbrain + Midbrain"
"Sufu",TRUE,TRUE,TRUE,"Forebrain + Hindbrain + Midbrain"
"Sugp2",TRUE,TRUE,TRUE,"Forebrain + Hindbrain + Midbrain"
"Sulf2",TRUE,TRUE,TRUE,"Forebrain + Hindbrain + Midbrain"
"Sun1",TRUE,TRUE,TRUE,"Forebrain + Hindbrain + Midbrain"
"Surf1",TRUE,TRUE,TRUE,"Forebrain + Hindbrain + Midbrain"
"Suv39h1",TRUE,TRUE,TRUE,"Forebrain + Hindbrain + Midbrain"
"Suv39h2",TRUE,TRUE,TRUE,"Forebrain + Hindbrain + Midbrain"
"Suv420h1",TRUE,TRUE,TRUE,"Forebrain + Hindbrain + Midbrain"
"Sybu",TRUE,TRUE,FALSE,"Forebrain + Hindbrain"
"Syce2",TRUE,TRUE,TRUE,"Forebrain + Hindbrain + Midbrain"
"Syn2",TRUE,TRUE,TRUE,"Forebrain + Hindbrain + Midbrain"
"Syne4",TRUE,TRUE,TRUE,"Forebrain + Hindbrain + Midbrain"
"Syngr1",TRUE,TRUE,TRUE,"Forebrain + Hindbrain + Midbrain"
"Syt1",TRUE,TRUE,FALSE,"Forebrain + Hindbrain"
"Tacc2",TRUE,TRUE,TRUE,"Forebrain + Hindbrain + Midbrain"
"Taf1a",TRUE,TRUE,TRUE,"Forebrain + Hindbrain + Midbrain"
"Taf1d",TRUE,TRUE,TRUE,"Forebrain + Hindbrain + Midbrain"
"Taok2",TRUE,TRUE,TRUE,"Forebrain + Hindbrain + Midbrain"
"Taok3",TRUE,TRUE,TRUE,"Forebrain + Hindbrain + Midbrain"
"Tasp1",TRUE,TRUE,TRUE,"Forebrain + Hindbrain + Midbrain"
"Tbc1d1",TRUE,TRUE,TRUE,"Forebrain + Hindbrain + Midbrain"
"Tbc1d31",TRUE,TRUE,TRUE,"Forebrain + Hindbrain + Midbrain"
"Tbc1d9b",TRUE,TRUE,TRUE,"Forebrain + Hindbrain + Midbrain"
"Tcf12",TRUE,TRUE,TRUE,"Forebrain + Hindbrain + Midbrain"
"Tcf19",TRUE,TRUE,TRUE,"Forebrain + Hindbrain + Midbrain"
"Tcf3",TRUE,TRUE,TRUE,"Forebrain + Hindbrain + Midbrain"
"Tcf4",TRUE,TRUE,TRUE,"Forebrain + Hindbrain + Midbrain"
"Tcof1",TRUE,TRUE,TRUE,"Forebrain + Hindbrain + Midbrain"
"Tec",TRUE,TRUE,TRUE,"Forebrain + Hindbrain + Midbrain"
"Tecr",TRUE,TRUE,TRUE,"Forebrain + Hindbrain + Midbrain"
"Tef",TRUE,TRUE,TRUE,"Forebrain + Hindbrain + Midbrain"
"Tenm3",TRUE,TRUE,TRUE,"Forebrain + Hindbrain + Midbrain"
"Tex264",TRUE,TRUE,TRUE,"Forebrain + Hindbrain + Midbrain"
"Tfap2b",TRUE,TRUE,TRUE,"Forebrain + Hindbrain + Midbrain"
"Tfdp1",TRUE,TRUE,TRUE,"Forebrain + Hindbrain + Midbrain"
"Tfpt",TRUE,TRUE,TRUE,"Forebrain + Hindbrain + Midbrain"
"Tgfbr2",TRUE,TRUE,TRUE,"Forebrain + Hindbrain + Midbrain"
"Thap3",TRUE,TRUE,TRUE,"Forebrain + Hindbrain + Midbrain"
"Timm9",TRUE,TRUE,TRUE,"Forebrain + Hindbrain + Midbrain"
"Tk2",TRUE,TRUE,TRUE,"Forebrain + Hindbrain + Midbrain"
"Tle4",TRUE,TRUE,TRUE,"Forebrain + Hindbrain + Midbrain"
"Tmem134",TRUE,TRUE,TRUE,"Forebrain + Hindbrain + Midbrain"
"Tmem14a",TRUE,TRUE,FALSE,"Forebrain + Hindbrain"
"Tmem161a",TRUE,TRUE,TRUE,"Forebrain + Hindbrain + Midbrain"
"Tmem161b",TRUE,TRUE,TRUE,"Forebrain + Hindbrain + Midbrain"
"Tmem184b",TRUE,TRUE,TRUE,"Forebrain + Hindbrain + Midbrain"
"Tmem194",TRUE,TRUE,TRUE,"Forebrain + Hindbrain + Midbrain"
"Tmem201",TRUE,TRUE,TRUE,"Forebrain + Hindbrain + Midbrain"
"Tmem205",TRUE,TRUE,TRUE,"Forebrain + Hindbrain + Midbrain"
"Tmem255a",TRUE,TRUE,TRUE,"Forebrain + Hindbrain + Midbrain"
"Tmem40",TRUE,TRUE,FALSE,"Forebrain + Hindbrain"
"Tmem42",TRUE,TRUE,FALSE,"Forebrain + Hindbrain"
"Tmem53",TRUE,TRUE,TRUE,"Forebrain + Hindbrain + Midbrain"
"Tmub2",TRUE,TRUE,TRUE,"Forebrain + Hindbrain + Midbrain"
"Tnnt2",TRUE,TRUE,FALSE,"Forebrain + Hindbrain"
"Tnrc18",TRUE,TRUE,TRUE,"Forebrain + Hindbrain + Midbrain"
"Tom1l2",TRUE,TRUE,TRUE,"Forebrain + Hindbrain + Midbrain"
"Tomm34",TRUE,TRUE,TRUE,"Forebrain + Hindbrain + Midbrain"
"Tor1aip2",TRUE,TRUE,TRUE,"Forebrain + Hindbrain + Midbrain"
"Tor2a",TRUE,TRUE,TRUE,"Forebrain + Hindbrain + Midbrain"
"Tpd52",TRUE,TRUE,TRUE,"Forebrain + Hindbrain + Midbrain"
"Tpd52l2",TRUE,TRUE,TRUE,"Forebrain + Hindbrain + Midbrain"
"Tpm1",TRUE,TRUE,TRUE,"Forebrain + Hindbrain + Midbrain"
"Tpm3",TRUE,TRUE,TRUE,"Forebrain + Hindbrain + Midbrain"
"Tprkb",TRUE,TRUE,FALSE,"Forebrain + Hindbrain"
"Trappc13",TRUE,TRUE,TRUE,"Forebrain + Hindbrain + Midbrain"
"Trappc9",TRUE,TRUE,TRUE,"Forebrain + Hindbrain + Midbrain"
"Trex1",TRUE,TRUE,TRUE,"Forebrain + Hindbrain + Midbrain"
"Trim2",TRUE,TRUE,TRUE,"Forebrain + Hindbrain + Midbrain"
"Trim3",TRUE,TRUE,TRUE,"Forebrain + Hindbrain + Midbrain"
"Trim46",TRUE,TRUE,TRUE,"Forebrain + Hindbrain + Midbrain"
"Trim9",TRUE,TRUE,TRUE,"Forebrain + Hindbrain + Midbrain"
"Triobp",TRUE,TRUE,TRUE,"Forebrain + Hindbrain + Midbrain"
"Trmt2b",TRUE,TRUE,TRUE,"Forebrain + Hindbrain + Midbrain"
"Trmt61a",TRUE,TRUE,TRUE,"Forebrain + Hindbrain + Midbrain"
"Tro",TRUE,TRUE,TRUE,"Forebrain + Hindbrain + Midbrain"
"Trpm3",TRUE,TRUE,TRUE,"Forebrain + Hindbrain + Midbrain"
"Trpt1",TRUE,TRUE,TRUE,"Forebrain + Hindbrain + Midbrain"
"Trub1",TRUE,TRUE,TRUE,"Forebrain + Hindbrain + Midbrain"
"Tsc2",TRUE,TRUE,TRUE,"Forebrain + Hindbrain + Midbrain"
"Tsga10",TRUE,TRUE,TRUE,"Forebrain + Hindbrain + Midbrain"
"Tspan4",TRUE,TRUE,TRUE,"Forebrain + Hindbrain + Midbrain"
"Tsr2",TRUE,TRUE,TRUE,"Forebrain + Hindbrain + Midbrain"
"Ttyh1",TRUE,TRUE,FALSE,"Forebrain + Hindbrain"
"Tubgcp2",TRUE,TRUE,TRUE,"Forebrain + Hindbrain + Midbrain"
"Tubgcp4",TRUE,TRUE,TRUE,"Forebrain + Hindbrain + Midbrain"
"Txlna",TRUE,TRUE,TRUE,"Forebrain + Hindbrain + Midbrain"
"Tyw5",TRUE,TRUE,TRUE,"Forebrain + Hindbrain + Midbrain"
"Uap1",TRUE,TRUE,TRUE,"Forebrain + Hindbrain + Midbrain"
"Ubap1",TRUE,TRUE,TRUE,"Forebrain + Hindbrain + Midbrain"
"Ube2t",TRUE,TRUE,TRUE,"Forebrain + Hindbrain + Midbrain"
"Ube2w",TRUE,TRUE,TRUE,"Forebrain + Hindbrain + Midbrain"
"Ube3a",TRUE,TRUE,TRUE,"Forebrain + Hindbrain + Midbrain"
"Ubl4a",TRUE,TRUE,TRUE,"Forebrain + Hindbrain + Midbrain"
"Ubox5",TRUE,TRUE,TRUE,"Forebrain + Hindbrain + Midbrain"
"Ubp1",TRUE,TRUE,TRUE,"Forebrain + Hindbrain + Midbrain"
"Ubtf",TRUE,TRUE,TRUE,"Forebrain + Hindbrain + Midbrain"
"Ubxn10",TRUE,TRUE,FALSE,"Forebrain + Hindbrain"
"Ufd1l",TRUE,TRUE,TRUE,"Forebrain + Hindbrain + Midbrain"
"Uimc1",TRUE,TRUE,TRUE,"Forebrain + Hindbrain + Midbrain"
"Unk",TRUE,TRUE,TRUE,"Forebrain + Hindbrain + Midbrain"
"Unkl",TRUE,TRUE,TRUE,"Forebrain + Hindbrain + Midbrain"
"Upf1",TRUE,TRUE,FALSE,"Forebrain + Hindbrain"
"Urgcp",TRUE,TRUE,TRUE,"Forebrain + Hindbrain + Midbrain"
"Usp14",TRUE,TRUE,TRUE,"Forebrain + Hindbrain + Midbrain"
"Usp19",TRUE,TRUE,TRUE,"Forebrain + Hindbrain + Midbrain"
"Uspl1",TRUE,TRUE,TRUE,"Forebrain + Hindbrain + Midbrain"
"Vcan",TRUE,TRUE,TRUE,"Forebrain + Hindbrain + Midbrain"
"Vegfb",TRUE,TRUE,TRUE,"Forebrain + Hindbrain + Midbrain"
"Vps8",TRUE,TRUE,TRUE,"Forebrain + Hindbrain + Midbrain"
"Vrk1",TRUE,TRUE,TRUE,"Forebrain + Hindbrain + Midbrain"
"Vti1a",TRUE,TRUE,TRUE,"Forebrain + Hindbrain + Midbrain"
"Wac",TRUE,TRUE,TRUE,"Forebrain + Hindbrain + Midbrain"
"Wbp1",TRUE,TRUE,TRUE,"Forebrain + Hindbrain + Midbrain"
"Wbp1l",TRUE,TRUE,TRUE,"Forebrain + Hindbrain + Midbrain"
"Wdr12",TRUE,TRUE,TRUE,"Forebrain + Hindbrain + Midbrain"
"Wdr13",TRUE,TRUE,TRUE,"Forebrain + Hindbrain + Midbrain"
"Wdr35",TRUE,TRUE,TRUE,"Forebrain + Hindbrain + Midbrain"
"Wdr36",TRUE,TRUE,TRUE,"Forebrain + Hindbrain + Midbrain"
"Wdr37",TRUE,TRUE,TRUE,"Forebrain + Hindbrain + Midbrain"
"Whsc1",TRUE,TRUE,TRUE,"Forebrain + Hindbrain + Midbrain"
"Wibg",TRUE,TRUE,TRUE,"Forebrain + Hindbrain + Midbrain"
"Wiz",TRUE,TRUE,TRUE,"Forebrain + Hindbrain + Midbrain"
"Wnk1",TRUE,TRUE,TRUE,"Forebrain + Hindbrain + Midbrain"
"Wnt5b",TRUE,TRUE,TRUE,"Forebrain + Hindbrain + Midbrain"
"Wnt7b",TRUE,TRUE,TRUE,"Forebrain + Hindbrain + Midbrain"
"Xlr",TRUE,TRUE,TRUE,"Forebrain + Hindbrain + Midbrain"
"Xrcc6bp1",TRUE,TRUE,TRUE,"Forebrain + Hindbrain + Midbrain"
"Yaf2",TRUE,TRUE,TRUE,"Forebrain + Hindbrain + Midbrain"
"Yif1b",TRUE,TRUE,TRUE,"Forebrain + Hindbrain + Midbrain"
"Yipf2",TRUE,TRUE,TRUE,"Forebrain + Hindbrain + Midbrain"
"Ythdf3",TRUE,TRUE,TRUE,"Forebrain + Hindbrain + Midbrain"
"Zbed3",TRUE,TRUE,TRUE,"Forebrain + Hindbrain + Midbrain"
"Zbtb24",TRUE,TRUE,TRUE,"Forebrain + Hindbrain + Midbrain"
"Zbtb25",TRUE,TRUE,TRUE,"Forebrain + Hindbrain + Midbrain"
"Zbtb43",TRUE,TRUE,TRUE,"Forebrain + Hindbrain + Midbrain"
"Zbtb46",TRUE,TRUE,TRUE,"Forebrain + Hindbrain + Midbrain"
"Zc3h14",TRUE,TRUE,TRUE,"Forebrain + Hindbrain + Midbrain"
"Zc3h7a",TRUE,TRUE,FALSE,"Forebrain + Hindbrain"
"Zfand4",TRUE,TRUE,TRUE,"Forebrain + Hindbrain + Midbrain"
"Zfp131",TRUE,TRUE,TRUE,"Forebrain + Hindbrain + Midbrain"
"Zfp207",TRUE,TRUE,TRUE,"Forebrain + Hindbrain + Midbrain"
"Zfp322a",TRUE,TRUE,TRUE,"Forebrain + Hindbrain + Midbrain"
"Zfp37",TRUE,TRUE,TRUE,"Forebrain + Hindbrain + Midbrain"
"Zfp428",TRUE,TRUE,TRUE,"Forebrain + Hindbrain + Midbrain"
"Zfp467",TRUE,TRUE,TRUE,"Forebrain + Hindbrain + Midbrain"
"Zfp62",TRUE,TRUE,TRUE,"Forebrain + Hindbrain + Midbrain"
"Zfp655",TRUE,TRUE,TRUE,"Forebrain + Hindbrain + Midbrain"
"Zfp672",TRUE,TRUE,TRUE,"Forebrain + Hindbrain + Midbrain"
"Zfp710",TRUE,TRUE,TRUE,"Forebrain + Hindbrain + Midbrain"
"Zfp740",TRUE,TRUE,TRUE,"Forebrain + Hindbrain + Midbrain"
"Zfp799",TRUE,TRUE,TRUE,"Forebrain + Hindbrain + Midbrain"
"Zfp821",TRUE,TRUE,TRUE,"Forebrain + Hindbrain + Midbrain"
"Zfp94",TRUE,TRUE,TRUE,"Forebrain + Hindbrain + Midbrain"
"Zfp950",TRUE,TRUE,TRUE,"Forebrain + Hindbrain + Midbrain"
"Zfyve27",TRUE,TRUE,TRUE,"Forebrain + Hindbrain + Midbrain"
"Zkscan3",TRUE,TRUE,FALSE,"Forebrain + Hindbrain"
"Zkscan6",TRUE,TRUE,TRUE,"Forebrain + Hindbrain + Midbrain"
"Zkscan8",TRUE,TRUE,TRUE,"Forebrain + Hindbrain + Midbrain"
"Zmiz2",TRUE,TRUE,TRUE,"Forebrain + Hindbrain + Midbrain"
"Zmym3",TRUE,TRUE,TRUE,"Forebrain + Hindbrain + Midbrain"
"Zmym5",TRUE,TRUE,TRUE,"Forebrain + Hindbrain + Midbrain"
"Zmynd8",TRUE,TRUE,TRUE,"Forebrain + Hindbrain + Midbrain"
"Znrf1",TRUE,TRUE,TRUE,"Forebrain + Hindbrain + Midbrain"
"Zrsr2",TRUE,TRUE,TRUE,"Forebrain + Hindbrain + Midbrain"
"Zscan21",TRUE,TRUE,FALSE,"Forebrain + Hindbrain"
"Zyx",TRUE,TRUE,TRUE,"Forebrain + Hindbrain + Midbrain"
"1190007I07Rik",TRUE,TRUE,TRUE,"Forebrain + Hindbrain + Midbrain"
"1700065D16Rik",TRUE,TRUE,TRUE,"Forebrain + Hindbrain + Midbrain"
"2010315B03Rik",TRUE,TRUE,TRUE,"Forebrain + Hindbrain + Midbrain"
"2410004P03Rik",TRUE,TRUE,TRUE,"Forebrain + Hindbrain + Midbrain"
"Aamdc",TRUE,TRUE,TRUE,"Forebrain + Hindbrain + Midbrain"
"Acsl3",TRUE,TRUE,TRUE,"Forebrain + Hindbrain + Midbrain"
"Acvr1",TRUE,TRUE,TRUE,"Forebrain + Hindbrain + Midbrain"
"Acy3",TRUE,TRUE,FALSE,"Forebrain + Hindbrain"
"Adam22",TRUE,TRUE,TRUE,"Forebrain + Hindbrain + Midbrain"
"Adamts10",TRUE,TRUE,TRUE,"Forebrain + Hindbrain + Midbrain"
"Adarb2",TRUE,TRUE,TRUE,"Forebrain + Hindbrain + Midbrain"
"Adck5",TRUE,TRUE,TRUE,"Forebrain + Hindbrain + Midbrain"
"Aftph",TRUE,TRUE,TRUE,"Forebrain + Hindbrain + Midbrain"
"Agtpbp1",TRUE,TRUE,FALSE,"Forebrain + Hindbrain"
"Ahnak",TRUE,TRUE,TRUE,"Forebrain + Hindbrain + Midbrain"
"Akap8",TRUE,TRUE,FALSE,"Forebrain + Hindbrain"
"Alg9",TRUE,TRUE,TRUE,"Forebrain + Hindbrain + Midbrain"
"Amot",TRUE,TRUE,TRUE,"Forebrain + Hindbrain + Midbrain"
"Amph",TRUE,TRUE,FALSE,"Forebrain + Hindbrain"
"Amz2",TRUE,TRUE,TRUE,"Forebrain + Hindbrain + Midbrain"
"Ankra2",TRUE,TRUE,TRUE,"Forebrain + Hindbrain + Midbrain"
"Apod",TRUE,TRUE,FALSE,"Forebrain + Hindbrain"
"Apopt1",TRUE,TRUE,TRUE,"Forebrain + Hindbrain + Midbrain"
"Arhgef9",TRUE,TRUE,TRUE,"Forebrain + Hindbrain + Midbrain"
"Arid4b",TRUE,TRUE,TRUE,"Forebrain + Hindbrain + Midbrain"
"Armcx1",TRUE,TRUE,TRUE,"Forebrain + Hindbrain + Midbrain"
"Arpp21",TRUE,TRUE,TRUE,"Forebrain + Hindbrain + Midbrain"
"Arrdc1",TRUE,TRUE,TRUE,"Forebrain + Hindbrain + Midbrain"
"Aste1",TRUE,TRUE,TRUE,"Forebrain + Hindbrain + Midbrain"
"Atf7",TRUE,TRUE,TRUE,"Forebrain + Hindbrain + Midbrain"
"Atg4c",TRUE,TRUE,TRUE,"Forebrain + Hindbrain + Midbrain"
"Atp11c",TRUE,TRUE,TRUE,"Forebrain + Hindbrain + Midbrain"
"Atxn7l2",TRUE,TRUE,TRUE,"Forebrain + Hindbrain + Midbrain"
"Axin1",TRUE,TRUE,TRUE,"Forebrain + Hindbrain + Midbrain"
"Bcar1",TRUE,TRUE,TRUE,"Forebrain + Hindbrain + Midbrain"
"Bcl11a",TRUE,TRUE,TRUE,"Forebrain + Hindbrain + Midbrain"
"Bcl2l1",TRUE,TRUE,TRUE,"Forebrain + Hindbrain + Midbrain"
"Blzf1",TRUE,TRUE,FALSE,"Forebrain + Hindbrain"
"Bmp1",TRUE,TRUE,TRUE,"Forebrain + Hindbrain + Midbrain"
"Cacnb1",TRUE,TRUE,TRUE,"Forebrain + Hindbrain + Midbrain"
"Cadps",TRUE,TRUE,TRUE,"Forebrain + Hindbrain + Midbrain"
"Cant1",TRUE,TRUE,TRUE,"Forebrain + Hindbrain + Midbrain"
"Casp8ap2",TRUE,TRUE,TRUE,"Forebrain + Hindbrain + Midbrain"
"Cdh8",TRUE,TRUE,TRUE,"Forebrain + Hindbrain + Midbrain"
"Cdk19",TRUE,TRUE,FALSE,"Forebrain + Hindbrain"
"Cenpl",TRUE,TRUE,TRUE,"Forebrain + Hindbrain + Midbrain"
"Cited1",TRUE,TRUE,TRUE,"Forebrain + Hindbrain + Midbrain"
"Cldn12",TRUE,TRUE,FALSE,"Forebrain + Hindbrain"
"Clip4",TRUE,TRUE,TRUE,"Forebrain + Hindbrain + Midbrain"
"Cox6b2",TRUE,TRUE,TRUE,"Forebrain + Hindbrain + Midbrain"
"Crebzf",TRUE,TRUE,TRUE,"Forebrain + Hindbrain + Midbrain"
"Crmp1",TRUE,TRUE,TRUE,"Forebrain + Hindbrain + Midbrain"
"Csf1",TRUE,TRUE,TRUE,"Forebrain + Hindbrain + Midbrain"
"Csnk1d",TRUE,TRUE,TRUE,"Forebrain + Hindbrain + Midbrain"
"Ctnnb1",TRUE,TRUE,TRUE,"Forebrain + Hindbrain + Midbrain"
"Cttnbp2nl",TRUE,TRUE,FALSE,"Forebrain + Hindbrain"
"Cyhr1",TRUE,TRUE,TRUE,"Forebrain + Hindbrain + Midbrain"
"Cyp26b1",TRUE,TRUE,TRUE,"Forebrain + Hindbrain + Midbrain"
"D430036J16Rik",TRUE,TRUE,TRUE,"Forebrain + Hindbrain + Midbrain"
"Dcaf11",TRUE,TRUE,TRUE,"Forebrain + Hindbrain + Midbrain"
"Ddc",TRUE,TRUE,FALSE,"Forebrain + Hindbrain"
"Ddx24",TRUE,TRUE,TRUE,"Forebrain + Hindbrain + Midbrain"
"Def8",TRUE,TRUE,TRUE,"Forebrain + Hindbrain + Midbrain"
"Dlg4",TRUE,TRUE,FALSE,"Forebrain + Hindbrain"
"Dlk1",TRUE,TRUE,TRUE,"Forebrain + Hindbrain + Midbrain"
"Dnajc6",TRUE,TRUE,TRUE,"Forebrain + Hindbrain + Midbrain"
"Dtwd2",TRUE,TRUE,TRUE,"Forebrain + Hindbrain + Midbrain"
"Dusp22",TRUE,TRUE,TRUE,"Forebrain + Hindbrain + Midbrain"
"Dxo",TRUE,TRUE,TRUE,"Forebrain + Hindbrain + Midbrain"
"Dync1i1",TRUE,TRUE,TRUE,"Forebrain + Hindbrain + Midbrain"
"Dyrk1a",TRUE,TRUE,FALSE,"Forebrain + Hindbrain"
"E030030I06Rik",TRUE,TRUE,TRUE,"Forebrain + Hindbrain + Midbrain"
"Ect2",TRUE,TRUE,TRUE,"Forebrain + Hindbrain + Midbrain"
"Eif2ak4",TRUE,TRUE,FALSE,"Forebrain + Hindbrain"
"Elmo1",TRUE,TRUE,TRUE,"Forebrain + Hindbrain + Midbrain"
"Elp3",TRUE,TRUE,TRUE,"Forebrain + Hindbrain + Midbrain"
"Enpp5",TRUE,TRUE,TRUE,"Forebrain + Hindbrain + Midbrain"
"Epb4.1l4aos",TRUE,TRUE,FALSE,"Forebrain + Hindbrain"
"Ercc6l2",TRUE,TRUE,TRUE,"Forebrain + Hindbrain + Midbrain"
"Ergic2",TRUE,TRUE,TRUE,"Forebrain + Hindbrain + Midbrain"
"Eri3",TRUE,TRUE,TRUE,"Forebrain + Hindbrain + Midbrain"
"Etohi1",TRUE,TRUE,TRUE,"Forebrain + Hindbrain + Midbrain"
"Fam110a",TRUE,TRUE,TRUE,"Forebrain + Hindbrain + Midbrain"
"Fam134b",TRUE,TRUE,TRUE,"Forebrain + Hindbrain + Midbrain"
"Fam19a2",TRUE,TRUE,TRUE,"Forebrain + Hindbrain + Midbrain"
"Fam19a5",TRUE,TRUE,FALSE,"Forebrain + Hindbrain"
"Fam214a",TRUE,TRUE,TRUE,"Forebrain + Hindbrain + Midbrain"
"Fam214b",TRUE,TRUE,TRUE,"Forebrain + Hindbrain + Midbrain"
"Fbxw2",TRUE,TRUE,TRUE,"Forebrain + Hindbrain + Midbrain"
"Fchsd2",TRUE,TRUE,TRUE,"Forebrain + Hindbrain + Midbrain"
"Fgf13",TRUE,TRUE,TRUE,"Forebrain + Hindbrain + Midbrain"
"Fgfbp1",TRUE,TRUE,FALSE,"Forebrain + Hindbrain"
"Fgfr1op",TRUE,TRUE,FALSE,"Forebrain + Hindbrain"
"Foxp4",TRUE,TRUE,TRUE,"Forebrain + Hindbrain + Midbrain"
"Fxyd2",TRUE,TRUE,FALSE,"Forebrain + Hindbrain"
"Gabrb3",TRUE,TRUE,TRUE,"Forebrain + Hindbrain + Midbrain"
"Gfm2",TRUE,TRUE,TRUE,"Forebrain + Hindbrain + Midbrain"
"Gga3",TRUE,TRUE,TRUE,"Forebrain + Hindbrain + Midbrain"
"Gm16845",TRUE,TRUE,FALSE,"Forebrain + Hindbrain"
"Gm19705",TRUE,TRUE,TRUE,"Forebrain + Hindbrain + Midbrain"
"Gnal",TRUE,TRUE,FALSE,"Forebrain + Hindbrain"
"Gng2",TRUE,TRUE,TRUE,"Forebrain + Hindbrain + Midbrain"
"Gng7",TRUE,TRUE,TRUE,"Forebrain + Hindbrain + Midbrain"
"Golga7",TRUE,TRUE,TRUE,"Forebrain + Hindbrain + Midbrain"
"Golm1",TRUE,TRUE,TRUE,"Forebrain + Hindbrain + Midbrain"
"Gprc5b",TRUE,TRUE,TRUE,"Forebrain + Hindbrain + Midbrain"
"Grip1",TRUE,TRUE,TRUE,"Forebrain + Hindbrain + Midbrain"
"Grsf1",TRUE,TRUE,TRUE,"Forebrain + Hindbrain + Midbrain"
"Hexdc",TRUE,TRUE,TRUE,"Forebrain + Hindbrain + Midbrain"
"Hoxb3",TRUE,TRUE,FALSE,"Forebrain + Hindbrain"
"Hs3st5",TRUE,TRUE,TRUE,"Forebrain + Hindbrain + Midbrain"
"Htatsf1",TRUE,TRUE,TRUE,"Forebrain + Hindbrain + Midbrain"
"Ifitm1",TRUE,TRUE,FALSE,"Forebrain + Hindbrain"
"Ift74",TRUE,TRUE,TRUE,"Forebrain + Hindbrain + Midbrain"
"Igdcc4",TRUE,TRUE,FALSE,"Forebrain + Hindbrain"
"Inca1",TRUE,TRUE,TRUE,"Forebrain + Hindbrain + Midbrain"
"Islr",TRUE,TRUE,FALSE,"Forebrain + Hindbrain"
"Kcnip4",TRUE,TRUE,TRUE,"Forebrain + Hindbrain + Midbrain"
"Keap1",TRUE,TRUE,TRUE,"Forebrain + Hindbrain + Midbrain"
"Kif1a",TRUE,TRUE,TRUE,"Forebrain + Hindbrain + Midbrain"
"Kirrel3",TRUE,TRUE,FALSE,"Forebrain + Hindbrain"
"Ktn1",TRUE,TRUE,TRUE,"Forebrain + Hindbrain + Midbrain"
"Lats2",TRUE,TRUE,TRUE,"Forebrain + Hindbrain + Midbrain"
"Ldah",TRUE,TRUE,TRUE,"Forebrain + Hindbrain + Midbrain"
"Ldlr",TRUE,TRUE,FALSE,"Forebrain + Hindbrain"
"Lmna",TRUE,TRUE,TRUE,"Forebrain + Hindbrain + Midbrain"
"Lrp8",TRUE,TRUE,FALSE,"Forebrain + Hindbrain"
"Lrrtm4",TRUE,TRUE,TRUE,"Forebrain + Hindbrain + Midbrain"
"Lyrm1",TRUE,TRUE,TRUE,"Forebrain + Hindbrain + Midbrain"
"Lysmd4",TRUE,TRUE,TRUE,"Forebrain + Hindbrain + Midbrain"
"Mapt",TRUE,TRUE,TRUE,"Forebrain + Hindbrain + Midbrain"
"Med15",TRUE,TRUE,TRUE,"Forebrain + Hindbrain + Midbrain"
"Meis3",TRUE,TRUE,TRUE,"Forebrain + Hindbrain + Midbrain"
"Mettl20",TRUE,TRUE,TRUE,"Forebrain + Hindbrain + Midbrain"
"Mgat4c",TRUE,TRUE,TRUE,"Forebrain + Hindbrain + Midbrain"
"Mib2",TRUE,TRUE,TRUE,"Forebrain + Hindbrain + Midbrain"
"Morc2a",TRUE,TRUE,TRUE,"Forebrain + Hindbrain + Midbrain"
"Mospd2",TRUE,TRUE,TRUE,"Forebrain + Hindbrain + Midbrain"
"Mpdu1",TRUE,TRUE,TRUE,"Forebrain + Hindbrain + Midbrain"
"Mpv17l",TRUE,TRUE,TRUE,"Forebrain + Hindbrain + Midbrain"
"Mthfsd",TRUE,TRUE,TRUE,"Forebrain + Hindbrain + Midbrain"
"Mtm1",TRUE,TRUE,FALSE,"Forebrain + Hindbrain"
"Mum1l1",TRUE,TRUE,TRUE,"Forebrain + Hindbrain + Midbrain"
"Mycl",TRUE,TRUE,TRUE,"Forebrain + Hindbrain + Midbrain"
"Negr1",TRUE,TRUE,TRUE,"Forebrain + Hindbrain + Midbrain"
"Nek3",TRUE,TRUE,FALSE,"Forebrain + Hindbrain"
"Nfasc",TRUE,TRUE,FALSE,"Forebrain + Hindbrain"
"Nfia",TRUE,TRUE,TRUE,"Forebrain + Hindbrain + Midbrain"
"Nkain4",TRUE,TRUE,TRUE,"Forebrain + Hindbrain + Midbrain"
"Nkx2-2",TRUE,TRUE,TRUE,"Forebrain + Hindbrain + Midbrain"
"Npnt",TRUE,TRUE,TRUE,"Forebrain + Hindbrain + Midbrain"
"Nr1h2",TRUE,TRUE,FALSE,"Forebrain + Hindbrain"
"Nrxn3",TRUE,TRUE,TRUE,"Forebrain + Hindbrain + Midbrain"
"Nuak2",TRUE,TRUE,TRUE,"Forebrain + Hindbrain + Midbrain"
"Nup37",TRUE,TRUE,TRUE,"Forebrain + Hindbrain + Midbrain"
"Nxf1",TRUE,TRUE,TRUE,"Forebrain + Hindbrain + Midbrain"
"Os9",TRUE,TRUE,TRUE,"Forebrain + Hindbrain + Midbrain"
"Osgepl1",TRUE,TRUE,TRUE,"Forebrain + Hindbrain + Midbrain"
"Pafah1b1",TRUE,TRUE,TRUE,"Forebrain + Hindbrain + Midbrain"
"Pak3",TRUE,TRUE,TRUE,"Forebrain + Hindbrain + Midbrain"
"Papss1",TRUE,TRUE,TRUE,"Forebrain + Hindbrain + Midbrain"
"Patz1",TRUE,TRUE,TRUE,"Forebrain + Hindbrain + Midbrain"
"Pcyt1b",TRUE,TRUE,TRUE,"Forebrain + Hindbrain + Midbrain"
"Pdgfra",TRUE,TRUE,TRUE,"Forebrain + Hindbrain + Midbrain"
"Pdlim5",TRUE,TRUE,TRUE,"Forebrain + Hindbrain + Midbrain"
"Pex16",TRUE,TRUE,FALSE,"Forebrain + Hindbrain"
"Pex26",TRUE,TRUE,TRUE,"Forebrain + Hindbrain + Midbrain"
"Pfkfb2",TRUE,TRUE,FALSE,"Forebrain + Hindbrain"
"Phf1",TRUE,TRUE,TRUE,"Forebrain + Hindbrain + Midbrain"
"Pknox1",TRUE,TRUE,FALSE,"Forebrain + Hindbrain"
"Pnoc",TRUE,TRUE,FALSE,"Forebrain + Hindbrain"
"Poli",TRUE,TRUE,TRUE,"Forebrain + Hindbrain + Midbrain"
"Polr3gl",TRUE,TRUE,TRUE,"Forebrain + Hindbrain + Midbrain"
"Ptp4a3",TRUE,TRUE,TRUE,"Forebrain + Hindbrain + Midbrain"
"R3hcc1",TRUE,TRUE,TRUE,"Forebrain + Hindbrain + Midbrain"
"Ralgapa1",TRUE,TRUE,TRUE,"Forebrain + Hindbrain + Midbrain"
"Rap1gap",TRUE,TRUE,FALSE,"Forebrain + Hindbrain"
"Rasl12",TRUE,TRUE,FALSE,"Forebrain + Hindbrain"
"Rbfox1",TRUE,TRUE,TRUE,"Forebrain + Hindbrain + Midbrain"
"Rgs7",TRUE,TRUE,TRUE,"Forebrain + Hindbrain + Midbrain"
"Rims2",TRUE,TRUE,TRUE,"Forebrain + Hindbrain + Midbrain"
"Rp2h",TRUE,TRUE,TRUE,"Forebrain + Hindbrain + Midbrain"
"Rusc2",TRUE,TRUE,TRUE,"Forebrain + Hindbrain + Midbrain"
"Scoc",TRUE,TRUE,TRUE,"Forebrain + Hindbrain + Midbrain"
"Sema4c",TRUE,TRUE,TRUE,"Forebrain + Hindbrain + Midbrain"
"Sept4",TRUE,TRUE,TRUE,"Forebrain + Hindbrain + Midbrain"
"Sgip1",TRUE,TRUE,TRUE,"Forebrain + Hindbrain + Midbrain"
"Sh2b2",TRUE,TRUE,TRUE,"Forebrain + Hindbrain + Midbrain"
"Sh2b3",TRUE,TRUE,TRUE,"Forebrain + Hindbrain + Midbrain"
"Skor1",TRUE,TRUE,FALSE,"Forebrain + Hindbrain"
"Slc25a19",TRUE,TRUE,TRUE,"Forebrain + Hindbrain + Midbrain"
"Slc37a1",TRUE,TRUE,TRUE,"Forebrain + Hindbrain + Midbrain"
"Slc39a7",TRUE,TRUE,TRUE,"Forebrain + Hindbrain + Midbrain"
"Slc44a2",TRUE,TRUE,TRUE,"Forebrain + Hindbrain + Midbrain"
"Smarca1",TRUE,TRUE,TRUE,"Forebrain + Hindbrain + Midbrain"
"Smarca4",TRUE,TRUE,FALSE,"Forebrain + Hindbrain"
"Snx16",TRUE,TRUE,TRUE,"Forebrain + Hindbrain + Midbrain"
"Socs1",TRUE,TRUE,TRUE,"Forebrain + Hindbrain + Midbrain"
"Srgap1",TRUE,TRUE,FALSE,"Forebrain + Hindbrain"
"Ssrp1",TRUE,TRUE,TRUE,"Forebrain + Hindbrain + Midbrain"
"Stk16",TRUE,TRUE,FALSE,"Forebrain + Hindbrain"
"Syn1",TRUE,TRUE,TRUE,"Forebrain + Hindbrain + Midbrain"
"Synj1",TRUE,TRUE,TRUE,"Forebrain + Hindbrain + Midbrain"
"Synpr",TRUE,TRUE,TRUE,"Forebrain + Hindbrain + Midbrain"
"Syvn1",TRUE,TRUE,TRUE,"Forebrain + Hindbrain + Midbrain"
"Tbc1d9",TRUE,TRUE,TRUE,"Forebrain + Hindbrain + Midbrain"
"Tcerg1",TRUE,TRUE,TRUE,"Forebrain + Hindbrain + Midbrain"
"Tcn2",TRUE,TRUE,TRUE,"Forebrain + Hindbrain + Midbrain"
"Tfe3",TRUE,TRUE,TRUE,"Forebrain + Hindbrain + Midbrain"
"Thnsl1",TRUE,TRUE,FALSE,"Forebrain + Hindbrain"
"Tlcd1",TRUE,TRUE,FALSE,"Forebrain + Hindbrain"
"Tm6sf1",TRUE,TRUE,TRUE,"Forebrain + Hindbrain + Midbrain"
"Tmem138",TRUE,TRUE,TRUE,"Forebrain + Hindbrain + Midbrain"
"Tmem176b",TRUE,TRUE,TRUE,"Forebrain + Hindbrain + Midbrain"
"Tmem179b",TRUE,TRUE,TRUE,"Forebrain + Hindbrain + Midbrain"
"Tmem219",TRUE,TRUE,TRUE,"Forebrain + Hindbrain + Midbrain"
"Tmem67",TRUE,TRUE,TRUE,"Forebrain + Hindbrain + Midbrain"
"Tmem80",TRUE,TRUE,TRUE,"Forebrain + Hindbrain + Midbrain"
"Tmem91",TRUE,TRUE,TRUE,"Forebrain + Hindbrain + Midbrain"
"Tnfrsf19",TRUE,TRUE,TRUE,"Forebrain + Hindbrain + Midbrain"
"Tnik",TRUE,TRUE,TRUE,"Forebrain + Hindbrain + Midbrain"
"Tnnt3",TRUE,TRUE,TRUE,"Forebrain + Hindbrain + Midbrain"
"Traf2",TRUE,TRUE,FALSE,"Forebrain + Hindbrain"
"Trim36",TRUE,TRUE,TRUE,"Forebrain + Hindbrain + Midbrain"
"Trim47",TRUE,TRUE,FALSE,"Forebrain + Hindbrain"
"Trmt112",TRUE,TRUE,TRUE,"Forebrain + Hindbrain + Midbrain"
"Trpm7",TRUE,TRUE,TRUE,"Forebrain + Hindbrain + Midbrain"
"Tspan5",TRUE,TRUE,TRUE,"Forebrain + Hindbrain + Midbrain"
"Tssc4",TRUE,TRUE,TRUE,"Forebrain + Hindbrain + Midbrain"
"Ttc5",TRUE,TRUE,FALSE,"Forebrain + Hindbrain"
"Ttll7",TRUE,TRUE,TRUE,"Forebrain + Hindbrain + Midbrain"
"Txlng",TRUE,TRUE,TRUE,"Forebrain + Hindbrain + Midbrain"
"Ube2m",TRUE,TRUE,TRUE,"Forebrain + Hindbrain + Midbrain"
"Ubqln1",TRUE,TRUE,TRUE,"Forebrain + Hindbrain + Midbrain"
"Upp1",TRUE,TRUE,TRUE,"Forebrain + Hindbrain + Midbrain"
"Vasp",TRUE,TRUE,TRUE,"Forebrain + Hindbrain + Midbrain"
"Vmac",TRUE,TRUE,TRUE,"Forebrain + Hindbrain + Midbrain"
"Wasl",TRUE,TRUE,TRUE,"Forebrain + Hindbrain + Midbrain"
"Wdr31",TRUE,TRUE,TRUE,"Forebrain + Hindbrain + Midbrain"
"Wsb1",TRUE,TRUE,TRUE,"Forebrain + Hindbrain + Midbrain"
"Xiap",TRUE,TRUE,TRUE,"Forebrain + Hindbrain + Midbrain"
"Yes1",TRUE,TRUE,TRUE,"Forebrain + Hindbrain + Midbrain"
"Ywhaz",TRUE,TRUE,FALSE,"Forebrain + Hindbrain"
"Zbtb18",TRUE,TRUE,TRUE,"Forebrain + Hindbrain + Midbrain"
"Zbtb20",TRUE,TRUE,TRUE,"Forebrain + Hindbrain + Midbrain"
"Zbtb3",TRUE,TRUE,TRUE,"Forebrain + Hindbrain + Midbrain"
"Zcchc18",TRUE,TRUE,TRUE,"Forebrain + Hindbrain + Midbrain"
"Zfp14",TRUE,TRUE,TRUE,"Forebrain + Hindbrain + Midbrain"
"Zfp189",TRUE,TRUE,TRUE,"Forebrain + Hindbrain + Midbrain"
"Zfp318",TRUE,TRUE,TRUE,"Forebrain + Hindbrain + Midbrain"
"Zfp446",TRUE,TRUE,TRUE,"Forebrain + Hindbrain + Midbrain"
"Zfp51",TRUE,TRUE,TRUE,"Forebrain + Hindbrain + Midbrain"
"Zfp606",TRUE,TRUE,TRUE,"Forebrain + Hindbrain + Midbrain"
"Zfp639",TRUE,TRUE,TRUE,"Forebrain + Hindbrain + Midbrain"
"Zfp781",TRUE,TRUE,FALSE,"Forebrain + Hindbrain"
"Zfp868",TRUE,TRUE,TRUE,"Forebrain + Hindbrain + Midbrain"
"Zhx1",TRUE,TRUE,TRUE,"Forebrain + Hindbrain + Midbrain"
"Zkscan17",TRUE,TRUE,TRUE,"Forebrain + Hindbrain + Midbrain"
"Zmym6",TRUE,TRUE,TRUE,"Forebrain + Hindbrain + Midbrain"
"4931428F04Rik",TRUE,TRUE,TRUE,"Forebrain + Hindbrain + Midbrain"
"6330415G19Rik",TRUE,TRUE,TRUE,"Forebrain + Hindbrain + Midbrain"
"A730056A06Rik",TRUE,TRUE,TRUE,"Forebrain + Hindbrain + Midbrain"
"Ablim3",TRUE,TRUE,TRUE,"Forebrain + Hindbrain + Midbrain"
"Abr",TRUE,TRUE,TRUE,"Forebrain + Hindbrain + Midbrain"
"Ache",TRUE,TRUE,TRUE,"Forebrain + Hindbrain + Midbrain"
"Acta1",TRUE,TRUE,TRUE,"Forebrain + Hindbrain + Midbrain"
"Adam23",TRUE,TRUE,TRUE,"Forebrain + Hindbrain + Midbrain"
"Adcy3",TRUE,TRUE,TRUE,"Forebrain + Hindbrain + Midbrain"
"Ager",TRUE,TRUE,TRUE,"Forebrain + Hindbrain + Midbrain"
"Amy1",TRUE,TRUE,FALSE,"Forebrain + Hindbrain"
"Angpt1",TRUE,TRUE,TRUE,"Forebrain + Hindbrain + Midbrain"
"Ankib1",TRUE,TRUE,TRUE,"Forebrain + Hindbrain + Midbrain"
"Anks1b",TRUE,TRUE,FALSE,"Forebrain + Hindbrain"
"Ap1g1",TRUE,TRUE,TRUE,"Forebrain + Hindbrain + Midbrain"
"Apoc1",TRUE,TRUE,TRUE,"Forebrain + Hindbrain + Midbrain"
"Aqr",TRUE,TRUE,TRUE,"Forebrain + Hindbrain + Midbrain"
"Arhgap27",TRUE,TRUE,FALSE,"Forebrain + Hindbrain"
"Arhgap44",TRUE,TRUE,TRUE,"Forebrain + Hindbrain + Midbrain"
"Arhgef10l",TRUE,TRUE,TRUE,"Forebrain + Hindbrain + Midbrain"
"Arhgef3",TRUE,TRUE,TRUE,"Forebrain + Hindbrain + Midbrain"
"Asic2",TRUE,TRUE,TRUE,"Forebrain + Hindbrain + Midbrain"
"Atad3aos",TRUE,TRUE,TRUE,"Forebrain + Hindbrain + Midbrain"
"B230208H11Rik",TRUE,TRUE,TRUE,"Forebrain + Hindbrain + Midbrain"
"Bcas1",TRUE,TRUE,TRUE,"Forebrain + Hindbrain + Midbrain"
"Brat1",TRUE,TRUE,TRUE,"Forebrain + Hindbrain + Midbrain"
"Brinp3",TRUE,TRUE,FALSE,"Forebrain + Hindbrain"
"Btbd11",TRUE,TRUE,TRUE,"Forebrain + Hindbrain + Midbrain"
"C230072F16Rik",TRUE,TRUE,FALSE,"Forebrain + Hindbrain"
"Cacna2d1",TRUE,TRUE,TRUE,"Forebrain + Hindbrain + Midbrain"
"Camk2b",TRUE,TRUE,TRUE,"Forebrain + Hindbrain + Midbrain"
"Carf",TRUE,TRUE,FALSE,"Forebrain + Hindbrain"
"Cast",TRUE,TRUE,FALSE,"Forebrain + Hindbrain"
"Cav2",TRUE,TRUE,TRUE,"Forebrain + Hindbrain + Midbrain"
"Cbll1",TRUE,TRUE,TRUE,"Forebrain + Hindbrain + Midbrain"
"Ccdc167",TRUE,TRUE,TRUE,"Forebrain + Hindbrain + Midbrain"
"Ccna1",TRUE,TRUE,FALSE,"Forebrain + Hindbrain"
"Ccser1",TRUE,TRUE,FALSE,"Forebrain + Hindbrain"
"Cd34",TRUE,TRUE,TRUE,"Forebrain + Hindbrain + Midbrain"
"Cdadc1",TRUE,TRUE,FALSE,"Forebrain + Hindbrain"
"Cdc25b",TRUE,TRUE,TRUE,"Forebrain + Hindbrain + Midbrain"
"Cfap74",TRUE,TRUE,FALSE,"Forebrain + Hindbrain"
"Cflar",TRUE,TRUE,TRUE,"Forebrain + Hindbrain + Midbrain"
"Chrd",TRUE,TRUE,FALSE,"Forebrain + Hindbrain"
"Ciz1",TRUE,TRUE,TRUE,"Forebrain + Hindbrain + Midbrain"
"Clcn5",TRUE,TRUE,TRUE,"Forebrain + Hindbrain + Midbrain"
"Clk2",TRUE,TRUE,TRUE,"Forebrain + Hindbrain + Midbrain"
"Cpsf4",TRUE,TRUE,TRUE,"Forebrain + Hindbrain + Midbrain"
"Csrnp3",TRUE,TRUE,TRUE,"Forebrain + Hindbrain + Midbrain"
"Ctdsp2",TRUE,TRUE,TRUE,"Forebrain + Hindbrain + Midbrain"
"Ctss",TRUE,TRUE,TRUE,"Forebrain + Hindbrain + Midbrain"
"Cxadr",TRUE,TRUE,TRUE,"Forebrain + Hindbrain + Midbrain"
"Cyth1",TRUE,TRUE,TRUE,"Forebrain + Hindbrain + Midbrain"
"D830030K20Rik",TRUE,TRUE,FALSE,"Forebrain + Hindbrain"
"Dbndd2",TRUE,TRUE,TRUE,"Forebrain + Hindbrain + Midbrain"
"Dclk1",TRUE,TRUE,TRUE,"Forebrain + Hindbrain + Midbrain"
"Ddhd1",TRUE,TRUE,TRUE,"Forebrain + Hindbrain + Midbrain"
"Dopey2",TRUE,TRUE,TRUE,"Forebrain + Hindbrain + Midbrain"
"Dos",TRUE,TRUE,FALSE,"Forebrain + Hindbrain"
"Dtx2",TRUE,TRUE,TRUE,"Forebrain + Hindbrain + Midbrain"
"Echdc1",TRUE,TRUE,TRUE,"Forebrain + Hindbrain + Midbrain"
"Eci2",TRUE,TRUE,TRUE,"Forebrain + Hindbrain + Midbrain"
"Ecm1",TRUE,TRUE,TRUE,"Forebrain + Hindbrain + Midbrain"
"Eftud1",TRUE,TRUE,TRUE,"Forebrain + Hindbrain + Midbrain"
"Egflam",TRUE,TRUE,TRUE,"Forebrain + Hindbrain + Midbrain"
"Egfr",TRUE,TRUE,FALSE,"Forebrain + Hindbrain"
"Elmod3",TRUE,TRUE,FALSE,"Forebrain + Hindbrain"
"Evi2a",TRUE,TRUE,TRUE,"Forebrain + Hindbrain + Midbrain"
"Extl2",TRUE,TRUE,TRUE,"Forebrain + Hindbrain + Midbrain"
"Fbxo6",TRUE,TRUE,TRUE,"Forebrain + Hindbrain + Midbrain"
"Fgd2",TRUE,TRUE,FALSE,"Forebrain + Hindbrain"
"Fgf12",TRUE,TRUE,TRUE,"Forebrain + Hindbrain + Midbrain"
"Fgfr1",TRUE,TRUE,TRUE,"Forebrain + Hindbrain + Midbrain"
"Folr2",TRUE,TRUE,TRUE,"Forebrain + Hindbrain + Midbrain"
"Frmd3",TRUE,TRUE,TRUE,"Forebrain + Hindbrain + Midbrain"
"Fuom",TRUE,TRUE,TRUE,"Forebrain + Hindbrain + Midbrain"
"Gas2l1",TRUE,TRUE,TRUE,"Forebrain + Hindbrain + Midbrain"
"Gfra4",TRUE,TRUE,FALSE,"Forebrain + Hindbrain"
"Ggnbp2os",TRUE,TRUE,TRUE,"Forebrain + Hindbrain + Midbrain"
"Gnb1",TRUE,TRUE,TRUE,"Forebrain + Hindbrain + Midbrain"
"Gnb1l",TRUE,TRUE,TRUE,"Forebrain + Hindbrain + Midbrain"
"Golga5",TRUE,TRUE,TRUE,"Forebrain + Hindbrain + Midbrain"
"Gria1",TRUE,TRUE,TRUE,"Forebrain + Hindbrain + Midbrain"
"Grin1",TRUE,TRUE,TRUE,"Forebrain + Hindbrain + Midbrain"
"Hmga1",TRUE,TRUE,FALSE,"Forebrain + Hindbrain"
"Hspb2",TRUE,TRUE,TRUE,"Forebrain + Hindbrain + Midbrain"
"Htr3a",TRUE,TRUE,FALSE,"Forebrain + Hindbrain"
"Igsf9b",TRUE,TRUE,TRUE,"Forebrain + Hindbrain + Midbrain"
"Il1rap",TRUE,TRUE,TRUE,"Forebrain + Hindbrain + Midbrain"
"Inpp5e",TRUE,TRUE,FALSE,"Forebrain + Hindbrain"
"Insig2",TRUE,TRUE,TRUE,"Forebrain + Hindbrain + Midbrain"
"Islr2",TRUE,TRUE,TRUE,"Forebrain + Hindbrain + Midbrain"
"Itfg3",TRUE,TRUE,TRUE,"Forebrain + Hindbrain + Midbrain"
"Itpripl1",TRUE,TRUE,TRUE,"Forebrain + Hindbrain + Midbrain"
"Kcnip2",TRUE,TRUE,TRUE,"Forebrain + Hindbrain + Midbrain"
"Klhl26",TRUE,TRUE,TRUE,"Forebrain + Hindbrain + Midbrain"
"Lat2",TRUE,TRUE,TRUE,"Forebrain + Hindbrain + Midbrain"
"Lhx2",TRUE,TRUE,TRUE,"Forebrain + Hindbrain + Midbrain"
"Lhx3",TRUE,TRUE,FALSE,"Forebrain + Hindbrain"
"Lpin2",TRUE,TRUE,FALSE,"Forebrain + Hindbrain"
"Lrrc4c",TRUE,TRUE,TRUE,"Forebrain + Hindbrain + Midbrain"
"Ltbp4",TRUE,TRUE,TRUE,"Forebrain + Hindbrain + Midbrain"
"Lzts2",TRUE,TRUE,TRUE,"Forebrain + Hindbrain + Midbrain"
"Magi2",TRUE,TRUE,TRUE,"Forebrain + Hindbrain + Midbrain"
"Mamld1",TRUE,TRUE,TRUE,"Forebrain + Hindbrain + Midbrain"
"Mbnl2",TRUE,TRUE,TRUE,"Forebrain + Hindbrain + Midbrain"
"Mfsd4",TRUE,TRUE,TRUE,"Forebrain + Hindbrain + Midbrain"
"Mfsd6",TRUE,TRUE,TRUE,"Forebrain + Hindbrain + Midbrain"
"Moap1",TRUE,TRUE,FALSE,"Forebrain + Hindbrain"
"Mpv17",TRUE,TRUE,TRUE,"Forebrain + Hindbrain + Midbrain"
"Mrpl55",TRUE,TRUE,FALSE,"Forebrain + Hindbrain"
"Msi2",TRUE,TRUE,TRUE,"Forebrain + Hindbrain + Midbrain"
"Mtif3",TRUE,TRUE,FALSE,"Forebrain + Hindbrain"
"Mtrr",TRUE,TRUE,FALSE,"Forebrain + Hindbrain"
"Myt1l",TRUE,TRUE,TRUE,"Forebrain + Hindbrain + Midbrain"
"Ncam2",TRUE,TRUE,TRUE,"Forebrain + Hindbrain + Midbrain"
"Ncmap",TRUE,TRUE,FALSE,"Forebrain + Hindbrain"
"Neurl1a",TRUE,TRUE,FALSE,"Forebrain + Hindbrain"
"Nfix",TRUE,TRUE,TRUE,"Forebrain + Hindbrain + Midbrain"
"Nkx6-2",TRUE,TRUE,TRUE,"Forebrain + Hindbrain + Midbrain"
"Nlrx1",TRUE,TRUE,FALSE,"Forebrain + Hindbrain"
"Nmb",TRUE,TRUE,TRUE,"Forebrain + Hindbrain + Midbrain"
"Npff",TRUE,TRUE,TRUE,"Forebrain + Hindbrain + Midbrain"
"Nphp3",TRUE,TRUE,FALSE,"Forebrain + Hindbrain"
"Nr2f2",TRUE,TRUE,TRUE,"Forebrain + Hindbrain + Midbrain"
"Nrp2",TRUE,TRUE,TRUE,"Forebrain + Hindbrain + Midbrain"
"Nrxn2",TRUE,TRUE,TRUE,"Forebrain + Hindbrain + Midbrain"
"Nudt17",TRUE,TRUE,TRUE,"Forebrain + Hindbrain + Midbrain"
"Ola1",TRUE,TRUE,TRUE,"Forebrain + Hindbrain + Midbrain"
"Osbpl9",TRUE,TRUE,TRUE,"Forebrain + Hindbrain + Midbrain"
"P2rx2",TRUE,TRUE,FALSE,"Forebrain + Hindbrain"
"P2rx7",TRUE,TRUE,FALSE,"Forebrain + Hindbrain"
"Pacsin1",TRUE,TRUE,FALSE,"Forebrain + Hindbrain"
"Pank4",TRUE,TRUE,TRUE,"Forebrain + Hindbrain + Midbrain"
"Papd7",TRUE,TRUE,TRUE,"Forebrain + Hindbrain + Midbrain"
"Pbx3",TRUE,TRUE,TRUE,"Forebrain + Hindbrain + Midbrain"
"Pcdh10",TRUE,TRUE,TRUE,"Forebrain + Hindbrain + Midbrain"
"Pcdh7",TRUE,TRUE,TRUE,"Forebrain + Hindbrain + Midbrain"
"Pde1c",TRUE,TRUE,TRUE,"Forebrain + Hindbrain + Midbrain"
"Pde4a",TRUE,TRUE,TRUE,"Forebrain + Hindbrain + Midbrain"
"Pdxdc1",TRUE,TRUE,TRUE,"Forebrain + Hindbrain + Midbrain"
"Pex3",TRUE,TRUE,TRUE,"Forebrain + Hindbrain + Midbrain"
"Phactr3",TRUE,TRUE,TRUE,"Forebrain + Hindbrain + Midbrain"
"Phc1",TRUE,TRUE,TRUE,"Forebrain + Hindbrain + Midbrain"
"Plac9a",TRUE,TRUE,FALSE,"Forebrain + Hindbrain"
"Plekhb1",TRUE,TRUE,TRUE,"Forebrain + Hindbrain + Midbrain"
"Plxnb2",TRUE,TRUE,FALSE,"Forebrain + Hindbrain"
"Prnd",TRUE,TRUE,TRUE,"Forebrain + Hindbrain + Midbrain"
"Prr3",TRUE,TRUE,TRUE,"Forebrain + Hindbrain + Midbrain"
"Ptpdc1",TRUE,TRUE,TRUE,"Forebrain + Hindbrain + Midbrain"
"Ptpn11",TRUE,TRUE,FALSE,"Forebrain + Hindbrain"
"Ptpn6",TRUE,TRUE,FALSE,"Forebrain + Hindbrain"
"Rab13",TRUE,TRUE,TRUE,"Forebrain + Hindbrain + Midbrain"
"Rab27a",TRUE,TRUE,FALSE,"Forebrain + Hindbrain"
"Rad54l",TRUE,TRUE,TRUE,"Forebrain + Hindbrain + Midbrain"
"Rasgef1b",TRUE,TRUE,FALSE,"Forebrain + Hindbrain"
"Rbm47",TRUE,TRUE,FALSE,"Forebrain + Hindbrain"
"Rbm6",TRUE,TRUE,TRUE,"Forebrain + Hindbrain + Midbrain"
"Rbpj",TRUE,TRUE,TRUE,"Forebrain + Hindbrain + Midbrain"
"Rcor3",TRUE,TRUE,TRUE,"Forebrain + Hindbrain + Midbrain"
"Rlbp1",TRUE,TRUE,FALSE,"Forebrain + Hindbrain"
"Rnf25",TRUE,TRUE,TRUE,"Forebrain + Hindbrain + Midbrain"
"Rnf32",TRUE,TRUE,TRUE,"Forebrain + Hindbrain + Midbrain"
"Rph3a",TRUE,TRUE,TRUE,"Forebrain + Hindbrain + Midbrain"
"Rusc1",TRUE,TRUE,TRUE,"Forebrain + Hindbrain + Midbrain"
"Scfd2",TRUE,TRUE,TRUE,"Forebrain + Hindbrain + Midbrain"
"Sct",TRUE,TRUE,TRUE,"Forebrain + Hindbrain + Midbrain"
"Sel1l",TRUE,TRUE,TRUE,"Forebrain + Hindbrain + Midbrain"
"Sema3b",TRUE,TRUE,FALSE,"Forebrain + Hindbrain"
"Sema6c",TRUE,TRUE,TRUE,"Forebrain + Hindbrain + Midbrain"
"Sertad2",TRUE,TRUE,TRUE,"Forebrain + Hindbrain + Midbrain"
"Sez6",TRUE,TRUE,TRUE,"Forebrain + Hindbrain + Midbrain"
"Sez6l",TRUE,TRUE,FALSE,"Forebrain + Hindbrain"
"Shroom2",TRUE,TRUE,TRUE,"Forebrain + Hindbrain + Midbrain"
"Shtn1",TRUE,TRUE,TRUE,"Forebrain + Hindbrain + Midbrain"
"Slc15a2",TRUE,TRUE,FALSE,"Forebrain + Hindbrain"
"Slc19a1",TRUE,TRUE,TRUE,"Forebrain + Hindbrain + Midbrain"
"Slc35b3",TRUE,TRUE,FALSE,"Forebrain + Hindbrain"
"SlcUbl4a",TRUE,TRUE,TRUE,"Forebrain + Hindbrain + Midbrain"
"Smim10l1",TRUE,TRUE,TRUE,"Forebrain + Hindbrain + Midbrain"
"Smim22",TRUE,TRUE,TRUE,"Forebrain + Hindbrain + Midbrain"
"Smurf1",TRUE,TRUE,FALSE,"Forebrain + Hindbrain"
"Sncaip",TRUE,TRUE,TRUE,"Forebrain + Hindbrain + Midbrain"
"Sort1",TRUE,TRUE,TRUE,"Forebrain + Hindbrain + Midbrain"
"Speg",TRUE,TRUE,TRUE,"Forebrain + Hindbrain + Midbrain"
"Stat3",TRUE,TRUE,TRUE,"Forebrain + Hindbrain + Midbrain"
"Syt3",TRUE,TRUE,FALSE,"Forebrain + Hindbrain"
"Syt6",TRUE,TRUE,TRUE,"Forebrain + Hindbrain + Midbrain"
"Taz",TRUE,TRUE,TRUE,"Forebrain + Hindbrain + Midbrain"
"Tbc1d24",TRUE,TRUE,TRUE,"Forebrain + Hindbrain + Midbrain"
"Tbxa2r",TRUE,TRUE,TRUE,"Forebrain + Hindbrain + Midbrain"
"Tgfb1i1",TRUE,TRUE,TRUE,"Forebrain + Hindbrain + Midbrain"
"Tmem175",TRUE,TRUE,TRUE,"Forebrain + Hindbrain + Midbrain"
"Tmem218",TRUE,TRUE,TRUE,"Forebrain + Hindbrain + Midbrain"
"Tmem229b",TRUE,TRUE,TRUE,"Forebrain + Hindbrain + Midbrain"
"Tmem241",TRUE,TRUE,TRUE,"Forebrain + Hindbrain + Midbrain"
"Tnpo2",TRUE,TRUE,TRUE,"Forebrain + Hindbrain + Midbrain"
"Trappc12",TRUE,TRUE,FALSE,"Forebrain + Hindbrain"
"Trerf1",TRUE,TRUE,TRUE,"Forebrain + Hindbrain + Midbrain"
"Tsc1",TRUE,TRUE,TRUE,"Forebrain + Hindbrain + Midbrain"
"Tsc22d3",TRUE,TRUE,TRUE,"Forebrain + Hindbrain + Midbrain"
"Ttc19",TRUE,TRUE,TRUE,"Forebrain + Hindbrain + Midbrain"
"Tysnd1",TRUE,TRUE,TRUE,"Forebrain + Hindbrain + Midbrain"
"Uba3",TRUE,TRUE,TRUE,"Forebrain + Hindbrain + Midbrain"
"Ube2h",TRUE,TRUE,TRUE,"Forebrain + Hindbrain + Midbrain"
"Ucma",TRUE,TRUE,TRUE,"Forebrain + Hindbrain + Midbrain"
"Unc5c",TRUE,TRUE,FALSE,"Forebrain + Hindbrain"
"Usp2",TRUE,TRUE,TRUE,"Forebrain + Hindbrain + Midbrain"
"Vamp1",TRUE,TRUE,TRUE,"Forebrain + Hindbrain + Midbrain"
"Vdac3",TRUE,TRUE,TRUE,"Forebrain + Hindbrain + Midbrain"
"Wdfy1",TRUE,TRUE,TRUE,"Forebrain + Hindbrain + Midbrain"
"Wdr45",TRUE,TRUE,TRUE,"Forebrain + Hindbrain + Midbrain"
"Wdr59",TRUE,TRUE,TRUE,"Forebrain + Hindbrain + Midbrain"
"Whsc1l1",TRUE,TRUE,TRUE,"Forebrain + Hindbrain + Midbrain"
"Wnk2",TRUE,TRUE,TRUE,"Forebrain + Hindbrain + Midbrain"
"Ybx3",TRUE,TRUE,TRUE,"Forebrain + Hindbrain + Midbrain"
"Zc3h11a",TRUE,TRUE,TRUE,"Forebrain + Hindbrain + Midbrain"
"Zfp12",TRUE,TRUE,TRUE,"Forebrain + Hindbrain + Midbrain"
"Zfp219",TRUE,TRUE,TRUE,"Forebrain + Hindbrain + Midbrain"
"Zfp27",TRUE,TRUE,TRUE,"Forebrain + Hindbrain + Midbrain"
"Zfp385b",TRUE,TRUE,TRUE,"Forebrain + Hindbrain + Midbrain"
"Zfp444",TRUE,TRUE,TRUE,"Forebrain + Hindbrain + Midbrain"
"Zfp513",TRUE,TRUE,FALSE,"Forebrain + Hindbrain"
"Zfp638",TRUE,TRUE,TRUE,"Forebrain + Hindbrain + Midbrain"
"Zxdc",TRUE,TRUE,TRUE,"Forebrain + Hindbrain + Midbrain"
"1810041H14Rik",TRUE,TRUE,TRUE,"Forebrain + Hindbrain + Midbrain"
"2010308F09Rik",TRUE,TRUE,FALSE,"Forebrain + Hindbrain"
"Aatk",TRUE,TRUE,TRUE,"Forebrain + Hindbrain + Midbrain"
"Ablim2",TRUE,TRUE,TRUE,"Forebrain + Hindbrain + Midbrain"
"Adhfe1",TRUE,TRUE,TRUE,"Forebrain + Hindbrain + Midbrain"
"Amigo1",TRUE,TRUE,TRUE,"Forebrain + Hindbrain + Midbrain"
"Anapc15",TRUE,TRUE,FALSE,"Forebrain + Hindbrain"
"Ankrd55",TRUE,TRUE,TRUE,"Forebrain + Hindbrain + Midbrain"
"Ano4",TRUE,TRUE,FALSE,"Forebrain + Hindbrain"
"Arhgef40",TRUE,TRUE,TRUE,"Forebrain + Hindbrain + Midbrain"
"Asgr1",TRUE,TRUE,FALSE,"Forebrain + Hindbrain"
"Asnsd1",TRUE,TRUE,TRUE,"Forebrain + Hindbrain + Midbrain"
"Atg9a",TRUE,TRUE,TRUE,"Forebrain + Hindbrain + Midbrain"
"Atp2b2",TRUE,TRUE,FALSE,"Forebrain + Hindbrain"
"Axl",TRUE,TRUE,TRUE,"Forebrain + Hindbrain + Midbrain"
"Blm",TRUE,TRUE,FALSE,"Forebrain + Hindbrain"
"Cacna2d2",TRUE,TRUE,FALSE,"Forebrain + Hindbrain"
"Cacul1",TRUE,TRUE,TRUE,"Forebrain + Hindbrain + Midbrain"
"Cbfa2t3",TRUE,TRUE,FALSE,"Forebrain + Hindbrain"
"Cep41",TRUE,TRUE,TRUE,"Forebrain + Hindbrain + Midbrain"
"Clstn1",TRUE,TRUE,TRUE,"Forebrain + Hindbrain + Midbrain"
"Cnot7",TRUE,TRUE,TRUE,"Forebrain + Hindbrain + Midbrain"
"Crls1",TRUE,TRUE,TRUE,"Forebrain + Hindbrain + Midbrain"
"Dlgap1",TRUE,TRUE,TRUE,"Forebrain + Hindbrain + Midbrain"
"Ebf2",TRUE,TRUE,TRUE,"Forebrain + Hindbrain + Midbrain"
"Efna5",TRUE,TRUE,TRUE,"Forebrain + Hindbrain + Midbrain"
"Ehbp1",TRUE,TRUE,TRUE,"Forebrain + Hindbrain + Midbrain"
"Epb4.1l1",TRUE,TRUE,TRUE,"Forebrain + Hindbrain + Midbrain"
"Epc1",TRUE,TRUE,TRUE,"Forebrain + Hindbrain + Midbrain"
"Galns",TRUE,TRUE,TRUE,"Forebrain + Hindbrain + Midbrain"
"Gas7",TRUE,TRUE,TRUE,"Forebrain + Hindbrain + Midbrain"
"Gimap1",TRUE,TRUE,FALSE,"Forebrain + Hindbrain"
"Golim4",TRUE,TRUE,TRUE,"Forebrain + Hindbrain + Midbrain"
"Grik1",TRUE,TRUE,TRUE,"Forebrain + Hindbrain + Midbrain"
"Hmgxb3",TRUE,TRUE,FALSE,"Forebrain + Hindbrain"
"Il34",TRUE,TRUE,FALSE,"Forebrain + Hindbrain"
"Itch",TRUE,TRUE,TRUE,"Forebrain + Hindbrain + Midbrain"
"Kcnc1",TRUE,TRUE,TRUE,"Forebrain + Hindbrain + Midbrain"
"Kcnma1",TRUE,TRUE,TRUE,"Forebrain + Hindbrain + Midbrain"
"Kctd6",TRUE,TRUE,TRUE,"Forebrain + Hindbrain + Midbrain"
"Ly6e",TRUE,TRUE,TRUE,"Forebrain + Hindbrain + Midbrain"
"Mark2",TRUE,TRUE,TRUE,"Forebrain + Hindbrain + Midbrain"
"Megf11",TRUE,TRUE,TRUE,"Forebrain + Hindbrain + Midbrain"
"Mif4gd",TRUE,TRUE,TRUE,"Forebrain + Hindbrain + Midbrain"
"Mpped2",TRUE,TRUE,TRUE,"Forebrain + Hindbrain + Midbrain"
"Mtfr1l",TRUE,TRUE,TRUE,"Forebrain + Hindbrain + Midbrain"
"Myef2",TRUE,TRUE,TRUE,"Forebrain + Hindbrain + Midbrain"
"Nipa2",TRUE,TRUE,FALSE,"Forebrain + Hindbrain"
"Nphp1",TRUE,TRUE,TRUE,"Forebrain + Hindbrain + Midbrain"
"Ntng2",TRUE,TRUE,FALSE,"Forebrain + Hindbrain"
"Olfm3",TRUE,TRUE,FALSE,"Forebrain + Hindbrain"
"Optc",TRUE,TRUE,FALSE,"Forebrain + Hindbrain"
"Pacsin3",TRUE,TRUE,TRUE,"Forebrain + Hindbrain + Midbrain"
"Pdzk1ip1",TRUE,TRUE,TRUE,"Forebrain + Hindbrain + Midbrain"
"Pecam1",TRUE,TRUE,TRUE,"Forebrain + Hindbrain + Midbrain"
"Phc2",TRUE,TRUE,TRUE,"Forebrain + Hindbrain + Midbrain"
"Phyhd1",TRUE,TRUE,TRUE,"Forebrain + Hindbrain + Midbrain"
"Plekhg5",TRUE,TRUE,FALSE,"Forebrain + Hindbrain"
"Pogk",TRUE,TRUE,TRUE,"Forebrain + Hindbrain + Midbrain"
"Prpsap2",TRUE,TRUE,TRUE,"Forebrain + Hindbrain + Midbrain"
"Purg",TRUE,TRUE,TRUE,"Forebrain + Hindbrain + Midbrain"
"Pwwp2a",TRUE,TRUE,FALSE,"Forebrain + Hindbrain"
"Rad23a",TRUE,TRUE,TRUE,"Forebrain + Hindbrain + Midbrain"
"Raly",TRUE,TRUE,TRUE,"Forebrain + Hindbrain + Midbrain"
"Ramp1",TRUE,TRUE,TRUE,"Forebrain + Hindbrain + Midbrain"
"Rapgef4",TRUE,TRUE,TRUE,"Forebrain + Hindbrain + Midbrain"
"Rasgrf1",TRUE,TRUE,TRUE,"Forebrain + Hindbrain + Midbrain"
"Rgs9",TRUE,TRUE,FALSE,"Forebrain + Hindbrain"
"Rhoc",TRUE,TRUE,FALSE,"Forebrain + Hindbrain"
"Ric8b",TRUE,TRUE,TRUE,"Forebrain + Hindbrain + Midbrain"
"Rims1",TRUE,FALSE,TRUE,"Forebrain + Midbrain"
"Rn4.5s",TRUE,TRUE,TRUE,"Forebrain + Hindbrain + Midbrain"
"Rnf146",TRUE,TRUE,FALSE,"Forebrain + Hindbrain"
"Rwdd2a",TRUE,TRUE,FALSE,"Forebrain + Hindbrain"
"Sf1",TRUE,TRUE,TRUE,"Forebrain + Hindbrain + Midbrain"
"Sgk1",TRUE,TRUE,TRUE,"Forebrain + Hindbrain + Midbrain"
"Sirt2",TRUE,TRUE,TRUE,"Forebrain + Hindbrain + Midbrain"
"Slc25a44",TRUE,TRUE,TRUE,"Forebrain + Hindbrain + Midbrain"
"Slc35c1",TRUE,TRUE,TRUE,"Forebrain + Hindbrain + Midbrain"
"Slc4a10",TRUE,TRUE,TRUE,"Forebrain + Hindbrain + Midbrain"
"Stx16",TRUE,TRUE,TRUE,"Forebrain + Hindbrain + Midbrain"
"Syn3",TRUE,TRUE,TRUE,"Forebrain + Hindbrain + Midbrain"
"Tenm2",TRUE,TRUE,TRUE,"Forebrain + Hindbrain + Midbrain"
"Thnsl2",TRUE,TRUE,FALSE,"Forebrain + Hindbrain"
"Timeless",TRUE,TRUE,TRUE,"Forebrain + Hindbrain + Midbrain"
"Tmem237",TRUE,TRUE,TRUE,"Forebrain + Hindbrain + Midbrain"
"Tmpo",TRUE,TRUE,TRUE,"Forebrain + Hindbrain + Midbrain"
"Uros",TRUE,TRUE,TRUE,"Forebrain + Hindbrain + Midbrain"
"Wdr61",TRUE,TRUE,TRUE,"Forebrain + Hindbrain + Midbrain"
"Zfand2b",TRUE,TRUE,FALSE,"Forebrain + Hindbrain"
"8430429K09Rik",TRUE,TRUE,FALSE,"Forebrain + Hindbrain"
"Ada",TRUE,TRUE,TRUE,"Forebrain + Hindbrain + Midbrain"
"Adora1",TRUE,TRUE,TRUE,"Forebrain + Hindbrain + Midbrain"
"Aifm3",TRUE,TRUE,TRUE,"Forebrain + Hindbrain + Midbrain"
"Aldh18a1",TRUE,TRUE,TRUE,"Forebrain + Hindbrain + Midbrain"
"Ank2",TRUE,TRUE,TRUE,"Forebrain + Hindbrain + Midbrain"
"Anks1",TRUE,TRUE,TRUE,"Forebrain + Hindbrain + Midbrain"
"Aqp4",TRUE,TRUE,TRUE,"Forebrain + Hindbrain + Midbrain"
"Bcl2",TRUE,TRUE,TRUE,"Forebrain + Hindbrain + Midbrain"
"Bcl2l11",TRUE,TRUE,TRUE,"Forebrain + Hindbrain + Midbrain"
"Bclaf1",TRUE,TRUE,TRUE,"Forebrain + Hindbrain + Midbrain"
"Bdnf",TRUE,TRUE,FALSE,"Forebrain + Hindbrain"
"C87436",TRUE,TRUE,TRUE,"Forebrain + Hindbrain + Midbrain"
"Cadps2",TRUE,TRUE,FALSE,"Forebrain + Hindbrain"
"Ccbl2",TRUE,TRUE,TRUE,"Forebrain + Hindbrain + Midbrain"
"Cenpm",TRUE,TRUE,TRUE,"Forebrain + Hindbrain + Midbrain"
"Cpeb2",TRUE,TRUE,FALSE,"Forebrain + Hindbrain"
"Cpne6",TRUE,TRUE,FALSE,"Forebrain + Hindbrain"
"Csde1",TRUE,TRUE,TRUE,"Forebrain + Hindbrain + Midbrain"
"Dmrtc1a",TRUE,TRUE,FALSE,"Forebrain + Hindbrain"
"Dnm3",TRUE,TRUE,TRUE,"Forebrain + Hindbrain + Midbrain"
"Dpf3",TRUE,TRUE,TRUE,"Forebrain + Hindbrain + Midbrain"
"Epb4.1",TRUE,TRUE,TRUE,"Forebrain + Hindbrain + Midbrain"
"Erlin1",TRUE,TRUE,TRUE,"Forebrain + Hindbrain + Midbrain"
"Fam166b",TRUE,TRUE,FALSE,"Forebrain + Hindbrain"
"Fam49a",TRUE,TRUE,FALSE,"Forebrain + Hindbrain"
"Fgf11",TRUE,TRUE,TRUE,"Forebrain + Hindbrain + Midbrain"
"Fmnl1",TRUE,TRUE,FALSE,"Forebrain + Hindbrain"
"Gm14296",TRUE,TRUE,TRUE,"Forebrain + Hindbrain + Midbrain"
"Gm6182",TRUE,TRUE,TRUE,"Forebrain + Hindbrain + Midbrain"
"Gm9866",TRUE,TRUE,FALSE,"Forebrain + Hindbrain"
"Hdac6",TRUE,TRUE,TRUE,"Forebrain + Hindbrain + Midbrain"
"Hecw2",TRUE,TRUE,FALSE,"Forebrain + Hindbrain"
"Iffo1",TRUE,TRUE,TRUE,"Forebrain + Hindbrain + Midbrain"
"Itga6",TRUE,TRUE,TRUE,"Forebrain + Hindbrain + Midbrain"
"Kctd18",TRUE,TRUE,TRUE,"Forebrain + Hindbrain + Midbrain"
"Kdm4a",TRUE,TRUE,TRUE,"Forebrain + Hindbrain + Midbrain"
"Klhl15",TRUE,TRUE,TRUE,"Forebrain + Hindbrain + Midbrain"
"Meaf6",TRUE,TRUE,TRUE,"Forebrain + Hindbrain + Midbrain"
"Ncam1",TRUE,TRUE,TRUE,"Forebrain + Hindbrain + Midbrain"
"Nmi",TRUE,TRUE,TRUE,"Forebrain + Hindbrain + Midbrain"
"Ntng1",TRUE,TRUE,FALSE,"Forebrain + Hindbrain"
"Osbp2",TRUE,TRUE,TRUE,"Forebrain + Hindbrain + Midbrain"
"Osbpl6",TRUE,TRUE,FALSE,"Forebrain + Hindbrain"
"Pfkp",TRUE,TRUE,TRUE,"Forebrain + Hindbrain + Midbrain"
"Picalm",TRUE,TRUE,TRUE,"Forebrain + Hindbrain + Midbrain"
"Pigc",TRUE,TRUE,TRUE,"Forebrain + Hindbrain + Midbrain"
"Plcd1",TRUE,TRUE,TRUE,"Forebrain + Hindbrain + Midbrain"
"Plch2",TRUE,TRUE,FALSE,"Forebrain + Hindbrain"
"Ppfia2",TRUE,TRUE,FALSE,"Forebrain + Hindbrain"
"Ppp1r16b",TRUE,FALSE,FALSE,"Forebrain only"
"Rab11fip5",TRUE,TRUE,TRUE,"Forebrain + Hindbrain + Midbrain"
"Rad1",TRUE,TRUE,TRUE,"Forebrain + Hindbrain + Midbrain"
"Rbm12",TRUE,TRUE,FALSE,"Forebrain + Hindbrain"
"Rbm39",TRUE,TRUE,FALSE,"Forebrain + Hindbrain"
"Rgs20",TRUE,TRUE,TRUE,"Forebrain + Hindbrain + Midbrain"
"Rnpc3",TRUE,TRUE,TRUE,"Forebrain + Hindbrain + Midbrain"
"Sema4f",TRUE,TRUE,TRUE,"Forebrain + Hindbrain + Midbrain"
"Set",TRUE,TRUE,TRUE,"Forebrain + Hindbrain + Midbrain"
"Sfmbt2",TRUE,TRUE,FALSE,"Forebrain + Hindbrain"
"Slc19a2",TRUE,TRUE,TRUE,"Forebrain + Hindbrain + Midbrain"
"Slc4a4",TRUE,TRUE,FALSE,"Forebrain + Hindbrain"
"Sltm",TRUE,TRUE,FALSE,"Forebrain + Hindbrain"
"Slu7",TRUE,TRUE,TRUE,"Forebrain + Hindbrain + Midbrain"
"Smarca2",TRUE,TRUE,TRUE,"Forebrain + Hindbrain + Midbrain"
"Smarcb1",TRUE,TRUE,TRUE,"Forebrain + Hindbrain + Midbrain"
"Syne1",TRUE,TRUE,TRUE,"Forebrain + Hindbrain + Midbrain"
"Tacc1",TRUE,TRUE,TRUE,"Forebrain + Hindbrain + Midbrain"
"Tbrg4",TRUE,TRUE,TRUE,"Forebrain + Hindbrain + Midbrain"
"Tle3",TRUE,TRUE,TRUE,"Forebrain + Hindbrain + Midbrain"
"Tlk2",TRUE,TRUE,TRUE,"Forebrain + Hindbrain + Midbrain"
"Trp53bp1",TRUE,TRUE,TRUE,"Forebrain + Hindbrain + Midbrain"
"Tulp4",TRUE,TRUE,TRUE,"Forebrain + Hindbrain + Midbrain"
"Tunar",TRUE,TRUE,TRUE,"Forebrain + Hindbrain + Midbrain"
"U2af1",TRUE,TRUE,TRUE,"Forebrain + Hindbrain + Midbrain"
"Usp15",TRUE,TRUE,TRUE,"Forebrain + Hindbrain + Midbrain"
"Zfp865",TRUE,TRUE,FALSE,"Forebrain + Hindbrain"
"Zmynd11",TRUE,TRUE,TRUE,"Forebrain + Hindbrain + Midbrain"
"A330102I10Rik",TRUE,TRUE,FALSE,"Forebrain + Hindbrain"
"Als2",TRUE,TRUE,TRUE,"Forebrain + Hindbrain + Midbrain"
"Ccdc130",TRUE,TRUE,FALSE,"Forebrain + Hindbrain"
"Ccdc157",TRUE,TRUE,FALSE,"Forebrain + Hindbrain"
"Cd82",TRUE,TRUE,TRUE,"Forebrain + Hindbrain + Midbrain"
"Cds2",TRUE,TRUE,TRUE,"Forebrain + Hindbrain + Midbrain"
"Chd6",TRUE,TRUE,FALSE,"Forebrain + Hindbrain"
"Clec4a3",TRUE,TRUE,FALSE,"Forebrain + Hindbrain"
"Cops2",TRUE,TRUE,TRUE,"Forebrain + Hindbrain + Midbrain"
"Dyx1c1",TRUE,TRUE,TRUE,"Forebrain + Hindbrain + Midbrain"
"Emcn",TRUE,TRUE,FALSE,"Forebrain + Hindbrain"
"Ezh2",TRUE,TRUE,TRUE,"Forebrain + Hindbrain + Midbrain"
"Fam221a",TRUE,TRUE,TRUE,"Forebrain + Hindbrain + Midbrain"
"Gm1604b",TRUE,FALSE,TRUE,"Forebrain + Midbrain"
"Gpbp1",TRUE,TRUE,TRUE,"Forebrain + Hindbrain + Midbrain"
"Grm1",TRUE,TRUE,FALSE,"Forebrain + Hindbrain"
"Ikbkb",TRUE,TRUE,TRUE,"Forebrain + Hindbrain + Midbrain"
"Irf7",TRUE,TRUE,FALSE,"Forebrain + Hindbrain"
"Kcnc3",TRUE,TRUE,FALSE,"Forebrain + Hindbrain"
"Kcnd3",TRUE,TRUE,TRUE,"Forebrain + Hindbrain + Midbrain"
"Kcnt1",TRUE,TRUE,FALSE,"Forebrain + Hindbrain"
"Lppr5",TRUE,TRUE,TRUE,"Forebrain + Hindbrain + Midbrain"
"Lrch4",TRUE,TRUE,TRUE,"Forebrain + Hindbrain + Midbrain"
"Lzts3",TRUE,TRUE,TRUE,"Forebrain + Hindbrain + Midbrain"
"Map1a",TRUE,TRUE,FALSE,"Forebrain + Hindbrain"
"Mbnl1",TRUE,TRUE,TRUE,"Forebrain + Hindbrain + Midbrain"
"Mro",TRUE,TRUE,FALSE,"Forebrain + Hindbrain"
"Pan2",TRUE,TRUE,TRUE,"Forebrain + Hindbrain + Midbrain"
"Plcb1",TRUE,TRUE,FALSE,"Forebrain + Hindbrain"
"Plcxd1",TRUE,TRUE,FALSE,"Forebrain + Hindbrain"
"Rnf112",TRUE,TRUE,TRUE,"Forebrain + Hindbrain + Midbrain"
"Sept8",TRUE,TRUE,TRUE,"Forebrain + Hindbrain + Midbrain"
"Slc2a6",TRUE,TRUE,FALSE,"Forebrain + Hindbrain"
"Sra1",TRUE,TRUE,TRUE,"Forebrain + Hindbrain + Midbrain"
"Sytl2",TRUE,TRUE,TRUE,"Forebrain + Hindbrain + Midbrain"
"Taf9b",TRUE,TRUE,TRUE,"Forebrain + Hindbrain + Midbrain"
"Tbce",TRUE,TRUE,TRUE,"Forebrain + Hindbrain + Midbrain"
"Tcf7l2",TRUE,TRUE,TRUE,"Forebrain + Hindbrain + Midbrain"
"Trim24",TRUE,TRUE,TRUE,"Forebrain + Hindbrain + Midbrain"
"1110038B12Rik",TRUE,TRUE,TRUE,"Forebrain + Hindbrain + Midbrain"
"1700102H20Rik",TRUE,TRUE,FALSE,"Forebrain + Hindbrain"
"4930432K21Rik",TRUE,TRUE,FALSE,"Forebrain + Hindbrain"
"6820408C15Rik",TRUE,TRUE,FALSE,"Forebrain + Hindbrain"
"Barhl1",TRUE,TRUE,TRUE,"Forebrain + Hindbrain + Midbrain"
"Capn1",TRUE,TRUE,FALSE,"Forebrain + Hindbrain"
"Ccdc85a",TRUE,TRUE,TRUE,"Forebrain + Hindbrain + Midbrain"
"Cd36",TRUE,TRUE,TRUE,"Forebrain + Hindbrain + Midbrain"
"Cdc45",TRUE,TRUE,TRUE,"Forebrain + Hindbrain + Midbrain"
"Chd5",TRUE,TRUE,TRUE,"Forebrain + Hindbrain + Midbrain"
"Dlk2",TRUE,TRUE,TRUE,"Forebrain + Hindbrain + Midbrain"
"Ephb2",TRUE,TRUE,FALSE,"Forebrain + Hindbrain"
"Fgfr3",TRUE,TRUE,TRUE,"Forebrain + Hindbrain + Midbrain"
"Flcn",TRUE,TRUE,TRUE,"Forebrain + Hindbrain + Midbrain"
"Gm14391",TRUE,TRUE,TRUE,"Forebrain + Hindbrain + Midbrain"
"Gramd4",TRUE,TRUE,TRUE,"Forebrain + Hindbrain + Midbrain"
"l7Rn6",TRUE,TRUE,TRUE,"Forebrain + Hindbrain + Midbrain"
"Lgals3",TRUE,TRUE,TRUE,"Forebrain + Hindbrain + Midbrain"
"Nadk2",TRUE,TRUE,TRUE,"Forebrain + Hindbrain + Midbrain"
"OTTMUSG00000016609",TRUE,FALSE,TRUE,"Forebrain + Midbrain"
"Ppfia1",TRUE,TRUE,TRUE,"Forebrain + Hindbrain + Midbrain"
"Ralgps1",TRUE,TRUE,FALSE,"Forebrain + Hindbrain"
"Rgs19",TRUE,TRUE,FALSE,"Forebrain + Hindbrain"
"Rnase4",TRUE,TRUE,TRUE,"Forebrain + Hindbrain + Midbrain"
"Rpl38",TRUE,TRUE,TRUE,"Forebrain + Hindbrain + Midbrain"
"Serpinb6a",TRUE,TRUE,TRUE,"Forebrain + Hindbrain + Midbrain"
"Spag8",TRUE,TRUE,FALSE,"Forebrain + Hindbrain"
"Stat1",TRUE,TRUE,FALSE,"Forebrain + Hindbrain"
"Strip2",TRUE,TRUE,FALSE,"Forebrain + Hindbrain"
"Syt7",TRUE,TRUE,TRUE,"Forebrain + Hindbrain + Midbrain"
"Tars2",TRUE,TRUE,FALSE,"Forebrain + Hindbrain"
"Tatdn3",TRUE,TRUE,TRUE,"Forebrain + Hindbrain + Midbrain"
"Tmem255b",TRUE,TRUE,FALSE,"Forebrain + Hindbrain"
"Vps37d",TRUE,TRUE,TRUE,"Forebrain + Hindbrain + Midbrain"
"Wdr73",TRUE,TRUE,TRUE,"Forebrain + Hindbrain + Midbrain"
"Zfp790",TRUE,TRUE,FALSE,"Forebrain + Hindbrain"
"Arhgap8",TRUE,TRUE,FALSE,"Forebrain + Hindbrain"
"Camsap3",TRUE,TRUE,TRUE,"Forebrain + Hindbrain + Midbrain"
"Chac2",TRUE,TRUE,FALSE,"Forebrain + Hindbrain"
"Ctnnd1",TRUE,TRUE,TRUE,"Forebrain + Hindbrain + Midbrain"
"Dhrs3",TRUE,TRUE,FALSE,"Forebrain + Hindbrain"
"Dok1",TRUE,TRUE,TRUE,"Forebrain + Hindbrain + Midbrain"
"E2f3",TRUE,TRUE,TRUE,"Forebrain + Hindbrain + Midbrain"
"Ets1",TRUE,TRUE,TRUE,"Forebrain + Hindbrain + Midbrain"
"Fam173a",TRUE,TRUE,TRUE,"Forebrain + Hindbrain + Midbrain"
"Fancb",TRUE,TRUE,FALSE,"Forebrain + Hindbrain"
"Fzd6",TRUE,TRUE,FALSE,"Forebrain + Hindbrain"
"Gss",TRUE,TRUE,FALSE,"Forebrain + Hindbrain"
"Gyltl1b",TRUE,TRUE,FALSE,"Forebrain + Hindbrain"
"Il15",TRUE,TRUE,FALSE,"Forebrain + Hindbrain"
"Kcne3",TRUE,TRUE,TRUE,"Forebrain + Hindbrain + Midbrain"
"Mdm4",TRUE,TRUE,TRUE,"Forebrain + Hindbrain + Midbrain"
"Mospd1",TRUE,TRUE,TRUE,"Forebrain + Hindbrain + Midbrain"
"Mtcl1",TRUE,TRUE,TRUE,"Forebrain + Hindbrain + Midbrain"
"Mthfr",TRUE,TRUE,TRUE,"Forebrain + Hindbrain + Midbrain"
"Myl1",TRUE,TRUE,TRUE,"Forebrain + Hindbrain + Midbrain"
"Nfe2",TRUE,TRUE,FALSE,"Forebrain + Hindbrain"
"Nudt3",TRUE,TRUE,TRUE,"Forebrain + Hindbrain + Midbrain"
"Pitx2",TRUE,TRUE,TRUE,"Forebrain + Hindbrain + Midbrain"
"Sall4",TRUE,TRUE,TRUE,"Forebrain + Hindbrain + Midbrain"
"Tirap",TRUE,TRUE,FALSE,"Forebrain + Hindbrain"
"Tmc6",TRUE,TRUE,FALSE,"Forebrain + Hindbrain"
"Tnnt1",TRUE,TRUE,TRUE,"Forebrain + Hindbrain + Midbrain"
"Ubr2",TRUE,TRUE,FALSE,"Forebrain + Hindbrain"
"Xkr5",TRUE,TRUE,TRUE,"Forebrain + Hindbrain + Midbrain"
"Zbtb21",TRUE,TRUE,FALSE,"Forebrain + Hindbrain"
"Zfp869",TRUE,TRUE,TRUE,"Forebrain + Hindbrain + Midbrain"
"Acp5",TRUE,TRUE,TRUE,"Forebrain + Hindbrain + Midbrain"
"Aebp1",TRUE,TRUE,TRUE,"Forebrain + Hindbrain + Midbrain"
"Ang",TRUE,TRUE,TRUE,"Forebrain + Hindbrain + Midbrain"
"Bace1",TRUE,TRUE,TRUE,"Forebrain + Hindbrain + Midbrain"
"C1qtnf3",TRUE,TRUE,FALSE,"Forebrain + Hindbrain"
"Cep112",TRUE,TRUE,TRUE,"Forebrain + Hindbrain + Midbrain"
"Clec1b",TRUE,TRUE,TRUE,"Forebrain + Hindbrain + Midbrain"
"Cyp2r1",TRUE,TRUE,FALSE,"Forebrain + Hindbrain"
"Ddx17",TRUE,TRUE,TRUE,"Forebrain + Hindbrain + Midbrain"
"Dlg3",TRUE,TRUE,TRUE,"Forebrain + Hindbrain + Midbrain"
"Dnpep",TRUE,TRUE,TRUE,"Forebrain + Hindbrain + Midbrain"
"Fam122b",TRUE,TRUE,TRUE,"Forebrain + Hindbrain + Midbrain"
"Filip1l",TRUE,TRUE,TRUE,"Forebrain + Hindbrain + Midbrain"
"Ggta1",TRUE,TRUE,TRUE,"Forebrain + Hindbrain + Midbrain"
"Gja5",TRUE,TRUE,FALSE,"Forebrain + Hindbrain"
"Gm10409",TRUE,TRUE,TRUE,"Forebrain + Hindbrain + Midbrain"
"Inppl1",TRUE,TRUE,TRUE,"Forebrain + Hindbrain + Midbrain"
"Kctd9",TRUE,TRUE,TRUE,"Forebrain + Hindbrain + Midbrain"
"Kdm3a",TRUE,TRUE,FALSE,"Forebrain + Hindbrain"
"Klc3",TRUE,TRUE,FALSE,"Forebrain + Hindbrain"
"Lyn",TRUE,TRUE,TRUE,"Forebrain + Hindbrain + Midbrain"
"Mknk1",TRUE,TRUE,FALSE,"Forebrain + Hindbrain"
"Myo1c",TRUE,TRUE,TRUE,"Forebrain + Hindbrain + Midbrain"
"Nfatc4",TRUE,TRUE,TRUE,"Forebrain + Hindbrain + Midbrain"
"Pold4",TRUE,TRUE,TRUE,"Forebrain + Hindbrain + Midbrain"
"Ppp2r5c",TRUE,TRUE,TRUE,"Forebrain + Hindbrain + Midbrain"
"Recql",TRUE,TRUE,TRUE,"Forebrain + Hindbrain + Midbrain"
"Rnf4",TRUE,TRUE,TRUE,"Forebrain + Hindbrain + Midbrain"
"Sirt4",TRUE,TRUE,FALSE,"Forebrain + Hindbrain"
"Spast",TRUE,TRUE,TRUE,"Forebrain + Hindbrain + Midbrain"
"Spns2",TRUE,TRUE,FALSE,"Forebrain + Hindbrain"
"Tcirg1",TRUE,TRUE,TRUE,"Forebrain + Hindbrain + Midbrain"
"Tmem87a",TRUE,TRUE,FALSE,"Forebrain + Hindbrain"
"Trim45",TRUE,TRUE,FALSE,"Forebrain + Hindbrain"
"Trim68",TRUE,TRUE,FALSE,"Forebrain + Hindbrain"
"Trip4",TRUE,TRUE,TRUE,"Forebrain + Hindbrain + Midbrain"
"Tspan32",TRUE,TRUE,TRUE,"Forebrain + Hindbrain + Midbrain"
"Ubap2l",TRUE,TRUE,TRUE,"Forebrain + Hindbrain + Midbrain"
"Zfp275",TRUE,TRUE,TRUE,"Forebrain + Hindbrain + Midbrain"
"2010204K13Rik",TRUE,TRUE,TRUE,"Forebrain + Hindbrain + Midbrain"
"Akap2",TRUE,TRUE,TRUE,"Forebrain + Hindbrain + Midbrain"
"Aldh7a1",TRUE,TRUE,TRUE,"Forebrain + Hindbrain + Midbrain"
"Asb7",TRUE,TRUE,FALSE,"Forebrain + Hindbrain"
"Bbs12",TRUE,TRUE,FALSE,"Forebrain + Hindbrain"
"Brip1os",TRUE,TRUE,TRUE,"Forebrain + Hindbrain + Midbrain"
"Bub1",TRUE,TRUE,TRUE,"Forebrain + Hindbrain + Midbrain"
"C130046K22Rik",TRUE,TRUE,TRUE,"Forebrain + Hindbrain + Midbrain"
"Cd40",TRUE,TRUE,TRUE,"Forebrain + Hindbrain + Midbrain"
"Cdc42se1",TRUE,TRUE,TRUE,"Forebrain + Hindbrain + Midbrain"
"Cntrl",TRUE,TRUE,TRUE,"Forebrain + Hindbrain + Midbrain"
"Ctla2a",TRUE,TRUE,TRUE,"Forebrain + Hindbrain + Midbrain"
"Cyfip1",TRUE,TRUE,TRUE,"Forebrain + Hindbrain + Midbrain"
"Dcaf4",TRUE,TRUE,TRUE,"Forebrain + Hindbrain + Midbrain"
"Dhx34",TRUE,TRUE,TRUE,"Forebrain + Hindbrain + Midbrain"
"Dock7",TRUE,TRUE,TRUE,"Forebrain + Hindbrain + Midbrain"
"Dynlt1c",TRUE,TRUE,TRUE,"Forebrain + Hindbrain + Midbrain"
"Dyrk1b",TRUE,TRUE,TRUE,"Forebrain + Hindbrain + Midbrain"
"Fam149b",TRUE,TRUE,TRUE,"Forebrain + Hindbrain + Midbrain"
"Fastkd5",TRUE,TRUE,TRUE,"Forebrain + Hindbrain + Midbrain"
"Fbxl4",TRUE,TRUE,TRUE,"Forebrain + Hindbrain + Midbrain"
"Gm3488",TRUE,TRUE,FALSE,"Forebrain + Hindbrain"
"Gne",TRUE,TRUE,TRUE,"Forebrain + Hindbrain + Midbrain"
"Gpn2",TRUE,TRUE,TRUE,"Forebrain + Hindbrain + Midbrain"
"Hist1h2ap",TRUE,TRUE,TRUE,"Forebrain + Hindbrain + Midbrain"
"Hnrnpm",TRUE,TRUE,TRUE,"Forebrain + Hindbrain + Midbrain"
"Jade3",TRUE,TRUE,TRUE,"Forebrain + Hindbrain + Midbrain"
"Jarid2",TRUE,TRUE,TRUE,"Forebrain + Hindbrain + Midbrain"
"Kif20a",TRUE,TRUE,TRUE,"Forebrain + Hindbrain + Midbrain"
"Limk2",TRUE,TRUE,TRUE,"Forebrain + Hindbrain + Midbrain"
"Lrrc61",TRUE,TRUE,TRUE,"Forebrain + Hindbrain + Midbrain"
"Mad2l2",TRUE,TRUE,TRUE,"Forebrain + Hindbrain + Midbrain"
"Mettl8",TRUE,TRUE,FALSE,"Forebrain + Hindbrain"
"Mfge8",TRUE,TRUE,FALSE,"Forebrain + Hindbrain"
"Mtmr2",TRUE,TRUE,TRUE,"Forebrain + Hindbrain + Midbrain"
"Mtus1",TRUE,TRUE,TRUE,"Forebrain + Hindbrain + Midbrain"
"Naa10",TRUE,TRUE,TRUE,"Forebrain + Hindbrain + Midbrain"
"Naa60",TRUE,TRUE,TRUE,"Forebrain + Hindbrain + Midbrain"
"Ndrg3",TRUE,TRUE,TRUE,"Forebrain + Hindbrain + Midbrain"
"Nfya",TRUE,TRUE,TRUE,"Forebrain + Hindbrain + Midbrain"
"Phactr4",TRUE,TRUE,TRUE,"Forebrain + Hindbrain + Midbrain"
"Phf21a",TRUE,TRUE,TRUE,"Forebrain + Hindbrain + Midbrain"
"Pi4kb",TRUE,TRUE,TRUE,"Forebrain + Hindbrain + Midbrain"
"Plekha6",TRUE,TRUE,TRUE,"Forebrain + Hindbrain + Midbrain"
"Pomc",TRUE,TRUE,TRUE,"Forebrain + Hindbrain + Midbrain"
"Ppp1r18",TRUE,TRUE,TRUE,"Forebrain + Hindbrain + Midbrain"
"Ppp6r3",TRUE,TRUE,TRUE,"Forebrain + Hindbrain + Midbrain"
"Ppt2",TRUE,TRUE,TRUE,"Forebrain + Hindbrain + Midbrain"
"Prkd2",TRUE,TRUE,TRUE,"Forebrain + Hindbrain + Midbrain"
"Pter",TRUE,TRUE,FALSE,"Forebrain + Hindbrain"
"Rnf38",TRUE,TRUE,TRUE,"Forebrain + Hindbrain + Midbrain"
"Slc16a10",TRUE,TRUE,FALSE,"Forebrain + Hindbrain"
"Slit2",TRUE,TRUE,TRUE,"Forebrain + Hindbrain + Midbrain"
"Snrpa",TRUE,TRUE,TRUE,"Forebrain + Hindbrain + Midbrain"
"Snx27",TRUE,TRUE,TRUE,"Forebrain + Hindbrain + Midbrain"
"St7l",TRUE,TRUE,FALSE,"Forebrain + Hindbrain"
"Suz12",TRUE,TRUE,TRUE,"Forebrain + Hindbrain + Midbrain"
"Tead2",TRUE,TRUE,TRUE,"Forebrain + Hindbrain + Midbrain"
"Trp53inp1",TRUE,TRUE,TRUE,"Forebrain + Hindbrain + Midbrain"
"Unc13b",TRUE,TRUE,FALSE,"Forebrain + Hindbrain"
"Vill",TRUE,TRUE,FALSE,"Forebrain + Hindbrain"
"Wwp1",TRUE,TRUE,TRUE,"Forebrain + Hindbrain + Midbrain"
"Yars2",TRUE,TRUE,TRUE,"Forebrain + Hindbrain + Midbrain"
"Zeb2",TRUE,TRUE,TRUE,"Forebrain + Hindbrain + Midbrain"
"Zfp266",TRUE,TRUE,TRUE,"Forebrain + Hindbrain + Midbrain"
"Zfp451",TRUE,TRUE,TRUE,"Forebrain + Hindbrain + Midbrain"
"Zfp708",TRUE,TRUE,TRUE,"Forebrain + Hindbrain + Midbrain"
"5730507C01Rik",TRUE,TRUE,FALSE,"Forebrain + Hindbrain"
"A230072C01Rik",TRUE,FALSE,TRUE,"Forebrain + Midbrain"
"Acsl4",TRUE,TRUE,TRUE,"Forebrain + Hindbrain + Midbrain"
"Adar",TRUE,TRUE,TRUE,"Forebrain + Hindbrain + Midbrain"
"Asic1",TRUE,TRUE,FALSE,"Forebrain + Hindbrain"
"Bdh2",TRUE,TRUE,TRUE,"Forebrain + Hindbrain + Midbrain"
"Brd8",TRUE,TRUE,TRUE,"Forebrain + Hindbrain + Midbrain"
"Cap1",TRUE,TRUE,FALSE,"Forebrain + Hindbrain"
"Cebpzos",TRUE,TRUE,TRUE,"Forebrain + Hindbrain + Midbrain"
"Dcaf17",TRUE,TRUE,TRUE,"Forebrain + Hindbrain + Midbrain"
"Dctn6",TRUE,TRUE,TRUE,"Forebrain + Hindbrain + Midbrain"
"Enah",TRUE,TRUE,TRUE,"Forebrain + Hindbrain + Midbrain"
"Endov",TRUE,TRUE,TRUE,"Forebrain + Hindbrain + Midbrain"
"Glb1",TRUE,TRUE,TRUE,"Forebrain + Hindbrain + Midbrain"
"Gm10033",TRUE,TRUE,TRUE,"Forebrain + Hindbrain + Midbrain"
"Gm14288",TRUE,TRUE,TRUE,"Forebrain + Hindbrain + Midbrain"
"Gm3383",TRUE,TRUE,TRUE,"Forebrain + Hindbrain + Midbrain"
"Gng12",TRUE,TRUE,TRUE,"Forebrain + Hindbrain + Midbrain"
"Hmgn3",TRUE,TRUE,TRUE,"Forebrain + Hindbrain + Midbrain"
"Hspa2",TRUE,TRUE,TRUE,"Forebrain + Hindbrain + Midbrain"
"Irf9",TRUE,TRUE,TRUE,"Forebrain + Hindbrain + Midbrain"
"Lrfn1",TRUE,TRUE,TRUE,"Forebrain + Hindbrain + Midbrain"
"Madd",TRUE,TRUE,TRUE,"Forebrain + Hindbrain + Midbrain"
"Med23",TRUE,TRUE,TRUE,"Forebrain + Hindbrain + Midbrain"
"Mgll",TRUE,TRUE,TRUE,"Forebrain + Hindbrain + Midbrain"
"Midn",TRUE,TRUE,TRUE,"Forebrain + Hindbrain + Midbrain"
"Mturn",TRUE,TRUE,TRUE,"Forebrain + Hindbrain + Midbrain"
"Nagpa",TRUE,TRUE,TRUE,"Forebrain + Hindbrain + Midbrain"
"Ost4",TRUE,TRUE,TRUE,"Forebrain + Hindbrain + Midbrain"
"Pear1",TRUE,TRUE,TRUE,"Forebrain + Hindbrain + Midbrain"
"Ppp1r1c",TRUE,TRUE,FALSE,"Forebrain + Hindbrain"
"Ptbp3",TRUE,TRUE,FALSE,"Forebrain + Hindbrain"
"Pxn",TRUE,TRUE,TRUE,"Forebrain + Hindbrain + Midbrain"
"Rbpms",TRUE,TRUE,TRUE,"Forebrain + Hindbrain + Midbrain"
"Rfesd",TRUE,TRUE,TRUE,"Forebrain + Hindbrain + Midbrain"
"Rnf130",TRUE,TRUE,TRUE,"Forebrain + Hindbrain + Midbrain"
"Rnls",TRUE,TRUE,TRUE,"Forebrain + Hindbrain + Midbrain"
"Scg3",TRUE,TRUE,FALSE,"Forebrain + Hindbrain"
"Sec23b",TRUE,TRUE,TRUE,"Forebrain + Hindbrain + Midbrain"
"Slc38a1",TRUE,TRUE,TRUE,"Forebrain + Hindbrain + Midbrain"
"Sptan1",TRUE,TRUE,TRUE,"Forebrain + Hindbrain + Midbrain"
"St6gal1",TRUE,TRUE,FALSE,"Forebrain + Hindbrain"
"Szrd1",TRUE,TRUE,TRUE,"Forebrain + Hindbrain + Midbrain"
"Tarbp2",TRUE,TRUE,TRUE,"Forebrain + Hindbrain + Midbrain"
"Tbc1d5",TRUE,TRUE,TRUE,"Forebrain + Hindbrain + Midbrain"
"Tnni1",TRUE,TRUE,FALSE,"Forebrain + Hindbrain"
"Trub2",TRUE,TRUE,TRUE,"Forebrain + Hindbrain + Midbrain"
"Tti2",TRUE,TRUE,FALSE,"Forebrain + Hindbrain"
"Uhrf1",TRUE,TRUE,TRUE,"Forebrain + Hindbrain + Midbrain"
"Usp33",TRUE,TRUE,TRUE,"Forebrain + Hindbrain + Midbrain"
"Vwa8",TRUE,TRUE,FALSE,"Forebrain + Hindbrain"
"Xpo1",TRUE,TRUE,TRUE,"Forebrain + Hindbrain + Midbrain"
"Yeats2",TRUE,TRUE,TRUE,"Forebrain + Hindbrain + Midbrain"
"AB124611",TRUE,TRUE,TRUE,"Forebrain + Hindbrain + Midbrain"
"Alg12",TRUE,TRUE,TRUE,"Forebrain + Hindbrain + Midbrain"
"Apaf1",TRUE,TRUE,FALSE,"Forebrain + Hindbrain"
"Arfrp1",TRUE,TRUE,TRUE,"Forebrain + Hindbrain + Midbrain"
"C030006K11Rik",TRUE,TRUE,TRUE,"Forebrain + Hindbrain + Midbrain"
"Col2a1",TRUE,TRUE,TRUE,"Forebrain + Hindbrain + Midbrain"
"Dcun1d3",TRUE,TRUE,FALSE,"Forebrain + Hindbrain"
"E2f1",TRUE,TRUE,FALSE,"Forebrain + Hindbrain"
"Galnt1",TRUE,TRUE,TRUE,"Forebrain + Hindbrain + Midbrain"
"Gp1bb",TRUE,TRUE,TRUE,"Forebrain + Hindbrain + Midbrain"
"Icmt",TRUE,TRUE,TRUE,"Forebrain + Hindbrain + Midbrain"
"Lpar1",TRUE,TRUE,TRUE,"Forebrain + Hindbrain + Midbrain"
"Mdfi",TRUE,TRUE,TRUE,"Forebrain + Hindbrain + Midbrain"
"Nip7",TRUE,TRUE,FALSE,"Forebrain + Hindbrain"
"Nipbl",TRUE,TRUE,TRUE,"Forebrain + Hindbrain + Midbrain"
"Per1",TRUE,TRUE,FALSE,"Forebrain + Hindbrain"
"Pgf",TRUE,TRUE,TRUE,"Forebrain + Hindbrain + Midbrain"
"Pigv",TRUE,TRUE,TRUE,"Forebrain + Hindbrain + Midbrain"
"Polr3d",TRUE,TRUE,TRUE,"Forebrain + Hindbrain + Midbrain"
"Prrc2a",TRUE,TRUE,FALSE,"Forebrain + Hindbrain"
"Radil",TRUE,TRUE,TRUE,"Forebrain + Hindbrain + Midbrain"
"Rnf20",TRUE,TRUE,TRUE,"Forebrain + Hindbrain + Midbrain"
"Sirpa",TRUE,TRUE,TRUE,"Forebrain + Hindbrain + Midbrain"
"Sox17",TRUE,TRUE,FALSE,"Forebrain + Hindbrain"
"Sphk2",TRUE,TRUE,TRUE,"Forebrain + Hindbrain + Midbrain"
"Tgif1",TRUE,TRUE,TRUE,"Forebrain + Hindbrain + Midbrain"
"Tmem216",TRUE,TRUE,TRUE,"Forebrain + Hindbrain + Midbrain"
"Tspan33",TRUE,TRUE,FALSE,"Forebrain + Hindbrain"
"Tyk2",TRUE,TRUE,TRUE,"Forebrain + Hindbrain + Midbrain"
"Zc3h18",TRUE,TRUE,TRUE,"Forebrain + Hindbrain + Midbrain"
"Zfp239",TRUE,TRUE,TRUE,"Forebrain + Hindbrain + Midbrain"
"Zscan22",TRUE,TRUE,TRUE,"Forebrain + Hindbrain + Midbrain"
"1700019G17Rik",TRUE,TRUE,TRUE,"Forebrain + Hindbrain + Midbrain"
"4930451G09Rik",TRUE,TRUE,FALSE,"Forebrain + Hindbrain"
"A930004D18Rik",TRUE,TRUE,TRUE,"Forebrain + Hindbrain + Midbrain"
"AI846148",TRUE,TRUE,TRUE,"Forebrain + Hindbrain + Midbrain"
"Caprin2",TRUE,TRUE,TRUE,"Forebrain + Hindbrain + Midbrain"
"Carm1",TRUE,TRUE,TRUE,"Forebrain + Hindbrain + Midbrain"
"Cd99l2",TRUE,TRUE,TRUE,"Forebrain + Hindbrain + Midbrain"
"Creb3l4",TRUE,TRUE,TRUE,"Forebrain + Hindbrain + Midbrain"
"Dhrs7b",TRUE,TRUE,FALSE,"Forebrain + Hindbrain"
"Disp1",TRUE,TRUE,TRUE,"Forebrain + Hindbrain + Midbrain"
"Fam208a",TRUE,TRUE,TRUE,"Forebrain + Hindbrain + Midbrain"
"Glmn",TRUE,TRUE,TRUE,"Forebrain + Hindbrain + Midbrain"
"Gtse1",TRUE,TRUE,FALSE,"Forebrain + Hindbrain"
"Hfm1",TRUE,TRUE,FALSE,"Forebrain + Hindbrain"
"Hus1",TRUE,TRUE,TRUE,"Forebrain + Hindbrain + Midbrain"
"Josd2",TRUE,FALSE,FALSE,"Forebrain only"
"Kcnn4",TRUE,TRUE,FALSE,"Forebrain + Hindbrain"
"Lgals8",TRUE,TRUE,TRUE,"Forebrain + Hindbrain + Midbrain"
"Mrpl1",TRUE,TRUE,TRUE,"Forebrain + Hindbrain + Midbrain"
"Nhsl1",TRUE,TRUE,TRUE,"Forebrain + Hindbrain + Midbrain"
"Pdik1l",TRUE,TRUE,TRUE,"Forebrain + Hindbrain + Midbrain"
"Phldb2",TRUE,TRUE,TRUE,"Forebrain + Hindbrain + Midbrain"
"Pkp4",TRUE,TRUE,TRUE,"Forebrain + Hindbrain + Midbrain"
"Pnpla6",TRUE,TRUE,TRUE,"Forebrain + Hindbrain + Midbrain"
"Polg2",TRUE,TRUE,FALSE,"Forebrain + Hindbrain"
"Rai14",TRUE,TRUE,TRUE,"Forebrain + Hindbrain + Midbrain"
"Rbmxl1",TRUE,TRUE,FALSE,"Forebrain + Hindbrain"
"Rfx2",TRUE,TRUE,TRUE,"Forebrain + Hindbrain + Midbrain"
"Samhd1",TRUE,TRUE,TRUE,"Forebrain + Hindbrain + Midbrain"
"Sapcd1",TRUE,TRUE,FALSE,"Forebrain + Hindbrain"
"Sema4d",TRUE,TRUE,TRUE,"Forebrain + Hindbrain + Midbrain"
"Spred1",TRUE,TRUE,TRUE,"Forebrain + Hindbrain + Midbrain"
"Tjp3",TRUE,TRUE,TRUE,"Forebrain + Hindbrain + Midbrain"
"Tpbg",TRUE,TRUE,TRUE,"Forebrain + Hindbrain + Midbrain"
"Tpm2",TRUE,TRUE,TRUE,"Forebrain + Hindbrain + Midbrain"
"Tpx2",TRUE,TRUE,TRUE,"Forebrain + Hindbrain + Midbrain"
"Zfand2a",TRUE,TRUE,TRUE,"Forebrain + Hindbrain + Midbrain"
"Zfp414",TRUE,TRUE,TRUE,"Forebrain + Hindbrain + Midbrain"
"Zfp661",TRUE,TRUE,TRUE,"Forebrain + Hindbrain + Midbrain"
"Zfp691",TRUE,TRUE,FALSE,"Forebrain + Hindbrain"
"Atxn7l1",TRUE,TRUE,TRUE,"Forebrain + Hindbrain + Midbrain"
"Cntln",TRUE,TRUE,FALSE,"Forebrain + Hindbrain"
"Cpeb4",TRUE,TRUE,TRUE,"Forebrain + Hindbrain + Midbrain"
"Ctc1",TRUE,TRUE,TRUE,"Forebrain + Hindbrain + Midbrain"
"Gm14440",TRUE,FALSE,TRUE,"Forebrain + Midbrain"
"Gnas",TRUE,TRUE,TRUE,"Forebrain + Hindbrain + Midbrain"
"Gps1",TRUE,TRUE,FALSE,"Forebrain + Hindbrain"
"Hdac5",TRUE,TRUE,TRUE,"Forebrain + Hindbrain + Midbrain"
"Lox",TRUE,TRUE,TRUE,"Forebrain + Hindbrain + Midbrain"
"Mme",TRUE,TRUE,FALSE,"Forebrain + Hindbrain"
"Mocs1",TRUE,TRUE,FALSE,"Forebrain + Hindbrain"
"Nat2",TRUE,TRUE,TRUE,"Forebrain + Hindbrain + Midbrain"
"Nxt2",TRUE,TRUE,TRUE,"Forebrain + Hindbrain + Midbrain"
"Otx2",TRUE,TRUE,FALSE,"Forebrain + Hindbrain"
"Phf21b",TRUE,TRUE,TRUE,"Forebrain + Hindbrain + Midbrain"
"Ppp3cc",TRUE,TRUE,TRUE,"Forebrain + Hindbrain + Midbrain"
"Prrx1",TRUE,TRUE,FALSE,"Forebrain + Hindbrain"
"Rfxank",TRUE,TRUE,TRUE,"Forebrain + Hindbrain + Midbrain"
"S100a9",TRUE,TRUE,TRUE,"Forebrain + Hindbrain + Midbrain"
"Scube1",TRUE,TRUE,FALSE,"Forebrain + Hindbrain"
"Sec24a",TRUE,TRUE,TRUE,"Forebrain + Hindbrain + Midbrain"
"Senp3",TRUE,TRUE,TRUE,"Forebrain + Hindbrain + Midbrain"
"Slc30a4",TRUE,TRUE,TRUE,"Forebrain + Hindbrain + Midbrain"
"Stx5a",TRUE,TRUE,TRUE,"Forebrain + Hindbrain + Midbrain"
"Tiam1",TRUE,TRUE,FALSE,"Forebrain + Hindbrain"
"Trmt1",TRUE,TRUE,TRUE,"Forebrain + Hindbrain + Midbrain"
"Troap",TRUE,TRUE,FALSE,"Forebrain + Hindbrain"
"Uckl1os",TRUE,TRUE,TRUE,"Forebrain + Hindbrain + Midbrain"
"Usp45",TRUE,TRUE,FALSE,"Forebrain + Hindbrain"
"Zeb2os",TRUE,TRUE,FALSE,"Forebrain + Hindbrain"
"Zfp169",TRUE,TRUE,TRUE,"Forebrain + Hindbrain + Midbrain"
"Zfp764",TRUE,TRUE,TRUE,"Forebrain + Hindbrain + Midbrain"
"0610010B08Rik",TRUE,TRUE,FALSE,"Forebrain + Hindbrain"
"Ascc1",TRUE,TRUE,TRUE,"Forebrain + Hindbrain + Midbrain"
"B3gnt9",TRUE,TRUE,TRUE,"Forebrain + Hindbrain + Midbrain"
"Bcap29",TRUE,TRUE,TRUE,"Forebrain + Hindbrain + Midbrain"
"Brsk1",TRUE,TRUE,TRUE,"Forebrain + Hindbrain + Midbrain"
"Brsk2",TRUE,TRUE,TRUE,"Forebrain + Hindbrain + Midbrain"
"C1qtnf6",TRUE,TRUE,TRUE,"Forebrain + Hindbrain + Midbrain"
"Cbfa2t2",TRUE,TRUE,FALSE,"Forebrain + Hindbrain"
"Cbwd1",TRUE,FALSE,TRUE,"Forebrain + Midbrain"
"Ccne2",TRUE,TRUE,TRUE,"Forebrain + Hindbrain + Midbrain"
"Cep55",TRUE,TRUE,TRUE,"Forebrain + Hindbrain + Midbrain"
"Cmc4",TRUE,TRUE,TRUE,"Forebrain + Hindbrain + Midbrain"
"D17Wsu92e",TRUE,TRUE,TRUE,"Forebrain + Hindbrain + Midbrain"
"Depdc1a",TRUE,TRUE,TRUE,"Forebrain + Hindbrain + Midbrain"
"Dlg5",TRUE,TRUE,TRUE,"Forebrain + Hindbrain + Midbrain"
"Dnajc28",TRUE,TRUE,TRUE,"Forebrain + Hindbrain + Midbrain"
"Fam65b",TRUE,TRUE,TRUE,"Forebrain + Hindbrain + Midbrain"
"Fam78b",TRUE,TRUE,TRUE,"Forebrain + Hindbrain + Midbrain"
"Fcho1",TRUE,TRUE,TRUE,"Forebrain + Hindbrain + Midbrain"
"Glra1",TRUE,TRUE,FALSE,"Forebrain + Hindbrain"
"Gm13483",TRUE,TRUE,TRUE,"Forebrain + Hindbrain + Midbrain"
"Jmjd1c",TRUE,TRUE,FALSE,"Forebrain + Hindbrain"
"Lsr",TRUE,FALSE,TRUE,"Forebrain + Midbrain"
"Map3k12",TRUE,TRUE,TRUE,"Forebrain + Hindbrain + Midbrain"
"Mon2",TRUE,TRUE,TRUE,"Forebrain + Hindbrain + Midbrain"
"Mthfd1l",TRUE,FALSE,TRUE,"Forebrain + Midbrain"
"Nol4",TRUE,TRUE,TRUE,"Forebrain + Hindbrain + Midbrain"
"Nqo2",TRUE,TRUE,TRUE,"Forebrain + Hindbrain + Midbrain"
"Nrxn1",TRUE,TRUE,FALSE,"Forebrain + Hindbrain"
"Palb2",TRUE,FALSE,TRUE,"Forebrain + Midbrain"
"Pcdh8",TRUE,TRUE,TRUE,"Forebrain + Hindbrain + Midbrain"
"Pth1r",TRUE,TRUE,TRUE,"Forebrain + Hindbrain + Midbrain"
"Pus10",TRUE,TRUE,TRUE,"Forebrain + Hindbrain + Midbrain"
"Ripk3",TRUE,TRUE,FALSE,"Forebrain + Hindbrain"
"Sema3a",TRUE,TRUE,TRUE,"Forebrain + Hindbrain + Midbrain"
"Spata24",TRUE,FALSE,TRUE,"Forebrain + Midbrain"
"Tcf20",TRUE,TRUE,TRUE,"Forebrain + Hindbrain + Midbrain"
"Tmtc3",TRUE,TRUE,TRUE,"Forebrain + Hindbrain + Midbrain"
"Tnfaip8",TRUE,FALSE,TRUE,"Forebrain + Midbrain"
"Tsku",TRUE,TRUE,TRUE,"Forebrain + Hindbrain + Midbrain"
"Ugp2",TRUE,TRUE,TRUE,"Forebrain + Hindbrain + Midbrain"
"Wdr53",TRUE,FALSE,TRUE,"Forebrain + Midbrain"
"Zfp384",TRUE,TRUE,FALSE,"Forebrain + Hindbrain"
"Zfp60",TRUE,TRUE,TRUE,"Forebrain + Hindbrain + Midbrain"
"Zfx",TRUE,FALSE,FALSE,"Forebrain only"
"A130010J15Rik",TRUE,TRUE,TRUE,"Forebrain + Hindbrain + Midbrain"
"Cryab",TRUE,TRUE,TRUE,"Forebrain + Hindbrain + Midbrain"
"Ddit3",TRUE,TRUE,TRUE,"Forebrain + Hindbrain + Midbrain"
"Dst",TRUE,TRUE,FALSE,"Forebrain + Hindbrain"
"E130218I03Rik",TRUE,TRUE,FALSE,"Forebrain + Hindbrain"
"Edil3",TRUE,TRUE,FALSE,"Forebrain + Hindbrain"
"Gpank1",TRUE,TRUE,TRUE,"Forebrain + Hindbrain + Midbrain"
"Nudt6",TRUE,TRUE,FALSE,"Forebrain + Hindbrain"
"Rbm41",TRUE,TRUE,TRUE,"Forebrain + Hindbrain + Midbrain"
"Rfx4",TRUE,TRUE,FALSE,"Forebrain + Hindbrain"
"Shoc2",TRUE,TRUE,FALSE,"Forebrain + Hindbrain"
"Ssh2",TRUE,TRUE,TRUE,"Forebrain + Hindbrain + Midbrain"
"Suds3",TRUE,TRUE,TRUE,"Forebrain + Hindbrain + Midbrain"
"Thsd1",TRUE,TRUE,TRUE,"Forebrain + Hindbrain + Midbrain"
"Tmem2",TRUE,TRUE,TRUE,"Forebrain + Hindbrain + Midbrain"
"Vegfa",TRUE,TRUE,TRUE,"Forebrain + Hindbrain + Midbrain"
"Zdhhc12",TRUE,TRUE,FALSE,"Forebrain + Hindbrain"
"Zfp280c",TRUE,TRUE,TRUE,"Forebrain + Hindbrain + Midbrain"
"Atp5j",TRUE,TRUE,TRUE,"Forebrain + Hindbrain + Midbrain"
"Cep57l1",TRUE,TRUE,TRUE,"Forebrain + Hindbrain + Midbrain"
"Cln3",TRUE,TRUE,TRUE,"Forebrain + Hindbrain + Midbrain"
"Commd6",TRUE,TRUE,TRUE,"Forebrain + Hindbrain + Midbrain"
"Pard3",TRUE,TRUE,TRUE,"Forebrain + Hindbrain + Midbrain"
"Polr2d",TRUE,TRUE,TRUE,"Forebrain + Hindbrain + Midbrain"
"Renbp",TRUE,TRUE,TRUE,"Forebrain + Hindbrain + Midbrain"
"Rita1",TRUE,TRUE,FALSE,"Forebrain + Hindbrain"
"Tmem164",TRUE,TRUE,TRUE,"Forebrain + Hindbrain + Midbrain"
"Tnip1",TRUE,TRUE,TRUE,"Forebrain + Hindbrain + Midbrain"
"Ttc21b",TRUE,TRUE,FALSE,"Forebrain + Hindbrain"
"Atg7",TRUE,TRUE,TRUE,"Forebrain + Hindbrain + Midbrain"
"Col4a5",TRUE,TRUE,FALSE,"Forebrain + Hindbrain"
"Cspg5",TRUE,TRUE,TRUE,"Forebrain + Hindbrain + Midbrain"
"Gab1",TRUE,TRUE,TRUE,"Forebrain + Hindbrain + Midbrain"
"Ghrl",TRUE,TRUE,FALSE,"Forebrain + Hindbrain"
"Gm16973",TRUE,TRUE,TRUE,"Forebrain + Hindbrain + Midbrain"
"Kat2a",TRUE,TRUE,TRUE,"Forebrain + Hindbrain + Midbrain"
"Lifr",TRUE,TRUE,FALSE,"Forebrain + Hindbrain"
"Map7d1",TRUE,TRUE,TRUE,"Forebrain + Hindbrain + Midbrain"
"Rc3h2",TRUE,TRUE,TRUE,"Forebrain + Hindbrain + Midbrain"
"Senp8",TRUE,TRUE,FALSE,"Forebrain + Hindbrain"
"Susd6",TRUE,TRUE,TRUE,"Forebrain + Hindbrain + Midbrain"
"Synj2bp-cox16",TRUE,TRUE,TRUE,"Forebrain + Hindbrain + Midbrain"
"Wash1",TRUE,TRUE,TRUE,"Forebrain + Hindbrain + Midbrain"
"Aebp2",TRUE,TRUE,TRUE,"Forebrain + Hindbrain + Midbrain"
"Ankrd40",TRUE,TRUE,TRUE,"Forebrain + Hindbrain + Midbrain"
"Astn1",TRUE,TRUE,FALSE,"Forebrain + Hindbrain"
"Cutc",TRUE,TRUE,TRUE,"Forebrain + Hindbrain + Midbrain"
"Cwc22",TRUE,TRUE,TRUE,"Forebrain + Hindbrain + Midbrain"
"E130006D01Rik",TRUE,TRUE,TRUE,"Forebrain + Hindbrain + Midbrain"
"Lrrc28",TRUE,TRUE,TRUE,"Forebrain + Hindbrain + Midbrain"
"Plac9b",TRUE,TRUE,TRUE,"Forebrain + Hindbrain + Midbrain"
"Sec22c",TRUE,TRUE,TRUE,"Forebrain + Hindbrain + Midbrain"
"Slain2",TRUE,TRUE,TRUE,"Forebrain + Hindbrain + Midbrain"
"Adam9",TRUE,TRUE,FALSE,"Forebrain + Hindbrain"
"Atp2b4",TRUE,TRUE,FALSE,"Forebrain + Hindbrain"
"Cacna1g",TRUE,TRUE,FALSE,"Forebrain + Hindbrain"
"Cnnm2",TRUE,TRUE,TRUE,"Forebrain + Hindbrain + Midbrain"
"Cyld",TRUE,TRUE,TRUE,"Forebrain + Hindbrain + Midbrain"
"Dnajc1",TRUE,TRUE,FALSE,"Forebrain + Hindbrain"
"Gal3st1",TRUE,TRUE,FALSE,"Forebrain + Hindbrain"
"Gm6710",TRUE,TRUE,TRUE,"Forebrain + Hindbrain + Midbrain"
"Gria3",TRUE,TRUE,TRUE,"Forebrain + Hindbrain + Midbrain"
"Kantr",TRUE,TRUE,TRUE,"Forebrain + Hindbrain + Midbrain"
"Mbd5",TRUE,TRUE,FALSE,"Forebrain + Hindbrain"
"Pianp",TRUE,TRUE,TRUE,"Forebrain + Hindbrain + Midbrain"
"Ppm1h",TRUE,TRUE,TRUE,"Forebrain + Hindbrain + Midbrain"
"Prrg1",TRUE,TRUE,TRUE,"Forebrain + Hindbrain + Midbrain"
"Rcc1",TRUE,TRUE,FALSE,"Forebrain + Hindbrain"
"Setdb1",TRUE,TRUE,FALSE,"Forebrain + Hindbrain"
"Slc12a6",TRUE,TRUE,FALSE,"Forebrain + Hindbrain"
"Sphk1",TRUE,TRUE,TRUE,"Forebrain + Hindbrain + Midbrain"
"Terf1",TRUE,TRUE,TRUE,"Forebrain + Hindbrain + Midbrain"
"Trappc8",TRUE,TRUE,TRUE,"Forebrain + Hindbrain + Midbrain"
"Ubr3",TRUE,TRUE,TRUE,"Forebrain + Hindbrain + Midbrain"
"Vps25",TRUE,TRUE,TRUE,"Forebrain + Hindbrain + Midbrain"
"Wars",TRUE,TRUE,TRUE,"Forebrain + Hindbrain + Midbrain"
"Wdr33",TRUE,FALSE,TRUE,"Forebrain + Midbrain"
"Zfp827",TRUE,TRUE,TRUE,"Forebrain + Hindbrain + Midbrain"
"1110020A21Rik",TRUE,TRUE,TRUE,"Forebrain + Hindbrain + Midbrain"
"BC024978",TRUE,TRUE,TRUE,"Forebrain + Hindbrain + Midbrain"
"Ftsj1",TRUE,TRUE,FALSE,"Forebrain + Hindbrain"
"Hars2",TRUE,TRUE,FALSE,"Forebrain + Hindbrain"
"Hectd2",TRUE,TRUE,TRUE,"Forebrain + Hindbrain + Midbrain"
"Slc10a3",TRUE,TRUE,TRUE,"Forebrain + Hindbrain + Midbrain"
"Tnfrsf18",TRUE,TRUE,TRUE,"Forebrain + Hindbrain + Midbrain"
"Xist",TRUE,TRUE,TRUE,"Forebrain + Hindbrain + Midbrain"
"Ccdc166",TRUE,TRUE,FALSE,"Forebrain + Hindbrain"
"Gzmm",TRUE,TRUE,FALSE,"Forebrain + Hindbrain"
"Kif9",TRUE,TRUE,FALSE,"Forebrain + Hindbrain"
"Lrch1",TRUE,TRUE,FALSE,"Forebrain + Hindbrain"
"Orc3",TRUE,TRUE,FALSE,"Forebrain + Hindbrain"
"Pogz",TRUE,TRUE,FALSE,"Forebrain + Hindbrain"
"Ppp6r2",TRUE,TRUE,FALSE,"Forebrain + Hindbrain"
"Pygo2",TRUE,TRUE,TRUE,"Forebrain + Hindbrain + Midbrain"
"Rad51b",TRUE,TRUE,FALSE,"Forebrain + Hindbrain"
"Tnpo1",TRUE,TRUE,TRUE,"Forebrain + Hindbrain + Midbrain"
"Tuft1",TRUE,TRUE,TRUE,"Forebrain + Hindbrain + Midbrain"
"Vsx2",TRUE,TRUE,FALSE,"Forebrain + Hindbrain"
"Zfp141",TRUE,TRUE,TRUE,"Forebrain + Hindbrain + Midbrain"
"Cntfr",TRUE,TRUE,TRUE,"Forebrain + Hindbrain + Midbrain"
"Degs2",TRUE,TRUE,FALSE,"Forebrain + Hindbrain"
"Gspt1",TRUE,TRUE,FALSE,"Forebrain + Hindbrain"
"Lig3",TRUE,TRUE,TRUE,"Forebrain + Hindbrain + Midbrain"
"Pdzd4",TRUE,TRUE,FALSE,"Forebrain + Hindbrain"
"Cic",TRUE,TRUE,FALSE,"Forebrain + Hindbrain"
"Esrrb",TRUE,TRUE,FALSE,"Forebrain + Hindbrain"
"Lrtm2",TRUE,TRUE,FALSE,"Forebrain + Hindbrain"
"Nrn1l",TRUE,TRUE,TRUE,"Forebrain + Hindbrain + Midbrain"
"Skap1",TRUE,TRUE,FALSE,"Forebrain + Hindbrain"
"Zfp120",TRUE,TRUE,FALSE,"Forebrain + Hindbrain"
"Zfp647",TRUE,TRUE,TRUE,"Forebrain + Hindbrain + Midbrain"
"2210408F21Rik",TRUE,TRUE,TRUE,"Forebrain + Hindbrain + Midbrain"
"Cd68",TRUE,TRUE,TRUE,"Forebrain + Hindbrain + Midbrain"
"Cebpb",TRUE,TRUE,TRUE,"Forebrain + Hindbrain + Midbrain"
"Cgn",TRUE,TRUE,FALSE,"Forebrain + Hindbrain"
"Rorb",TRUE,TRUE,TRUE,"Forebrain + Hindbrain + Midbrain"
"Stx11",TRUE,TRUE,FALSE,"Forebrain + Hindbrain"
"Bcl11b",TRUE,TRUE,FALSE,"Forebrain + Hindbrain"
"Car12",TRUE,TRUE,FALSE,"Forebrain + Hindbrain"
"Agbl4",TRUE,TRUE,TRUE,"Forebrain + Hindbrain + Midbrain"
"Eva1c",TRUE,TRUE,FALSE,"Forebrain + Hindbrain"
"Isg20",TRUE,TRUE,FALSE,"Forebrain + Hindbrain"
"Gm3317",FALSE,TRUE,FALSE,"Hindbrain only"
"Klhl4",FALSE,TRUE,TRUE,"Hindbrain + Midbrain"
"Hck",FALSE,TRUE,TRUE,"Hindbrain + Midbrain"
"Ctbp1",FALSE,TRUE,FALSE,"Hindbrain only"
"Gm3448",FALSE,TRUE,FALSE,"Hindbrain only"
"Cadm2",FALSE,TRUE,FALSE,"Hindbrain only"
"Tmem254a",FALSE,TRUE,TRUE,"Hindbrain + Midbrain"
"1110017D15Rik",FALSE,FALSE,TRUE,"Midbrain only"
"2210408I21Rik",FALSE,FALSE,TRUE,"Midbrain only"
"Ap1m2",FALSE,FALSE,TRUE,"Midbrain only"
"Apoe",FALSE,FALSE,TRUE,"Midbrain only"
"Asb8",FALSE,FALSE,TRUE,"Midbrain only"
"Btbd6",FALSE,FALSE,TRUE,"Midbrain only"
"Cbfb",FALSE,FALSE,TRUE,"Midbrain only"
"Ccdc109b",FALSE,FALSE,TRUE,"Midbrain only"
"Ccdc77",FALSE,FALSE,TRUE,"Midbrain only"
"Cdc37l1",FALSE,FALSE,TRUE,"Midbrain only"
"Cdkn2c",FALSE,FALSE,TRUE,"Midbrain only"
"Cdpf1",FALSE,FALSE,TRUE,"Midbrain only"
"Cops7a",FALSE,FALSE,TRUE,"Midbrain only"
"Cpne1",FALSE,FALSE,TRUE,"Midbrain only"
"Crbn",FALSE,FALSE,TRUE,"Midbrain only"
"Crybb3",FALSE,FALSE,TRUE,"Midbrain only"
"Csrp2bp",FALSE,FALSE,TRUE,"Midbrain only"
"Cuedc1",FALSE,FALSE,TRUE,"Midbrain only"
"D130020L05Rik",FALSE,FALSE,TRUE,"Midbrain only"
"Dach1",FALSE,FALSE,TRUE,"Midbrain only"
"Dag1",FALSE,FALSE,TRUE,"Midbrain only"
"Dis3l",FALSE,FALSE,TRUE,"Midbrain only"
"Dlx5",FALSE,FALSE,TRUE,"Midbrain only"
"Dnajb6",FALSE,FALSE,TRUE,"Midbrain only"
"Egfl7",FALSE,FALSE,TRUE,"Midbrain only"
"Eng",FALSE,FALSE,TRUE,"Midbrain only"
"Exosc10",FALSE,FALSE,TRUE,"Midbrain only"
"Fam172a",FALSE,FALSE,TRUE,"Midbrain only"
"Fam183b",FALSE,FALSE,TRUE,"Midbrain only"
"Flna",FALSE,FALSE,TRUE,"Midbrain only"
"Foxa2",FALSE,FALSE,TRUE,"Midbrain only"
"Fxr1",FALSE,FALSE,TRUE,"Midbrain only"
"Gdf1",FALSE,FALSE,TRUE,"Midbrain only"
"Gm10037",FALSE,FALSE,TRUE,"Midbrain only"
"Gmeb1",FALSE,FALSE,TRUE,"Midbrain only"
"Gria4",FALSE,FALSE,TRUE,"Midbrain only"
"Grk6",FALSE,FALSE,TRUE,"Midbrain only"
"H2afy",FALSE,FALSE,TRUE,"Midbrain only"
"Haus2",FALSE,FALSE,TRUE,"Midbrain only"
"Hltf",FALSE,FALSE,TRUE,"Midbrain only"
"Hnrnpd",FALSE,FALSE,TRUE,"Midbrain only"
"Hnrnpk",FALSE,FALSE,TRUE,"Midbrain only"
"Ikbip",FALSE,FALSE,TRUE,"Midbrain only"
"Itsn1",FALSE,FALSE,TRUE,"Midbrain only"
"Kdm2b",FALSE,FALSE,TRUE,"Midbrain only"
"Lig1",FALSE,FALSE,TRUE,"Midbrain only"
"LOC105245869",FALSE,FALSE,TRUE,"Midbrain only"
"Lrrc49",FALSE,FALSE,TRUE,"Midbrain only"
"Lrrc56",FALSE,FALSE,TRUE,"Midbrain only"
"Ly6h",FALSE,FALSE,TRUE,"Midbrain only"
"Maml2",FALSE,FALSE,TRUE,"Midbrain only"
"Meis1",FALSE,FALSE,TRUE,"Midbrain only"
"Mgme1",FALSE,FALSE,TRUE,"Midbrain only"
"N6amt1",FALSE,FALSE,TRUE,"Midbrain only"
"Nde1",FALSE,FALSE,TRUE,"Midbrain only"
"Ndor1",FALSE,FALSE,TRUE,"Midbrain only"
"Ngrn",FALSE,FALSE,TRUE,"Midbrain only"
"Ntf3",FALSE,FALSE,TRUE,"Midbrain only"
"Pacs2",FALSE,FALSE,TRUE,"Midbrain only"
"Parp6",FALSE,FALSE,TRUE,"Midbrain only"
"Pkig",FALSE,FALSE,TRUE,"Midbrain only"
"Pomgnt2",FALSE,FALSE,TRUE,"Midbrain only"
"Ppil3",FALSE,FALSE,TRUE,"Midbrain only"
"Ppp2r1b",FALSE,FALSE,TRUE,"Midbrain only"
"Prosc",FALSE,FALSE,TRUE,"Midbrain only"
"Prrg3",FALSE,FALSE,TRUE,"Midbrain only"
"Psme2",FALSE,FALSE,TRUE,"Midbrain only"
"Rab23",FALSE,FALSE,TRUE,"Midbrain only"
"Rnf138",FALSE,FALSE,TRUE,"Midbrain only"
"Rpl35a",FALSE,FALSE,TRUE,"Midbrain only"
"Schip1",FALSE,FALSE,TRUE,"Midbrain only"
"Scn3b",FALSE,FALSE,TRUE,"Midbrain only"
"Sept2",FALSE,FALSE,TRUE,"Midbrain only"
"Six3os1",FALSE,FALSE,TRUE,"Midbrain only"
"Slc10a7",FALSE,FALSE,TRUE,"Midbrain only"
"Slc25a22",FALSE,FALSE,TRUE,"Midbrain only"
"Slc29a1",FALSE,FALSE,TRUE,"Midbrain only"
"Snhg17",FALSE,FALSE,TRUE,"Midbrain only"
"Sp2",FALSE,FALSE,TRUE,"Midbrain only"
"Spink2",FALSE,FALSE,TRUE,"Midbrain only"
"Spock1",FALSE,FALSE,TRUE,"Midbrain only"
"Ssbp2",FALSE,FALSE,TRUE,"Midbrain only"
"Ssx2ip",FALSE,FALSE,TRUE,"Midbrain only"
"Stox2",FALSE,FALSE,TRUE,"Midbrain only"
"Taf9",FALSE,FALSE,TRUE,"Midbrain only"
"Tbc1d14",FALSE,FALSE,TRUE,"Midbrain only"
"Tcf25",FALSE,FALSE,TRUE,"Midbrain only"
"Trip10",FALSE,FALSE,TRUE,"Midbrain only"
"Tsen34",FALSE,FALSE,TRUE,"Midbrain only"
"Tyms",FALSE,FALSE,TRUE,"Midbrain only"
"Zdhhc24",FALSE,FALSE,TRUE,"Midbrain only"
"Zfp212",FALSE,FALSE,TRUE,"Midbrain only"
"Zfp68",FALSE,FALSE,TRUE,"Midbrain only"
"Zfp692",FALSE,FALSE,TRUE,"Midbrain only"
"2310045N01Rik",FALSE,FALSE,TRUE,"Midbrain only"
"Abhd13",FALSE,FALSE,TRUE,"Midbrain only"
"Aktip",FALSE,FALSE,TRUE,"Midbrain only"
"Api5",FALSE,FALSE,TRUE,"Midbrain only"
"Btrc",FALSE,FALSE,TRUE,"Midbrain only"
"Capg",FALSE,FALSE,TRUE,"Midbrain only"
"Cib1",FALSE,FALSE,TRUE,"Midbrain only"
"Cnpy3",FALSE,FALSE,TRUE,"Midbrain only"
"Depdc5",FALSE,FALSE,TRUE,"Midbrain only"
"Dnmt1",FALSE,FALSE,TRUE,"Midbrain only"
"Dpm1",FALSE,FALSE,TRUE,"Midbrain only"
"Dpp6",FALSE,FALSE,TRUE,"Midbrain only"
"Fgfrl1",FALSE,FALSE,TRUE,"Midbrain only"
"Fkbp2",FALSE,FALSE,TRUE,"Midbrain only"
"Kit",FALSE,FALSE,TRUE,"Midbrain only"
"Krit1",FALSE,FALSE,TRUE,"Midbrain only"
"Ldb1",FALSE,FALSE,TRUE,"Midbrain only"
"Lrrc1",FALSE,FALSE,TRUE,"Midbrain only"
"Lsm10",FALSE,FALSE,TRUE,"Midbrain only"
"Magt1",FALSE,FALSE,TRUE,"Midbrain only"
"Max",FALSE,FALSE,TRUE,"Midbrain only"
"Mpst",FALSE,FALSE,TRUE,"Midbrain only"
"Pemt",FALSE,FALSE,TRUE,"Midbrain only"
"Phtf1",FALSE,FALSE,TRUE,"Midbrain only"
"Pou6f1",FALSE,FALSE,TRUE,"Midbrain only"
"Rgs3",FALSE,FALSE,TRUE,"Midbrain only"
"Rit1",FALSE,FALSE,TRUE,"Midbrain only"
"Slc4a2",FALSE,FALSE,TRUE,"Midbrain only"
"Sstr2",FALSE,FALSE,TRUE,"Midbrain only"
"Tmem106c",FALSE,FALSE,TRUE,"Midbrain only"
"Tmem141",FALSE,FALSE,TRUE,"Midbrain only"
"Tmem33",FALSE,FALSE,TRUE,"Midbrain only"
"Tnfaip1",FALSE,FALSE,TRUE,"Midbrain only"
"Trafd1",FALSE,FALSE,TRUE,"Midbrain only"
"Trem2",FALSE,FALSE,TRUE,"Midbrain only"
"Txnrd1",FALSE,FALSE,TRUE,"Midbrain only"
"Ung",FALSE,FALSE,TRUE,"Midbrain only"
"Zfp574",FALSE,FALSE,TRUE,"Midbrain only"
"Zfp935",FALSE,FALSE,TRUE,"Midbrain only"
"Zswim8",FALSE,FALSE,TRUE,"Midbrain only"
"2500002B13Rik",FALSE,FALSE,TRUE,"Midbrain only"
"Alg11",FALSE,FALSE,TRUE,"Midbrain only"
"Ap3m2",FALSE,FALSE,TRUE,"Midbrain only"
"Bicd1",FALSE,FALSE,TRUE,"Midbrain only"
"Cacnb3",FALSE,FALSE,TRUE,"Midbrain only"
"Chkb",FALSE,FALSE,TRUE,"Midbrain only"
"Cmtm7",FALSE,FALSE,TRUE,"Midbrain only"
"Coch",FALSE,FALSE,TRUE,"Midbrain only"
"Ecsit",FALSE,FALSE,TRUE,"Midbrain only"
"Foxp1",FALSE,FALSE,TRUE,"Midbrain only"
"Gm11423",FALSE,FALSE,TRUE,"Midbrain only"
"Gm15417",FALSE,FALSE,TRUE,"Midbrain only"
"Gstm4",FALSE,FALSE,TRUE,"Midbrain only"
"Hdhd2",FALSE,FALSE,TRUE,"Midbrain only"
"Hist1h2be",FALSE,FALSE,TRUE,"Midbrain only"
"Ly96",FALSE,FALSE,TRUE,"Midbrain only"
"Mtag2",FALSE,FALSE,TRUE,"Midbrain only"
"Neurl4",FALSE,FALSE,TRUE,"Midbrain only"
"Nfib",FALSE,FALSE,TRUE,"Midbrain only"
"Nlgn1",FALSE,FALSE,TRUE,"Midbrain only"
"Nnt",FALSE,FALSE,TRUE,"Midbrain only"
"Nudcd1",FALSE,FALSE,TRUE,"Midbrain only"
"Pde9a",FALSE,FALSE,TRUE,"Midbrain only"
"Platr14",FALSE,FALSE,TRUE,"Midbrain only"
"Snrpn",FALSE,FALSE,TRUE,"Midbrain only"
"Tek",FALSE,FALSE,TRUE,"Midbrain only"
"Tjap1",FALSE,FALSE,TRUE,"Midbrain only"
"Tmem254c",FALSE,FALSE,TRUE,"Midbrain only"
"Vstm2a",FALSE,FALSE,TRUE,"Midbrain only"
"Wnt5a",FALSE,FALSE,TRUE,"Midbrain only"
"5730409E04Rik",FALSE,FALSE,TRUE,"Midbrain only"
"Abca3",FALSE,FALSE,TRUE,"Midbrain only"
"Agrp",FALSE,FALSE,TRUE,"Midbrain only"
"Ahsa2",FALSE,FALSE,TRUE,"Midbrain only"
"Cav1",FALSE,FALSE,TRUE,"Midbrain only"
"Cbs",FALSE,FALSE,TRUE,"Midbrain only"
"Cyb561a3",FALSE,FALSE,TRUE,"Midbrain only"
"Dut",FALSE,FALSE,TRUE,"Midbrain only"
"Exo5",FALSE,FALSE,TRUE,"Midbrain only"
"Kcnj6",FALSE,FALSE,TRUE,"Midbrain only"
"Lhfpl3",FALSE,FALSE,TRUE,"Midbrain only"
"Maged2",FALSE,FALSE,TRUE,"Midbrain only"
"Nrg3",FALSE,FALSE,TRUE,"Midbrain only"
"Rps6ka1",FALSE,FALSE,TRUE,"Midbrain only"
"Spsb3",FALSE,FALSE,TRUE,"Midbrain only"
"Tubd1",FALSE,FALSE,TRUE,"Midbrain only"
"Acr",FALSE,FALSE,TRUE,"Midbrain only"
"Adcy8",FALSE,FALSE,TRUE,"Midbrain only"
"Adgrb2",FALSE,FALSE,TRUE,"Midbrain only"
"Aven",FALSE,FALSE,TRUE,"Midbrain only"
"Bean1",FALSE,FALSE,TRUE,"Midbrain only"
"Brd4",FALSE,FALSE,TRUE,"Midbrain only"
"C1qtnf5",FALSE,FALSE,TRUE,"Midbrain only"
"Cd151",FALSE,FALSE,TRUE,"Midbrain only"
"Dbf4",FALSE,FALSE,TRUE,"Midbrain only"
"Gfra2",FALSE,FALSE,TRUE,"Midbrain only"
"Golph3l",FALSE,FALSE,TRUE,"Midbrain only"
"Gtf2e2",FALSE,FALSE,TRUE,"Midbrain only"
"Ikbkg",FALSE,FALSE,TRUE,"Midbrain only"
"Impdh1",FALSE,FALSE,TRUE,"Midbrain only"
"Iqsec3",FALSE,FALSE,TRUE,"Midbrain only"
"Lclat1",FALSE,FALSE,TRUE,"Midbrain only"
"Lrrcc1",FALSE,FALSE,TRUE,"Midbrain only"
"Mpp7",FALSE,FALSE,TRUE,"Midbrain only"
"P2ry14",FALSE,FALSE,TRUE,"Midbrain only"
"Pcdh11x",FALSE,FALSE,TRUE,"Midbrain only"
"Pcp2",FALSE,FALSE,TRUE,"Midbrain only"
"Ppargc1a",FALSE,FALSE,TRUE,"Midbrain only"
"Prrt3",FALSE,FALSE,TRUE,"Midbrain only"
"Sertad4",FALSE,FALSE,TRUE,"Midbrain only"
"Smagp",FALSE,FALSE,TRUE,"Midbrain only"
"Spry1",FALSE,FALSE,TRUE,"Midbrain only"
"Timp1",FALSE,FALSE,TRUE,"Midbrain only"
"Tmem196",FALSE,FALSE,TRUE,"Midbrain only"
"Ttll3",FALSE,FALSE,TRUE,"Midbrain only"
"1600014C10Rik",FALSE,FALSE,TRUE,"Midbrain only"
"A430046D13Rik",FALSE,FALSE,TRUE,"Midbrain only"
"Acer2",FALSE,FALSE,TRUE,"Midbrain only"
"Acot7",FALSE,FALSE,TRUE,"Midbrain only"
"Acsl1",FALSE,FALSE,TRUE,"Midbrain only"
"Adal",FALSE,FALSE,TRUE,"Midbrain only"
"Adgrg1",FALSE,FALSE,TRUE,"Midbrain only"
"Ak2",FALSE,FALSE,TRUE,"Midbrain only"
"Anapc5",FALSE,FALSE,TRUE,"Midbrain only"
"Arhgef25",FALSE,FALSE,TRUE,"Midbrain only"
"Arl2bp",FALSE,FALSE,TRUE,"Midbrain only"
"Arpp19",FALSE,FALSE,TRUE,"Midbrain only"
"B3gnt5",FALSE,FALSE,TRUE,"Midbrain only"
"Camk2a",FALSE,FALSE,TRUE,"Midbrain only"
"Ccl25",FALSE,FALSE,TRUE,"Midbrain only"
"Cd37",FALSE,FALSE,TRUE,"Midbrain only"
"Cd74",FALSE,FALSE,TRUE,"Midbrain only"
"Cdkn1a",FALSE,FALSE,TRUE,"Midbrain only"
"Cndp2",FALSE,FALSE,TRUE,"Midbrain only"
"Cpne8",FALSE,FALSE,TRUE,"Midbrain only"
"Cpt1c",FALSE,FALSE,TRUE,"Midbrain only"
"Crip3",FALSE,FALSE,TRUE,"Midbrain only"
"Ctage5",FALSE,FALSE,TRUE,"Midbrain only"
"Ctsa",FALSE,FALSE,TRUE,"Midbrain only"
"Cyth2",FALSE,FALSE,TRUE,"Midbrain only"
"Dgcr14",FALSE,FALSE,TRUE,"Midbrain only"
"Dgcr2",FALSE,FALSE,TRUE,"Midbrain only"
"Dgkz",FALSE,FALSE,TRUE,"Midbrain only"
"Dnm2",FALSE,FALSE,TRUE,"Midbrain only"
"Dpy30",FALSE,FALSE,TRUE,"Midbrain only"
"Esrrg",FALSE,FALSE,TRUE,"Midbrain only"
"Fancg",FALSE,FALSE,TRUE,"Midbrain only"
"Far1",FALSE,FALSE,TRUE,"Midbrain only"
"Fcgr2b",FALSE,FALSE,TRUE,"Midbrain only"
"Fgfr2",FALSE,FALSE,TRUE,"Midbrain only"
"Fhl2",FALSE,FALSE,TRUE,"Midbrain only"
"Fis1",FALSE,FALSE,TRUE,"Midbrain only"
"Flot2",FALSE,FALSE,TRUE,"Midbrain only"
"Galk2",FALSE,FALSE,TRUE,"Midbrain only"
"Gm2694",FALSE,FALSE,TRUE,"Midbrain only"
"Gpr68",FALSE,FALSE,TRUE,"Midbrain only"
"Gtpbp8",FALSE,FALSE,TRUE,"Midbrain only"
"Hacd1",FALSE,FALSE,TRUE,"Midbrain only"
"Hopx",FALSE,FALSE,TRUE,"Midbrain only"
"Hsd11b1",FALSE,FALSE,TRUE,"Midbrain only"
"Ilk",FALSE,FALSE,TRUE,"Midbrain only"
"Ins2",FALSE,FALSE,TRUE,"Midbrain only"
"Ints3",FALSE,FALSE,TRUE,"Midbrain only"
"Kif3a",FALSE,FALSE,TRUE,"Midbrain only"
"Lck",FALSE,FALSE,TRUE,"Midbrain only"
"Map4k2",FALSE,FALSE,TRUE,"Midbrain only"
"Med22",FALSE,FALSE,TRUE,"Midbrain only"
"Mical3",FALSE,FALSE,TRUE,"Midbrain only"
"Mlf1",FALSE,FALSE,TRUE,"Midbrain only"
"Mllt3",FALSE,FALSE,TRUE,"Midbrain only"
"Mpp6",FALSE,FALSE,TRUE,"Midbrain only"
"Nadsyn1",FALSE,FALSE,TRUE,"Midbrain only"
"Ndrg4",FALSE,FALSE,TRUE,"Midbrain only"
"Nfatc2",FALSE,FALSE,TRUE,"Midbrain only"
"Nkx2-1",FALSE,FALSE,TRUE,"Midbrain only"
"Npm1",FALSE,FALSE,TRUE,"Midbrain only"
"Nrf1",FALSE,FALSE,TRUE,"Midbrain only"
"Osbpl8",FALSE,FALSE,TRUE,"Midbrain only"
"Palm",FALSE,FALSE,TRUE,"Midbrain only"
"Parp10",FALSE,FALSE,TRUE,"Midbrain only"
"Pde1a",FALSE,FALSE,TRUE,"Midbrain only"
"Ppap2a",FALSE,FALSE,TRUE,"Midbrain only"
"Ppil2",FALSE,FALSE,TRUE,"Midbrain only"
"Ppp2r3a",FALSE,FALSE,TRUE,"Midbrain only"
"Prc1",FALSE,FALSE,TRUE,"Midbrain only"
"Rai2",FALSE,FALSE,TRUE,"Midbrain only"
"Rbms3",FALSE,FALSE,TRUE,"Midbrain only"
"Rps24",FALSE,FALSE,TRUE,"Midbrain only"
"Rrp8",FALSE,FALSE,TRUE,"Midbrain only"
"Rtn2",FALSE,FALSE,TRUE,"Midbrain only"
"Runx1t1",FALSE,FALSE,TRUE,"Midbrain only"
"Scyl3",FALSE,FALSE,TRUE,"Midbrain only"
"Sh3kbp1",FALSE,FALSE,TRUE,"Midbrain only"
"Smtn",FALSE,FALSE,TRUE,"Midbrain only"
"Snca",FALSE,FALSE,TRUE,"Midbrain only"
"Sorbs3",FALSE,FALSE,TRUE,"Midbrain only"
"Trim32",FALSE,FALSE,TRUE,"Midbrain only"
"Trim39",FALSE,FALSE,TRUE,"Midbrain only"
"Tspan8",FALSE,FALSE,TRUE,"Midbrain only"
"Ube2j2",FALSE,FALSE,TRUE,"Midbrain only"
"Uqcc1",FALSE,FALSE,TRUE,"Midbrain only"
"Vkorc1l1",FALSE,FALSE,TRUE,"Midbrain only"
"Vldlr",FALSE,FALSE,TRUE,"Midbrain only"
"Zfp1",FALSE,FALSE,TRUE,"Midbrain only"
"Zfp281",FALSE,FALSE,TRUE,"Midbrain only"
"4933409K07Rik",FALSE,FALSE,TRUE,"Midbrain only"
"AI837181",FALSE,FALSE,TRUE,"Midbrain only"
"Cabyr",FALSE,FALSE,TRUE,"Midbrain only"
"Cacnb4",FALSE,FALSE,TRUE,"Midbrain only"
"Faim2",FALSE,FALSE,TRUE,"Midbrain only"
"Frrs1",FALSE,FALSE,TRUE,"Midbrain only"
"Gcdh",FALSE,FALSE,TRUE,"Midbrain only"
"Pou2f2",FALSE,FALSE,TRUE,"Midbrain only"
"Relb",FALSE,FALSE,TRUE,"Midbrain only"
"Shisa7",FALSE,FALSE,TRUE,"Midbrain only"
"Trmt2a",FALSE,FALSE,TRUE,"Midbrain only"
"Acy1",FALSE,FALSE,TRUE,"Midbrain only"
"Gba",FALSE,FALSE,TRUE,"Midbrain only"
"Gm4890",FALSE,FALSE,TRUE,"Midbrain only"
"Hist1h2bp",FALSE,FALSE,TRUE,"Midbrain only"
"Khdrbs1",FALSE,FALSE,TRUE,"Midbrain only"
"Smcr8",FALSE,FALSE,TRUE,"Midbrain only"
"Spats2l",FALSE,FALSE,TRUE,"Midbrain only"
"Treml1",FALSE,FALSE,TRUE,"Midbrain only"
"1700001O22Rik",FALSE,FALSE,TRUE,"Midbrain only"
"Calr3",FALSE,FALSE,TRUE,"Midbrain only"
"Csnk1g2",FALSE,FALSE,TRUE,"Midbrain only"
"Fam219a",FALSE,FALSE,TRUE,"Midbrain only"
"Fam73a",FALSE,FALSE,TRUE,"Midbrain only"
"Hmha1",FALSE,FALSE,TRUE,"Midbrain only"
"Inpp5a",FALSE,FALSE,TRUE,"Midbrain only"
"Nol9",FALSE,FALSE,TRUE,"Midbrain only"
"Phka2",FALSE,FALSE,TRUE,"Midbrain only"
"Plch1",FALSE,FALSE,TRUE,"Midbrain only"
"Smarcd2",FALSE,FALSE,TRUE,"Midbrain only"
"Spaca1",FALSE,FALSE,TRUE,"Midbrain only"
"Sulf1",FALSE,FALSE,TRUE,"Midbrain only"
"Tspan2",FALSE,FALSE,TRUE,"Midbrain only"
"Zfp945",FALSE,FALSE,TRUE,"Midbrain only"
"Clcc1",FALSE,FALSE,TRUE,"Midbrain only"
"Eya3",FALSE,FALSE,TRUE,"Midbrain only"
"Fuk",FALSE,FALSE,TRUE,"Midbrain only"
"Gm6297",FALSE,FALSE,TRUE,"Midbrain only"
"Grik2",FALSE,FALSE,TRUE,"Midbrain only"
"Mutyh",FALSE,FALSE,TRUE,"Midbrain only"
"Nckap5",FALSE,FALSE,TRUE,"Midbrain only"
"Rpap1",FALSE,FALSE,TRUE,"Midbrain only"
"Tmem9",FALSE,FALSE,TRUE,"Midbrain only"
"8430408G22Rik",FALSE,FALSE,TRUE,"Midbrain only"
"Add2",FALSE,FALSE,TRUE,"Midbrain only"
"Ambra1",FALSE,FALSE,TRUE,"Midbrain only"
"Cd302",FALSE,FALSE,TRUE,"Midbrain only"
"Dgcr6",FALSE,FALSE,TRUE,"Midbrain only"
"Edc4",FALSE,FALSE,TRUE,"Midbrain only"
"Eif2d",FALSE,FALSE,TRUE,"Midbrain only"
"Fam134c",FALSE,FALSE,TRUE,"Midbrain only"
"Galnt7",FALSE,FALSE,TRUE,"Midbrain only"
"Ino80dos",FALSE,FALSE,TRUE,"Midbrain only"
"Myo7a",FALSE,FALSE,TRUE,"Midbrain only"
"Smim1",FALSE,FALSE,TRUE,"Midbrain only"
"Svip",FALSE,FALSE,TRUE,"Midbrain only"
"Traf6",FALSE,FALSE,TRUE,"Midbrain only"
"4933412E12Rik",FALSE,FALSE,TRUE,"Midbrain only"
"Ano1",FALSE,FALSE,TRUE,"Midbrain only"
"Ano6",FALSE,FALSE,TRUE,"Midbrain only"
"Arfip1",FALSE,FALSE,TRUE,"Midbrain only"
"Cenpi",FALSE,FALSE,TRUE,"Midbrain only"
"Col9a1",FALSE,FALSE,TRUE,"Midbrain only"
"Cox18",FALSE,FALSE,TRUE,"Midbrain only"
"E2f2",FALSE,FALSE,TRUE,"Midbrain only"
"Fbln2",FALSE,FALSE,TRUE,"Midbrain only"
"Hist2h3c2",FALSE,FALSE,TRUE,"Midbrain only"
"Hnrnpa1",FALSE,FALSE,TRUE,"Midbrain only"
"Lmf1",FALSE,FALSE,TRUE,"Midbrain only"
"Mpdz",FALSE,FALSE,TRUE,"Midbrain only"
"Nr1h3",FALSE,FALSE,TRUE,"Midbrain only"
"Plekha7",FALSE,FALSE,TRUE,"Midbrain only"
"Ppfibp2",FALSE,FALSE,TRUE,"Midbrain only"
"Ptp4a2",FALSE,FALSE,TRUE,"Midbrain only"
"Rbms2",FALSE,FALSE,TRUE,"Midbrain only"
"St3gal5",FALSE,FALSE,TRUE,"Midbrain only"
"Stk11",FALSE,FALSE,TRUE,"Midbrain only"
"Synpo",FALSE,FALSE,TRUE,"Midbrain only"
"Tfdp2",FALSE,FALSE,TRUE,"Midbrain only"
"Tfpi",FALSE,FALSE,TRUE,"Midbrain only"
"Tjp2",FALSE,FALSE,TRUE,"Midbrain only"
"Use1",FALSE,FALSE,TRUE,"Midbrain only"
"Wipf1",FALSE,FALSE,TRUE,"Midbrain only"
"Zak",FALSE,FALSE,TRUE,"Midbrain only"
"Agpat1",FALSE,FALSE,TRUE,"Midbrain only"
"Gprasp2",FALSE,FALSE,TRUE,"Midbrain only"
"Hist1h2ao",FALSE,FALSE,TRUE,"Midbrain only"
"Lrrc51",FALSE,FALSE,TRUE,"Midbrain only"
"Mmp11",FALSE,FALSE,TRUE,"Midbrain only"
"Rffl",FALSE,FALSE,TRUE,"Midbrain only"
"Tyw3",FALSE,FALSE,TRUE,"Midbrain only"
"Azin1",FALSE,FALSE,TRUE,"Midbrain only"
"Brd9",FALSE,FALSE,TRUE,"Midbrain only"
"Carkd",FALSE,FALSE,TRUE,"Midbrain only"
"Cdca2",FALSE,FALSE,TRUE,"Midbrain only"
"Cep250",FALSE,FALSE,TRUE,"Midbrain only"
"Etl4",FALSE,FALSE,TRUE,"Midbrain only"
"Mecom",FALSE,FALSE,TRUE,"Midbrain only"
"Mga",FALSE,FALSE,TRUE,"Midbrain only"
"Rbp4",FALSE,FALSE,TRUE,"Midbrain only"
"Ttpal",FALSE,FALSE,TRUE,"Midbrain only"
"Amy2a5",FALSE,FALSE,TRUE,"Midbrain only"
"Dmbx1",FALSE,FALSE,TRUE,"Midbrain only"
"Fam134a",FALSE,FALSE,TRUE,"Midbrain only"
"Fam188b",FALSE,FALSE,TRUE,"Midbrain only"
"Hipk1",FALSE,FALSE,TRUE,"Midbrain only"
"Ift122",FALSE,FALSE,TRUE,"Midbrain only"
"Sirt1",FALSE,FALSE,TRUE,"Midbrain only"
"Wapal",FALSE,FALSE,TRUE,"Midbrain only"
"Zfp57",FALSE,FALSE,TRUE,"Midbrain only"
"Bad",FALSE,FALSE,TRUE,"Midbrain only"
"Cdk12",FALSE,FALSE,TRUE,"Midbrain only"
"Crlf2",FALSE,FALSE,TRUE,"Midbrain only"
"Mettl5",FALSE,FALSE,TRUE,"Midbrain only"
"Ralgapb",FALSE,FALSE,TRUE,"Midbrain only"
"Rfx3",FALSE,FALSE,TRUE,"Midbrain only"
"B3gnt2",FALSE,FALSE,TRUE,"Midbrain only"
"Corin",FALSE,FALSE,TRUE,"Midbrain only"
"Creb1",FALSE,FALSE,TRUE,"Midbrain only"
"Etv6",FALSE,FALSE,TRUE,"Midbrain only"
"Fam13c",FALSE,FALSE,TRUE,"Midbrain only"
"Gimap4",FALSE,FALSE,TRUE,"Midbrain only"
"Hadhb",FALSE,FALSE,TRUE,"Midbrain only"
"Sipa1l1",FALSE,FALSE,TRUE,"Midbrain only"
"Tlcd2",FALSE,FALSE,TRUE,"Midbrain only"
"Zfp386",FALSE,FALSE,TRUE,"Midbrain only"
"Zgpat",FALSE,FALSE,TRUE,"Midbrain only"
"Ebf3",FALSE,FALSE,TRUE,"Midbrain only"
"Egfem1",FALSE,FALSE,TRUE,"Midbrain only"
"Hsd3b7",FALSE,FALSE,TRUE,"Midbrain only"
"Otud4",FALSE,FALSE,TRUE,"Midbrain only"
"Pgap2",FALSE,FALSE,TRUE,"Midbrain only"
"Stap2",FALSE,FALSE,TRUE,"Midbrain only"
"Adra1a",FALSE,FALSE,TRUE,"Midbrain only"
"Ccdc53",FALSE,FALSE,TRUE,"Midbrain only"
"Ddx6",FALSE,FALSE,TRUE,"Midbrain only"
"Txnip",FALSE,FALSE,TRUE,"Midbrain only"
"Vwa5a",FALSE,FALSE,TRUE,"Midbrain only"
"Abhd11",FALSE,FALSE,TRUE,"Midbrain only"
"AI593442",FALSE,FALSE,TRUE,"Midbrain only"
"Etaa1os",FALSE,FALSE,TRUE,"Midbrain only"
"Hipk3",FALSE,FALSE,TRUE,"Midbrain only"
"Klc2",FALSE,FALSE,TRUE,"Midbrain only"
"Rhno1",FALSE,FALSE,TRUE,"Midbrain only"
"Smoc1",FALSE,FALSE,TRUE,"Midbrain only"
"Spata17",FALSE,FALSE,TRUE,"Midbrain only"
"Vit",FALSE,FALSE,TRUE,"Midbrain only"
"2310040G24Rik",FALSE,FALSE,TRUE,"Midbrain only"
"Atp11a",FALSE,FALSE,TRUE,"Midbrain only"
"Dmpk",FALSE,FALSE,TRUE,"Midbrain only"
"Morc4",FALSE,FALSE,TRUE,"Midbrain only"
"Polr1d",FALSE,FALSE,TRUE,"Midbrain only"
"Spata5",FALSE,FALSE,TRUE,"Midbrain only"
"Tead3",FALSE,FALSE,TRUE,"Midbrain only"
"2700054A10Rik",FALSE,FALSE,TRUE,"Midbrain only"
"Nin",FALSE,FALSE,TRUE,"Midbrain only"
"Prr18",FALSE,FALSE,TRUE,"Midbrain only"
"AW209491",FALSE,FALSE,TRUE,"Midbrain only"
"Nedd9",FALSE,FALSE,TRUE,"Midbrain only"
"Nos1ap",FALSE,FALSE,TRUE,"Midbrain only"
"Tinagl1",FALSE,FALSE,TRUE,"Midbrain only"
"Fgd4",FALSE,FALSE,TRUE,"Midbrain only"
"Gck",FALSE,FALSE,TRUE,"Midbrain only"
"Cobl",FALSE,FALSE,TRUE,"Midbrain only"
"Fars2",FALSE,FALSE,TRUE,"Midbrain only"
"Furin",FALSE,FALSE,TRUE,"Midbrain only"
"Mlxip",FALSE,FALSE,TRUE,"Midbrain only"
"Nfic",FALSE,FALSE,TRUE,"Midbrain only"
"Fmr1",FALSE,FALSE,TRUE,"Midbrain only"
"Siva1",FALSE,FALSE,TRUE,"Midbrain only"
"Cep97",FALSE,FALSE,TRUE,"Midbrain only"
"Clk2-scamp3",FALSE,FALSE,TRUE,"Midbrain only"
"Jak3",FALSE,FALSE,TRUE,"Midbrain only"
"Ms4a7",FALSE,FALSE,TRUE,"Midbrain only"
"Phka1",FALSE,FALSE,TRUE,"Midbrain only"
