"ID","Description","GeneRatio","BgRatio","RichFactor","FoldEnrichment","zScore","pvalue","p.adjust","qvalue","geneID","Count","group","GeneFraction","BackgroundFraction","enrichment"
"GO:0016358","dendrite development","80/1752","321/18346",0.249221183800623,2.6097099531999,9.45394072476834,5.04865937044719e-16,2.96305818451545e-12,2.5142323664827e-12,"Abi1/Abi2/Abl1/Actr3/Ankrd27/App/Arhgap33/Asap1/Baiap2/Btbd3/Caprin1/Cask/Cdc42/Cdkl3/Celsr2/Clip1/Cntnap2/Crk/Ctnna2/Dab2ip/Dcx/Dnm1l/Dvl1/Dynlt1f/Elavl4/Ephb1/Igsf9/Iqsec1/Map6/Mef2a/Mfn2/Mink1/Nsmf/Ntrk2/Numb/Opa1/Ppp3ca/Ptprs/Rbfox2/Sh3glb1/Slc11a2/Spire1/Stau2/Taok2/Tsc2/Ube3a/Zmynd8/Bcl11a/Grip1/Kif1a/Pafah1b1/Pak3/Pdlim5/Tnik/Wasl/Ache/Arhgap44/Camk2b/Dclk1/Grin1/Sez6/Tbc1d24/Rapgef4/Sgk1/Dnm3/Hdac6/Picalm/Ezh2/Lzts3/Nfatc4/Cyfip1/Dynlt1c/Acsl4/Lpar1/Caprin2/Carm1/Sema4d/Tpbg/Dlg5/Sema3a",80,"Shared core",0.045662100456621,0.0174970020712962,2.6097099531999
"GO:0050807","regulation of synapse organization","77/1752","306/18346",0.251633986928105,2.63497552750172,9.37139123715817,1.01903499197016e-15,2.99035818393644e-12,2.5373971300057e-12,"Abi2/Abl1/Actr3/Adgre5/Amigo2/App/Arhgap33/Asap1/Baiap2/Caprin1/Cask/Cdc42/Ctnna2/Dab2ip/Dctn1/Dnm1l/Dvl1/Eif4g1/Elavl2/Epha7/Ephb1/Flrt3/Gpm6a/Gripap1/Homer1/Igsf9/Mapk14/Mfn2/Nrcam/Ntrk2/Numb/Ogt/Opa1/Ptprs/Rbmx/Sema4a/Snap91/Stau2/Taok2/Tsc2/Ube3a/Zmynd8/Cdh8/Ctnnb1/Kif1a/Lrrtm4/Negr1/Pafah1b1/Pak3/Pdlim5/Wasl/Arhgap44/Asic2/Camk2b/Grin1/Il1rap/Magi2/Nrp2/Amigo1/Clstn1/Efna5/Mark2/Rapgef4/Dnm3/Picalm/Lzts3/Nfatc4/Cyfip1/Hnrnpm/Slit2/Lrfn1/Caprin2/Sema4d/Tpbg/Dlg5/Pcdh8/Cln3",77,"Shared core",0.0439497716894977,0.0166793851520767,2.63497552750172
"GO:0048813","dendrite morphogenesis","56/1752","188/18346",0.297872340425532,3.11915865151074,9.48983707495523,3.78513720760102e-15,6.80555785525225e-12,5.7746938352626e-12,"Abi1/Abi2/Actr3/Ankrd27/Arhgap33/Baiap2/Btbd3/Caprin1/Cask/Cdc42/Cdkl3/Celsr2/Cntnap2/Ctnna2/Dcx/Dnm1l/Dvl1/Elavl4/Ephb1/Map6/Mef2a/Mfn2/Mink1/Nsmf/Numb/Opa1/Ppp3ca/Rbfox2/Sh3glb1/Slc11a2/Stau2/Taok2/Ube3a/Grip1/Kif1a/Pafah1b1/Pak3/Pdlim5/Tnik/Wasl/Ache/Arhgap44/Camk2b/Dclk1/Grin1/Tbc1d24/Sgk1/Dnm3/Hdac6/Picalm/Lzts3/Nfatc4/Caprin2/Sema4d/Tpbg/Sema3a",56,"Shared core",0.0319634703196347,0.0102474653875504,3.11915865151074
"GO:0050803","regulation of synapse structure or activity","77/1752","314/18346",0.245222929936306,2.56784239304307,9.10532902787515,4.63830830141574e-15,6.80555785525225e-12,5.7746938352626e-12,"Abi2/Abl1/Actr3/Adgre5/Amigo2/App/Arhgap33/Asap1/Baiap2/Caprin1/Cask/Cdc42/Ctnna2/Dab2ip/Dctn1/Dnm1l/Dvl1/Eif4g1/Elavl2/Epha7/Ephb1/Flrt3/Gpm6a/Gripap1/Homer1/Igsf9/Mapk14/Mfn2/Nrcam/Ntrk2/Numb/Ogt/Opa1/Ptprs/Rbmx/Sema4a/Snap91/Stau2/Taok2/Tsc2/Ube3a/Zmynd8/Cdh8/Ctnnb1/Kif1a/Lrrtm4/Negr1/Pafah1b1/Pak3/Pdlim5/Wasl/Arhgap44/Asic2/Camk2b/Grin1/Il1rap/Magi2/Nrp2/Amigo1/Clstn1/Efna5/Mark2/Rapgef4/Dnm3/Picalm/Lzts3/Nfatc4/Cyfip1/Hnrnpm/Slit2/Lrfn1/Caprin2/Sema4d/Tpbg/Dlg5/Pcdh8/Cln3",77,"Shared core",0.0439497716894977,0.0171154475089938,2.56784239304307
"GO:0031346","positive regulation of cell projection organization","93/1752","446/18346",0.208520179372197,2.18351096504699,8.22173672764872,2.80500049951579e-13,3.29250958633164e-10,2.79378049751773e-10,"Abi2/Abl1/Acsl6/Actr3/Ankrd27/Ap2a1/Apbb1/Arap1/Baiap2/Caprin1/Cask/Cdc42/Cdkl3/Clip1/Cxcl12/Dab2ip/Dcx/Ddr1/Dnm1l/Dpysl3/Dvl1/Dynlt1f/Elavl4/Fn1/Fnbp1l/Golga2/Gpm6a/Hap1/Hspa5/Itga3/Kctd17/Map6/Mdk/Mfn2/Nckap1/Nptn/Ntrk2/Numb/Opa1/Ptbp1/Ptpn5/Pum2/Rapgef1/Rufy3/Sh3glb1/Shox2/Skil/Snap91/Src/Stau2/Tenm3/Tsc2/Zfyve27/Zmynd8/Bcl11a/Def8/Gprc5b/Grip1/Mapt/Negr1/Pafah1b1/Pak3/Tmem67/Tnik/Wasl/Ache/Camk2b/Cflar/Fgfr1/Grin1/Islr2/Magi2/Shtn1/Tbc1d24/Amigo1/Efna5/Mark2/Sgk1/Dnm3/Itga6/Picalm/Ezh2/Ikbkb/Lyn/Cyfip1/Dynlt1c/Zeb2/Caprin2/Sema4d/S100a9/Vegfa/Kat2a/Sphk1",93,"Shared core",0.0530821917808219,0.0243104763981249,2.18351096504699
"GO:0099173","postsynapse organization","63/1752","251/18346",0.250996015936255,2.62829503902199,8.43997252405426,4.7314221867911e-13,4.62811946904616e-10,3.92708041503662e-10,"Abi2/Actr3/App/Arhgap33/Arhgap39/Arhgef7/Asap1/Baiap2/Cadm1/Caprin1/Cask/Cdc42/Cntnap2/Crk/Cttn/Dnm1l/Dvl1/Epha7/Ephb1/Gphn/Homer1/Itga3/Mfn2/Nrcam/Numb/Opa1/Ptprs/Rbmx/Sorbs1/Sorbs2/Stau2/Taok2/Tsc2/Ube3a/Zmynd8/Arhgef9/Kif1a/Lrrtm4/Nrxn3/Pafah1b1/Pak3/Pdlim5/Wasl/Arhgap44/Camk2b/Grin1/Il1rap/Magi2/Nrp2/Nrxn2/Rph3a/Mark2/Rapgef4/Dnm3/Hdac6/Lzts3/Dock7/Hnrnpm/Mtmr2/Snx27/Lrfn1/Caprin2/Dlg5",63,"Shared core",0.035958904109589,0.0136814564482721,2.62829503902199
"GO:0007409","axonogenesis","98/1752","490/18346",0.2,2.09429223744292,7.97791924548503,9.00963980365056e-13,7.55393942966073e-10,6.40971517459711e-10,"Abl1/Ablim1/Actr3/Ank3/Apbb1/Apbb2/Aplp2/App/Cdkl3/Chn1/Clasp2/Cntnap2/Ctnna2/Cttn/Cxcl12/Dcx/Dvl1/Epha7/Ephb1/Etv1/Evl/Flrt3/Fn1/Golga2/Kif5a/Lmo4/Map6/Mapk8ip3/Mbp/Neo1/Nptn/Nr4a2/Nrcam/Ntrk2/Numb/Olfm1/Pax6/Pip5k1c/Pmp22/Ptprs/Rnf6/Rtn4/Rufy3/Sema4a/Sema6d/Shox2/Sin3a/Skil/Snap91/Taok2/Trim46/Tsc2/Wdr36/Wnt7b/Zfyve27/Bcl11a/Fgf13/Mapt/Pafah1b1/Pak3/Sema4c/Vasp/Ache/Dclk1/Grin1/Islr2/Lhx2/Lrrc4c/Nfix/Nrp2/Sema6c/Shtn1/Amigo1/Efna5/Mark2/Tenm2/Bcl2/Hdac6/Ncam1/Picalm/Sema4f/Als2/Tbce/Fgfr3/Cyfip1/Dock7/Slit2/Zeb2/Enah/Mgll/Usp33/Sema4d/Brsk1/Brsk2/Sema3a/Tsku/Vegfa/Atg7",98,"Shared core",0.0559360730593607,0.0267088193611686,2.09429223744292
"GO:0099175","regulation of postsynapse organization","41/1752","138/18346",0.297101449275362,3.11108629475217,8.08844009276634,1.98948260972967e-11,1.45953417956293e-08,1.23845292455672e-08,"Abi2/Actr3/App/Arhgap33/Asap1/Baiap2/Caprin1/Cask/Cdc42/Dnm1l/Dvl1/Epha7/Homer1/Mfn2/Nrcam/Numb/Opa1/Ptprs/Rbmx/Stau2/Taok2/Tsc2/Ube3a/Zmynd8/Kif1a/Pafah1b1/Pak3/Pdlim5/Wasl/Arhgap44/Camk2b/Grin1/Il1rap/Nrp2/Mark2/Rapgef4/Dnm3/Lzts3/Hnrnpm/Lrfn1/Caprin2",41,"Shared core",0.0234018264840183,0.00752207565681893,3.11108629475217
"GO:0034329","cell junction assembly","90/1752","461/18346",0.195227765726681,2.04431997147357,7.37887137552333,3.07296213064263e-11,2.00391274941573e-08,1.70037237895559e-08,"Abi2/Abl1/Actr3/Acvrl1/Adgre5/Amigo2/App/Cadm1/Caprin1/Cdc42/Clasp1/Clasp2/Cntnap2/Crk/Cttn/Dlg1/Dmtn/Dvl1/Eif4g1/Elavl2/Epha7/Ephb1/Flrt3/Fn1/Gabrg2/Gjc1/Gpm6a/Gpm6b/Hdac7/Limch1/Lims1/Map4k4/Nptn/Ntrk2/Numb/Ocel1/Ogt/Pmp22/Ptprs/Rapgef1/Sema4a/Sorbs1/Src/Stau2/Taok2/Arhgef9/Cdh8/Ctnnb1/Dusp22/Ect2/Fgf13/Gabrb3/Lrrtm4/Mapt/Negr1/Nrxn3/Pdlim5/Ache/Asic2/Gria1/Grin1/Il1rap/Magi2/Nrxn2/Rab13/Tsc1/Amigo1/Clstn1/Efna5/Nphp1/Pecam1/Bcl2/Dnm3/Ikbkb/Lzts3/Flcn/Camsap3/Myo1c/Dock7/Slit2/Lrfn1/Pxn/Phldb2/Pkp4/Sema4d/Tpbg/Dlg5/Thsd1/Vegfa/Pard3",90,"Shared core",0.0513698630136986,0.0251280933173444,2.04431997147357
"GO:0050770","regulation of axonogenesis","48/1752","184/18346",0.260869565217391,2.73168552709946,7.67090261380949,6.66997850562027e-11,3.91461038494854e-08,3.3216492957989e-08,"Actr3/Cdkl3/Chn1/Cxcl12/Dcx/Epha7/Fn1/Golga2/Map6/Mbp/Ntrk2/Ptprs/Rnf6/Rtn4/Rufy3/Sema4a/Sema6d/Shox2/Skil/Snap91/Trim46/Tsc2/Zfyve27/Bcl11a/Fgf13/Mapt/Pafah1b1/Pak3/Sema4c/Ache/Grin1/Islr2/Lrrc4c/Sema6c/Shtn1/Amigo1/Efna5/Mark2/Picalm/Sema4f/Cyfip1/Slit2/Zeb2/Sema4d/Brsk1/Brsk2/Sema3a/Vegfa",48,"Shared core",0.0273972602739726,0.0100294342090919,2.73168552709946
"GO:0097061","dendritic spine organization","34/1752","106/18346",0.320754716981132,3.35877056948393,7.91364532600334,1.02718609857491e-10,5.48050473866921e-08,4.65035160991185e-08,"Abi2/Actr3/App/Arhgap33/Baiap2/Caprin1/Cask/Cdc42/Cntnap2/Cttn/Dnm1l/Dvl1/Ephb1/Homer1/Itga3/Mfn2/Opa1/Stau2/Ube3a/Zmynd8/Kif1a/Pafah1b1/Pak3/Pdlim5/Wasl/Arhgap44/Camk2b/Grin1/Rph3a/Dnm3/Hdac6/Lzts3/Mtmr2/Caprin2",34,"Shared core",0.0194063926940639,0.00577782622915077,3.35877056948393
"GO:0032535","regulation of cellular component size","78/1752","390/18346",0.2,2.09429223744292,7.09759460012641,1.97645606372615e-10,9.66651719834065e-08,8.20229266446352e-08,"Abl1/Actr3/Add1/Add3/Akt1s1/Atp13a2/Baiap2/Bin1/Capzb/Cdkl3/Clasp2/Cttn/Cxcl12/Dcx/Dlg1/Dmtn/Dnm1/Epha7/Evl/Fn1/Gsn/Hp1bp3/Lima1/Map3k7/Mfn2/Mkks/Mlst8/Myadm/Nckap1/Ogt/Olfm1/Ptprs/Pum2/Rdx/Rnf6/Rtn4/Rufy3/Sema4a/Sema6d/Sin3a/Tpm1/Trim46/Tsc2/Wdr36/Wnk1/Wnt7b/Zfyve27/Bcl11a/Fchsd2/Fgf13/Mapt/Pafah1b1/Pak3/Sema4c/Vasp/Islr2/Sct/Sema6c/Shroom2/Shtn1/Tsc1/Efna5/Kcnma1/Pecam1/Aqp4/Picalm/Sema4f/Als2/Myo1c/Cyfip1/Slit2/Mgll/Sptan1/Sema4d/Sema3a/Ssh2/Vegfa/Cln3",78,"Shared core",0.0445205479452055,0.0212580398997057,2.09429223744292
"GO:0060560","developmental growth involved in morphogenesis","62/1752","281/18346",0.220640569395018,2.31042915874486,7.19280176494679,2.49421251828348e-10,1.12604102075429e-07,9.55475257003978e-08,"Abl1/Actr3/App/Cadm1/Cdkl3/Clasp2/Cttn/Cxcl12/Dcx/Ddr1/Dvl1/Epha7/Flrt3/Fn1/Olfm1/Postn/Prkcz/Ptprs/Pum2/Rarg/Rnf6/Rtn4/Rufy3/Sema4a/Sema6d/Sh3glb1/Sin3a/Spag9/Tgfbr2/Trim46/Wdr36/Wnt7b/Zfyve27/Bcl11a/Csf1/Ctnnb1/Fgf13/Mapt/Pafah1b1/Rims2/Sema4c/Dclk1/Islr2/Lhx2/Lzts2/Nfix/Nrp2/Sema6c/Shtn1/Efna5/Hdac6/Picalm/Sema4f/Cyfip1/Slit2/Zeb2/Mgll/Sema4d/Sema3a/Tmtc3/Vegfa/Nrn1l",62,"Shared core",0.0353881278538813,0.015316690286711,2.31042915874486
"GO:0106027","neuron projection organization","35/1752","115/18346",0.304347826086957,3.18696644828271,7.64427251403116,2.79572715660674e-10,1.17200876300892e-07,9.94480088564396e-08,"Abi2/Actr3/App/Arhgap33/Baiap2/Caprin1/Cask/Cdc42/Cntnap2/Cttn/Dctn1/Dnm1l/Dvl1/Ephb1/Homer1/Itga3/Mfn2/Opa1/Stau2/Ube3a/Zmynd8/Kif1a/Pafah1b1/Pak3/Pdlim5/Wasl/Arhgap44/Camk2b/Grin1/Rph3a/Dnm3/Hdac6/Lzts3/Mtmr2/Caprin2",35,"Shared core",0.0199771689497717,0.00626839638068244,3.18696644828271
"GO:0007163","establishment or maintenance of cell polarity","53/1752","224/18346",0.236607142857143,2.47762251304631,7.22994197159193,3.51387110097167e-10,1.37486063277351e-07,1.16660520552259e-07,"Abl1/Actr3/Ank3/Arhgef2/Cdc42/Cenpa/Clasp1/Clasp2/Crk/Dctn1/Dlg1/Ephb1/Fam89b/Fbxw11/Frmd4a/Gpsm1/Gsn/Igf1/Kat5/Kcnq2/Lims1/Map4/Myo18a/Nckap1/Pard6a/Pax6/Prkcz/Rhobtb1/Rufy3/Sipa1/Snap91/Syne4/Tsc2/Wnt7b/Amot/Cyp26b1/Fgf13/Lmna/Pafah1b1/Cyth1/Lhx2/Shtn1/Mark2/Camsap3/Mtcl1/Dlg3/Tcirg1/Dock7/Phldb2/Brsk1/Brsk2/Dlg5/Pard3",53,"Shared core",0.0302511415525114,0.0122097459936771,2.47762251304631
"GO:0061387","regulation of extent of cell growth","37/1752","128/18346",0.2890625,3.02690674942922,7.47719610187844,4.48010846555991e-10,1.64335978652319e-07,1.39443375990552e-07,"Abl1/Actr3/Cdkl3/Clasp2/Cttn/Cxcl12/Dcx/Epha7/Fn1/Olfm1/Ptprs/Pum2/Rnf6/Rtn4/Rufy3/Sema4a/Sema6d/Sin3a/Trim46/Wdr36/Zfyve27/Bcl11a/Fgf13/Mapt/Pafah1b1/Sema4c/Islr2/Sema6c/Shtn1/Efna5/Sema4f/Cyfip1/Slit2/Mgll/Sema4d/Sema3a/Vegfa",37,"Shared core",0.0211187214611872,0.00697699771067263,3.02690674942922
"GO:0048588","developmental cell growth","61/1752","280/18346",0.217857142857143,2.28128261578604,7.02010022544207,5.93268776812156e-10,2.04817320653561e-07,1.7379285344262e-07,"Abl1/Actr3/App/Camk2d/Cdkl3/Clasp2/Cttn/Cxcl12/Dcx/Ddr1/Dvl1/Epha7/Flrt3/Fn1/Igf1/Olfm1/Postn/Prkcz/Ptprs/Pum2/Rarg/Rnf6/Rtn4/Rufy3/Sema4a/Sema6d/Sh3glb1/Sin3a/Sorbs2/Spag9/Tgfbr2/Trim46/Wdr36/Zfyve27/Bcl11a/Ctnnb1/Fgf13/Mapt/Pafah1b1/Pdlim5/Rims2/Sema4c/Dclk1/Islr2/Lhx2/Nfix/Nrp2/Sema6c/Shtn1/Efna5/Hdac6/Picalm/Sema4f/Cyfip1/Slit2/Zeb2/Mgll/Sema4d/Sema3a/Vegfa/Nrn1l",61,"Shared core",0.0348173515981735,0.0152621824920964,2.28128261578604
"GO:0010976","positive regulation of neuron projection development","53/1752","230/18346",0.230434782608696,2.41298888227119,7.00683471217339,9.72137179832458e-10,3.16970728246483e-07,2.6895795308698e-07,"Abl1/Acsl6/Actr3/Ankrd27/Ap2a1/Apbb1/Baiap2/Caprin1/Cask/Clip1/Dab2ip/Ddr1/Dnm1l/Dpysl3/Dvl1/Dynlt1f/Elavl4/Hap1/Hspa5/Itga3/Mdk/Mfn2/Nptn/Ntrk2/Opa1/Ptbp1/Ptpn5/Pum2/Rapgef1/Stau2/Tenm3/Tsc2/Bcl11a/Gprc5b/Mapt/Negr1/Pafah1b1/Pak3/Camk2b/Cflar/Fgfr1/Magi2/Amigo1/Mark2/Itga6/Ezh2/Ikbkb/Lyn/Cyfip1/Dynlt1c/Caprin2/S100a9/Sphk1",53,"Shared core",0.0302511415525114,0.0125367927613649,2.41298888227119
"GO:0050767","regulation of neurogenesis","88/1752","483/18346",0.182194616977226,1.90784386019645,6.56988689732188,1.95649335619065e-09,6.04350500393837e-07,5.12807205991022e-07,"Actr3/Ankrd27/Arhgef2/Atf5/Baiap2/Bin1/Caprin1/Cask/Cdkl3/Cxcl12/Dcx/Dnm1l/Epha7/Faim/Fn1/Golga2/Hap1/Igf1/Kifap3/Lef1/Map6/Mbp/Mdk/Mfn2/Nf2/Nptn/Ntrk2/Numb/Opa1/Pax6/Ppp3ca/Prpf19/Ptprs/Rnf6/Rtn4/Rufy3/Sema4a/Sema6d/Sh3glb1/Shox2/Skil/Snap91/Srrt/Stau2/Trim46/Tsc2/Vcan/Wnt7b/Zfyve27/Bcl11a/Ctnnb1/Fgf13/Grip1/Mapt/Nkx2-2/Pafah1b1/Pak3/Sema4c/Synj1/Tnik/Ache/Camk2b/Islr2/Lhx2/Nkx6-2/Sema6c/Shtn1/Tbc1d24/Amigo1/Efna5/Sgk1/Sirt2/Kdm4a/Picalm/Sema4f/Ezh2/Rnf112/Fgfr3/Lyn/Nfatc4/Cyfip1/Dock7/Slit2/Zeb2/Caprin2/Sema4d/Sema3a/Vegfa",88,"Shared core",0.0502283105022831,0.0263272647988662,1.90784386019645
"GO:0050773","regulation of dendrite development","38/1752","141/18346",0.269503546099291,2.82209592279543,7.05725511394141,2.35619875432679e-09,6.91426524457195e-07,5.8669348982737e-07,"Abl1/Actr3/Ankrd27/Baiap2/Caprin1/Cask/Cdkl3/Clip1/Crk/Dab2ip/Dnm1l/Elavl4/Mfn2/Nsmf/Ntrk2/Numb/Opa1/Ppp3ca/Sh3glb1/Stau2/Bcl11a/Grip1/Pafah1b1/Pak3/Tnik/Ache/Camk2b/Grin1/Sez6/Tbc1d24/Rapgef4/Sgk1/Ezh2/Nfatc4/Cyfip1/Caprin2/Carm1/Sema4d",38,"Shared core",0.021689497716895,0.00768559904066281,2.82209592279543
"GO:0099072","regulation of postsynaptic membrane neurotransmitter receptor levels","36/1752","130/18346",0.276923076923077,2.89978925184405,7.063191151368,2.78232406564206e-09,7.70813958559779e-07,6.5405580399177e-07,"Ap2a1/Ap2b1/Cntnap2/Dlg1/Eps15/Gpc6/Gphn/Gripap1/Hap1/Iqsec1/Numb/Ogt/Pip5k1c/Porcn/Prkcz/Rdx/Rnf216/Sh3glb2/Snap25/Stx3/Adam22/Grip1/Nrxn3/Synj1/Tnik/Arhgap44/Magi2/Clstn1/Rapgef4/Sirt2/Dnm3/Ppfia1/Ctnnd1/Dlg3/Snx27/Lpar1",36,"Shared core",0.0205479452054795,0.00708601329990189,2.89978925184405
"GO:0008361","regulation of cell size","50/1752","217/18346",0.230414746543779,2.41277907539507,6.80248452524709,2.88940315016445e-09,7.70813958559779e-07,6.5405580399177e-07,"Abl1/Actr3/Add1/Akt1s1/Cdkl3/Clasp2/Cttn/Cxcl12/Dcx/Epha7/Fn1/Map3k7/Mfn2/Ogt/Olfm1/Ptprs/Pum2/Rdx/Rnf6/Rtn4/Rufy3/Sema4a/Sema6d/Sin3a/Trim46/Tsc2/Wdr36/Wnk1/Zfyve27/Bcl11a/Fgf13/Mapt/Pafah1b1/Sema4c/Islr2/Sct/Sema6c/Shtn1/Tsc1/Efna5/Kcnma1/Aqp4/Sema4f/Cyfip1/Slit2/Mgll/Sema4d/Sema3a/Vegfa/Cln3",50,"Shared core",0.0285388127853881,0.0118281914313747,2.41277907539507
"GO:0030010","establishment of cell polarity","40/1752","158/18346",0.253164556962025,2.65100283220623,6.77226985390857,6.48763864921937e-09,1.65547614053341e-06,1.4047148031788e-06,"Abl1/Arhgef2/Cdc42/Cenpa/Clasp1/Clasp2/Crk/Dctn1/Ephb1/Fam89b/Fbxw11/Frmd4a/Gpsm1/Gsn/Kat5/Kcnq2/Map4/Myo18a/Pard6a/Pax6/Prkcz/Rufy3/Sipa1/Syne4/Tsc2/Amot/Cyp26b1/Fgf13/Lmna/Pafah1b1/Cyth1/Shtn1/Mark2/Camsap3/Tcirg1/Dock7/Phldb2/Brsk1/Brsk2/Pard3",40,"Shared core",0.0228310502283105,0.00861223154911152,2.65100283220623
"GO:1990138","neuron projection extension","47/1752","204/18346",0.230392156862745,2.4125425284269,6.59210931910279,8.58479772403953e-09,2.09934074343283e-06,1.7813455277382e-06,"Abl1/Actr3/Cdkl3/Clasp2/Cttn/Cxcl12/Dcx/Ddr1/Dvl1/Flrt3/Fn1/Olfm1/Postn/Prkcz/Ptprs/Rnf6/Rtn4/Rufy3/Sema4a/Sema6d/Sh3glb1/Sin3a/Spag9/Trim46/Wdr36/Zfyve27/Bcl11a/Ctnnb1/Mapt/Pafah1b1/Rims2/Sema4c/Dclk1/Islr2/Lhx2/Nrp2/Sema6c/Shtn1/Picalm/Sema4f/Cyfip1/Slit2/Mgll/Sema4d/Sema3a/Vegfa/Nrn1l",47,"Shared core",0.0268264840182648,0.0111195901013845,2.4125425284269
"GO:0060997","dendritic spine morphogenesis","25/1752","74/18346",0.337837837837838,3.53765580649142,7.10732048400176,9.139075453598e-09,2.13960249616504e-06,1.81550867795227e-06,"Abi2/Actr3/Arhgap33/Baiap2/Caprin1/Cask/Cdc42/Dnm1l/Dvl1/Ephb1/Mfn2/Opa1/Stau2/Ube3a/Kif1a/Pafah1b1/Pak3/Pdlim5/Wasl/Arhgap44/Camk2b/Dnm3/Hdac6/Lzts3/Caprin2",25,"Shared core",0.0142694063926941,0.00403357680148261,3.53765580649142
"GO:0099003","vesicle-mediated transport in synapse","56/1752","265/18346",0.211320754716981,2.21283708107177,6.46196418282863,9.47855936280304e-09,2.13960249616504e-06,1.81550867795227e-06,"Ap1s2/Ap2a1/Ap2b1/Ap3s1/Atp2a2/Atp6v0a1/Bin1/Cask/Dnajc5/Dnm1/Dnm1l/Dvl1/Eps15/Erc1/Fgf14/Git2/Gripap1/Hap1/Iqsec1/Numb/Pip5k1c/Prepl/Rnf216/Scamp5/Sh3gl3/Sh3glb2/Snap25/Snap91/Stx3/Syn2/Trim9/Bcl2l1/Cadps/Ctnnb1/Dnajc6/Grip1/Rims2/Syn1/Synj1/Magi2/Rph3a/Syt6/Tbc1d24/Vamp1/Clstn1/Rapgef4/Sirt2/Syn3/Dnm3/Picalm/Syt7/Cyfip1/Lpar1/Ppp3cc/Brsk1/Cspg5",56,"Shared core",0.0319634703196347,0.0144445655728769,2.21283708107177
"GO:0060996","dendritic spine development","35/1752","132/18346",0.265151515151515,2.77652379964024,6.65588325183545,1.57698394283582e-08,3.36363769693546e-06,2.85413455967603e-06,"Abi2/Actr3/Arhgap33/Asap1/Baiap2/Caprin1/Cask/Cdc42/Cntnap2/Dnm1l/Dvl1/Ephb1/Iqsec1/Mfn2/Opa1/Ptprs/Spire1/Stau2/Tsc2/Ube3a/Zmynd8/Kif1a/Pafah1b1/Pak3/Pdlim5/Wasl/Arhgap44/Camk2b/Dnm3/Hdac6/Lzts3/Acsl4/Lpar1/Caprin2/Dlg5",35,"Shared core",0.0199771689497717,0.00719502888913115,2.77652379964024
"GO:0007416","synapse assembly","50/1752","228/18346",0.219298245614035,2.29637306737163,6.4001869765561,1.64979562998293e-08,3.36363769693546e-06,2.85413455967603e-06,"Actr3/Adgre5/Amigo2/App/Cadm1/Caprin1/Cntnap2/Crk/Dvl1/Eif4g1/Elavl2/Epha7/Ephb1/Flrt3/Gabrg2/Gpm6a/Nptn/Ntrk2/Numb/Ogt/Ptprs/Sema4a/Stau2/Arhgef9/Ctnnb1/Fgf13/Gabrb3/Lrrtm4/Mapt/Negr1/Nrxn3/Pdlim5/Ache/Asic2/Gria1/Grin1/Il1rap/Magi2/Nrxn2/Amigo1/Clstn1/Efna5/Dnm3/Lzts3/Dock7/Slit2/Lrfn1/Sema4d/Tpbg/Dlg5",50,"Shared core",0.0285388127853881,0.0124277771721356,2.29637306737163
"GO:0051962","positive regulation of nervous system development","72/1752","384/18346",0.1875,1.96339897260274,6.19933079846448,1.72261715801066e-08,3.36363769693546e-06,2.85413455967603e-06,"Actr3/Adgre5/Amigo2/Ankrd27/Baiap2/Bin1/Caprin1/Cask/Cdkl3/Cxcl12/Dcx/Dnm1l/Ephb1/Faim/Flrt3/Fn1/Golga2/Hap1/Igf1/Map6/Mdk/Mfn2/Nptn/Ntrk2/Numb/Opa1/Pax6/Prpf19/Rtn4/Rufy3/Sema4a/Sh3glb1/Shox2/Skil/Snap91/Srrt/Stau2/Vcan/Zfyve27/Bcl11a/Ctnnb1/Grip1/Lrrtm4/Mapt/Nkx2-2/Pafah1b1/Pak3/Synj1/Tnik/Ache/Asic2/Camk2b/Il1rap/Islr2/Nkx6-2/Shtn1/Tbc1d24/Amigo1/Clstn1/Efna5/Sgk1/Picalm/Rnf112/Lyn/Cyfip1/Slit2/Zeb2/Caprin2/Sema4d/Tpbg/Dlg5/Vegfa",72,"Shared core",0.0410958904109589,0.0209309931320179,1.96339897260274
"GO:0051656","establishment of organelle localization","82/1752","459/18346",0.178649237472767,1.87071855632156,6.1385494029,1.75240418544166e-08,3.36363769693546e-06,2.85413455967603e-06,"Ap1s2/Ap3s1/Arhgap21/Arhgef2/Atp13a2/Atp9a/Bicd2/Cdc42/Cenpa/Clasp1/Clasp2/Copg1/Dctn1/Dctn2/Dlg1/Dnm1/Dnm1l/Eml4/Exoc1/Exoc7/Fbxw11/Fnbp1l/Gpsm1/Hap1/Kat5/Kif1b/Kif5a/Map4/Map6/Nup88/Nusap1/Pax6/Prkcz/Psrc1/Rhot1/Seh1l/Snap25/Snap91/Spc25/Spire1/Sun1/Tacc2/Tmem201/Trappc13/Trappc9/Trim46/Tspan4/Zbed3/Zfp207/Cadps/Ctnnb1/Dync1i1/Ect2/Kif1a/Lmna/Mapt/Pafah1b1/Synj1/Wasl/Lat2/Shroom2/Syt6/Sirt2/Dnm3/Hdac6/Picalm/Syne1/Tacc1/Lyn/Myo1c/Spast/Tcirg1/Dock7/Limk2/Madd/Xpo1/Sphk2/Cln3/Pard3/Terf1/Trappc8/Agbl4",82,"Shared core",0.0468036529680365,0.0250190777281151,1.87071855632156
"GO:0006338","chromatin remodeling","80/1752","444/18346",0.18018018018018,1.88674976346209,6.14599434105881,1.77667010742885e-08,3.36363769693546e-06,2.85413455967603e-06,"Airn/Apbb1/Atf2/Brd2/Brd3/Brpf1/Cdk2/Cenpa/Chtop/Dnmt3a/Dpf2/Ehmt1/Ehmt2/Gatad2a/Glyr1/Hdac10/Hmg20b/Hp1bp3/Kat5/Kat7/Lin54/Lrif1/Mier1/Morf4l1/Mta3/Mtf2/Nap1l4/Nasp/Pax6/Pcgf2/Pih1d1/Prmt6/Psip1/Satb1/Sfpq/Sin3a/Smarcc2/Ss18/Suv39h1/Suv39h2/Tcf3/Tfpt/Uimc1/Wac/Arid4b/Axin1/Lmna/Morc2a/Phf1/Smarca1/Ssrp1/Trmt112/Lhx2/Phc1/Epc1/Sirt2/Dpf3/Hdac6/Kdm4a/Set/Smarca2/Smarcb1/Usp15/Ezh2/Chd5/Mthfr/Myo1c/Jarid2/Naa60/Suz12/Uhrf1/Yeats2/Nipbl/Sphk2/Glmn/Gnas/Suds3/Kat2a/Zfp827/Xist",80,"Shared core",0.045662100456621,0.0242014608088957,1.88674976346209
"GO:0048675","axon extension","36/1752","139/18346",0.258992805755396,2.71203311323544,6.58340738664288,1.92883496702602e-08,3.53760388171115e-06,3.00174941743424e-06,"Abl1/Actr3/Cdkl3/Clasp2/Cttn/Cxcl12/Dcx/Dvl1/Fn1/Olfm1/Ptprs/Rnf6/Rtn4/Rufy3/Sema4a/Sema6d/Sin3a/Trim46/Wdr36/Zfyve27/Mapt/Pafah1b1/Sema4c/Dclk1/Islr2/Lhx2/Nrp2/Sema6c/Shtn1/Sema4f/Cyfip1/Slit2/Mgll/Sema4d/Sema3a/Vegfa",36,"Shared core",0.0205479452054795,0.00757658345143356,2.71203311323544
"GO:0051493","regulation of cytoskeleton organization","87/1752","500/18346",0.174,1.82203424657534,6.05556729659528,2.29949836536113e-08,4.08962300191045e-06,3.47015207863589e-06,"Abi2/Abl1/Actr3/Add1/Add3/Arap1/Arhgap17/Arhgef2/Arhgef7/Baiap2/Bcas3/Bicd2/Bin1/Camsap1/Capzb/Cdc42/Cdk10/Clasp1/Clasp2/Clip1/Crk/Ctnna2/Cttn/Dctn1/Dlg1/Dmtn/Dynlt1f/Eml4/Evl/Gmfg/Gpm6b/Gsn/Lima1/Limch1/Map6/Mapre2/Mdm1/Mfn2/Mkks/Mlst8/Mtss1/Myadm/Nckap1/Nf2/Pde4dip/Psrc1/Rdx/Stau2/Taok2/Tpm1/Ect2/Fchsd2/Fgf13/Mapt/Pafah1b1/Pak3/Tmem67/Trim36/Vasp/Arhgap44/Arhgef10l/Gas2l1/Shroom2/Smim22/Tsc1/Efna5/Mark2/Pecam1/Sgk1/Hdac6/Ppfia1/Camsap3/Myo1c/Rnf4/Cyfip1/Dynlt1c/Slit2/Pxn/Sptan1/Lpar1/Phldb2/Tpx2/Ssh2/Cln3/Kat2a/Slain2/Cyld",87,"Shared core",0.0496575342465753,0.0272538973073149,1.82203424657534
"GO:0010639","negative regulation of organelle organization","69/1752","368/18346",0.1875,1.96339897260274,6.06610280481267,3.41141107520041e-08,5.88869752951505e-06,4.99671386897001e-06,"Adck1/Add1/Add3/Ankrd27/Arap1/Arhgef2/Arhgef7/Arrb2/Camsap1/Capzb/Cdk10/Clasp1/Clasp2/Ctnna2/Dmtn/Dnm1l/Ehmt2/Eml4/Evl/Fez2/Ghitm/Gmfg/Gsn/Igf1/Lima1/Map4/Mdm1/Mfn2/Mkks/Myadm/Opa1/Phf23/Psmd10/Rdx/Rtel1/Spc25/Src/Tom1l2/Tpm1/Trim9/Zfp207/Bcl2l1/Fgf13/Lmna/Mapt/Mpv17l/Tmem67/Gas2l1/Shroom2/Pecam1/Sgk1/Hdac6/Rad1/Fgfr3/Flcn/Ppfia1/Camsap3/Bub1/Limk2/Naa10/Slit2/Sptan1/Lpar1/Phldb2/Tpx2/Ctc1/Ssh2/Kat2a/Terf1",69,"Shared core",0.0393835616438356,0.0200588684181838,1.96339897260274
"GO:0001558","regulation of cell growth","77/1752","429/18346",0.179487179487179,1.87949303360262,5.98933726275526,3.89168871476085e-08,6.52580601912327e-06,5.53731708557401e-06,"Abl1/Actr3/Acvrl1/Adam15/Cdc42/Cdkl3/Clasp2/Crk/Crlf3/Cttn/Cxcl12/Dab2/Dab2ip/Dcx/Ddr1/Dnajb2/Eif4g1/Epha7/Fhl1/Fn1/Igf1/Jade1/Kat7/Mlst8/Nf2/Olfm1/Psmd10/Psrc1/Ptprs/Pum2/Rnf6/Rtn4/Rufy3/Sbf1/Sema4a/Sema6d/Sesn1/Sh3glb1/Sin3a/Spag9/Trim46/Tro/Wdr36/Zfyve27/Bcl11a/Fgf13/Mapt/Pafah1b1/Rims2/Sema4c/Zfp639/Brat1/Islr2/Sema6c/Sertad2/Shtn1/Clstn1/Efna5/Sgk1/Bcl2/Meaf6/Picalm/Sema4f/Smarca2/Taf9b/Cyfip1/Mad2l2/Slit2/Acsl4/Mgll/Sphk2/Caprin2/Sema4d/Sema3a/Cryab/Vegfa/Sphk1",77,"Shared core",0.0439497716894977,0.0233838438896762,1.87949303360262
"GO:0030516","regulation of axon extension","31/1752","113/18346",0.274336283185841,2.87270174162525,6.48827331824375,4.38107041432993e-08,7.14236173936177e-06,6.06048073982307e-06,"Abl1/Actr3/Cdkl3/Clasp2/Cttn/Cxcl12/Fn1/Olfm1/Ptprs/Rnf6/Rtn4/Rufy3/Sema4a/Sema6d/Sin3a/Trim46/Wdr36/Zfyve27/Mapt/Pafah1b1/Sema4c/Islr2/Sema6c/Shtn1/Sema4f/Cyfip1/Slit2/Mgll/Sema4d/Sema3a/Vegfa",31,"Shared core",0.0176940639269406,0.00615938079145318,2.87270174162525
"GO:1901888","regulation of cell junction assembly","51/1752","244/18346",0.209016393442623,2.188707051426,6.07374896309629,6.23196508519624e-08,9.88524407703155e-06,8.38788814169656e-06,"Abl1/Actr3/Acvrl1/Adgre5/Amigo2/App/Clasp1/Clasp2/Cntnap2/Dmtn/Eif4g1/Elavl2/Epha7/Ephb1/Flrt3/Gpm6b/Limch1/Lims1/Map4k4/Ntrk2/Numb/Ogt/Ptprs/Rapgef1/Sema4a/Src/Stau2/Ctnnb1/Dusp22/Lrrtm4/Negr1/Pdlim5/Asic2/Grin1/Il1rap/Tsc1/Amigo1/Clstn1/Efna5/Nphp1/Ikbkb/Lzts3/Camsap3/Myo1c/Slit2/Lrfn1/Phldb2/Sema4d/Tpbg/Dlg5/Vegfa",51,"Shared core",0.0291095890410959,0.0132999018859697,2.188707051426
"GO:0031345","negative regulation of cell projection organization","47/1752","218/18346",0.215596330275229,2.25760860458297,6.0694476063094,7.61992610682805e-08,1.17687753476247e-05,9.98611368736939e-06,"Actr3/Arhgap24/Capzb/Cdk10/Cdkl3/Dab2/Dguok/Dpysl3/Dync1i2/Epha7/Evl/Itga3/Map4/Map4k4/Mbp/Neo1/Pmp22/Ppp3ca/Prkcsh/Ptprs/Rnf6/Rtn4/Rufy3/Sema4a/Sema6d/Trim46/Tsc2/Ube3a/Bcl11a/Crmp1/Fgf13/Pafah1b1/Sema4c/Arhgap44/Sema6c/Tsc1/Dnm3/Sema4f/Inppl1/Nfatc4/Limk2/Slit2/Lpar1/Carm1/Sema4d/Sema3a/Tsku",47,"Shared core",0.0268264840182648,0.0118826992259893,2.25760860458297
"GO:0007015","actin filament organization","78/1752","444/18346",0.175675675675676,1.83958101937554,5.81907140724379,8.11926769253356e-08,1.22184569455075e-05,1.03676802843121e-05,"Abi2/Abl1/Actr3/Add1/Add3/Arap1/Arhgap12/Arhgap17/Arhgef2/Arrb1/Baiap2/Bin1/Capzb/Cdc42/Clasp1/Clasp2/Ctnna2/Cttn/Dlg1/Dmtn/Dpysl3/Elmo2/Evl/Gdpd2/Gmfg/Gsn/Lcp1/Lima1/Limch1/Mkks/Mlst8/Mtss1/Myadm/Myo1b/Nckap1/Nf2/Rdx/Rhobtb1/Rhot1/Rufy3/Sorbs1/Spire1/Src/Tpm1/Tpm3/Zbed3/Zyx/Bcar1/Elmo1/Fchsd2/Pak3/Vasp/Wasl/Acta1/Arhgef10l/Gas2l1/Shroom2/Shtn1/Tsc1/Gas7/Pecam1/Bcl2/Hdac6/Ppfia1/Inppl1/Myo1c/Cyfip1/Mad2l2/Slit2/Zeb2/Enah/Pxn/Sptan1/Lpar1/Sirpa/Phldb2/Tpm2/Ssh2",78,"Shared core",0.0445205479452055,0.0242014608088957,1.83958101937554
"GO:0001764","neuron migration","44/1752","200/18346",0.22,2.30372146118721,6.02364994195547,1.06585535361521e-07,1.56387626759192e-05,1.32698991525094e-05,"Abi1/Abi2/Apbb1/Apbb2/Arhgef2/Celsr2/Crk/Ctnna2/Cxcl12/Dab2ip/Dcx/Gpm6a/Itga3/Mapk8ip3/Mdk/Neo1/Nr4a2/Nsmf/Ntrk2/Pax6/Pex2/Pex5/Trim46/Tubgcp2/Unk/Ctnnb1/Elp3/Fgf13/Mapt/Pafah1b1/Camk2b/Dclk1/Nr2f2/Nrp2/Shtn1/Stat3/Tbc1d24/Axl/Mark2/Barhl1/Pitx2/Nipbl/Sema3a/Vegfa",44,"Shared core",0.0251141552511416,0.010901558922926,2.30372146118721
"GO:0050775","positive regulation of dendrite morphogenesis","21/1752","62/18346",0.338709677419355,3.54678524083076,6.52683943540203,1.32239461692141e-07,1.89295951383214e-05,1.60622565665089e-05,"Actr3/Ankrd27/Baiap2/Caprin1/Cask/Cdkl3/Dnm1l/Mfn2/Numb/Opa1/Sh3glb1/Stau2/Grip1/Pafah1b1/Pak3/Tnik/Ache/Camk2b/Tbc1d24/Sgk1/Caprin2",21,"Shared core",0.011986301369863,0.00337948326610705,3.54678524083076
"GO:0051648","vesicle localization","45/1752","209/18346",0.215311004784689,2.25462082978305,5.92725042204667,1.49157969932102e-07,2.0843050607893e-05,1.76858735776635e-05,"Ap1s2/Ap3s1/Atp13a2/Atp9a/Clasp1/Clasp2/Dctn1/Dctn2/Dnm1/Exoc1/Exoc7/Fbxw11/Fnbp1l/Hap1/Kif1b/Kif5a/Prkcz/Snap25/Snap91/Syn2/Trappc13/Trappc9/Trim46/Bcl2l1/Cadps/Ctnnb1/Dync1i1/Kif1a/Pafah1b1/Syn1/Synj1/Wasl/Magi2/Shroom2/Syt6/Syn3/Dnm3/Picalm/Tcf7l2/Myo1c/Tcirg1/Limk2/Madd/Cln3/Trappc8",45,"Shared core",0.0256849315068493,0.0113921290744576,2.25462082978305
"GO:0072384","organelle transport along microtubule","24/1752","79/18346",0.30379746835443,3.18120339864748,6.31286443270913,1.79631332347523e-07,2.45175881290143e-05,2.08038147695504e-05,"Ap3s1/Arhgap21/Bicd2/Cdc42/Copg1/Fbxw11/Hap1/Kif1b/Kif5a/Map6/Prkcz/Rhot1/Sun1/Tmem201/Trim46/Dync1i1/Kif1a/Mapt/Pafah1b1/Hdac6/Spast/Madd/Cln3/Agbl4",24,"Shared core",0.0136986301369863,0.00430611577455576,3.18120339864748
"GO:0061001","regulation of dendritic spine morphogenesis","20/1752","58/18346",0.344827586206897,3.61084868524642,6.47087423055535,1.87490205040522e-07,2.50086366677915e-05,2.12204822977682e-05,"Abi2/Actr3/Arhgap33/Baiap2/Caprin1/Cask/Dnm1l/Mfn2/Opa1/Stau2/Ube3a/Kif1a/Pafah1b1/Pak3/Pdlim5/Arhgap44/Camk2b/Dnm3/Lzts3/Caprin2",20,"Shared core",0.0114155251141553,0.00316145208764853,3.61084868524642
"GO:0048638","regulation of developmental growth","70/1752","392/18346",0.178571428571429,1.86990378343118,5.6569717360011,1.96761816188957e-07,2.56621133158442e-05,2.17749743249112e-05,"Abl1/Actr3/App/Cdkl3/Celf1/Clasp2/Cttn/Cxcl12/Dcx/Dlg1/Epha7/Fn1/Ghr/Igf1/Igf2/Mapk14/Mkks/Olfm1/Pex5/Ptprs/Pum2/Rai1/Rnf6/Rps6kb1/Rtn4/Rufy3/Sema4a/Sema6d/Sh3glb1/Sin3a/Spag9/Suv39h1/Tgfbr2/Trim46/Wdr36/Zfyve27/Bcl11a/Csf1/Fgf13/Lats2/Mapt/Pafah1b1/Rims2/Sema4c/Sgip1/Cxadr/Fgfr1/Islr2/Rbpj/Sema6c/Shtn1/Stat3/Ybx3/Efna5/Bcl2/Bcl2l11/Ncam1/Picalm/Sema4f/Tcf7l2/Fgfr3/Cyfip1/Jarid2/Slit2/Mgll/Nipbl/Sema4d/Gnas/Sema3a/Vegfa",70,"Shared core",0.0399543378995434,0.0213670554889349,1.86990378343118
"GO:0010770","positive regulation of cell morphogenesis","21/1752","64/18346",0.328125,3.43594820205479,6.3430268534595,2.44778853915015e-07,3.12305889918961e-05,2.64999715760168e-05,"Actr3/Ankrd27/Baiap2/Caprin1/Cask/Cdkl3/Dnm1l/Mfn2/Numb/Opa1/Sh3glb1/Stau2/Grip1/Pafah1b1/Pak3/Tnik/Ache/Camk2b/Tbc1d24/Sgk1/Caprin2",21,"Shared core",0.011986301369863,0.00348849885533631,3.43594820205479
"GO:0030100","regulation of endocytosis","60/1752","320/18346",0.1875,1.96339897260274,5.64913366432828,2.64073513010109e-07,3.29754776139645e-05,2.79805552083052e-05,"Add1/Ank3/Ap2a1/Ap2b1/Apoa2/App/Arfgap1/Arhgap21/Arrb1/Arrb2/Bin1/Cdc42/Dab2/Dcx/Dnm1/Dnm1l/Epn2/Hap1/Iqsec1/Myo18a/Numb/Pip5k1c/Ppp3ca/Ptpn5/Rapgef1/Rnf216/Scamp5/Scarb1/Sh3gl3/Snap91/Snx12/Src/Tsc2/Bcl2l1/Dnajc6/Synj1/Wasl/Abr/Ager/Angpt1/Apoc1/Cbll1/Magi2/Axl/Pacsin3/Sirt2/Picalm/Cd36/Lgals3/Syt7/Mtmr2/Tbc1d5/Lpar1/Sirpa/Ppp3cc/Vegfa/Cln3/Pard3/Atg7/Sphk1",60,"Shared core",0.0342465753424658,0.0174424942766816,1.96339897260274
"GO:0062197","cellular response to chemical stress","56/1752","291/18346",0.192439862542955,2.01512655149147,5.6717659555624,2.71865662216129e-07,3.30794924564068e-05,2.80688145225602e-05,"Abl1/Agap3/Aifm2/Ankzf1/Arnt/Atf2/Atp13a2/Atp2a2/Dapk1/Dnaja1/Fancc/Fut8/Map2k7/Mapk7/Mapk9/Mlst8/Msra/Ncoa7/Net1/Nfe2l1/Nr4a2/Oxr1/Pcgf2/Pex2/Pex5/Psap/Rad52/Rcsd1/Sin3a/Slc11a2/Slc25a14/Src/Tmem161a/Trex1/Wnk1/Ect2/Ercc6l2/Keap1/Pdgfra/Mpv17/Tbc1d24/Tsc1/Ybx3/Axl/Sirt2/Hdac6/Usp15/Ezh2/Cd36/Serpinb6a/Trp53inp1/Sirpa/Ddit3/Cln3/Atg7/Sphk1",56,"Shared core",0.0319634703196347,0.0158617682328573,2.01512655149147
"GO:0022411","cellular component disassembly","78/1752","457/18346",0.170678336980306,1.78725158118761,5.5376942766438,2.76179098715954e-07,3.30794924564068e-05,2.80688145225602e-05,"Acin1/Add1/Add3/Aifm1/Ankzf1/Arhgef1/Arhgef2/Asph/Atp2a2/Camsap1/Capzb/Chka/Clasp1/Clasp2/Cttn/Dctn1/Ddr1/Dffa/Dmtn/Dnm1l/Eif4e2/Eml4/Evl/Exog/Fbxw7/Golga2/Gsn/Iqsec1/Jmjd4/Kat5/Klc1/Lamp2/Lcp1/Lima1/Map4/Map4k4/Mapre2/Mfn2/Ogt/Pex5/Phf23/Rdx/Rnf14/Sh3gl3/Smarcc2/Tex264/Tpm1/Vrk1/Wnk1/Atg4c/Dnajc6/Fgf13/Gfm2/Pafah1b1/Ssrp1/Synj1/Ubqln1/Ctss/Gas2l1/Rnf25/Shroom2/Wdr45/Atg9a/Sgk1/Hdac6/Kdm4a/Smarcb1/Camsap3/Ets1/Spast/Trip4/Fbxl4/Hspa2/Sptan1/Tpx2/Stx5a/Cln3/Atg7",78,"Shared core",0.0445205479452055,0.0249100621388859,1.78725158118761
"GO:0022604","regulation of cell morphogenesis","52/1752","263/18346",0.197718631178707,2.07040297237703,5.68120297226058,2.99641206174524e-07,3.51718847807657e-05,2.98442641349826e-05,"Actr3/Ankrd27/Arap1/Baiap2/Camsap1/Caprin1/Capzb/Cask/Cdkl3/Crk/Dlg1/Dmtn/Dnm1l/Dnmbp/Dvl1/Fn1/Mfn2/Mov10/Nf2/Numb/Opa1/Rdx/Sema4a/Sh3glb1/Spag9/Src/Stau2/Taok2/Tpm1/Zmym3/Bcl11a/Grip1/Pafah1b1/Pak3/Rims2/Tnik/Zmym6/Ache/Camk2b/Tbc1d24/Efna5/Gas7/Mark2/Sgk1/Picalm/Cdc42se1/Cyfip1/Pxn/Lpar1/Caprin2/Sema4d/Vegfa",52,"Shared core",0.0296803652968037,0.0143355499836477,2.07040297237703
"GO:0050769","positive regulation of neurogenesis","60/1752","322/18346",0.186335403726708,1.95120394792819,5.5953383921402,3.29676362150819e-07,3.79386386169246e-05,3.21919271276682e-05,"Actr3/Ankrd27/Baiap2/Bin1/Caprin1/Cask/Cdkl3/Cxcl12/Dcx/Dnm1l/Faim/Fn1/Golga2/Hap1/Igf1/Map6/Mdk/Mfn2/Nptn/Ntrk2/Numb/Opa1/Pax6/Prpf19/Rtn4/Rufy3/Sh3glb1/Shox2/Skil/Snap91/Srrt/Stau2/Vcan/Zfyve27/Bcl11a/Ctnnb1/Grip1/Mapt/Nkx2-2/Pafah1b1/Pak3/Synj1/Tnik/Ache/Camk2b/Islr2/Nkx6-2/Shtn1/Tbc1d24/Amigo1/Efna5/Sgk1/Picalm/Rnf112/Lyn/Cyfip1/Zeb2/Caprin2/Sema4d/Vegfa",60,"Shared core",0.0342465753424658,0.0175515098659108,1.95120394792819
"GO:0035418","protein localization to synapse","27/1752","99/18346",0.272727272727273,2.85585305105853,6.01611061200807,3.63947626416442e-07,4.10770888353481e-05,3.48549842221901e-05,"Baiap2/Dlg1/Gpc6/Gphn/Gripap1/Homer1/Kif5a/Klc1/Mapk8ip3/Ogt/Prkcz/Snap25/Stau2/Stx3/Adam22/Grip1/Mapt/Nrxn3/Tnik/Arhgap44/Asic2/Grin1/Magi2/Nrxn2/Clstn1/Dlgap1/Rapgef4",27,"Shared core",0.0154109589041096,0.00539627166684836,2.85585305105853
"GO:0010977","negative regulation of neuron projection development","37/1752","162/18346",0.228395061728395,2.39163002424037,5.78078679302843,4.03330659777065e-07,4.46631630609735e-05,3.78978619941469e-05,"Actr3/Cdkl3/Dab2/Dguok/Dpysl3/Dync1i2/Epha7/Map4k4/Mbp/Neo1/Pmp22/Prkcsh/Ptprs/Rnf6/Rtn4/Rufy3/Sema4a/Sema6d/Trim46/Tsc2/Ube3a/Bcl11a/Crmp1/Fgf13/Pafah1b1/Sema4c/Sema6c/Tsc1/Dnm3/Sema4f/Inppl1/Slit2/Lpar1/Carm1/Sema4d/Sema3a/Tsku",37,"Shared core",0.0211187214611872,0.00883026272757004,2.39163002424037
"GO:0007254","JNK cascade","39/1752","176/18346",0.221590909090909,2.32038060398506,5.71910898122256,4.55297361732941e-07,4.9484078074271e-05,4.19885344709268e-05,"Ankrd6/App/Atf2/Cdc42/Crk/Dab2/Dab2ip/Dnaja1/Ephb1/Fgf14/Hipk2/Irak1/Map2k7/Map3k7/Map4k4/Mapk8ip1/Mapk8ip3/Mapk9/Mink1/Pja2/Rapgef1/Taok2/Taok3/Wnt7b/Axin1/Dusp22/Pafah1b1/Tnfrsf19/Tnik/Ager/Fgf12/Itch/Zmynd11/Cdc42se1/Mturn/Mdfi/Sirpa/Map3k12/Cyld",39,"Shared core",0.0222602739726027,0.00959337185217486,2.32038060398506
"GO:0000380","alternative mRNA splicing, via spliceosome","22/1752","72/18346",0.305555555555556,3.1996131405378,6.07639656440268,5.17974980393154e-07,5.52726392714077e-05,4.69002800428711e-05,"Celf1/Celf2/Celf3/Celf4/Hnrnpul1/Ptbp1/Puf60/Rbfox2/Rbm4/Rbm7/Rbmx/Rnps1/Scnm1/Sfpq/Srsf1/Srsf9/Rbfox1/Mbnl2/Slu7/Mbnl1/Ddx17/Hnrnpm",22,"Shared core",0.0125570776255708,0.00392456121225335,3.1996131405378
"GO:0051258","protein polymerization","51/1752","262/18346",0.194656488549618,2.03833786468681,5.50037695867202,6.38208980225138e-07,6.6886580445381e-05,5.6755012884307e-05,"Abl1/Actr3/Add1/Add3/Arhgef7/Baiap2/Bin1/Camsap1/Capzb/Clasp1/Clasp2/Clip1/Cttn/Dctn1/Dlg1/Dmtn/Evl/Golga2/Gsn/Map4/Mkks/Mlst8/Mtss1/Myadm/Nckap1/Orc4/Pde4dip/Psrc1/Rdx/Spire1/Tpm1/Tubgcp2/Tubgcp4/Csnk1d/Fchsd2/Fgf13/Mapt/Pak3/Vasp/Wasl/Gas7/Pecam1/Sgk1/Camsap3/Myo1c/Cyfip1/Slit2/Sptan1/Tpx2/Ssh2/Slain2",51,"Shared core",0.0291095890410959,0.014281042189033,2.03833786468681
"GO:0051494","negative regulation of cytoskeleton organization","37/1752","165/18346",0.224242424242424,2.34814584198146,5.65223657968581,6.53095512459063e-07,6.72459221512674e-05,5.70599237201076e-05,"Add1/Add3/Arap1/Arhgef2/Arhgef7/Camsap1/Capzb/Clasp1/Clasp2/Ctnna2/Dmtn/Eml4/Evl/Gmfg/Gsn/Lima1/Mdm1/Mfn2/Mkks/Myadm/Rdx/Tpm1/Fgf13/Tmem67/Gas2l1/Shroom2/Pecam1/Sgk1/Hdac6/Ppfia1/Camsap3/Slit2/Sptan1/Phldb2/Tpx2/Ssh2/Kat2a",37,"Shared core",0.0211187214611872,0.00899378611141393,2.34814584198146
"GO:0043087","regulation of GTPase activity","56/1752","299/18346",0.187290969899666,1.96121012202013,5.44504892786245,6.79848777519554e-07,6.87936633665907e-05,5.83732226215065e-05,"Agap1/Agap3/Arap1/Arhgap12/Arhgap17/Arhgap24/Arhgef7/Asap1/Asap2/Chn1/Chn2/Crk/Dab2ip/Gpsm1/Lims1/Map4k4/Mapre2/Mkks/Mlst8/Net1/Ntrk2/Rabgap1l/Ralgds/Ralgps2/Rap1gds1/Rapgef1/Rapgef6/Rdx/Sgsm1/Tbc1d1/Tbc1d9b/Tsc2/Wnk1/Amot/Ect2/Pafah1b1/Ralgapa1/Rgs7/Tbc1d9/Abr/Arhgap44/Cav2/Tsc1/Efna5/Rapgef4/Rasgrf1/Itga6/Picalm/Als2/Ezh2/Cd40/Dock7/Tbc1d5/Pkp4/Sema4d/Gnas",56,"Shared core",0.0319634703196347,0.0162978305897743,1.96121012202013
"GO:0007264","small GTPase-mediated signal transduction","73/1752","429/18346",0.17016317016317,1.78185703185703,5.32443723387622,7.45201584987577e-07,7.41286119032558e-05,6.2900065987087e-05,"Abi2/Abl1/Adcyap1r1/Arfgap1/Arhgap12/Arhgap17/Arhgap24/Arhgap33/Arhgdib/Arhgef2/Arhgef7/Arrb1/Baiap2/Bnip2/Camk2d/Cdc42/Chn1/Crk/Dab2ip/Dynlt1f/G3bp2/Git2/Igf1/Iqsec1/Itga3/Map4k4/Mapre2/Mcf2l/Mfn2/Nckap1/Net1/Ogt/Ralgds/Ralgps2/Rapgef1/Rapgef6/Rassf1/Rdx/Rhobtb1/Rhot1/Rtkn/Rtn4/Sipa1/Src/Tsc2/Amot/Arhgef9/Csf1/Elmo1/Ralgapa1/Sh2b2/Arhgap44/Arhgef3/Cyth1/Nfix/Shtn1/Pecam1/Rapgef4/Rasgrf1/Als2/Flcn/Dok1/Cdc42se1/Cyfip1/Dock7/Dynlt1c/Phactr4/Slit2/Madd/Icmt/Lpar1/Sema4d/Rfxank",73,"Shared core",0.0416666666666667,0.0233838438896762,1.78185703185703
"GO:0051056","regulation of small GTPase mediated signal transduction","47/1752","235/18346",0.2,2.09429223744292,5.48588122469134,7.78733926100792e-07,7.56598485594311e-05,6.41993603383825e-05,"Abl1/Adcyap1r1/Arfgap1/Arhgap12/Arhgap17/Arhgap24/Arhgdib/Arhgef2/Arrb1/Bnip2/Camk2d/Chn1/Crk/Dab2ip/Dynlt1f/Git2/Igf1/Iqsec1/Itga3/Map4k4/Mapre2/Mcf2l/Mfn2/Net1/Ogt/Rapgef1/Rdx/Rtn4/Sipa1/Src/Tsc2/Amot/Csf1/Ralgapa1/Sh2b2/Arhgap44/Arhgef3/Cyth1/Rasgrf1/Flcn/Cdc42se1/Dynlt1c/Slit2/Madd/Icmt/Lpar1/Sema4d",47,"Shared core",0.0268264840182648,0.012809331734438,2.09429223744292
"GO:0034599","cellular response to oxidative stress","46/1752","228/18346",0.201754385964912,2.1126632219819,5.49321244158496,7.86377706956091e-07,7.56598485594311e-05,6.41993603383825e-05,"Abl1/Agap3/Aifm2/Ankzf1/Arnt/Atf2/Atp13a2/Atp2a2/Dapk1/Fancc/Fut8/Mapk7/Mapk9/Msra/Ncoa7/Net1/Nfe2l1/Nr4a2/Oxr1/Pcgf2/Pex2/Pex5/Psap/Rad52/Sin3a/Slc11a2/Slc25a14/Src/Tmem161a/Trex1/Ect2/Ercc6l2/Keap1/Pdgfra/Mpv17/Tbc1d24/Tsc1/Axl/Sirt2/Hdac6/Ezh2/Cd36/Trp53inp1/Sirpa/Atg7/Sphk1",46,"Shared core",0.0262557077625571,0.0124277771721356,2.1126632219819
"GO:0048814","regulation of dendrite morphogenesis","26/1752","97/18346",0.268041237113402,2.80678341100598,5.79726018252706,8.5835261516158e-07,8.12527661029566e-05,6.89450971533011e-05,"Actr3/Ankrd27/Baiap2/Caprin1/Cask/Cdkl3/Dnm1l/Mfn2/Nsmf/Numb/Opa1/Ppp3ca/Sh3glb1/Stau2/Grip1/Pafah1b1/Pak3/Tnik/Ache/Camk2b/Grin1/Tbc1d24/Sgk1/Nfatc4/Caprin2/Sema4d",26,"Shared core",0.0148401826484018,0.0052872560776191,2.80678341100598
"GO:1902903","regulation of supramolecular fiber organization","65/1752","369/18346",0.176151761517615,1.84456633379119,5.32523411408231,8.75760077195382e-07,8.15846967152333e-05,6.9226748959254e-05,"Abi2/Abl1/Actr3/Add1/Add3/App/Arap1/Arhgef2/Arhgef7/Baiap2/Bin1/Camsap1/Capzb/Cdc42/Clasp1/Clasp2/Clip1/Ctnna2/Cttn/Dctn1/Dlg1/Dmtn/Eml4/Evl/Gmfg/Gsn/Lima1/Limch1/Mfn2/Mkks/Mlst8/Mtss1/Myadm/Nckap1/Nf2/Pde4dip/Psrc1/Rdx/Tpm1/Fchsd2/Fgf13/Mapt/Pak3/Vasp/Arhgef10l/Gas2l1/Shroom2/Tsc1/Pecam1/Sgk1/Hdac6/Ppfia1/Camsap3/Aebp1/Myo1c/Cyfip1/Slit2/Pxn/Sptan1/Lpar1/Phldb2/Tpx2/Cryab/Ssh2/Slain2",65,"Shared core",0.0371004566210046,0.0201133762127984,1.84456633379119
"GO:0046328","regulation of JNK cascade","34/1752","148/18346",0.22972972972973,2.40560594841417,5.57869964539457,1.01856345301449e-06,9.34054516522193e-05,7.925696868769e-05,"Ankrd6/App/Cdc42/Crk/Dab2/Dab2ip/Dnaja1/Ephb1/Hipk2/Map2k7/Map3k7/Map4k4/Mapk8ip1/Mapk8ip3/Mapk9/Mink1/Pja2/Rapgef1/Taok2/Taok3/Wnt7b/Axin1/Dusp22/Pafah1b1/Tnfrsf19/Tnik/Ager/Itch/Zmynd11/Cdc42se1/Mturn/Mdfi/Sirpa/Cyld",34,"Shared core",0.0194063926940639,0.00806715360296522,2.40560594841417
"GO:1902414","protein localization to cell junction","31/1752","129/18346",0.24031007751938,2.51639764964072,5.6159068379121,1.08181867398074e-06,9.76799045783536e-05,8.288395379114e-05,"Baiap2/Dlg1/Gpc6/Gphn/Gripap1/Homer1/Kif5a/Klc1/Mapk8ip3/Mapk9/Ogt/Prkcz/Snap25/Stau2/Stx3/Adam22/Grip1/Mapt/Nrxn3/Tnik/Arhgap44/Asic2/Grin1/Magi2/Nrxn2/Clstn1/Dlgap1/Pecam1/Rapgef4/Tjp3/Dlg5",31,"Shared core",0.0176940639269406,0.00703150550528726,2.51639764964072
"GO:0099504","synaptic vesicle cycle","45/1752","225/18346",0.2,2.09429223744292,5.36641016353795,1.32701010713656e-06,0.000117365610461084,9.95877900998804e-05,"Ap1s2/Ap2b1/Ap3s1/Atp2a2/Atp6v0a1/Bin1/Cask/Dnajc5/Dnm1/Dnm1l/Dvl1/Erc1/Fgf14/Git2/Gripap1/Pip5k1c/Prepl/Scamp5/Sh3gl3/Snap25/Snap91/Stx3/Syn2/Trim9/Bcl2l1/Cadps/Ctnnb1/Dnajc6/Rims2/Syn1/Synj1/Magi2/Rph3a/Tbc1d24/Vamp1/Rapgef4/Syn3/Dnm3/Picalm/Syt7/Cyfip1/Lpar1/Ppp3cc/Brsk1/Cspg5",45,"Shared core",0.0256849315068493,0.0122642537882917,2.09429223744292
"GO:0043547","positive regulation of GTPase activity","44/1752","218/18346",0.201834862385321,2.11350592769469,5.37398190727155,1.33983573025944e-06,0.000117365610461084,9.95877900998804e-05,"Agap1/Agap3/Arap1/Arhgap17/Arhgap24/Arhgef7/Asap1/Asap2/Chn1/Chn2/Crk/Lims1/Map4k4/Mapre2/Net1/Ralgds/Ralgps2/Rap1gds1/Rapgef1/Rapgef6/Sgsm1/Tbc1d1/Tbc1d9b/Tsc2/Ect2/Ralgapa1/Rgs7/Tbc1d9/Abr/Arhgap44/Cav2/Tsc1/Rapgef4/Rasgrf1/Itga6/Picalm/Als2/Ezh2/Cd40/Dock7/Tbc1d5/Pkp4/Sema4d/Gnas",44,"Shared core",0.0251141552511416,0.0118826992259893,2.11350592769469
"GO:0006376","mRNA splice site recognition","12/1752","26/18346",0.461538461538462,4.83298208640674,6.35493473865288,1.49484812403792e-06,0.000129018582940861,0.00010947564202513,"Celf1/Celf2/Celf3/Celf4/Luc7l/Luc7l2/Psip1/Puf60/Rbmx/Srsf1/Slu7/Mbnl1",12,"Shared core",0.00684931506849315,0.00141720265998038,4.83298208640674
"GO:0030900","forebrain development","69/1752","409/18346",0.168704156479218,1.76657902669391,5.09441181532614,2.04044235786831e-06,0.000173555886932306,0.000147266709307018,"Aplp2/App/Atat1/Atf5/Atg16l1/Btbd3/Celf1/Cntnap2/Crk/Cxcl12/Dab2ip/Dclk2/Dcx/Elavl4/Foxp2/Hap1/Kcnq2/Lef1/Mapk8ip3/Mdk/Mkks/Nf2/Nr4a2/Ntrk2/Numb/Ogdh/Pax6/Pex5/Ptprs/Rarb/Rtn4/Sin3a/Slc1a2/Src/Sun1/Tacc2/Trappc9/Wdr37/Wnt7b/Ctnnb1/Fgf13/Kif1a/Pafah1b1/Zbtb18/Dclk1/Fgfr1/Grin1/Lhx2/Nfix/Nr2f2/Nrp2/Rbpj/Sct/Tsc1/Axl/Slc4a10/Ncam1/Tacc1/Tcf7l2/Chd5/Fgfr3/Pitx2/Dock7/Slit2/Zeb2/Sema3a/Tsku/Atg7/Kat2a",69,"Shared core",0.0393835616438356,0.0222936879973836,1.76657902669391
"GO:0051650","establishment of vesicle localization","39/1752","187/18346",0.20855614973262,2.18388762728005,5.28732111035942,2.27308239950058e-06,0.00019058172289527,0.000161713576421613,"Ap1s2/Ap3s1/Atp13a2/Atp9a/Clasp1/Clasp2/Dctn1/Dctn2/Dnm1/Exoc1/Exoc7/Fbxw11/Fnbp1l/Hap1/Kif1b/Kif5a/Prkcz/Snap25/Snap91/Trappc13/Trappc9/Trim46/Cadps/Ctnnb1/Dync1i1/Kif1a/Pafah1b1/Synj1/Wasl/Shroom2/Syt6/Dnm3/Picalm/Myo1c/Tcirg1/Limk2/Madd/Cln3/Trappc8",39,"Shared core",0.0222602739726027,0.0101929575929358,2.18388762728005
"GO:1903421","regulation of synaptic vesicle recycling","14/1752","36/18346",0.388888888888889,4.07223490613902,5.99531302899882,2.49825108038414e-06,0.000206510360433444,0.00017522944197624,"Dnm1/Dnm1l/Fgf14/Gripap1/Pip5k1c/Scamp5/Snap91/Bcl2l1/Synj1/Dnm3/Picalm/Syt7/Cyfip1/Ppp3cc",14,"Shared core",0.00799086757990868,0.00196228060612668,4.07223490613902
"GO:0010970","transport along microtubule","35/1752","161/18346",0.217391304347826,2.27640460591622,5.28560876625598,2.76366483054737e-06,0.000222231206608477,0.000188568991124589,"Ank3/Ap3s1/App/Arhgap21/Bicd2/Cdc42/Copg1/Dync1i2/Fbxw11/Hap1/Kif1b/Kif5a/Klc1/Lca5/Map6/Mapk8ip3/Prkcz/Rhot1/Sfpq/Stau2/Sun1/Tmem201/Trim46/Wdr35/Dync1i1/Ift74/Kif1a/Mapt/Pafah1b1/Hdac6/Camsap3/Spast/Madd/Cln3/Agbl4",35,"Shared core",0.0199771689497717,0.00877575493295541,2.27640460591622
"GO:0001667","ameboidal-type cell migration","74/1752","452/18346",0.163716814159292,1.71435426516345,4.9966566680937,2.7641639261235e-06,0.000222231206608477,0.000188568991124589,"Abl1/Actr3/Acvrl1/Arhgdib/Bcas3/Cdc42/Clasp1/Clasp2/Cxcl12/Dab2ip/Dmtn/Ednrb/Ephb4/Evl/Fbxw7/Fn1/Folr1/Fut8/Hdac7/Igf1/Igf2/Iqsec1/Itga3/Map4k4/Mapre2/Nckap1/Pax6/Pmp22/Rtn4/Scarb1/Sema4a/Sema6d/Src/Tgfbr2/Tmem201/Tsc2/Ythdf3/Acvr1/Amot/Bcar1/Pafah1b1/Pak3/Patz1/Ptp4a3/Sema4c/Ager/Angpt1/Fgfr1/Nr2f2/Nrp2/Rab13/Sema6c/Tbxa2r/Pecam1/Hdac6/Sema4f/Ets1/Pitx2/Cd40/Phactr4/Prkd2/Slit2/Zeb2/Pxn/Radil/Lgals8/Sema4d/Spred1/Tpbg/Hdac5/S100a9/Sema3a/Vegfa/Cln3",74,"Shared core",0.0422374429223744,0.0246375231658127,1.71435426516345
"GO:0006979","response to oxidative stress","63/1752","367/18346",0.171662125340599,1.79755328281886,5.01487761712862,3.12780947712299e-06,0.000248069105692363,0.00021049312427125,"Abl1/Adcyap1r1/Agap3/Aifm1/Aifm2/Ankzf1/App/Arnt/Atf2/Atp13a2/Atp2a2/Camk2g/Comt/Crk/Dapk1/Fancc/Fut8/Mapk7/Mapk9/Msra/Ncoa7/Net1/Nfe2l1/Nr4a2/Oxr1/Pcgf2/Pex2/Pex5/Pnkp/Psap/Psip1/Rad52/Rcan1/Rcan2/Sesn1/Sin3a/Slc11a2/Slc25a14/Src/Tmem161a/Trex1/Ect2/Ercc6l2/Keap1/Pdgfra/Mpv17/Tbc1d24/Tsc1/Axl/Sirt2/Bcl2/Hdac6/Als2/Ezh2/Rnf112/Cd36/Trp53inp1/Rbpms/Sirpa/Cryab/Atg7/Gab1/Sphk1",63,"Shared core",0.035958904109589,0.0200043606235692,1.79755328281886
"GO:0021543","pallium development","37/1752","176/18346",0.210227272727273,2.20138672685762,5.20369778134876,3.36221249775879e-06,0.000263104335324618,0.000223250909851184,"Atat1/Atg16l1/Btbd3/Celf1/Crk/Dab2ip/Dclk2/Dcx/Kcnq2/Lef1/Mdk/Mkks/Nf2/Ntrk2/Ogdh/Pax6/Pex5/Ptprs/Rtn4/Sun1/Tacc2/Trappc9/Ctnnb1/Fgf13/Pafah1b1/Zbtb18/Fgfr1/Grin1/Lhx2/Nfix/Sct/Tsc1/Tacc1/Slit2/Zeb2/Tsku/Atg7",37,"Shared core",0.0211187214611872,0.00959337185217486,2.20138672685762
"GO:0032970","regulation of actin filament-based process","65/1752","384/18346",0.169270833333333,1.77251296137747,4.97100737064534,3.56780292926528e-06,0.000275518886734973,0.000233784981417646,"Abi2/Abl1/Actr3/Add1/Add3/Arap1/Arhgap17/Atp2a2/Baiap2/Bcas3/Bin1/Capzb/Cdc42/Cdk10/Clasp1/Clasp2/Crk/Ctnna2/Cttn/Dlg1/Dmtn/Evl/Fxyd1/Gmfg/Gpm6b/Gsn/Lima1/Limch1/Mfn2/Mkks/Mlst8/Mtss1/Myadm/Nckap1/Nf2/Pde4b/Rdx/Stau2/Taok2/Tpm1/Ect2/Fchsd2/Fgf13/Pak3/Vasp/Arhgap44/Arhgef10l/Shroom2/Smim22/Tsc1/Efna5/Pecam1/Adora1/Ank2/Ppfia1/Myo1c/Cyfip1/Slit2/Zeb2/Pxn/Sptan1/Lpar1/Phldb2/Ssh2/Pard3",65,"Shared core",0.0371004566210046,0.0209309931320179,1.77251296137747
"GO:0090497","mesenchymal cell migration","19/1752","63/18346",0.301587301587302,3.15805972312822,5.57519896075315,3.79827503942328e-06,0.000289409534330381,0.000245571559203493,"Cdc42/Ednrb/Fn1/Folr1/Pax6/Sema4a/Sema6d/Acvr1/Sema4c/Nrp2/Sema6c/Sema4f/Pitx2/Phactr4/Zeb2/Radil/Sema4d/Tpbg/Sema3a",19,"Shared core",0.0108447488584475,0.00343399106072168,3.15805972312822
"GO:0051647","nucleus localization","15/1752","42/18346",0.357142857142857,3.73980756686236,5.77593195827558,3.84630152969326e-06,0.000289409534330381,0.000245571559203493,"Bin1/Cdc42/Dctn1/Fbxw11/Pax6/Sun1/Tacc2/Tmem201/Kif1a/Lmna/Pafah1b1/Syne1/Tacc1/Tlk2/Dock7",15,"Shared core",0.00856164383561644,0.00228932737381446,3.73980756686236
"GO:0030705","cytoskeleton-dependent intracellular transport","38/1752","184/18346",0.206521739130435,2.16258437562041,5.14993709086329,3.89939089880269e-06,0.000289690192216113,0.000245809704759967,"Ank3/Ap3s1/App/Arhgap21/Bicd2/Cdc42/Copg1/Dync1i2/Fbxw11/Fnbp1l/Hap1/Kif1b/Kif5a/Klc1/Lca5/Map6/Mapk8ip3/Prkcz/Rhot1/Sfpq/Stau2/Sun1/Tmem201/Trim46/Wdr35/Dync1i1/Ift74/Kif1a/Mapt/Pafah1b1/Wasl/Hdac6/Camsap3/Myo1c/Spast/Madd/Cln3/Agbl4",38,"Shared core",0.021689497716895,0.0100294342090919,2.16258437562041
"GO:1901880","negative regulation of protein depolymerization","21/1752","75/18346",0.28,2.93200913242009,5.44764769985785,4.47631768567057e-06,0.000328393856215007,0.000278650775932993,"Add1/Add3/Arhgef2/Camsap1/Capzb/Clasp1/Clasp2/Dmtn/Eml4/Evl/Gsn/Lima1/Rdx/Tpm1/Fgf13/Gas2l1/Shroom2/Hdac6/Camsap3/Sptan1/Tpx2",21,"Shared core",0.011986301369863,0.00408808459609724,2.93200913242009
"GO:0051646","mitochondrion localization","17/1752","53/18346",0.320754716981132,3.35877056948393,5.58768009660978,4.81006557950625e-06,0.00034245114579041,0.000290578753797281,"Dnm1l/Hap1/Kif1b/Map6/Mef2a/Mfn2/Ogt/Opa1/Rhot1/Tspan4/Zbed3/Mapt/Brat1/Hdac6/Spast/Kat2a/Agbl4",17,"Shared core",0.00970319634703196,0.00288891311457538,3.35877056948393
"GO:0007097","nuclear migration","13/1752","33/18346",0.393939393939394,4.12512107375121,5.83840792873767,4.8262307978551e-06,0.00034245114579041,0.000290578753797281,"Cdc42/Dctn1/Fbxw11/Pax6/Sun1/Tacc2/Tmem201/Kif1a/Lmna/Pafah1b1/Syne1/Tacc1/Dock7",13,"Shared core",0.00742009132420091,0.00179875722228279,4.12512107375121
"GO:0043254","regulation of protein-containing complex assembly","69/1752","419/18346",0.164677804295943,1.72441723608069,4.87407652240599,4.84297922995468e-06,0.00034245114579041,0.000290578753797281,"Abl1/Actr3/Add1/Add3/Ankrd27/Arhgef2/Arhgef7/Atat1/Baiap2/Bin1/Camsap1/Capzb/Cdc42/Clasp2/Clip1/Cttn/Dab2ip/Dctn1/Dlg1/Dmtn/Eif4g1/Evl/Gsn/Ica1/Lamp2/Lcp1/Lmo4/Map3k7/Mapk9/Mkks/Mlst8/Myadm/Nckap1/Pde4dip/Pex5/Prkcz/Psrc1/Rdx/Sh3glb1/Snap91/Src/Tpm1/Trim9/Ankra2/Dnajc6/Fchsd2/Mapt/Pak3/Vasp/Pecam1/Sgk1/Sirt2/Bcl2l11/Hdac6/Ncam1/Cd36/Lgals3/Camsap3/Myo1c/Rnf4/Cyfip1/Slit2/Sptan1/Cryab/Ssh2/Vegfa/Slain2/Terf1/Zfp827",69,"Shared core",0.0393835616438356,0.0228387659435299,1.72441723608069
"GO:0007611","learning or memory","57/1752","326/18346",0.174846625766871,1.83089965543323,4.91847367950438,5.12498462967757e-06,0.000358077795137829,0.000303838374473742,"Abi2/Abl1/Ap1s2/App/Atp8a1/Cntnap2/Comt/Ehmt2/Elavl4/Fen1/Foxp2/Igf1/Igf2/Itga3/Kcnq2/Mdk/Meis2/Nptn/Nr4a2/Ntrk2/Oprl1/Pax6/Pde1b/Pja2/Pla2g6/Prkcz/Rcan1/Rcan2/Slc11a2/Snap25/Stra6/Ube3a/Fgf13/Gabrb3/Mapt/Nrxn3/Pafah1b1/Synj1/Trpm7/Adcy3/Ager/Gria1/Grin1/Nfix/Nrxn2/Sct/Tsc1/Vdac3/Sgk1/Ncam1/Picalm/Bace1/Nfatc4/Tpbg/Brsk1/Cln3/Kat2a",57,"Shared core",0.0325342465753425,0.0177695410443693,1.83089965543323
"GO:0050771","negative regulation of axonogenesis","20/1752","70/18346",0.285714285714286,2.99184605348989,5.42518535685591,5.35851203413615e-06,0.000369989495627589,0.00031394576388233,"Actr3/Cdkl3/Epha7/Mbp/Ptprs/Rnf6/Rtn4/Rufy3/Sema4a/Sema6d/Trim46/Tsc2/Bcl11a/Fgf13/Sema4c/Sema6c/Sema4f/Slit2/Sema4d/Sema3a",20,"Shared core",0.0114155251141553,0.00381554562302409,2.99184605348989
"GO:0031623","receptor internalization","32/1752","146/18346",0.219178082191781,2.29511478075937,5.10504247505609,6.06472455002439e-06,0.000412594478797695,0.000350097206408677,"Ap2a1/Ap2b1/App/Arrb1/Arrb2/Dab2/Dnm1/Eps15/Hap1/Iqsec1/Numb/Pip5k1c/Ptpn5/Rnf216/Sh3glb2/Snap25/Synj1/Ache/Angpt1/Gria1/Magi2/Itch/Ramp1/Sirt2/Dnm3/Picalm/Cd36/Mtmr2/Tbc1d5/Lpar1/Vegfa/Pard3",32,"Shared core",0.0182648401826484,0.00795813801373596,2.29511478075937
"GO:0061003","positive regulation of dendritic spine morphogenesis","12/1752","29/18346",0.413793103448276,4.3330184222957,5.83659967242528,6.11615601557327e-06,0.000412594478797695,0.000350097206408677,"Actr3/Baiap2/Caprin1/Cask/Dnm1l/Mfn2/Opa1/Stau2/Pafah1b1/Pak3/Camk2b/Caprin2",12,"Shared core",0.00684931506849315,0.00158072604382427,4.3330184222957
"GO:0006397","mRNA processing","73/1752","454/18346",0.16079295154185,1.68373715124816,4.79333768872368,6.22088176982834e-06,0.000414890398944574,0.000352045354701649,"Acin1/App/Arvcf/Celf1/Celf2/Celf3/Celf4/Clasrp/Cpsf7/Cstf2/Cstf3/Elavl4/Fip1l1/Gemin5/Hdac7/Hnrnpa3/Hnrnpf/Hnrnpul1/Luc7l/Luc7l2/Prpf19/Psip1/Ptbp1/Puf60/Pus1/Pus7/Rbbp6/Rbfox2/Rbm4/Rbm7/Rbmx/Rnps1/Rprd1b/Scnm1/Sfpq/Son/Srrt/Srsf1/Srsf5/Srsf7/Srsf9/Sugp2/Trub1/Zc3h14/Zrsr2/Adarb2/Grsf1/Htatsf1/Rbfox1/Tcerg1/Tssc4/Aqr/Cpsf4/Mbnl2/Rbm6/Raly/Sf1/Rnpc3/Slu7/Tbrg4/U2af1/Mbnl1/Pan2/Lgals3/Ddx17/Fastkd5/Hnrnpm/Snrpa/Adar/Trub2/Rbm41/Polr2d/Cwc22",73,"Shared core",0.0416666666666667,0.024746538755042,1.68373715124816
"GO:0048762","mesenchymal cell differentiation","46/1752","246/18346",0.186991869918699,1.95807810817834,4.91563410775625,6.83496960379618e-06,0.000450724006794155,0.000382451108167471,"Adam15/Cdc42/Clasp1/Clasp2/Dab2/Dab2ip/Ednrb/Fn1/Folr1/Hnrnpab/Lef1/Mdk/Otud5/Pax6/Rtn4/Sema4a/Sema6d/Tcof1/Tgfbr2/Tsc2/Acvr1/Ctnnb1/Sema4c/Ager/Fgfr1/Nrp2/Rbpj/Sema6c/Tgfb1i1/Bcl2/Ncam1/Sema4f/Ezh2/Tcf7l2/Pitx2/Ddx17/Mad2l2/Phactr4/Zeb2/Radil/Phldb2/Sema4d/Spred1/Dlg5/Sema3a/Vegfa",46,"Shared core",0.0262557077625571,0.013408917475199,1.95807810817834
"GO:0031503","protein-containing complex localization","44/1752","232/18346",0.189655172413793,1.98596677688553,4.91076846187536,7.3882977482554e-06,0.000480809567102568,0.000407979492958049,"Ap2a1/Ap2b1/Dlg1/Eps15/Gpc6/Gphn/Gripap1/Hap1/Iqsec1/Kif5a/Lca5/Nptn/Numb/Nup88/Ogt/Pip5k1c/Prkcz/Rdx/Rnf216/Seh1l/Sfpq/Sh3glb2/Snap25/Stau2/Stx3/Wdr35/Adam22/Grip1/Ift74/Lmna/Nrxn3/Synj1/Tnik/Wasl/Arhgap44/Magi2/Clstn1/Rapgef4/Sirt2/Dnm3/Cep112/Dlg3/Xpo1/Lpar1",44,"Shared core",0.0251141552511416,0.0126458083505941,1.98596677688553
"GO:0050890","cognition","61/1752","361/18346",0.168975069252078,1.76941587928003,4.79744374666429,7.45504695967519e-06,0.000480809567102568,0.000407979492958049,"Abi2/Abl1/Ap1s2/App/Atp8a1/Cntnap2/Comt/Ehmt2/Elavl4/Fen1/Foxp2/Igf1/Igf2/Itga3/Kcnq2/Mdk/Meis2/Nptn/Nr4a2/Ntrk2/Oprl1/Pax6/Pde1b/Pja2/Pla2g6/Prkcz/Rcan1/Rcan2/Slc11a2/Snap25/Stra6/Ube3a/Fgf13/Gabrb3/Mapt/Nrxn3/Pafah1b1/Synj1/Trpm7/Adcy3/Ager/Gria1/Grin1/Nfix/Nrxn2/Sct/Tsc1/Vdac3/Sgk1/Adora1/Ncam1/Picalm/Bace1/Nfatc4/Cyfip1/Nipbl/Tpbg/Gnas/Brsk1/Cln3/Kat2a",61,"Shared core",0.0348173515981735,0.0196773138558814,1.76941587928003
"GO:0048268","clathrin coat assembly","10/1752","21/18346",0.476190476190476,4.98641008914981,5.9390912110051,8.08106165651177e-06,0.00051551903110943,0.00043743138097205,"Ap1b1/Ap2b1/Clta/Dab2/Dnm1/Eps15/Snap91/Dnajc6/Picalm/Fcho1",10,"Shared core",0.00570776255707763,0.00114466368690723,4.98641008914981
"GO:1902904","negative regulation of supramolecular fiber organization","35/1752","169/18346",0.207100591715976,2.16864580800303,4.9592445000647,8.6680078539747e-06,0.000547016538655672,0.000464157839922516,"Add1/Add3/Arap1/Arhgef2/Arhgef7/Camsap1/Capzb/Clasp1/Clasp2/Ctnna2/Dmtn/Eml4/Evl/Gmfg/Gsn/Lima1/Mfn2/Mkks/Myadm/Rdx/Tpm1/Fgf13/Gas2l1/Shroom2/Pecam1/Sgk1/Hdac6/Ppfia1/Camsap3/Slit2/Sptan1/Phldb2/Tpx2/Cryab/Ssh2",35,"Shared core",0.0199771689497717,0.00921181728987245,2.16864580800303
"GO:0043242","negative regulation of protein-containing complex disassembly","22/1752","84/18346",0.261904761904762,2.7425255490324,5.20109749055799,8.80910830365825e-06,0.000550006985469896,0.000466695312257639,"Add1/Add3/Arhgef2/Camsap1/Capzb/Clasp1/Clasp2/Dmtn/Eml4/Evl/Gsn/Lima1/Phf23/Rdx/Tpm1/Fgf13/Gas2l1/Shroom2/Hdac6/Camsap3/Sptan1/Tpx2",22,"Shared core",0.0125570776255708,0.00457865474762891,2.7425255490324
"GO:0001755","neural crest cell migration","18/1752","61/18346",0.295081967213115,3.08993936671907,5.31253112864144,9.54731177108052e-06,0.00058982287141549,0.000500480132841905,"Cdc42/Ednrb/Fn1/Folr1/Pax6/Sema4a/Sema6d/Acvr1/Sema4c/Nrp2/Sema6c/Sema4f/Pitx2/Phactr4/Zeb2/Radil/Sema4d/Sema3a",18,"Shared core",0.0102739726027397,0.00332497547149242,3.08993936671907
"GO:0051963","regulation of synapse assembly","31/1752","143/18346",0.216783216783217,2.27003704058499,4.95408310469461,1.06529709884252e-05,0.000651273820115283,0.000552622870024555,"Actr3/Adgre5/Amigo2/App/Eif4g1/Elavl2/Epha7/Ephb1/Flrt3/Ntrk2/Numb/Ogt/Ptprs/Sema4a/Stau2/Ctnnb1/Lrrtm4/Negr1/Pdlim5/Asic2/Grin1/Il1rap/Amigo1/Clstn1/Efna5/Lzts3/Slit2/Lrfn1/Sema4d/Tpbg/Dlg5",31,"Shared core",0.0176940639269406,0.00779461462989207,2.27003704058499
"GO:1990778","protein localization to cell periphery","63/1752","381/18346",0.165354330708661,1.7315014561536,4.68828968123018,1.0819839062893e-05,0.000654656035671328,0.000555492768383577,"Actr3/Ank3/Atp2c1/Bbip1/C2cd5/Camk2d/Camk2g/Cask/Clasp2/Clip1/Dab2/Dlg1/Eif4g1/Gpc6/Gphn/Gripap1/Itga3/Kif1b/Myadm/Numb/Ogt/Prepl/Prkcz/Psmd10/Rab34/Rapgef6/Rdx/Snap25/Sorbs1/Stx3/Tsc2/Wnk1/Zfyve27/Acsl3/Adam22/Bcl2l1/Fgf13/Gga3/Golga7/Grip1/Kcnip4/Nrxn3/Tnik/Tspan5/Arhgap44/Camk2b/Grin1/Magi2/Rab13/Wdr59/Clstn1/Ramp1/Rapgef4/Ank2/Picalm/Ikbkb/Sytl2/Lgals3/Ppfia1/Snx27/Arfrp1/Tpbg/Cln3",63,"Shared core",0.035958904109589,0.020767469748174,1.7315014561536
"GO:0150115","cell-substrate junction organization","25/1752","104/18346",0.240384615384615,2.51717817000351,5.04158850060226,1.14817684473114e-05,0.000686741595859967,0.000582718205381264,"Abl1/Acvrl1/Clasp1/Clasp2/Cttn/Dmtn/Fn1/Gpm6b/Iqsec1/Limch1/Lims1/Map4k4/Mapre2/Sorbs1/Src/Taok2/Dusp22/Tsc1/Efna5/Bcl2/Camsap3/Pxn/Phldb2/Thsd1/Vegfa",25,"Shared core",0.0142694063926941,0.00566881063992151,2.51717817000351
"GO:0021761","limbic system development","27/1752","117/18346",0.230769230769231,2.41649104320337,4.99431243134354,1.17011687827563e-05,0.000686741595859967,0.000582718205381264,"Atat1/Atg16l1/Cntnap2/Crk/Dclk2/Dcx/Hap1/Kcnq2/Lef1/Mdk/Mkks/Nf2/Ogdh/Ptprs/Ctnnb1/Fgf13/Pafah1b1/Zbtb18/Fgfr1/Nfix/Nrp2/Sct/Tsc1/Pitx2/Zeb2/Sema3a/Tsku",27,"Shared core",0.0154109589041096,0.0063774119699117,2.41649104320337
"GO:0021987","cerebral cortex development","27/1752","117/18346",0.230769230769231,2.41649104320337,4.99431243134354,1.17011687827563e-05,0.000686741595859967,0.000582718205381264,"Btbd3/Celf1/Crk/Dab2ip/Dcx/Mdk/Mkks/Ntrk2/Pax6/Pex5/Ptprs/Rtn4/Sun1/Tacc2/Trappc9/Ctnnb1/Fgf13/Pafah1b1/Zbtb18/Fgfr1/Grin1/Lhx2/Nfix/Tsc1/Tacc1/Slit2/Atg7",27,"Shared core",0.0154109589041096,0.0063774119699117,2.41649104320337
"GO:0032956","regulation of actin cytoskeleton organization","57/1752","335/18346",0.170149253731343,1.78171130648129,4.69191623488404,1.189297050802e-05,0.000691087563480883,0.000586405872573657,"Abi2/Abl1/Actr3/Add1/Add3/Arap1/Arhgap17/Baiap2/Bcas3/Bin1/Capzb/Cdc42/Cdk10/Clasp1/Clasp2/Crk/Ctnna2/Cttn/Dlg1/Dmtn/Evl/Gmfg/Gpm6b/Gsn/Lima1/Limch1/Mfn2/Mkks/Mlst8/Mtss1/Myadm/Nckap1/Nf2/Rdx/Stau2/Taok2/Tpm1/Ect2/Fchsd2/Pak3/Vasp/Arhgap44/Arhgef10l/Shroom2/Smim22/Tsc1/Efna5/Pecam1/Ppfia1/Myo1c/Cyfip1/Slit2/Pxn/Sptan1/Lpar1/Phldb2/Ssh2",57,"Shared core",0.0325342465753425,0.018260111195901,1.78171130648129
"GO:0032271","regulation of protein polymerization","38/1752","193/18346",0.196891191709845,2.06173847209407,4.81806185310864,1.25208864771063e-05,0.000720441987589577,0.000611313869176366,"Abl1/Actr3/Add1/Add3/Arhgef7/Baiap2/Bin1/Camsap1/Capzb/Clasp2/Clip1/Cttn/Dctn1/Dlg1/Dmtn/Evl/Gsn/Mkks/Mlst8/Myadm/Nckap1/Pde4dip/Psrc1/Rdx/Tpm1/Fchsd2/Mapt/Pak3/Vasp/Pecam1/Sgk1/Camsap3/Myo1c/Cyfip1/Slit2/Sptan1/Ssh2/Slain2",38,"Shared core",0.021689497716895,0.0105200043606236,2.06173847209407
"GO:0010498","proteasomal protein catabolic process","76/1752","488/18346",0.155737704918033,1.63080133243506,4.58919455663569,1.30214124834384e-05,0.000739115426880413,0.000627158770806689,"Agap3/Anapc11/Ankzf1/Araf/Armc8/Arrb1/Arrb2/Ate1/Atxn3/Bag6/Cdc27/Dab2/Dab2ip/Dnajb2/Fbxl12/Fbxo44/Fbxw11/Fbxw7/Fhit/Hspa5/Jkamp/Kat5/Kctd17/Mapk9/Nfe2l1/Ogt/Otud5/Pja2/Pmp22/Prpf19/Psmd10/Rnf216/Siah1b/Spopl/Spsb2/Tmub2/Trim2/Trim3/Trim9/Ube2w/Ube3a/Usp14/Usp19/Wac/Znrf1/Axin1/Csnk1d/Ctnnb1/Dcaf11/Os9/Syvn1/Tmem67/Ubqln1/Fbxo6/Sel1l/Ube2h/Dlgap1/Itch/Rad23a/Sirt2/Klhl15/Tlk2/Ppp2r5c/Rnf4/Trip4/Fbxl4/Wwp1/Midn/Xpo1/Glmn/Zfand2a/Brsk2/Tmtc3/Ddit3/Atg7/Ubr3",76,"Shared core",0.04337899543379,0.0265998037719394,1.63080133243506
"GO:0036465","synaptic vesicle recycling","22/1752","86/18346",0.255813953488372,2.67874588510141,5.07030595160776,1.32482223597402e-05,0.000739115426880413,0.000627158770806689,"Ap1s2/Ap2b1/Ap3s1/Bin1/Dnm1/Dnm1l/Fgf14/Git2/Gripap1/Pip5k1c/Scamp5/Sh3gl3/Snap91/Bcl2l1/Dnajc6/Synj1/Tbc1d24/Dnm3/Picalm/Syt7/Cyfip1/Ppp3cc",22,"Shared core",0.0125570776255708,0.00468767033685817,2.67874588510141
"GO:0048041","focal adhesion assembly","22/1752","86/18346",0.255813953488372,2.67874588510141,5.07030595160776,1.32482223597402e-05,0.000739115426880413,0.000627158770806689,"Abl1/Acvrl1/Clasp1/Clasp2/Cttn/Dmtn/Gpm6b/Limch1/Lims1/Map4k4/Sorbs1/Src/Taok2/Dusp22/Tsc1/Efna5/Bcl2/Camsap3/Pxn/Phldb2/Thsd1/Vegfa",22,"Shared core",0.0125570776255708,0.00468767033685817,2.67874588510141
"GO:0043523","regulation of neuron apoptotic process","54/1752","313/18346",0.172523961661342,1.80657796840124,4.67665032374854,1.33491625914677e-05,0.000739115426880413,0.000627158770806689,"Abl1/Aifm1/Aimp2/Akt1s1/Amigo2/App/Arrb1/Arrb2/Atf2/Cdc42/Dnajc5/Epha7/Fbxw7/Hipk2/Map2k7/Mdk/Nr4a2/Nsmf/Ntrk2/Oxr1/Ptpn5/Tfap2b/Trim2/Vegfb/Bcl2l1/Cited1/Ctnnb1/Pak3/Ube2m/Xiap/Ager/Angpt1/Cflar/Grin1/Nfix/Sct/Axl/Kcnma1/Bcl2/Bcl2l11/Set/Barhl1/Fgfr3/Bace1/Nfatc4/Cpeb4/Map3k12/Nqo2/Ddit3/Vegfa/Cln3/Atg7/Cntfr/Cebpb",54,"Shared core",0.0308219178082192,0.0170609397143792,1.80657796840124
"GO:0007179","transforming growth factor beta receptor signaling pathway","39/1752","201/18346",0.194029850746269,2.0317760512506,4.77920161138076,1.38234459799277e-05,0.000758222471553233,0.0006433715979443,"Acvrl1/Arrb2/Dab2/Fam89b/Folr1/Fut8/Hipk2/Hspa5/Htra3/Ing1/Itga3/Map3k7/Nrep/Ogt/Sin3a/Skil/Smad5/Src/Tgfbr2/Zyx/Acvr1/Arid4b/Axin1/Cited1/Dusp22/Lats2/Npnt/Cav2/Ltbp4/Stat3/Tgfb1i1/Usp15/Flcn/Zeb2/Zfp451/Pxn/Spred1/Lox/Suds3",39,"Shared core",0.0222602739726027,0.0109560667175406,2.0317760512506
"GO:0071560","cellular response to transforming growth factor beta stimulus","44/1752","238/18346",0.184873949579832,1.93590038755228,4.72207878582032,1.44428188020042e-05,0.000784860218045948,0.000665974422536858,"Actr3/Acvrl1/Arrb2/Crk/Dab2/Fam89b/Folr1/Fut8/Hipk2/Hspa5/Htra3/Ing1/Itga3/Map3k7/Mapk7/Nrep/Ogt/Sin3a/Skil/Smad5/Src/Tgfbr2/Zyx/Acvr1/Arid4b/Axin1/Cited1/Dusp22/Lats2/Npnt/Yes1/Cav2/Cflar/Ltbp4/Stat3/Tgfb1i1/Usp15/Flcn/Zeb2/Zfp451/Pxn/Spred1/Lox/Suds3",44,"Shared core",0.0251141552511416,0.0129728551182819,1.93590038755228
"GO:0050768","negative regulation of neurogenesis","35/1752","174/18346",0.201149425287356,2.10632839972708,4.76439419845271,1.68415212415442e-05,0.000906815487767183,0.000769456658558625,"Actr3/Arhgef2/Atf5/Cdkl3/Epha7/Kifap3/Mbp/Mfn2/Nf2/Pax6/Ppp3ca/Ptprs/Rnf6/Rtn4/Rufy3/Sema4a/Sema6d/Trim46/Tsc2/Wnt7b/Bcl11a/Ctnnb1/Fgf13/Sema4c/Lhx2/Nkx6-2/Sema6c/Sirt2/Kdm4a/Sema4f/Fgfr3/Nfatc4/Slit2/Sema4d/Sema3a",35,"Shared core",0.0199771689497717,0.0094843562629456,2.10632839972708
"GO:0050772","positive regulation of axonogenesis","24/1752","100/18346",0.24,2.51315068493151,4.9300203231886,1.75623824729819e-05,0.000937032933944825,0.000795096951958635,"Cxcl12/Dcx/Fn1/Golga2/Map6/Ntrk2/Rufy3/Shox2/Skil/Snap91/Zfyve27/Bcl11a/Mapt/Pafah1b1/Ache/Islr2/Shtn1/Amigo1/Efna5/Picalm/Cyfip1/Zeb2/Sema4d/Vegfa",24,"Shared core",0.0136986301369863,0.00545077946146299,2.51315068493151
"GO:0048668","collateral sprouting","12/1752","32/18346",0.375,3.92679794520548,5.38426580774982,2.02730163918379e-05,0.00107191291174501,0.000909546140822998,"App/Dcx/Dvl1/Epha7/Ptprs/Bcl11a/Fgf13/Nfix/Efna5/Hdac6/Zeb2/Sema4d",12,"Shared core",0.00684931506849315,0.00174424942766816,3.92679794520548
"GO:0060537","muscle tissue development","74/1752","478/18346",0.154811715481172,1.6211048699872,4.47086212430027,2.07379256551786e-05,0.00108670433634146,0.000922097051453479,"Arrb2/Camk2d/Cdc42/Cntnap2/Dlg1/Ephb1/Foxp2/Gjc1/Gpcpd1/Hdac7/Hmg20b/Homer1/Igf1/Igf2/Lef1/Luc7l/Mapk14/Mef2a/Nprl3/Pmp22/Poglut1/Ppp3ca/Rarb/Rcan1/Rps6kb1/Rxrb/Shox2/Skil/Sorbs2/Stra6/Tfap2b/Tgfbr2/Tpm1/Trex1/Usp19/Zfp950/Acvr1/Ctnnb1/Cyp26b1/Lmna/Pdgfra/Pdlim5/Rbfox1/Zbtb18/Acta1/Angpt1/Cav2/Cflar/Cxadr/Fgfr1/Nfix/Nr2f2/Rbpj/Speg/Tsc1/Usp2/Ybx3/Ly6e/Sirt2/Bcl2/Hdac6/Ncam1/Cops2/Mbnl1/Tcf7l2/Flcn/Pitx2/Ddx17/Jarid2/Hdac5/Lox/Vegfa/Atg7/Kat2a",74,"Shared core",0.0422374429223744,0.0260547258257931,1.6211048699872
"GO:0051261","protein depolymerization","27/1752","121/18346",0.223140495867769,2.33660704177516,4.79306178800555,2.23788320801854e-05,0.00116231296883724,0.000986252953622331,"Add1/Add3/Arhgef1/Arhgef2/Asph/Camsap1/Capzb/Clasp1/Clasp2/Dmtn/Eml4/Evl/Gsn/Lima1/Rdx/Sh3gl3/Tpm1/Dnajc6/Fgf13/Synj1/Gas2l1/Shroom2/Sgk1/Hdac6/Camsap3/Sptan1/Tpx2",27,"Shared core",0.0154109589041096,0.00659544314837022,2.33660704177516
"GO:1901879","regulation of protein depolymerization","22/1752","89/18346",0.247191011235955,2.58845107998563,4.88095165310694,2.37327252509774e-05,0.00122181898682444,0.00103674536622691,"Add1/Add3/Arhgef2/Asph/Camsap1/Capzb/Clasp1/Clasp2/Dmtn/Eml4/Evl/Gsn/Lima1/Rdx/Tpm1/Fgf13/Gas2l1/Shroom2/Hdac6/Camsap3/Sptan1/Tpx2",22,"Shared core",0.0125570776255708,0.00485119372070206,2.58845107998563
"GO:1901862","negative regulation of muscle tissue development","9/1752","19/18346",0.473684210526316,4.96016582552271,5.61170520229213,2.45882792082138e-05,0.00124474950444772,0.00105620251016351,"Hdac7/Lef1/Luc7l/Usp19/Usp2/Ybx3/Sirt2/Flcn/Hdac5",9,"Shared core",0.00513698630136986,0.00103564809767797,4.96016582552271
"GO:0071559","response to transforming growth factor beta","44/1752","243/18346",0.181069958847737,1.89606704624462,4.56897448916579,2.46023074656561e-05,0.00124474950444772,0.00105620251016351,"Actr3/Acvrl1/Arrb2/Crk/Dab2/Fam89b/Folr1/Fut8/Hipk2/Hspa5/Htra3/Ing1/Itga3/Map3k7/Mapk7/Nrep/Ogt/Sin3a/Skil/Smad5/Src/Tgfbr2/Zyx/Acvr1/Arid4b/Axin1/Cited1/Dusp22/Lats2/Npnt/Yes1/Cav2/Cflar/Ltbp4/Stat3/Tgfb1i1/Usp15/Flcn/Zeb2/Zfp451/Pxn/Spred1/Lox/Suds3",44,"Shared core",0.0251141552511416,0.0132453940913551,1.89606704624462
"GO:0060485","mesenchyme development","52/1752","305/18346",0.170491803278689,1.78529830077102,4.49370584337658,2.66868410688797e-05,0.00133867581395944,0.0011359014403677,"Acvrl1/Adam15/Cdc42/Clasp1/Clasp2/Dab2/Dab2ip/Ednrb/Fn1/Folr1/Hnrnpab/Lef1/Mdk/Nckap1/Otud5/Pax6/Poglut1/Rtn4/Sema4a/Sema6d/Tcof1/Tgfbr2/Tsc2/Wnt7b/Acvr1/Ctnnb1/Sema4c/Ager/Fgfr1/Nrp2/Rbpj/Sema6c/Tgfb1i1/Bcl2/Ncam1/Sema4f/Ezh2/Tcf7l2/Mdm4/Pitx2/Ddx17/Mad2l2/Phactr4/Tead2/Zeb2/Radil/Phldb2/Sema4d/Spred1/Dlg5/Sema3a/Vegfa",52,"Shared core",0.0296803652968037,0.0166248773574621,1.78529830077102
"GO:0098884","postsynaptic neurotransmitter receptor internalization","13/1752","38/18346",0.342105263157895,3.58234198509974,5.17768313433074,2.89105202476768e-05,0.00142584742297156,0.00120986883053303,"Ap2a1/Ap2b1/Eps15/Hap1/Iqsec1/Numb/Pip5k1c/Rnf216/Sh3glb2/Synj1/Sirt2/Dnm3/Lpar1",13,"Shared core",0.00742009132420091,0.00207129619535594,3.58234198509974
"GO:0140239","postsynaptic endocytosis","13/1752","38/18346",0.342105263157895,3.58234198509974,5.17768313433074,2.89105202476768e-05,0.00142584742297156,0.00120986883053303,"Ap2a1/Ap2b1/Eps15/Hap1/Iqsec1/Numb/Pip5k1c/Rnf216/Sh3glb2/Synj1/Sirt2/Dnm3/Lpar1",13,"Shared core",0.00742009132420091,0.00207129619535594,3.58234198509974
"GO:1905475","regulation of protein localization to membrane","39/1752","208/18346",0.1875,1.96339897260274,4.54039371274661,3.11782282746709e-05,0.00152487518120036,0.00129389647339884,"Actr3/Ank3/Ap2b1/Atp2c1/C2cd5/Camk2d/Camk2g/Clasp2/Crk/Dab2/Dlg1/Dmtn/Gpc6/Gripap1/Gsn/Itga3/Numb/Ogt/Prkcz/Sorbs1/Sorbs2/Stx3/Wnk1/Zmynd8/Acsl3/Bcl2l1/Grip1/Tnik/Arhgap44/Camk2b/Magi2/Rapgef4/Picalm/Lgals3/Ppfia1/Mtcl1/Myo1c/Snx27/Cln3",39,"Shared core",0.0222602739726027,0.011337621279843,1.96339897260274
"GO:0007044","cell-substrate junction assembly","23/1752","97/18346",0.237113402061856,2.48292378665913,4.75812151570214,3.20864415439804e-05,0.00155309131861381,0.00131783860396946,"Abl1/Acvrl1/Clasp1/Clasp2/Cttn/Dmtn/Fn1/Gpm6b/Limch1/Lims1/Map4k4/Sorbs1/Src/Taok2/Dusp22/Tsc1/Efna5/Bcl2/Camsap3/Pxn/Phldb2/Thsd1/Vegfa",23,"Shared core",0.0131278538812785,0.0052872560776191,2.48292378665913
"GO:0072583","clathrin-dependent endocytosis","15/1752","49/18346",0.306122448979592,3.20554934302488,5.02313951256952,3.22843995349949e-05,0.00155309131861381,0.00131783860396946,"Ap2a1/Ap2b1/Clta/Dab2/Dnm1/Fnbp1l/Sh3gl3/Snap91/Dnajc6/Fchsd2/Sgip1/Wasl/Magi2/Picalm/Fcho1",15,"Shared core",0.00856164383561644,0.00267088193611686,3.20554934302488
"GO:2001224","positive regulation of neuron migration","10/1752","24/18346",0.416666666666667,4.36310882800609,5.35686212409677,3.43615147839764e-05,0.00163957504282242,0.00139122230588783,"Arhgef2/Dab2ip/Mapk8ip3/Mdk/Nsmf/Pax6/Shtn1/Tbc1d24/Nipbl/Sema3a",10,"Shared core",0.00570776255707763,0.00130818707075112,4.36310882800609
"GO:0060998","regulation of dendritic spine development","21/1752","85/18346",0.247058823529412,2.58706688154714,4.76532779146391,3.63906419679046e-05,0.00172239256217445,0.0014614951370981,"Actr3/Asap1/Baiap2/Caprin1/Cask/Dnm1l/Mfn2/Opa1/Ptprs/Stau2/Tsc2/Ube3a/Zmynd8/Kif1a/Pafah1b1/Pak3/Camk2b/Dnm3/Lpar1/Caprin2/Dlg5",21,"Shared core",0.011986301369863,0.00463316254224354,2.58706688154714
"GO:0035264","multicellular organism growth","40/1752","217/18346",0.184331797235023,1.93022326031606,4.47899423450574,3.72026026559816e-05,0.00174673659990365,0.00148215168981431,"Add1/Ankrd11/App/Atf5/Ccm2/Celf1/Cntnap2/Comt/Dlg1/Ghr/Gpd2/Igf1/Igf2/Mkks/Nek1/Pex5/Pmp22/Rai1/Rarb/Rarg/Rbbp6/Slc1a2/Slc25a25/Suv39h1/Zfp950/Csf1/Dlk1/Sgip1/Nfix/Stat3/Slc4a10/Bcl2/Tcf7l2/Tarbp2/Icmt/Nipbl/Ctc1/Gnas/Kat2a/Rc3h2",40,"Shared core",0.0228310502283105,0.0118281914313747,1.93022326031606
"GO:0097120","receptor localization to synapse","21/1752","86/18346",0.244186046511628,2.55698470850589,4.70255141302867,4.38674236874652e-05,0.00203933615161352,0.00173043006219719,"Dlg1/Gpc6/Gphn/Gripap1/Kif5a/Nptn/Ogt/Prkcz/Rdx/Snap25/Stx3/Adam22/Grip1/Nrxn3/Tnik/Arhgap44/Magi2/Clstn1/Rapgef4/Cep112/Dlg3",21,"Shared core",0.011986301369863,0.00468767033685817,2.55698470850589
"GO:0001843","neural tube closure","25/1752","112/18346",0.223214285714286,2.33737972928898,4.61289042524365,4.41294413451895e-05,0.00203933615161352,0.00173043006219719,"Abl1/Brd2/Dvl1/Folr1/Gatad2a/Lmo4/Nckap1/Opa1/Prkacb/Rarg/Sufu/Tsc2/Sema4c/Vasp/Lhx2/Tsc1/Mthfr/Sall4/Phactr4/Tead2/Zeb2/Enah/Tgif1/Glmn/Kat2a",25,"Shared core",0.0142694063926941,0.00610487299683855,2.33737972928898
"GO:0051961","negative regulation of nervous system development","35/1752","182/18346",0.192307692307692,2.01374253600281,4.46588960275282,4.53038010629531e-05,0.00207725006592556,0.00176260101010552,"Actr3/Arhgef2/Atf5/Cdkl3/Epha7/Kifap3/Mbp/Mfn2/Nf2/Pax6/Ppp3ca/Ptprs/Rnf6/Rtn4/Rufy3/Sema4a/Sema6d/Trim46/Tsc2/Wnt7b/Bcl11a/Ctnnb1/Fgf13/Sema4c/Lhx2/Nkx6-2/Sema6c/Sirt2/Kdm4a/Sema4f/Fgfr3/Nfatc4/Slit2/Sema4d/Sema3a",35,"Shared core",0.0199771689497717,0.00992041861986264,2.01374253600281
"GO:1901861","regulation of muscle tissue development","16/1752","56/18346",0.285714285714286,2.99184605348989,4.85057580701015,4.58957285844659e-05,0.00208185374012168,0.00176650734806713,"Hdac7/Igf2/Lef1/Luc7l/Rps6kb1/Shox2/Usp19/Ctnnb1/Usp2/Ybx3/Sirt2/Bcl2/Tcf7l2/Flcn/Hdac5/Lox",16,"Shared core",0.0091324200913242,0.00305243649841927,2.99184605348989
"GO:0010810","regulation of cell-substrate adhesion","40/1752","219/18346",0.182648401826484,1.91259565063281,4.4145643393357,4.61136456322744e-05,0.00208185374012168,0.00176650734806713,"Abl1/Acvrl1/Adam15/Atxn3/Cask/Cdc42/Clasp1/Clasp2/Crk/Dab2/Ddr1/Dmtn/Fn1/Gpm6b/Itga3/Limch1/Lims1/Map4k4/Mdk/Mink1/Myadm/Postn/Prkcz/Spp1/Src/Triobp/Bcar1/Csf1/Dusp22/Npnt/Egflam/Tsc1/Efna5/Bcl2/Itga6/Cd36/Camsap3/Phldb2/Vegfa/Cspg5",40,"Shared core",0.0228310502283105,0.0119372070206039,1.91259565063281
"GO:0031122","cytoplasmic microtubule organization","17/1752","62/18346",0.274193548387097,2.87120709972014,4.79548416350715,4.79391951089085e-05,0.00212262948204587,0.00180110663155366,"Camsap1/Clasp1/Clip1/Clip2/Dlg1/Dvl1/Pde4dip/Tacc2/Tubgcp2/Tubgcp4/Axin1/Clip4/Pafah1b1/Wdr73/Camsap3/Limk2/Slain2",17,"Shared core",0.00970319634703196,0.00337948326610705,2.87120709972014
"GO:0099590","neurotransmitter receptor internalization","14/1752","45/18346",0.311111111111111,3.25778792491121,4.92722458983316,4.81895277445379e-05,0.00212262948204587,0.00180110663155366,"Ap2a1/Ap2b1/Eps15/Hap1/Iqsec1/Numb/Pip5k1c/Rnf216/Sh3glb2/Snap25/Synj1/Sirt2/Dnm3/Lpar1",14,"Shared core",0.00799086757990868,0.00245285075765835,3.25778792491121
"GO:0006898","receptor-mediated endocytosis","46/1752","265/18346",0.173584905660377,1.81768760230895,4.3566181157606,4.84148862906076e-05,0.00212262948204587,0.00180110663155366,"Ap2a1/Ap2b1/App/Arrb1/Arrb2/Clta/Cttn/Dab2/Dnm1/Eps15/Fnbp1l/Hap1/Iqsec1/Numb/Pip5k1c/Ptpn5/Rnf216/Sh3gl3/Sh3glb2/Snap25/Snap91/Tgfbr2/Dnajc6/Fchsd2/Sgip1/Synj1/Wasl/Ache/Angpt1/Apoc1/Cav2/Gria1/Magi2/Itch/Ramp1/Sirt2/Dnm3/Picalm/Cd36/Mtmr2/Tbc1d5/Lpar1/Fcho1/Vegfa/Cln3/Pard3",46,"Shared core",0.0262557077625571,0.0144445655728769,1.81768760230895
"GO:0150116","regulation of cell-substrate junction organization","18/1752","68/18346",0.264705882352941,2.77185737308622,4.75630007068342,4.8463511772729e-05,0.00212262948204587,0.00180110663155366,"Abl1/Acvrl1/Clasp1/Clasp2/Dmtn/Gpm6b/Iqsec1/Limch1/Lims1/Map4k4/Mapre2/Src/Dusp22/Tsc1/Efna5/Camsap3/Phldb2/Vegfa",18,"Shared core",0.0102739726027397,0.00370653003379483,2.77185737308622
"GO:0048864","stem cell development","22/1752","93/18346",0.236559139784946,2.47711985073894,4.64024004875156,4.91053908279105e-05,0.00213481139828894,0.00181144330609626,"Cdc42/Ednrb/Fn1/Folr1/Pax6/Sema4a/Sema6d/Tcof1/Wnt7b/Acvr1/Sema4c/Msi2/Nrp2/Sema6c/Bcl2/Sema4f/Pitx2/Phactr4/Zeb2/Radil/Sema4d/Sema3a",22,"Shared core",0.0125570776255708,0.00506922489916058,2.47711985073894
"GO:0060606","tube closure","25/1752","113/18346",0.221238938053097,2.31669495292359,4.56189928242717,5.15999542074269e-05,0.00222676567090727,0.00188946891141902,"Abl1/Brd2/Dvl1/Folr1/Gatad2a/Lmo4/Nckap1/Opa1/Prkacb/Rarg/Sufu/Tsc2/Sema4c/Vasp/Lhx2/Tsc1/Mthfr/Sall4/Phactr4/Tead2/Zeb2/Enah/Tgif1/Glmn/Kat2a",25,"Shared core",0.0142694063926941,0.00615938079145318,2.31669495292359
"GO:0060538","skeletal muscle organ development","38/1752","206/18346",0.184466019417476,1.93162876269007,4.36926336330333,5.65917310386711e-05,0.00241877531928883,0.00205239411996224,"Cntnap2/Ephb1/Foxp2/Gpcpd1/Hmg20b/Homer1/Igf2/Mapk14/Myt1/Pmp22/Ppp3ca/Rcan1/Rps6kb1/Shox2/Skil/Stra6/Usp19/Ctnnb1/Cyp26b1/Rbfox1/Zbtb18/Acta1/Cav2/Cflar/Nfix/Nr2f2/Usp2/Ybx3/Bcl2/Hdac6/Cops2/Mbnl1/Tcf7l2/Pitx2/Ddx17/Disp1/Hdac5/Cntfr",38,"Shared core",0.021689497716895,0.0112286056906138,1.93162876269007
"GO:0110053","regulation of actin filament organization","45/1752","259/18346",0.173745173745174,1.81936584333845,4.31513944390162,5.68735719989535e-05,0.00241877531928883,0.00205239411996224,"Abi2/Abl1/Actr3/Add1/Add3/Arap1/Baiap2/Bin1/Capzb/Cdc42/Clasp1/Clasp2/Ctnna2/Cttn/Dlg1/Dmtn/Evl/Gmfg/Gsn/Lima1/Limch1/Mkks/Mlst8/Mtss1/Myadm/Nckap1/Nf2/Rdx/Tpm1/Fchsd2/Pak3/Vasp/Arhgef10l/Shroom2/Tsc1/Pecam1/Ppfia1/Myo1c/Cyfip1/Slit2/Pxn/Sptan1/Lpar1/Phldb2/Ssh2",45,"Shared core",0.0256849315068493,0.0141175188051891,1.81936584333845
"GO:0021537","telencephalon development","46/1752","267/18346",0.172284644194757,1.80407196483847,4.30044813661477,5.84782359844984e-05,0.00246912782009368,0.00209511953383311,"Atat1/Atf5/Atg16l1/Btbd3/Celf1/Crk/Cxcl12/Dab2ip/Dclk2/Dcx/Foxp2/Kcnq2/Lef1/Mdk/Mkks/Nf2/Ntrk2/Numb/Ogdh/Pax6/Pex5/Ptprs/Rarb/Rtn4/Slc1a2/Sun1/Tacc2/Trappc9/Wdr37/Ctnnb1/Fgf13/Pafah1b1/Zbtb18/Fgfr1/Grin1/Lhx2/Nfix/Sct/Tsc1/Tacc1/Slit2/Zeb2/Sema3a/Tsku/Atg7/Kat2a",46,"Shared core",0.0262557077625571,0.0145535811621062,1.80407196483847
"GO:0007160","cell-matrix adhesion","41/1752","229/18346",0.179039301310044,1.87480309465414,4.32847861084179,5.97268549639965e-05,0.00250383508416925,0.00212456955514787,"Abl1/Acvrl1/Adam15/Cask/Clasp1/Clasp2/Cttn/Ddr1/Dmtn/Fn1/Gpm6b/Itga3/Limch1/Lims1/Map4k4/Mink1/Postn/Prkcz/Sorbs1/Src/Taok2/Zyx/Csf1/Ctnnb1/Dusp22/Npnt/Trpm7/Cd34/Tsc1/Efna5/Pecam1/Bcl2/Bcl2l11/Itga6/Cd36/Camsap3/Pxn/Sirpa/Phldb2/Thsd1/Vegfa",41,"Shared core",0.0234018264840183,0.0124822849667502,1.87480309465414
"GO:0046330","positive regulation of JNK cascade","23/1752","101/18346",0.227722772277228,2.3845901713459,4.53377917743391,6.32116677538222e-05,0.00261565226087096,0.00221944935408713,"Ankrd6/App/Cdc42/Crk/Dab2/Dab2ip/Hipk2/Map2k7/Map3k7/Map4k4/Mapk8ip1/Mapk8ip3/Mink1/Pja2/Taok2/Taok3/Wnt7b/Axin1/Dusp22/Tnfrsf19/Tnik/Ager/Mturn",23,"Shared core",0.0131278538812785,0.00550528725607762,2.3845901713459
"GO:0030041","actin filament polymerization","31/1752","156/18346",0.198717948717949,2.0808672872029,4.40523102005724,6.35353406749812e-05,0.00261565226087096,0.00221944935408713,"Abl1/Actr3/Add1/Add3/Baiap2/Bin1/Capzb/Cttn/Dlg1/Dmtn/Evl/Gsn/Mkks/Mlst8/Mtss1/Myadm/Nckap1/Rdx/Spire1/Tpm1/Fchsd2/Pak3/Vasp/Wasl/Gas7/Pecam1/Myo1c/Cyfip1/Slit2/Sptan1/Ssh2",31,"Shared core",0.0176940639269406,0.00850321595988226,2.0808672872029
"GO:0031109","microtubule polymerization or depolymerization","27/1752","128/18346",0.2109375,2.20882384417808,4.45931365026602,6.37311762318193e-05,0.00261565226087096,0.00221944935408713,"Abl1/Arhgef1/Arhgef2/Arhgef7/Camsap1/Clasp1/Clasp2/Clip1/Dctn1/Eml4/Golga2/Map4/Mapre2/Pde4dip/Psrc1/Tubgcp2/Tubgcp4/Csnk1d/Fgf13/Mapt/Gas2l1/Sgk1/Hdac6/Camsap3/Tpx2/Cryab/Slain2",27,"Shared core",0.0154109589041096,0.00697699771067263,2.20882384417808
"GO:0043161","proteasome-mediated ubiquitin-dependent protein catabolic process","58/1752","363/18346",0.159779614325069,1.67312602991308,4.20890372345346,6.48157829874189e-05,0.0026416932663414,0.00224154582831491,"Agap3/Anapc11/Araf/Armc8/Arrb1/Arrb2/Atxn3/Bag6/Cdc27/Dab2/Dnajb2/Fbxl12/Fbxo44/Fbxw11/Fbxw7/Fhit/Kat5/Kctd17/Mapk9/Ogt/Otud5/Pja2/Pmp22/Psmd10/Rnf216/Siah1b/Spopl/Spsb2/Trim2/Trim3/Trim9/Ube2w/Ube3a/Usp14/Wac/Znrf1/Axin1/Csnk1d/Ctnnb1/Dcaf11/Fbxo6/Ube2h/Itch/Rad23a/Sirt2/Klhl15/Tlk2/Ppp2r5c/Rnf4/Trip4/Fbxl4/Wwp1/Xpo1/Glmn/Zfand2a/Ddit3/Atg7/Ubr3",58,"Shared core",0.0331050228310502,0.0197863294451107,1.67312602991308
"GO:0098900","regulation of action potential","18/1752","70/18346",0.257142857142857,2.6926614481409,4.61029710929672,7.3368301943144e-05,0.00296964526968491,0.00251982168053005,"Ank3/Atp2a2/Bin1/Camk2d/Cntnap2/Dlg1/Kcnab2/Kcnip1/Kcnq2/Tmem161b/Fgf13/Cacna2d1/Cxadr/Fgf12/Rapgef4/Ank2/Cd36/Kcne3",18,"Shared core",0.0102739726027397,0.00381554562302409,2.6926614481409
"GO:1903423","positive regulation of synaptic vesicle recycling","8/1752","17/18346",0.470588235294118,4.92774644104217,5.26440005440262,7.51388877955239e-05,0.00302048035939678,0.00256295658371033,"Dnm1/Dnm1l/Snap91/Bcl2l1/Synj1/Dnm3/Picalm/Ppp3cc",8,"Shared core",0.0045662100456621,0.000926632508448708,4.92774644104217
"GO:0099560","synaptic membrane adhesion","12/1752","36/18346",0.333333333333333,3.49048706240487,4.86006115741766,7.82666465113033e-05,0.00312480917261795,0.00265148231038293,"Cadm1/Flrt3/Itga3/Mapk14/Ptprs/Taok2/Igsf9b/Il1rap/Lrrc4c/Magi2/Efna5/Pcdh8",12,"Shared core",0.00684931506849315,0.00196228060612668,3.49048706240487
"GO:0045807","positive regulation of endocytosis","35/1752","187/18346",0.18716577540107,1.95989915268723,4.28697364248973,8.05997909792402e-05,0.00319621738687271,0.00271207404781497,"Add1/Ap2a1/Ap2b1/Apoa2/App/Arrb1/Arrb2/Bin1/Cdc42/Dab2/Dcx/Dnm1/Dnm1l/Myo18a/Ppp3ca/Ptpn5/Rapgef1/Snap91/Bcl2l1/Synj1/Wasl/Abr/Ager/Angpt1/Cbll1/Magi2/Axl/Picalm/Cd36/Tbc1d5/Sirpa/Ppp3cc/Vegfa/Cln3/Pard3",35,"Shared core",0.0199771689497717,0.0101929575929358,1.95989915268723
"GO:0043244","regulation of protein-containing complex disassembly","26/1752","124/18346",0.209677419354839,2.19562895860952,4.34069841515233,9.592841482855e-05,0.00377854944046148,0.00320619802581328,"Add1/Add3/Arhgef2/Asph/Camsap1/Capzb/Clasp1/Clasp2/Dmtn/Eml4/Evl/Gsn/Jmjd4/Lima1/Phf23/Rdx/Tpm1/Wnk1/Fgf13/Gas2l1/Shroom2/Hdac6/Camsap3/Sptan1/Tpx2/Cln3",26,"Shared core",0.0148401826484018,0.00675896653221411,2.19562895860952
"GO:0046785","microtubule polymerization","20/1752","84/18346",0.238095238095238,2.49320504457491,4.45692461412667,9.66723850310652e-05,0.00378246818498215,0.00320952318303137,"Abl1/Arhgef7/Camsap1/Clasp1/Clasp2/Clip1/Dctn1/Golga2/Map4/Pde4dip/Psrc1/Tubgcp2/Tubgcp4/Csnk1d/Fgf13/Mapt/Sgk1/Camsap3/Tpx2/Slain2",20,"Shared core",0.0114155251141553,0.00457865474762891,2.49320504457491
"GO:0061572","actin filament bundle organization","33/1752","174/18346",0.189655172413793,1.98596677688553,4.24605785481,9.76416739236541e-05,0.00379509261097964,0.00322023533867415,"Abl1/Add1/Arap1/Arrb1/Baiap2/Cdc42/Clasp1/Clasp2/Dmtn/Dpysl3/Evl/Lcp1/Lima1/Limch1/Mkks/Mtss1/Myo1b/Nf2/Rdx/Sorbs1/Spire1/Src/Tpm1/Zyx/Arhgef10l/Shtn1/Tsc1/Gas7/Ppfia1/Zeb2/Pxn/Lpar1/Phldb2",33,"Shared core",0.0188356164383562,0.0094843562629456,1.98596677688553
"GO:0008154","actin polymerization or depolymerization","34/1752","182/18346",0.186813186813187,1.95620703497416,4.21242564449161,0.000105148655069268,0.00405998326711537,0.00344500198845366,"Abl1/Actr3/Add1/Add3/Baiap2/Bin1/Capzb/Cttn/Dlg1/Dmtn/Evl/Gsn/Lima1/Mkks/Mlst8/Mtss1/Myadm/Nckap1/Rdx/Spire1/Tpm1/Fchsd2/Pak3/Vasp/Wasl/Shroom2/Gas7/Pecam1/Myo1c/Cyfip1/Slit2/Enah/Sptan1/Ssh2",34,"Shared core",0.0194063926940639,0.00992041861986264,1.95620703497416
"GO:0000245","spliceosomal complex assembly","14/1752","48/18346",0.291666666666667,3.05417617960426,4.63027581732187,0.00010594543679463,0.0040640115591352,0.00344842009958993,"Celf1/Celf2/Celf3/Celf4/Luc7l/Luc7l2/Prpf19/Psip1/Puf60/Rbmx/Srsf1/Htatsf1/Slu7/Mbnl1",14,"Shared core",0.00799086757990868,0.00261637414150223,3.05417617960426
"GO:0031333","negative regulation of protein-containing complex assembly","30/1752","153/18346",0.196078431372549,2.05322768376757,4.2507561087689,0.000106722636031841,0.00406724123942128,0.00345116056778292,"Add1/Add3/Ankrd27/Arhgef2/Arhgef7/Capzb/Cdc42/Dmtn/Evl/Gsn/Lamp2/Lmo4/Map3k7/Mkks/Myadm/Pex5/Prkcz/Rdx/Src/Tpm1/Trim9/Pecam1/Sgk1/Sirt2/Hdac6/Slit2/Sptan1/Cryab/Ssh2/Zfp827",30,"Shared core",0.0171232876712329,0.00833969257603837,2.05322768376757
"GO:0018205","peptidyl-lysine modification","26/1752","125/18346",0.208,2.17806392694064,4.29425793033157,0.000110293135802443,0.00416449342673885,0.00353368159229161,"Arnt/Atat1/Bag6/Ehmt1/Ehmt2/Gnl3/Hdac10/Hmg20b/Kat5/Kat7/Pias3/Plod2/Senp2/Senp7/Sirt3/Smc5/Uspl1/Zmiz2/Bcl11a/Ctnnb1/Sirt2/Hdac6/Zfp451/Lox/Senp3/Kat2a",26,"Shared core",0.0148401826484018,0.00681347432682874,2.17806392694064
"GO:0001841","neural tube formation","27/1752","132/18346",0.204545454545455,2.1418897882939,4.27817804573539,0.00011069364024046,0.00416449342673885,0.00353368159229161,"Abl1/Brd2/Brpf1/Dvl1/Folr1/Gatad2a/Lmo4/Map3k7/Nckap1/Opa1/Prkacb/Rarg/Sufu/Tsc2/Sema4c/Vasp/Lhx2/Tsc1/Mthfr/Sall4/Phactr4/Tead2/Zeb2/Enah/Tgif1/Glmn/Kat2a",27,"Shared core",0.0154109589041096,0.00719502888913115,2.1418897882939
"GO:1903539","protein localization to postsynaptic membrane","17/1752","66/18346",0.257575757575758,2.69719454822195,4.48813452955318,0.000112802420526056,0.00421679876476067,0.00357806403961631,"Dlg1/Gpc6/Gphn/Gripap1/Ogt/Prkcz/Snap25/Stx3/Adam22/Grip1/Nrxn3/Tnik/Arhgap44/Grin1/Magi2/Clstn1/Rapgef4",17,"Shared core",0.00970319634703196,0.00359751444456557,2.69719454822195
"GO:0008088","axo-dendritic transport","20/1752","85/18346",0.235294117647059,2.46387322052109,4.39542644486953,0.000115220613665883,0.00427993532661434,0.00363163706364618,"Ank3/Ap3s1/App/Fbxw11/Hap1/Kif1b/Kif5a/Klc1/Map6/Mapk8ip3/Sfpq/Stau2/Trim46/Kif1a/Mapt/Pafah1b1/Hdac6/Spast/Madd/Agbl4",20,"Shared core",0.0114155251141553,0.00463316254224354,2.46387322052108
"GO:0031589","cell-substrate adhesion","56/1752","355/18346",0.157746478873239,1.6518361309409,4.02972417139052,0.000121888063836314,0.00449912607959324,0.00381762615034492,"Abl1/Acvrl1/Adam15/Atxn3/Cask/Cdc42/Clasp1/Clasp2/Crk/Cttn/Dab2/Ddr1/Dmtn/Ephb1/Fn1/Gpm6b/Itga3/Limch1/Lims1/Map4k4/Mdk/Mink1/Myadm/Postn/Prkcz/Sorbs1/Spp1/Src/Taok2/Triobp/Zyx/Bcar1/Csf1/Ctnnb1/Dusp22/Npnt/Trpm7/Angpt1/Cd34/Egflam/Tsc1/Axl/Efna5/Pecam1/Bcl2/Bcl2l11/Itga6/Cd36/Camsap3/Pxn/Radil/Sirpa/Phldb2/Thsd1/Vegfa/Cspg5",56,"Shared core",0.0319634703196347,0.0193502670881936,1.6518361309409
"GO:0014020","primary neural tube formation","25/1752","119/18346",0.210084033613445,2.19988680403668,4.26684166371346,0.000125436855231182,0.00460118064594879,0.00390422211907054,"Abl1/Brd2/Dvl1/Folr1/Gatad2a/Lmo4/Nckap1/Opa1/Prkacb/Rarg/Sufu/Tsc2/Sema4c/Vasp/Lhx2/Tsc1/Mthfr/Sall4/Phactr4/Tead2/Zeb2/Enah/Tgif1/Glmn/Kat2a",25,"Shared core",0.0142694063926941,0.00648642755914096,2.19988680403668
"GO:0030517","negative regulation of axon extension","14/1752","49/18346",0.285714285714286,2.99184605348989,4.5364301850162,0.000135409851698485,0.0049337319725593,0.00418640061737013,"Actr3/Cdkl3/Ptprs/Rnf6/Rtn4/Sema4a/Sema6d/Trim46/Sema4c/Sema6c/Sema4f/Slit2/Sema4d/Sema3a",14,"Shared core",0.00799086757990868,0.00267088193611686,2.99184605348989
"GO:0021766","hippocampus development","20/1752","86/18346",0.232558139534884,2.43522353191037,4.33479687444957,0.000136842792447222,0.0049337319725593,0.00418640061737013,"Atat1/Atg16l1/Crk/Dclk2/Dcx/Kcnq2/Lef1/Mdk/Mkks/Nf2/Ogdh/Ptprs/Fgf13/Pafah1b1/Zbtb18/Nfix/Sct/Tsc1/Zeb2/Tsku",20,"Shared core",0.0114155251141553,0.00468767033685817,2.43522353191037
"GO:2001233","regulation of apoptotic signaling pathway","63/1752","414/18346",0.152173913043478,1.59348322414135,3.96866662472405,0.000137143246515863,0.0049337319725593,0.00418640061737013,"App/Arrb2/Cttn/Cxcl12/Dab2/Dab2ip/Dnaja1/Dnm1l/Faim/Fbxw7/Ghitm/Igf1/Ivns1abp/Map3k7/Mapk7/Mapk8ip1/Mapk9/Mfn2/Nr4a2/Opa1/Pcgf2/Pih1d1/Pmp22/Psmd10/Rps6kb1/Sfpq/Sh3glb1/Siah1b/Skil/Src/Tmem161a/Acvr1/Bcl2l1/Ctnnb1/Inca1/Lmna/Meis3/Mpv17l/Syvn1/Ubqln1/Camk2b/Cflar/Ctss/Fgfr1/Ybx3/Bcl2/Bcl2l11/Bclaf1/Itga6/Usp15/Zmynd11/Tcf7l2/Flcn/Lgals3/Mdm4/Nfatc4/Bub1/Madd/Col2a1/S100a9/Ddit3/Vegfa/Cyld",63,"Shared core",0.035958904109589,0.0225662269704568,1.59348322414135
"GO:0062237","protein localization to postsynapse","17/1752","67/18346",0.253731343283582,2.65693791317386,4.41486864261861,0.000137865401857169,0.0049337319725593,0.00418640061737013,"Dlg1/Gpc6/Gphn/Gripap1/Ogt/Prkcz/Snap25/Stx3/Adam22/Grip1/Nrxn3/Tnik/Arhgap44/Grin1/Magi2/Clstn1/Rapgef4",17,"Shared core",0.00970319634703196,0.0036520222391802,2.65693791317386
"GO:0051345","positive regulation of hydrolase activity","68/1752","456/18346",0.149122807017544,1.56153368581271,3.94551257037176,0.000140738273845174,0.00496207564936019,0.00421045096844671,"Agap1/Agap3/Aifm1/Aph1a/App/Arap1/Arhgap17/Arhgap24/Arhgef7/Asap1/Asap2/Asph/Chn1/Chn2/Crk/Dapk1/Gsn/Lims1/Map4k4/Mapre2/Mbp/Net1/Psap/Ralgds/Ralgps2/Rap1gds1/Rapgef1/Rapgef6/Sgsm1/Slc11a2/Tbc1d1/Tbc1d9b/Tsc2/Casp8ap2/Ect2/Npnt/Pdgfra/Ralgapa1/Rgs7/Tbc1d9/Abr/Ager/Arhgap44/Cav2/Ctss/Fgfr1/Magi2/Stat3/Tsc1/Rapgef4/Rasgrf1/Bcl2l11/Itga6/Picalm/Als2/Ezh2/Fgfr3/Gramd4/Ang/Lyn/Cd40/Dock7/Tbc1d5/Lpar1/Pkp4/Sema4d/Gnas/S100a9",68,"Shared core",0.0388127853881279,0.0248555543442712,1.56153368581271
"GO:0051653","spindle localization","16/1752","61/18346",0.262295081967213,2.74661277041695,4.43981048459287,0.000141193837696908,0.00496207564936019,0.00421045096844671,"Actr3/Arhgef2/Cenpa/Clasp1/Clasp2/Dctn1/Fbxw11/Gpsm1/Kat5/Map4/Nusap1/Pax6/Spire1/Zbed3/Pafah1b1/Wasl",16,"Shared core",0.0091324200913242,0.00332497547149242,2.74661277041695
"GO:0097479","synaptic vesicle localization","16/1752","61/18346",0.262295081967213,2.74661277041695,4.43981048459287,0.000141193837696908,0.00496207564936019,0.00421045096844671,"Ap1s2/Ap3s1/Dnm1/Kif5a/Snap91/Syn2/Trim46/Bcl2l1/Ctnnb1/Syn1/Synj1/Magi2/Syn3/Dnm3/Picalm/Madd",16,"Shared core",0.0091324200913242,0.00332497547149242,2.74661277041695
"GO:0016197","endosomal transport","43/1752","254/18346",0.169291338582677,1.77272768130011,4.02949299430852,0.000150562864753788,0.00525984198357131,0.00446311349091585,"Ankrd27/Ap1s2/Ap5s1/Atp9a/Cdc42/Dab2/Dctn1/Dnm1l/Eps15/Eps15l1/Erc1/Gripap1/Nf2/Prepl/Pxk/Rab11fip3/Rab6a/Rcsd1/Rdx/Reps1/Sh3glb1/Snap25/Snx12/Snx5/Spag9/Src/Vti1a/Bcl2l1/Gga3/Grip1/Snx16/Arhgap44/Rab13/Sort1/Stx16/Picalm/Als2/Mtmr2/Snx27/Tbc1d5/Arfrp1/Stx5a/Vps25",43,"Shared core",0.0245433789954338,0.013844979832116,1.77272768130011
"GO:0043525","positive regulation of neuron apoptotic process","22/1752","100/18346",0.22,2.30372146118721,4.24767563695815,0.000155031607379911,0.00538390830599228,0.00456838701036659,"Abl1/Aifm1/Aimp2/App/Atf2/Cdc42/Epha7/Fbxw7/Map2k7/Tfap2b/Ctnnb1/Pak3/Ube2m/Ager/Cflar/Kcnma1/Bcl2l11/Fgfr3/Bace1/Nfatc4/Nqo2/Ddit3",22,"Shared core",0.0125570776255708,0.00545077946146299,2.30372146118721
"GO:0061351","neural precursor cell proliferation","38/1752","216/18346",0.175925925925926,1.84220150515813,4.04570631018906,0.000159245880694856,0.00549772984587123,0.00466496756388461,"Acsl6/Arhgef2/Atf5/Cntnap2/Eml1/Ephb1/Igf1/Kifap3/Lef1/Lims1/Mdk/Nf2/Numb/Pax6/Rapgef1/Rarb/Rora/Tacc2/Vcan/Wnt7b/Ctnnb1/Fgf13/Kif1a/Nfia/Pafah1b1/Smarca1/Fgfr1/Lhx2/Nfix/Sirt2/Tacc1/Fgfr3/Lyn/Dock7/Zeb2/Tarbp2/Hdac5/Vegfa",38,"Shared core",0.021689497716895,0.0117736836367601,1.84220150515813
"GO:1902473","regulation of protein localization to synapse","10/1752","28/18346",0.357142857142857,3.73980756686236,4.71422617835866,0.000160970474331767,0.00552477025645113,0.00468791205948656,"Dlg1/Gpc6/Gripap1/Ogt/Prkcz/Mapt/Tnik/Arhgap44/Magi2/Rapgef4",10,"Shared core",0.00570776255707763,0.00152621824920964,3.73980756686236
"GO:0060562","epithelial tube morphogenesis","60/1752","392/18346",0.153061224489796,1.60277467151244,3.91983498045446,0.000166694876817656,0.00568797809327224,0.0048263981776275,"Abl1/Acvrl1/Brd2/Brpf1/Ccm2/Cxcl12/Ddr1/Dlg1/Dvl1/Epha7/Folr1/Gatad2a/Igf1/Lef1/Lmo4/Map3k7/Mdk/Mtss1/Nckap1/Opa1/Pbx1/Prkacb/Rarg/Src/Sufu/Tgfbr2/Tsc2/Acvr1/Csf1/Ctnnb1/Npnt/Pdgfra/Sema4c/Tmem67/Vasp/Angpt1/Lhx2/Lzts2/Rbpj/Tsc1/Timeless/Bcl2/Mthfr/Pitx2/Sall4/Nfatc4/Phactr4/Slit2/Tead2/Zeb2/Enah/Pxn/Pgf/Tgif1/Glmn/Hdac5/Dlg5/Tmtc3/Vegfa/Kat2a",60,"Shared core",0.0342465753424658,0.0213670554889349,1.60277467151244
"GO:0090150","establishment of protein localization to membrane","42/1752","248/18346",0.169354838709677,1.77339262041538,3.98438171471634,0.000177123598060124,0.00600889246829403,0.00509870241814692,"Actr3/Ank3/Atp2c1/Bag6/Bcs1l/C2cd5/Clip1/Dmtn/Emc1/Folr1/Gripap1/Hspa5/Ogt/Pex5/Prepl/Rab34/Rdx/Snap25/Stx3/Timm9/Tsc2/Ubl4a/Wnk1/Yif1b/Acsl3/Cacnb1/Gga3/Golga7/Grip1/Pex26/Arhgap44/Folr2/Pex3/Clstn1/Adora1/Vps37d/Mtcl1/Myo1c/Snx27/Arfrp1/Cln3/Pard3",42,"Shared core",0.023972602739726,0.0135179330644282,1.77339262041538
"GO:0051017","actin filament bundle assembly","32/1752","172/18346",0.186046511627907,1.9481788255283,4.05956575427003,0.000179021122124157,0.00602821129252538,0.00511509494577891,"Abl1/Add1/Arap1/Arrb1/Baiap2/Cdc42/Clasp1/Clasp2/Dmtn/Dpysl3/Evl/Lcp1/Lima1/Limch1/Mkks/Mtss1/Myo1b/Nf2/Rdx/Sorbs1/Spire1/Src/Tpm1/Zyx/Arhgef10l/Tsc1/Gas7/Ppfia1/Zeb2/Pxn/Lpar1/Phldb2",32,"Shared core",0.0182648401826484,0.00937534067371634,1.9481788255283
"GO:0099111","microtubule-based transport","36/1752","202/18346",0.178217821782178,1.86620100366201,4.0223347855465,0.000179747312351668,0.00602821129252538,0.00511509494577891,"Ank3/Ap3s1/App/Arhgap21/Bicd2/Cdc42/Copg1/Dync1i2/Fbxw11/Hap1/Kif1b/Kif5a/Klc1/Lca5/Map6/Mapk8ip3/Prkcz/Rhot1/Sfpq/Stau2/Sun1/Tmem201/Trim46/Wdr35/Dync1i1/Ift74/Kif1a/Mapt/Pafah1b1/Aqp4/Hdac6/Camsap3/Spast/Madd/Cln3/Agbl4",36,"Shared core",0.0205479452054795,0.0110105745121552,1.86620100366201
"GO:0008380","RNA splicing","62/1752","410/18346",0.151219512195122,1.58348925270075,3.88250798855867,0.000184320888712862,0.0061464732719079,0.00521544332835258,"Acin1/Arvcf/Celf1/Celf2/Celf3/Celf4/Clasrp/Clk1/Clk4/Elavl4/Gemin5/Hnrnpa3/Hnrnpf/Hnrnpul1/Ivns1abp/Luc7l/Luc7l2/Prpf19/Psip1/Ptbp1/Puf60/Pus1/Pus7/Rbfox2/Rbm4/Rbm7/Rbmx/Rnps1/Scnm1/Sfpq/Son/Srsf1/Srsf5/Srsf7/Srsf9/Sugp2/Trpt1/Zrsr2/Ahnak/Grsf1/Htatsf1/Rbfox1/Tcerg1/Tssc4/Aqr/Clk2/Mbnl2/Rbm6/Zfp638/Raly/Sf1/Rnpc3/Slu7/U2af1/Mbnl1/Lgals3/Ddx17/Hnrnpm/Snrpa/Rbm41/Kat2a/Cwc22",62,"Shared core",0.0353881278538813,0.0223481957919983,1.58348925270075
"GO:0090287","regulation of cellular response to growth factor stimulus","50/1752","312/18346",0.16025641025641,1.67811878000234,3.92543149319272,0.000186373062074206,0.00615117303888558,0.00521943120355259,"Abl1/Acvrl1/Cask/Cd59a/Dab2ip/Epn2/Fam89b/Folr1/Hipk2/Hspa5/Htra3/Ing1/Itga3/Neo1/Nptn/Nrep/Ogt/Sh3glb1/Sin3a/Skil/Sulf2/Tcf4/Tfap2b/Tmem53/Vegfb/Arid4b/Axin1/Ctnnb1/Lats2/Npnt/Ptp4a3/Angpt1/Cav2/Cflar/Fgfr1/Rbpj/Tgfb1i1/Usp15/Tcf7l2/Flcn/Myo1c/Cyfip1/Prkd2/Slit2/Zeb2/Zfp451/Spred1/Lox/Suds3/Vegfa",50,"Shared core",0.0285388127853881,0.0170064319197645,1.67811878000234
"GO:0071168","protein localization to chromatin","12/1752","39/18346",0.307692307692308,3.2219880576045,4.51352444857431,0.000186557982777583,0.00615117303888558,0.00521943120355259,"Airn/Brd2/Brd3/Cenpa/Lef1/Vrk1/Zmynd8/Ezh2/Rnf4/Jarid2/Nipbl/Carm1",12,"Shared core",0.00684931506849315,0.00212580398997057,3.2219880576045
"GO:0048259","regulation of receptor-mediated endocytosis","26/1752","129/18346",0.201550387596899,2.11052706098899,4.11278434582917,0.000188874808712745,0.00619277235941398,0.00525472931502498,"Ap2a1/App/Arrb1/Arrb2/Dab2/Hap1/Iqsec1/Numb/Pip5k1c/Ptpn5/Rnf216/Sh3gl3/Snap91/Dnajc6/Synj1/Wasl/Angpt1/Apoc1/Magi2/Sirt2/Picalm/Mtmr2/Tbc1d5/Lpar1/Vegfa/Pard3",26,"Shared core",0.0148401826484018,0.00703150550528726,2.11052706098899
"GO:0031110","regulation of microtubule polymerization or depolymerization","20/1752","88/18346",0.227272727272727,2.37987754254878,4.21604897720447,0.000191055883788694,0.00622948323308802,0.00528587945148719,"Abl1/Arhgef2/Arhgef7/Camsap1/Clasp1/Clasp2/Clip1/Dctn1/Eml4/Mapre2/Pde4dip/Psrc1/Fgf13/Mapt/Gas2l1/Sgk1/Hdac6/Camsap3/Tpx2/Slain2",20,"Shared core",0.0114155251141553,0.00479668592608743,2.37987754254878
"GO:0002090","regulation of receptor internalization","19/1752","82/18346",0.231707317073171,2.42631417752534,4.20605107523111,0.000209666608117179,0.00674969144308411,0.0057272897233871,"App/Arrb1/Arrb2/Dab2/Hap1/Iqsec1/Numb/Pip5k1c/Ptpn5/Rnf216/Synj1/Angpt1/Magi2/Sirt2/Mtmr2/Tbc1d5/Lpar1/Vegfa/Pard3",19,"Shared core",0.0108447488584475,0.00446963915839965,2.42631417752534
"GO:0051893","regulation of focal adhesion assembly","16/1752","63/18346",0.253968253968254,2.65941871421323,4.28699418824485,0.00021235606595958,0.00674969144308411,0.0057272897233871,"Abl1/Acvrl1/Clasp1/Clasp2/Dmtn/Gpm6b/Limch1/Lims1/Map4k4/Src/Dusp22/Tsc1/Efna5/Camsap3/Phldb2/Vegfa",16,"Shared core",0.0091324200913242,0.00343399106072168,2.65941871421323
"GO:0090109","regulation of cell-substrate junction assembly","16/1752","63/18346",0.253968253968254,2.65941871421323,4.28699418824485,0.00021235606595958,0.00674969144308411,0.0057272897233871,"Abl1/Acvrl1/Clasp1/Clasp2/Dmtn/Gpm6b/Limch1/Lims1/Map4k4/Src/Dusp22/Tsc1/Efna5/Camsap3/Phldb2/Vegfa",16,"Shared core",0.0091324200913242,0.00343399106072168,2.65941871421323
"GO:1901890","positive regulation of cell junction assembly","26/1752","130/18346",0.2,2.09429223744292,4.06844877189148,0.000215012345568406,0.00674969144308411,0.0057272897233871,"Abl1/Actr3/Acvrl1/Adgre5/Amigo2/Cntnap2/Ephb1/Flrt3/Lims1/Map4k4/Ntrk2/Sema4a/Stau2/Lrrtm4/Asic2/Il1rap/Tsc1/Amigo1/Clstn1/Efna5/Nphp1/Slit2/Sema4d/Tpbg/Dlg5/Vegfa",26,"Shared core",0.0148401826484018,0.00708601329990189,2.09429223744292
"GO:1903322","positive regulation of protein modification by small protein conjugation or removal","26/1752","130/18346",0.2,2.09429223744292,4.06844877189148,0.000215012345568406,0.00674969144308411,0.0057272897233871,"Aimp2/Arnt/Arrb1/Arrdc4/Dcun1d2/Dnajb2/Fbxw7/Gnl3/Hspa5/Mapk9/Ndfip2/Phf23/Pias3/Psmd10/Rassf1/Senp2/Ube3a/Wbp1l/Axin1/Ubqln1/Xiap/Angpt1/Nmi/Fgfr3/Tnip1/Sphk1",26,"Shared core",0.0148401826484018,0.00708601329990189,2.09429223744292
"GO:0000381","regulation of alternative mRNA splicing, via spliceosome","14/1752","51/18346",0.274509803921569,2.8745187572746,4.35571080947833,0.000216092757854447,0.00674969144308411,0.0057272897233871,"Celf1/Celf2/Celf3/Celf4/Ptbp1/Puf60/Rbfox2/Rbm4/Rbm7/Rbmx/Rnps1/Rbfox1/Mbnl2/Ddx17",14,"Shared core",0.00799086757990868,0.00277989752534612,2.8745187572746
"GO:0001952","regulation of cell-matrix adhesion","25/1752","123/18346",0.203252032520325,2.12834576975907,4.07976538894169,0.000216936505555718,0.00674969144308411,0.0057272897233871,"Abl1/Acvrl1/Adam15/Cask/Clasp1/Clasp2/Ddr1/Dmtn/Gpm6b/Limch1/Lims1/Map4k4/Mink1/Postn/Prkcz/Src/Csf1/Dusp22/Tsc1/Efna5/Bcl2/Cd36/Camsap3/Phldb2/Vegfa",25,"Shared core",0.0142694063926941,0.00670445873759948,2.12834576975907
"GO:0051402","neuron apoptotic process","57/1752","371/18346",0.153638814016173,1.60882287782003,3.84940702881163,0.00021702935230406,0.00674969144308411,0.0057272897233871,"Abl1/Aifm1/Aimp2/Akt1s1/Amigo2/App/Arrb1/Arrb2/Atf2/Cdc42/Dnajc5/Epha7/Fbxw7/Hipk2/Kcnq2/Map2k7/Mdk/Nr4a2/Nsmf/Ntrk2/Oxr1/Ptpn5/Siah1b/Tfap2b/Trim2/Vegfb/Bcl2l1/Cited1/Ctnnb1/Pak3/Ube2m/Xiap/Ager/Angpt1/Cflar/Grin1/Nfix/Sct/Aatk/Axl/Kcnma1/Bcl2/Bcl2l11/Set/Barhl1/Fgfr3/Bace1/Nfatc4/Cpeb4/Map3k12/Nqo2/Ddit3/Vegfa/Cln3/Atg7/Cntfr/Cebpb",57,"Shared core",0.0325342465753425,0.0202223918020277,1.60882287782003
"GO:0099518","vesicle cytoskeletal trafficking","15/1752","57/18346",0.263157894736842,2.75564768084595,4.31350376164252,0.000217360995526137,0.00674969144308411,0.0057272897233871,"Ap3s1/Fbxw11/Fnbp1l/Hap1/Kif1b/Kif5a/Prkcz/Trim46/Dync1i1/Kif1a/Pafah1b1/Wasl/Myo1c/Madd/Cln3",15,"Shared core",0.00856164383561644,0.0031069442930339,2.75564768084595
"GO:0038202","TORC1 signaling","20/1752","89/18346",0.224719101123595,2.35313734544149,4.15788565750044,0.000224638779357486,0.00693897366341624,0.00588790063789621,"Akt1s1/Alg13/Atxn3/Mlst8/Nprl3/Ogt/Otud5/Pih1d1/Prkacb/Rps6kb1/Seh1l/Sesn1/Src/Tsc2/Ube2w/Ube3a/Wac/Tsc1/Wdr59/Flcn",20,"Shared core",0.0114155251141553,0.00485119372070206,2.35313734544149
"GO:0080135","regulation of cellular response to stress","71/1752","489/18346",0.14519427402863,1.5203962050966,3.78996035651627,0.000229538671830926,0.00705320662290943,0.00598483029171733,"Abl1/Aifm2/Apbb1/App/Atxn3/Bag6/Cxcl12/Dnaja1/Dnmt3a/Dpf2/Fut8/Hdac10/Kat5/Kat7/Map4k4/Morf4l1/Morf4l2/Nbr1/Ncoa7/Nek1/Neo1/Nfe2l1/Ogt/Opa1/Oxr1/Pnkp/Psmd10/Ptprs/Pum2/Rad52/Rtel1/Rtn4/Skil/Slc25a14/Smarcc2/Spire1/Suv39h1/Taok2/Taok3/Tfpt/Tmem161a/Uimc1/Usp14/Usp19/Bcl2l1/Mapt/Sema4c/Syvn1/Tmem67/Insig2/Stat3/Tbc1d24/Tsc1/Ybx3/Epc1/Timeless/Dpf3/Klhl15/Meaf6/Smarca2/Smarcb1/Trp53bp1/Usp15/Cd36/Lyn/Mad2l2/Brd8/Spred1/Senp3/Cln3/Kat2a",71,"Shared core",0.0405251141552511,0.026654311566554,1.5203962050966
"GO:0006260","DNA replication","43/1752","259/18346",0.166023166023166,1.73850513919007,3.88929155584389,0.000234146390255777,0.00715731856464145,0.00607317199725923,"Cdc42/Cdc7/Cdk2/Ehmt2/Fen1/Fhit/Gins1/Jade1/Kat7/Lpin1/Nasp/Orc4/Orc6/Rbbp6/Rbms1/Repin1/Rtel1/Senp2/Sin3a/Tfpt/Tk2/Trex1/Wiz/Nfia/Poli/Ssrp1/Ciz1/Fgfr1/Nfix/Timeless/Meaf6/Cdc45/Inppl1/Pold4/Recql/Jade3/Carm1/Samhd1/Ctc1/Ccne2/Atg7/Terf1/Lig3",43,"Shared core",0.0245433789954338,0.0141175188051891,1.73850513919007
"GO:1901875","positive regulation of post-translational protein modification","26/1752","131/18346",0.198473282442748,2.07830527379832,4.02451133943676,0.000244306863081779,0.00742920714728996,0.00630387657071119,"Aimp2/Arnt/Arrb1/Arrdc4/Dcun1d2/Dnajb2/Fbxw7/Gnl3/Hspa5/Mapk9/Ndfip2/Phf23/Pias3/Psmd10/Rassf1/Senp2/Ube3a/Wbp1l/Axin1/Ubqln1/Xiap/Angpt1/Nmi/Fgfr3/Tnip1/Sphk1",26,"Shared core",0.0148401826484018,0.00714052109451652,2.07830527379832
"GO:1903432","regulation of TORC1 signaling","19/1752","83/18346",0.228915662650602,2.3970814765913,4.14500527187127,0.00024791921708935,0.00750019528400719,0.00636411186136579,"Akt1s1/Alg13/Atxn3/Nprl3/Ogt/Otud5/Pih1d1/Prkacb/Rps6kb1/Seh1l/Sesn1/Src/Tsc2/Ube2w/Ube3a/Wac/Tsc1/Wdr59/Flcn",19,"Shared core",0.0108447488584475,0.00452414695301428,2.3970814765913
"GO:0031668","cellular response to extracellular stimulus","41/1752","244/18346",0.168032786885246,1.75954880604836,3.88094675439418,0.000249339935578813,0.00750449272775413,0.006367758354782,"Atf2/Atxn3/Chka/Comt/Ehmt2/Eif4g1/Folr1/Hspa5/Kat5/Lamp2/Mlst8/Mlx/Nprl3/Nr4a2/Ogt/Postn/Rps6kb1/Seh1l/Sesn1/Sh3glb1/Sipa1/Slc1a2/Suv39h1/Tsc2/Nuak2/Folr2/Gas2l1/Tsc1/Wdr45/Wdr59/Axl/Bcl2/Itga6/Tcf7l2/Trim24/Flcn/Rnase4/Usp33/Cpeb4/Atg7/Cd68",41,"Shared core",0.0234018264840183,0.0132999018859697,1.75954880604836
"GO:0070507","regulation of microtubule cytoskeleton organization","29/1752","153/18346",0.189542483660131,1.98478676097532,3.97453314659964,0.000253732423364946,0.0075977326159636,0.00644687483855831,"Abl1/Arhgef2/Arhgef7/Bicd2/Camsap1/Clasp1/Clasp2/Clip1/Dctn1/Eml4/Map6/Mapre2/Pde4dip/Psrc1/Fgf13/Mapt/Pafah1b1/Trim36/Gas2l1/Efna5/Mark2/Sgk1/Hdac6/Camsap3/Rnf4/Phldb2/Tpx2/Slain2/Cyld",29,"Shared core",0.0165525114155251,0.00833969257603837,1.98478676097532
"GO:0016601","Rac protein signal transduction","15/1752","58/18346",0.258620689655172,2.70813651393481,4.23354161148876,0.000267608482948568,0.00795452923314016,0.00674962610002351,"Abi2/Arhgap17/Arhgap24/Camk2d/Crk/Dynlt1f/Nckap1/Ogt/Rtn4/Elmo1/Arhgap44/Rasgrf1/Als2/Cyfip1/Dynlt1c",15,"Shared core",0.00856164383561644,0.00316145208764853,2.70813651393481
"GO:1903828","negative regulation of protein localization","40/1752","237/18346",0.168776371308017,1.76733522147082,3.86333561683821,0.000268358628073224,0.00795452923314016,0.00674962610002351,"App/Dab2/Dclk2/Dmtn/Dnaja1/Frmd4a/Gnao1/Gopc/Gpm6b/Gripap1/Map4k4/Mark3/Ndfip2/Neo1/Numb/Ogt/Ppp3ca/Rab11fip3/Sin3a/Snx12/Tbc1d1/Wnk1/Bcl2l1/Lats2/Mapt/Os9/Angpt1/Dclk1/Lzts2/Npff/Pde1c/Picalm/Rab11fip5/Cd36/Flcn/Ppfia1/Rnf4/Madd/Midn/Terf1",40,"Shared core",0.0228310502283105,0.0129183473236673,1.76733522147082
"GO:0051489","regulation of filopodium assembly","14/1752","52/18346",0.269230769230769,2.81923955040393,4.26862093075254,0.000270006743679501,0.00796316371183411,0.00675695268102469,"Actr3/Arap1/Capzb/Cdc42/Dmtn/Dpysl3/Fnbp1l/Gpm6a/Stau2/Zmynd8/Wasl/Arhgap44/Dnm3/Cln3",14,"Shared core",0.00799086757990868,0.00283440531996075,2.81923955040393
"GO:0018108","peptidyl-tyrosine phosphorylation","48/1752","301/18346",0.159468438538206,1.66986756473854,3.80753689437735,0.000278754361013716,0.00816437556468798,0.00692768620074052,"Abi1/Abi2/Abl1/Aplp2/App/Arhgef2/Arrb2/Clk1/Clk4/Ctf1/Ddr1/Dmtn/Epha7/Fbxw7/Gfra1/Ghr/Igf1/Irf1/Mlst8/Nf2/Prkcz/Src/Vegfb/Acvr1/Dusp22/Gprc5b/Pdgfra/Socs1/Yes1/Angpt1/Cav2/Clk2/Fgfr1/Aatk/Cnot7/Efna5/Pecam1/Cd36/Fgfr3/Ctnnd1/Lyn/Cd40/Suz12/Pxn/Sema4d/Vegfa/Vps25/Tnfrsf18",48,"Shared core",0.0273972602739726,0.0164068461790036,1.66986756473854
"GO:0007020","microtubule nucleation","11/1752","35/18346",0.314285714285714,3.29103065883888,4.40817937191918,0.000279611430993744,0.00816437556468798,0.00692768620074052,"Arhgef7/Clasp1/Clasp2/Dctn1/Golga2/Pde4dip/Tubgcp2/Tubgcp4/Csnk1d/Tpx2/Slain2",11,"Shared core",0.00627853881278539,0.00190777281151205,3.29103065883888
"GO:0062207","regulation of pattern recognition receptor signaling pathway","29/1752","154/18346",0.188311688311688,1.9718985352547,3.93542309940294,0.000284608599794961,0.00826914788216153,0.00701658825237083,"App/Arrb2/Atat1/Dab2ip/Gpr108/Irf1/Lamp2/Nagk/Pja2/Ptprs/Pum1/Pum2/Rtn4/Sec14l1/Src/Trex1/Trim3/Znrf1/Ubqln1/Wdfy1/Itch/Sirt2/Usp15/Lrch4/Cd36/Gramd4/Lyn/Tarbp2/S100a9",29,"Shared core",0.0165525114155251,0.008394200370653,1.9718985352547
"GO:0014032","neural crest cell development","19/1752","84/18346",0.226190476190476,2.36854479234616,4.08483817591101,0.000292129829537156,0.00844586191898311,0.00716653473445832,"Cdc42/Ednrb/Fn1/Folr1/Pax6/Sema4a/Sema6d/Tcof1/Acvr1/Sema4c/Nrp2/Sema6c/Sema4f/Pitx2/Phactr4/Zeb2/Radil/Sema4d/Sema3a",19,"Shared core",0.0108447488584475,0.00457865474762891,2.36854479234616
"GO:0097091","synaptic vesicle clustering","8/1752","20/18346",0.4,4.18858447488584,4.63585079785514,0.00029970724894199,0.00862246001980657,0.00731638284181917,"Snap91/Syn2/Bcl2l1/Ctnnb1/Syn1/Magi2/Syn3/Picalm",8,"Shared core",0.0045662100456621,0.0010901558922926,4.18858447488584
"GO:0000082","G1/S transition of mitotic cell cycle","37/1752","215/18346",0.172093023255814,1.80206541361368,3.84386836232613,0.000302814429774309,0.00866935555290449,0.0073561749281759,"Cables1/Camk2d/Camk2g/Cdk2/Crlf3/Dlg1/Dpf2/Eif4g1/Fhl1/Jade1/Nasp/Ppp2r3d/Ppp3ca/Rbl1/Rdx/Rps6kb1/Senp2/Smarcc2/Tcf19/Tcf3/Trex1/Wac/Zfp655/Acvr1/Lats2/Camk2b/Ctdsp2/Cacul1/Bcl2/Dpf3/Smarca2/Smarcb1/Ezh2/E2f3/Ppp2r5c/Tjp3/Ccne2",37,"Shared core",0.0211187214611872,0.0117191758421454,1.80206541361368
"GO:0060999","positive regulation of dendritic spine development","16/1752","65/18346",0.246153846153846,2.5775904460836,4.14000949905129,0.000312735782980994,0.00890970685008258,0.00756011929006837,"Actr3/Baiap2/Caprin1/Cask/Dnm1l/Mfn2/Opa1/Stau2/Tsc2/Zmynd8/Pafah1b1/Pak3/Camk2b/Lpar1/Caprin2/Dlg5",16,"Shared core",0.0091324200913242,0.00354300664995094,2.5775904460836
"GO:0030308","negative regulation of cell growth","35/1752","200/18346",0.175,1.83250570776256,3.84646805896325,0.000314245922298022,0.00890970685008258,0.00756011929006837,"Actr3/Acvrl1/Adam15/Cdkl3/Crlf3/Dab2/Dab2ip/Dnajb2/Epha7/Fhl1/Nf2/Psrc1/Ptprs/Rnf6/Rtn4/Sema4a/Sema6d/Sesn1/Spag9/Trim46/Tro/Bcl11a/Fgf13/Sema4c/Sema6c/Sertad2/Bcl2/Sema4f/Smarca2/Slit2/Sphk2/Caprin2/Sema4d/Sema3a/Cryab",35,"Shared core",0.0199771689497717,0.010901558922926,1.83250570776256
"GO:0018212","peptidyl-tyrosine modification","48/1752","303/18346",0.158415841584158,1.65884533658845,3.75751551122582,0.000325716845895909,0.00919053927193794,0.00779841294500783,"Abi1/Abi2/Abl1/Aplp2/App/Arhgef2/Arrb2/Clk1/Clk4/Ctf1/Ddr1/Dmtn/Epha7/Fbxw7/Gfra1/Ghr/Igf1/Irf1/Mlst8/Nf2/Prkcz/Src/Vegfb/Acvr1/Dusp22/Gprc5b/Pdgfra/Socs1/Yes1/Angpt1/Cav2/Clk2/Fgfr1/Aatk/Cnot7/Efna5/Pecam1/Cd36/Fgfr3/Ctnnd1/Lyn/Cd40/Suz12/Pxn/Sema4d/Vegfa/Vps25/Tnfrsf18",48,"Shared core",0.0273972602739726,0.0165158617682329,1.65884533658845
"GO:0098742","cell-cell adhesion via plasma-membrane adhesion molecules","35/1752","201/18346",0.174129353233831,1.82338876394284,3.81394867874549,0.000346273747577164,0.00972383073937978,0.00825092470303481,"Amigo2/Arvcf/Atp2c1/Cadm1/Celsr2/Flrt3/Igsf9/Itga3/Kifap3/Mapk14/Mapk7/Mbp/Myadm/Nptn/Nrcam/Palld/Ptprs/Taok2/Tenm3/Tgfbr2/Wnk1/Acvr1/Cdh8/Cxadr/Igsf9b/Il1rap/Lrrc4c/Magi2/Pcdh10/Amigo1/Clstn1/Efna5/Pecam1/Tenm2/Pcdh8",35,"Shared core",0.0199771689497717,0.0109560667175406,1.82338876394284
"GO:0042692","muscle cell differentiation","65/1752","445/18346",0.146067415730337,1.52953927453697,3.67442935002039,0.000350640726597335,0.00979957344952266,0.00831519437359394,"Arrb2/Atp2a2/Bin1/Bnip2/Camk2d/Cntnap2/Cxcl12/Ednrb/Homer1/Igf1/Igf2/Mapk14/Mef2a/Mfn2/Neo1/Pmp22/Ppp3ca/Ptbp1/Rarb/Rbm4/Rcan1/Rora/Rxrb/Shox2/Sorbs2/Spag9/Tpm1/Wnt7b/Acvr1/Ctnnb1/Cyp26b1/Lmna/Npnt/Pdgfra/Pdlim5/Sema4c/Tnnt3/Acta1/Cav2/Cflar/Cxadr/Sort1/Speg/Tnpo2/Tsc1/Epc1/Ank2/Bcl2/Dpf3/Hdac6/Smarca2/Syne1/Ezh2/Pitx2/Tnnt1/Nfatc4/Dyrk1b/Tarbp2/Glmn/Hdac5/Lox/Tmtc3/Vegfa/Atg7/Kat2a",65,"Shared core",0.0371004566210046,0.0242559686035103,1.52953927453697
"GO:0050730","regulation of peptidyl-tyrosine phosphorylation","41/1752","248/18346",0.165322580645161,1.73116898659596,3.76685303642537,0.000353526934584206,0.00983341032736828,0.00834390584942819,"Abi1/Abi2/Abl1/Aplp2/App/Arhgef2/Arrb2/Ctf1/Dmtn/Epha7/Fbxw7/Gfra1/Ghr/Igf1/Irf1/Mlst8/Nf2/Prkcz/Src/Vegfb/Acvr1/Dusp22/Gprc5b/Pdgfra/Socs1/Yes1/Angpt1/Cav2/Cnot7/Efna5/Pecam1/Cd36/Fgfr3/Ctnnd1/Lyn/Cd40/Suz12/Sema4d/Vegfa/Vps25/Tnfrsf18",41,"Shared core",0.0234018264840183,0.0135179330644282,1.73116898659596
"GO:0045926","negative regulation of growth","42/1752","256/18346",0.1640625,1.7179741010274,3.75889196570041,0.000355931585787376,0.00985359658955712,0.0083610344208544,"Actr3/Acvrl1/Adam15/Cdkl3/Crlf3/Dab2/Dab2ip/Dnajb2/Epha7/Fhl1/Nf2/Psrc1/Ptprs/Rai1/Rnf6/Rtn4/Sema4a/Sema6d/Sesn1/Spag9/Tgfbr2/Trim46/Tro/Bcl11a/Fgf13/Sema4c/Cxadr/Sema6c/Sertad2/Bcl2/Sema4f/Smarca2/Tcf7l2/Fgfr3/Jarid2/Slit2/Sphk2/Caprin2/Sema4d/Gnas/Sema3a/Cryab",42,"Shared core",0.023972602739726,0.0139539954213453,1.7179741010274
"GO:0048640","negative regulation of developmental growth","25/1752","127/18346",0.196850393700787,2.06131125732571,3.89971374731106,0.000363191218571211,0.010007367426265,0.00849151299758042,"Actr3/Cdkl3/Epha7/Ptprs/Rai1/Rnf6/Rtn4/Sema4a/Sema6d/Spag9/Tgfbr2/Trim46/Bcl11a/Fgf13/Sema4c/Cxadr/Sema6c/Sema4f/Tcf7l2/Fgfr3/Jarid2/Slit2/Sema4d/Gnas/Sema3a",25,"Shared core",0.0142694063926941,0.006922489916058,2.06131125732571
"GO:0060491","regulation of cell projection assembly","35/1752","202/18346",0.173267326732673,1.81436208689362,3.78161297007756,0.000381174497474724,0.0104537996527063,0.00887032241786975,"Abi2/Actr3/Arap1/Arhgap24/Capzb/Cdc42/Cdk10/Cttn/Dmtn/Dpysl3/Evl/Fnbp1l/Gpm6a/Hap1/Kctd17/Map4/Nckap1/Odf2/Rab11fip3/Rdx/Src/Stau2/Zmynd8/Def8/Tmem67/Wasl/Arhgap44/Dnm3/Syne1/Cyfip1/Limk2/Slit2/Lpar1/Cln3/Cyld",35,"Shared core",0.0199771689497717,0.0110105745121552,1.81436208689362
"GO:0048193","Golgi vesicle transport","43/1752","265/18346",0.162264150943396,1.69914275868011,3.72501429564019,0.00038800792253637,0.010591713941237,0.0089873462987494,"Ank3/Ap1g2/Ap3s1/Atp2c1/Atp9a/Atp9b/Bicd2/Copg1/Eps15/Exoc1/Golga2/Lman1/Myo18a/Myo1b/Pitpnb/Prepl/Rab34/Rab6a/Sec24c/Snx12/Sorcs1/Spire1/Trappc13/Trappc9/Vti1a/Yif1b/Acsl3/Ergic2/Gga3/Golga7/Ap1g1/Golga5/Rab13/Sort1/Spast/Sec23b/Arfrp1/Sec24a/Stx5a/Bcap29/Cln3/Sec22c/Trappc8",43,"Shared core",0.0245433789954338,0.0144445655728769,1.69914275868011
"GO:0030833","regulation of actin filament polymerization","26/1752","135/18346",0.192592592592593,2.01672585827837,3.85260267821272,0.000399882692125639,0.0108653311115064,0.00921951762400778,"Actr3/Add1/Add3/Baiap2/Bin1/Capzb/Cttn/Dlg1/Dmtn/Evl/Gsn/Mkks/Mlst8/Myadm/Nckap1/Rdx/Tpm1/Fchsd2/Pak3/Vasp/Pecam1/Myo1c/Cyfip1/Slit2/Sptan1/Ssh2",26,"Shared core",0.0148401826484018,0.00735855227297504,2.01672585827837
"GO:0007519","skeletal muscle tissue development","34/1752","195/18346",0.174358974358974,1.82579323264255,3.76694008758855,0.000407213188525165,0.0110096887121237,0.00934200882371379,"Cntnap2/Ephb1/Foxp2/Gpcpd1/Hmg20b/Homer1/Igf2/Mapk14/Pmp22/Ppp3ca/Rcan1/Rps6kb1/Shox2/Skil/Usp19/Ctnnb1/Cyp26b1/Rbfox1/Zbtb18/Acta1/Cav2/Cflar/Nfix/Nr2f2/Usp2/Ybx3/Bcl2/Hdac6/Cops2/Mbnl1/Tcf7l2/Pitx2/Ddx17/Hdac5",34,"Shared core",0.0194063926940639,0.0106290199498528,1.82579323264255
"GO:1901873","regulation of post-translational protein modification","39/1752","234/18346",0.166666666666667,1.74524353120244,3.72797769315442,0.000412115292943199,0.0110096887121237,0.00934200882371379,"Abl1/Aimp2/Arnt/Arrb1/Arrb2/Arrdc4/Dcun1d2/Dnaja1/Dnajb2/Fbxw7/Gnl3/Hmg20b/Hspa5/Ivns1abp/Mapk9/Ndfip2/Ogt/Phf23/Pias3/Psmd10/Rassf1/Senp2/Spopl/Ube3a/Wbp1l/Wnk1/Axin1/Ctnnb1/Ubqln1/Xiap/Angpt1/Itch/Nmi/Fgfr3/Flcn/Mad2l2/Tnip1/Atg7/Sphk1",39,"Shared core",0.0222602739726027,0.0127548239398234,1.74524353120244
"GO:0072659","protein localization to plasma membrane","47/1752","298/18346",0.157718120805369,1.65153918053385,3.68455033852186,0.000413399601573796,0.0110096887121237,0.00934200882371379,"Actr3/Ank3/Atp2c1/C2cd5/Camk2d/Camk2g/Cask/Clasp2/Dab2/Dlg1/Gripap1/Itga3/Numb/Prepl/Prkcz/Psmd10/Rab34/Rapgef6/Rdx/Sorbs1/Stx3/Wnk1/Zfyve27/Acsl3/Bcl2l1/Fgf13/Gga3/Golga7/Grip1/Kcnip4/Tnik/Tspan5/Arhgap44/Camk2b/Rab13/Wdr59/Ramp1/Ank2/Picalm/Ikbkb/Sytl2/Lgals3/Ppfia1/Snx27/Arfrp1/Tpbg/Cln3",47,"Shared core",0.0268264840182648,0.0162433227951597,1.65153918053385
"GO:0090199","regulation of release of cytochrome c from mitochondria","13/1752","48/18346",0.270833333333333,2.83602073820396,4.13853617261057,0.000415974110693842,0.0110096887121237,0.00934200882371379,"Arrb2/Dnm1l/Ghitm/Igf1/Mfn2/Opa1/Pla2g6/Plscr3/Psmd10/Wdr35/Bcl2l1/Lmna/Bcl2l11",13,"Shared core",0.00742009132420091,0.00261637414150223,2.83602073820396
"GO:1902683","regulation of receptor localization to synapse","10/1752","31/18346",0.32258064516129,3.3778907055531,4.30546081395522,0.000416778403417908,0.0110096887121237,0.00934200882371379,"Gpc6/Gripap1/Nptn/Ogt/Prkcz/Rdx/Tnik/Arhgap44/Magi2/Rapgef4",10,"Shared core",0.00570776255707763,0.00168974163305353,3.3778907055531
"GO:0007063","regulation of sister chromatid cohesion","6/1752","12/18346",0.5,5.23573059360731,4.76914696053299,0.000418326901142204,0.0110096887121237,0.00934200882371379,"Fen1/Sfpq/Smc5/Ctnnb1/Bub1/Naa10",6,"Shared core",0.00342465753424658,0.000654093535375559,5.23573059360731
"GO:0048312","intracellular distribution of mitochondria","6/1752","12/18346",0.5,5.23573059360731,4.76914696053299,0.000418326901142204,0.0110096887121237,0.00934200882371379,"Dnm1l/Mfn2/Ogt/Opa1/Mapt/Kat2a",6,"Shared core",0.00342465753424658,0.000654093535375559,5.23573059360731
"GO:0007178","transmembrane receptor protein serine/threonine kinase signaling pathway","55/1752","364/18346",0.151098901098901,1.58222627828792,3.64564070191755,0.000422621315715073,0.0110730558121954,0.00939577746545118,"Abl1/Acvrl1/Arrb2/Atf2/Dab2/Fam89b/Folr1/Fut8/Hipk2/Hspa5/Htra3/Igsf1/Ing1/Itga3/Lef1/Map3k7/Mapk14/Neo1/Nrep/Ogt/Sh2b1/Sin3a/Skil/Smad5/Src/Tfap2b/Tgfbr2/Tmem53/Zyx/Acvr1/Arid4b/Axin1/Cited1/Dusp22/Lats2/Nfia/Npnt/Cav2/Ltbp4/Magi2/Rbpj/Stat3/Tgfb1i1/Ucma/Usp15/Tcf7l2/Flcn/Zeb2/Zfp451/Pxn/Rbpms/Tgif1/Spred1/Lox/Suds3",55,"Shared core",0.0313926940639269,0.0198408372397253,1.58222627828792
"GO:0090201","negative regulation of release of cytochrome c from mitochondria","8/1752","21/18346",0.380952380952381,3.98912807131985,4.4533060723641,0.000443806581327094,0.0115764481147054,0.00982291900003967,"Arrb2/Ghitm/Igf1/Mfn2/Opa1/Psmd10/Bcl2l1/Lmna",8,"Shared core",0.0045662100456621,0.00114466368690723,3.98912807131985
"GO:0048311","mitochondrion distribution","9/1752","26/18346",0.346153846153846,3.62473656480506,4.35171080883629,0.000448437340314959,0.0116454811960553,0.00988149537508184,"Dnm1l/Hap1/Mef2a/Mfn2/Ogt/Opa1/Tspan4/Mapt/Kat2a",9,"Shared core",0.00513698630136986,0.00141720265998038,3.62473656480506
"GO:2001234","negative regulation of apoptotic signaling pathway","40/1752","243/18346",0.164609053497942,1.72369731476784,3.69007495913354,0.000453266477022659,0.011719035038088,0.00994390773380106,"Arrb2/Cttn/Cxcl12/Dab2/Dnaja1/Faim/Ghitm/Igf1/Ivns1abp/Map3k7/Mapk7/Mapk8ip1/Mfn2/Nr4a2/Opa1/Pcgf2/Pih1d1/Psmd10/Rps6kb1/Sh3glb1/Src/Tmem161a/Acvr1/Bcl2l1/Ctnnb1/Lmna/Meis3/Mpv17l/Syvn1/Cflar/Ybx3/Bcl2/Itga6/Zmynd11/Tcf7l2/Lgals3/Mdm4/Madd/Col2a1/Vegfa",40,"Shared core",0.0228310502283105,0.0132453940913551,1.72369731476784
"GO:0045216","cell-cell junction organization","35/1752","204/18346",0.17156862745098,1.79657422329662,3.71748407929263,0.000460484872147042,0.0118115089706029,0.0100223742841374,"Abi2/Acvrl1/Add1/Ccm2/Cdc42/Cntnap2/Dlg1/Gjc1/Hdac7/Kifc3/Lims1/Mtss1/Nf2/Numb/Ocel1/Pard6a/Pmp22/Rdx/Cdh8/Ctnnb1/Ect2/Cxadr/Rab13/Shroom2/Nphp1/Pecam1/Ikbkb/Flcn/Camsap3/Myo1c/Pkp4/Tjp3/Dlg5/Vegfa/Pard3",35,"Shared core",0.0199771689497717,0.0111195901013845,1.79657422329662
"GO:0044772","mitotic cell cycle phase transition","62/1752","424/18346",0.14622641509434,1.53120423020591,3.59585013066657,0.000460868215073789,0.0118115089706029,0.0100223742841374,"Anapc11/App/Cables1/Camk2d/Camk2g/Cdc27/Cdc7/Cdk2/Clasp1/Clasp2/Crlf3/Dlg1/Dpf2/Eif4g1/Fhl1/Jade1/Mta3/Nasp/Pbx1/Ppp2r3d/Ppp3ca/Rbl1/Rdx/Rps6kb1/Senp2/Sin3a/Smarcc2/Smc5/Spc25/Taok2/Taok3/Tcf19/Tcf3/Trex1/Uimc1/Wac/Zfp207/Zfp655/Acvr1/Lats2/Nfia/Camk2b/Cdc25b/Ctdsp2/Nfix/Cacul1/Bcl2/Dpf3/Smarca2/Smarcb1/Ezh2/E2f3/Ppp2r5c/Spast/Bub1/Hspa2/Hus1/Tjp3/Ctc1/Brsk1/Brsk2/Ccne2",62,"Shared core",0.0353881278538813,0.0231113049166031,1.53120423020591
"GO:0048846","axon extension involved in axon guidance","11/1752","37/18346",0.297297297297297,3.11313710971245,4.18067678376771,0.000479204973472195,0.0121751254948412,0.0103309124151149,"Cxcl12/Sema4a/Sema6d/Sema4c/Nrp2/Sema6c/Sema4f/Slit2/Sema4d/Sema3a/Vegfa",11,"Shared core",0.00627853881278539,0.00201678840074131,3.11313710971245
"GO:1902284","neuron projection extension involved in neuron projection guidance","11/1752","37/18346",0.297297297297297,3.11313710971245,4.18067678376771,0.000479204973472195,0.0121751254948412,0.0103309124151149,"Cxcl12/Sema4a/Sema6d/Sema4c/Nrp2/Sema6c/Sema4f/Slit2/Sema4d/Sema3a/Vegfa",11,"Shared core",0.00627853881278539,0.00201678840074131,3.11313710971245
"GO:0032984","protein-containing complex disassembly","39/1752","236/18346",0.165254237288136,1.73045333178547,3.66977651262127,0.000490036569132771,0.0123162660748554,0.0104506738886999,"Add1/Add3/Arhgef1/Arhgef2/Asph/Atp2a2/Camsap1/Capzb/Clasp1/Clasp2/Dmtn/Eml4/Evl/Gsn/Jmjd4/Klc1/Lamp2/Lima1/Pex5/Phf23/Rdx/Sh3gl3/Smarcc2/Tpm1/Wnk1/Dnajc6/Fgf13/Ssrp1/Synj1/Ubqln1/Gas2l1/Shroom2/Sgk1/Hdac6/Smarcb1/Camsap3/Sptan1/Tpx2/Cln3",39,"Shared core",0.0222602739726027,0.0128638395290527,1.73045333178547
"GO:0030902","hindbrain development","31/1752","174/18346",0.17816091954023,1.86560515404398,3.7277215111673,0.000491055761035297,0.0123162660748554,0.0104506738886999,"Abl1/Atf2/Atf5/Cntnap2/Comt/Crk/Ctnna2/Ephb1/Foxp2/Hap1/Hspa5/Igf1/Lef1/Mdk/Ogdh/Pax6/Psap/Ptprs/Rbfox2/Rora/Ctnnb1/Gabrb3/Sema4c/Zbtb18/Grin1/Nfix/Sez6/Bcl2/Ezh2/Atg7/Kat2a",31,"Shared core",0.0176940639269406,0.0094843562629456,1.86560515404398
"GO:1902905","positive regulation of supramolecular fiber organization","31/1752","174/18346",0.17816091954023,1.86560515404398,3.7277215111673,0.000491055761035297,0.0123162660748554,0.0104506738886999,"Abi2/Abl1/Actr3/App/Baiap2/Bin1/Cdc42/Clip1/Cttn/Dctn1/Dlg1/Evl/Gsn/Limch1/Mlst8/Mtss1/Nckap1/Nf2/Pde4dip/Psrc1/Tpm1/Fchsd2/Mapt/Vasp/Arhgef10l/Tsc1/Myo1c/Cyfip1/Pxn/Lpar1/Slain2",31,"Shared core",0.0176940639269406,0.0094843562629456,1.86560515404398
"GO:0048488","synaptic vesicle endocytosis","17/1752","74/18346",0.22972972972973,2.40560594841417,3.93674032705448,0.000493352108028969,0.0123212064766894,0.0104548659488692,"Ap2b1/Ap3s1/Bin1/Dnm1/Dnm1l/Pip5k1c/Scamp5/Sh3gl3/Snap91/Bcl2l1/Dnajc6/Synj1/Tbc1d24/Dnm3/Picalm/Syt7/Ppp3cc",17,"Shared core",0.00970319634703196,0.00403357680148261,2.40560594841417
"GO:0007517","muscle organ development","53/1752","350/18346",0.151428571428571,1.58567840834964,3.5946417126914,0.000505233151154295,0.0125387044457107,0.0106394186641062,"Cntnap2/Ephb1/Etv1/Fhl1/Foxp2/Gpcpd1/Hdac7/Hmg20b/Homer1/Igf2/Lef1/Luc7l/Mapk14/Mtss1/Myt1/Pmp22/Ppp3ca/Rcan1/Rps6kb1/Shox2/Skil/Stra6/Tpm1/Usp19/Ctnnb1/Cyp26b1/Lmna/Rbfox1/Zbtb18/Acta1/Angpt1/Cav2/Cflar/Nfix/Nr2f2/Rbpj/Usp2/Ybx3/Ly6e/Sirt2/Bcl2/Dpf3/Hdac6/Cops2/Mbnl1/Tcf7l2/Pitx2/Ddx17/Disp1/Hdac5/Lox/Cryab/Cntfr",53,"Shared core",0.0302511415525114,0.0190777281151205,1.58567840834964
"GO:0016055","Wnt signaling pathway","63/1752","434/18346",0.145161290322581,1.5200508174989,3.56261567135355,0.000506650373782473,0.0125387044457107,0.0106394186641062,"Abl1/Amer2/Ankrd6/App/Celsr2/Daam1/Dab2/Dab2ip/Dvl1/Ednrb/Fbxw11/Folr1/Itga3/Jade1/Lef1/Mapk14/Mdk/Otud5/Porcn/Ppm1b/Ptpru/Rapgef1/Rnf14/Senp2/Siah1b/Spin1/Src/Sulf2/Tle4/Tsc2/Wnk1/Wnt5b/Wnt7b/Zbed3/Axin1/Csnk1d/Ctnnb1/Gprc5b/Lats2/Tmem67/Tnik/Xiap/Lzts2/Rbpj/Tgfb1i1/Wnk2/Mark2/Tmem237/Tle3/Tcf7l2/Fgfr3/Ctnnd1/Pitx2/Nfatc4/Mad2l2/Zeb2/Mdfi/Caprin2/Tpbg/Tsku/Ddit3/Cyld/Pygo2",63,"Shared core",0.035958904109589,0.0236563828627494,1.5200508174989
"GO:0047496","vesicle transport along microtubule","12/1752","43/18346",0.27906976744186,2.92226823829245,4.10050592871331,0.000510566600703118,0.0125387044457107,0.0106394186641062,"Ap3s1/Fbxw11/Hap1/Kif1b/Kif5a/Prkcz/Trim46/Dync1i1/Kif1a/Pafah1b1/Madd/Cln3",12,"Shared core",0.00684931506849315,0.00234383516842909,2.92226823829245
"GO:0016331","morphogenesis of embryonic epithelium","32/1752","182/18346",0.175824175824176,1.84113603291685,3.70549772796919,0.000510606638699072,0.0125387044457107,0.0106394186641062,"Abl1/Brd2/Brpf1/Dvl1/Folr1/Gatad2a/Lmo4/Map3k7/Nckap1/Opa1/Prkacb/Rarg/Sufu/Tsc2/Wnt7b/Ctnnb1/Grsf1/Sema4c/Vasp/Lhx2/Tgfb1i1/Tsc1/Mthfr/Sall4/Phactr4/Tead2/Zeb2/Enah/Tgif1/Glmn/Pcdh8/Kat2a",32,"Shared core",0.0182648401826484,0.00992041861986264,1.84113603291685
"GO:0031669","cellular response to nutrient levels","36/1752","213/18346",0.169014084507042,1.7698244260081,3.67195224042204,0.000515360592078421,0.0126027138121177,0.0106937322856272,"Atf2/Atxn3/Chka/Comt/Ehmt2/Eif4g1/Folr1/Hspa5/Kat5/Lamp2/Mlst8/Mlx/Nprl3/Ogt/Postn/Rps6kb1/Seh1l/Sesn1/Sh3glb1/Suv39h1/Tsc2/Nuak2/Folr2/Gas2l1/Tsc1/Wdr45/Wdr59/Bcl2/Tcf7l2/Trim24/Flcn/Rnase4/Usp33/Cpeb4/Atg7/Cd68",36,"Shared core",0.0205479452054795,0.0116101602529162,1.7698244260081
"GO:0018209","peptidyl-serine modification","47/1752","301/18346",0.156146179401993,1.63507865713982,3.60979624209049,0.000518579597882888,0.0126094519028316,0.0106994497318284,"App/Araf/Arrb1/Arrb2/Camk2d/Cdc7/Cdk2/Clk1/Dclk2/Dmtn/Eif4g1/Hipk2/Mapk14/Mapk7/Mapk9/Mark3/Mast2/Ntrk2/Ogt/Pnck/Poglut1/Prkacb/Prkcz/Rps6kb1/Vrk1/Wnk1/Axin1/Csnk1d/Lats2/Angpt1/Camk2b/Dclk1/Mark2/Sgk1/Bcl2/Hdac6/Tlk2/Ikbkb/Dock7/Dyrk1b/Mad2l2/Prkd2/Galnt1/Brsk1/Brsk2/Map3k12/Vegfa",47,"Shared core",0.0268264840182648,0.0164068461790036,1.63507865713982
"GO:1904375","regulation of protein localization to cell periphery","28/1752","152/18346",0.184210526315789,1.92895337659217,3.73681831211623,0.000519933099418169,0.0126094519028316,0.0106994497318284,"Actr3/Atp2c1/Camk2d/Camk2g/Dab2/Dlg1/Eif4g1/Gpc6/Gripap1/Itga3/Numb/Ogt/Prkcz/Sorbs1/Stx3/Wnk1/Acsl3/Bcl2l1/Grip1/Tnik/Arhgap44/Camk2b/Magi2/Rapgef4/Picalm/Lgals3/Ppfia1/Cln3",28,"Shared core",0.0159817351598174,0.00828518478142374,1.92895337659217
"GO:0043954","cellular component maintenance","18/1752","81/18346",0.222222222222222,2.32699137493658,3.88911815247944,0.000524132819169693,0.0126589938917981,0.0107414874052061,"App/Cadm1/Cntnap2/Cttn/Erc1/Homer1/Itga3/Kifc3/Mtss1/Pard6a/Zmynd8/Rims2/Grin1/Shroom2/Sort1/Camsap3/Mtmr2/Sema3a",18,"Shared core",0.0102739726027397,0.00441513136378502,2.32699137493658
"GO:1903320","regulation of protein modification by small protein conjugation or removal","38/1752","229/18346",0.165938864628821,1.73762238041116,3.64971582290776,0.000529404422194159,0.0127260331511279,0.010798371970117,"Abl1/Aimp2/Arnt/Arrb1/Arrb2/Arrdc4/Dcun1d2/Dnaja1/Dnajb2/Fbxw7/Gnl3/Hmg20b/Hspa5/Ivns1abp/Mapk9/Ndfip2/Ogt/Phf23/Pias3/Psmd10/Rassf1/Senp2/Spopl/Ube3a/Wbp1l/Wnk1/Axin1/Ctnnb1/Ubqln1/Xiap/Angpt1/Itch/Nmi/Fgfr3/Mad2l2/Tnip1/Atg7/Sphk1",38,"Shared core",0.021689497716895,0.0124822849667502,1.73762238041116
"GO:0000375","RNA splicing, via transesterification reactions","43/1752","269/18346",0.159851301115242,1.67387669535401,3.61779341985723,0.000535581902935523,0.0127260331511279,0.010798371970117,"Acin1/Celf1/Celf2/Celf3/Celf4/Gemin5/Hnrnpa3/Hnrnpul1/Luc7l/Luc7l2/Prpf19/Psip1/Ptbp1/Puf60/Rbfox2/Rbm4/Rbm7/Rbmx/Rnps1/Scnm1/Sfpq/Son/Srsf1/Srsf5/Srsf7/Srsf9/Zrsr2/Htatsf1/Rbfox1/Tssc4/Aqr/Mbnl2/Rbm6/Sf1/Rnpc3/Slu7/U2af1/Mbnl1/Ddx17/Hnrnpm/Snrpa/Rbm41/Cwc22",43,"Shared core",0.0245433789954338,0.0146625967513354,1.67387669535401
"GO:0000377","RNA splicing, via transesterification reactions with bulged adenosine as nucleophile","43/1752","269/18346",0.159851301115242,1.67387669535401,3.61779341985723,0.000535581902935523,0.0127260331511279,0.010798371970117,"Acin1/Celf1/Celf2/Celf3/Celf4/Gemin5/Hnrnpa3/Hnrnpul1/Luc7l/Luc7l2/Prpf19/Psip1/Ptbp1/Puf60/Rbfox2/Rbm4/Rbm7/Rbmx/Rnps1/Scnm1/Sfpq/Son/Srsf1/Srsf5/Srsf7/Srsf9/Zrsr2/Htatsf1/Rbfox1/Tssc4/Aqr/Mbnl2/Rbm6/Sf1/Rnpc3/Slu7/U2af1/Mbnl1/Ddx17/Hnrnpm/Snrpa/Rbm41/Cwc22",43,"Shared core",0.0245433789954338,0.0146625967513354,1.67387669535401
"GO:0000398","mRNA splicing, via spliceosome","43/1752","269/18346",0.159851301115242,1.67387669535401,3.61779341985723,0.000535581902935523,0.0127260331511279,0.010798371970117,"Acin1/Celf1/Celf2/Celf3/Celf4/Gemin5/Hnrnpa3/Hnrnpul1/Luc7l/Luc7l2/Prpf19/Psip1/Ptbp1/Puf60/Rbfox2/Rbm4/Rbm7/Rbmx/Rnps1/Scnm1/Sfpq/Son/Srsf1/Srsf5/Srsf7/Srsf9/Zrsr2/Htatsf1/Rbfox1/Tssc4/Aqr/Mbnl2/Rbm6/Sf1/Rnpc3/Slu7/U2af1/Mbnl1/Ddx17/Hnrnpm/Snrpa/Rbm41/Cwc22",43,"Shared core",0.0245433789954338,0.0146625967513354,1.67387669535401
"GO:0050905","neuromuscular process","34/1752","198/18346",0.171717171717172,1.79812969881463,3.66895214634111,0.000542035412362598,0.0128274428836939,0.010884420780507,"Abl1/Ap1s2/Aplp2/App/Camta1/Cntnap2/Comt/Ctnna2/Dctn1/Dvl1/Fgf14/Hipk2/Homer1/Kcnab2/Pex5/Pmp22/Psap/Rbfox2/Rcsd1/Stra6/Vti1a/Pafah1b1/Rbfox1/Tnnt3/Abr/Camk2b/Fgf12/Grin1/Nkx6-2/Kcnma1/Tnnt1/Bace1/Icmt/Cln3",34,"Shared core",0.0194063926940639,0.0107925433336967,1.79812969881463
"GO:0016482","cytosolic transport","23/1752","116/18346",0.198275862068966,2.07623799401669,3.77828179823292,0.000551025543483821,0.0129672698182831,0.0110030675915914,"Atp9a/Dctn1/Eps15/Erc1/Kif1b/Kif5a/Prepl/Rab6a/Rcsd1/Snx12/Snx5/Spag9/Trim46/Vti1a/Kif1a/Ap1g1/Sort1/Stx16/Syt7/Tbc1d5/Arfrp1/Stx5a/Cln3",23,"Shared core",0.0131278538812785,0.00632290417529707,2.07623799401669
"GO:0016050","vesicle organization","52/1752","343/18346",0.151603498542274,1.58751015083137,3.56894914808905,0.000552362830903183,0.0129672698182831,0.0110030675915914,"Ankrd27/Ap1b1/Ap1s2/Ap3s1/Atp13a2/Atp6v0a1/C2cd5/Dnm1/Erc1/Fnbp1l/Hps3/Myo18a/Ptbp1/Rab34/Sec24c/Slc9a8/Snap25/Snap91/Snx11/Stx3/Trappc13/Trappc9/Trim9/Vps8/Vti1a/Cadps/Pafah1b1/Rims2/Synj1/Wasl/Ap1g1/Cav2/Cd34/Rab13/Shroom2/Sort1/Tmem175/Vamp1/Stx16/Bcl2/Dnm3/Picalm/Als2/Syt7/Zeb2/Sec23b/Rfx2/Sec24a/Stx5a/Cln3/Sphk1/Trappc8",52,"Shared core",0.0296803652968037,0.0186961735528181,1.58751015083137
"GO:0051654","establishment of mitochondrion localization","10/1752","32/18346",0.3125,3.27233162100457,4.18028086663312,0.000554803326630198,0.012972672207142,0.0110076516598342,"Dnm1l/Hap1/Kif1b/Map6/Rhot1/Tspan4/Mapt/Hdac6/Spast/Agbl4",10,"Shared core",0.00570776255707763,0.00174424942766816,3.27233162100457
"GO:0198738","cell-cell signaling by wnt","63/1752","436/18346",0.144495412844037,1.51307810732688,3.52313513752797,0.000572368986888791,0.0133302920001997,0.0113111014075642,"Abl1/Amer2/Ankrd6/App/Celsr2/Daam1/Dab2/Dab2ip/Dvl1/Ednrb/Fbxw11/Folr1/Itga3/Jade1/Lef1/Mapk14/Mdk/Otud5/Porcn/Ppm1b/Ptpru/Rapgef1/Rnf14/Senp2/Siah1b/Spin1/Src/Sulf2/Tle4/Tsc2/Wnk1/Wnt5b/Wnt7b/Zbed3/Axin1/Csnk1d/Ctnnb1/Gprc5b/Lats2/Tmem67/Tnik/Xiap/Lzts2/Rbpj/Tgfb1i1/Wnk2/Mark2/Tmem237/Tle3/Tcf7l2/Fgfr3/Ctnnd1/Pitx2/Nfatc4/Mad2l2/Zeb2/Mdfi/Caprin2/Tpbg/Tsku/Ddit3/Cyld/Pygo2",63,"Shared core",0.035958904109589,0.0237653984519786,1.51307810732688
"GO:1903311","regulation of mRNA metabolic process","44/1752","278/18346",0.158273381294964,1.65735356919943,3.58853138130229,0.000575830226147026,0.0133578956413316,0.0113345238190205,"Acin1/Angel2/Caprin1/Celf1/Celf2/Celf3/Celf4/Cnot6/Eif4enif1/Elavl4/Fip1l1/Hdac7/Hnrnpab/Mov10/Pabpc4/Paip1/Prpf19/Ptbp1/Puf60/Pum1/Pum2/Rbfox2/Rbm4/Rbm7/Rbmx/Rnps1/Son/Srsf1/Srsf7/Srsf9/Ythdf3/Zc3h14/Rbfox1/Mbnl2/Cnot7/Sf1/Csde1/Tbrg4/Pan2/Ddx17/Dhx34/Fastkd5/Vegfa/Rc3h2",44,"Shared core",0.0251141552511416,0.0151531669028671,1.65735356919943
"GO:1902850","microtubule cytoskeleton organization involved in mitosis","28/1752","153/18346",0.183006535947712,1.91634583818307,3.69831018443038,0.000579562050854091,0.013378232817274,0.0113517804447137,"Arhgef2/Cenpa/Clasp1/Clasp2/Dctn1/Dctn2/Eml1/Fbxw11/Golga2/Gpsm1/Kat5/Kif2a/Map4/Nusap1/Pax6/Psrc1/Spc25/Stag2/Tacc2/Zfp207/Fam110a/Pafah1b1/Tacc1/Tbce/Spast/Dctn6/Uhrf1/Tpx2",28,"Shared core",0.0159817351598174,0.00833969257603837,1.91634583818307
"GO:0010171","body morphogenesis","15/1752","62/18346",0.241935483870968,2.53341802916483,3.92980652755971,0.000581265866144976,0.013378232817274,0.0113517804447137,"Ankrd11/Asph/Clasp1/Clasp2/Gatad2a/Lef1/Nckap1/Ssbp3/Stra6/Zfp950/Pdgfra/Tcf7l2/Nipbl/Phldb2/Gnas",15,"Shared core",0.00856164383561644,0.00337948326610705,2.53341802916483
"GO:0001967","suckling behavior","7/1752","17/18346",0.411764705882353,4.3117781359119,4.43881122688714,0.000587706697426201,0.013473635184353,0.0114327318483691,"Aplp2/App/Gls/Grin1/Phf21a/Ubr3/Cntfr",7,"Shared core",0.00399543378995434,0.000926632508448708,4.3117781359119
"GO:0043484","regulation of RNA splicing","31/1752","176/18346",0.176136363636364,1.8444050954753,3.65746418172736,0.000600389777211706,0.0135578043852248,0.0115041516167013,"Acin1/Celf1/Celf2/Celf3/Celf4/Clk1/Clk4/Hnrnpf/Prpf19/Ptbp1/Puf60/Rbfox2/Rbm4/Rbm7/Rbmx/Rnps1/Son/Srsf1/Srsf5/Srsf7/Srsf9/Ahnak/Grsf1/Rbfox1/Clk2/Mbnl2/Zfp638/Sf1/Mbnl1/Ddx17/Kat2a",31,"Shared core",0.0176940639269406,0.00959337185217486,1.8444050954753
"GO:0006914","autophagy","67/1752","471/18346",0.142250530785563,1.4895709119817,3.49746518902862,0.00060061835749846,0.0135578043852248,0.0115041516167013,"Abl1/Acbd5/Atg16l1/Atp13a2/Atp2a2/Atp6v0a1/Bcas3/Cttn/Dapk1/Dnm1l/Ehmt2/Eif4g1/Fbxw7/Fez2/Fnbp1l/Golga2/Gopc/Gpsm1/Hap1/Hdac10/Kat5/Lamp2/Map3k7/Mfn2/Mlst8/Nbr1/Nprl3/Ogt/Pex2/Pex5/Phf23/Pmp22/Qsox1/Sesn1/Sh3glb1/Tex264/Tsc2/Vti1a/Wac/Wnk1/Atg4c/Keap1/Mapt/Scoc/Ubqln1/Ager/Stat3/Tsc1/Wdr45/Atg9a/Sirt2/Bcl2/Bcl2l11/Hdac6/Kdm4a/Flcn/Mtcl1/Tcirg1/Fbxl4/Trp53inp1/Tbc1d5/Usp33/Lgals8/S100a9/Ddit3/Cln3/Atg7",67,"Shared core",0.0382420091324201,0.0256731712634907,1.4895709119817
"GO:0034655","nucleobase-containing compound catabolic process","67/1752","471/18346",0.142250530785563,1.4895709119817,3.49746518902862,0.00060061835749846,0.0135578043852248,0.0115041516167013,"Aifm1/Angel2/App/Caprin1/Celf1/Cnot6/Dffa/Dis3l2/Eif4enif1/Elavl4/Eno2/Eno3/Entpd5/Exog/Fen1/Fhit/Galt/Hnrnpab/Igf1/Mgat1/Mlst8/Mlx/Mov10/Nt5c2/Nt5c3/Nudt7/Ogdh/Ogt/Pabpc4/Paip1/Pde2a/Pkm/Ptbp1/Pum1/Pum2/Rbm7/Rnps1/Smg7/Srsf1/Trex1/Ythdf3/Zc3h14/Cant1/Dxo/Enpp5/Grsf1/Upp1/Zbtb20/Nudt17/Pank4/Pde4a/Stat3/Cnot7/Ada/Csde1/Pfkp/Tbrg4/Pan2/Flcn/Nudt3/Ang/Dhx34/Fastkd5/Zc3h18/Samhd1/Vegfa/Rc3h2",67,"Shared core",0.0382420091324201,0.0256731712634907,1.4895709119817
"GO:0061919","process utilizing autophagic mechanism","67/1752","471/18346",0.142250530785563,1.4895709119817,3.49746518902862,0.00060061835749846,0.0135578043852248,0.0115041516167013,"Abl1/Acbd5/Atg16l1/Atp13a2/Atp2a2/Atp6v0a1/Bcas3/Cttn/Dapk1/Dnm1l/Ehmt2/Eif4g1/Fbxw7/Fez2/Fnbp1l/Golga2/Gopc/Gpsm1/Hap1/Hdac10/Kat5/Lamp2/Map3k7/Mfn2/Mlst8/Nbr1/Nprl3/Ogt/Pex2/Pex5/Phf23/Pmp22/Qsox1/Sesn1/Sh3glb1/Tex264/Tsc2/Vti1a/Wac/Wnk1/Atg4c/Keap1/Mapt/Scoc/Ubqln1/Ager/Stat3/Tsc1/Wdr45/Atg9a/Sirt2/Bcl2/Bcl2l11/Hdac6/Kdm4a/Flcn/Mtcl1/Tcirg1/Fbxl4/Trp53inp1/Tbc1d5/Usp33/Lgals8/S100a9/Ddit3/Cln3/Atg7",67,"Shared core",0.0382420091324201,0.0256731712634907,1.4895709119817
"GO:0141091","transforming growth factor beta receptor superfamily signaling pathway","51/1752","336/18346",0.151785714285714,1.5894182159165,3.54312685673702,0.000603852488611987,0.0135785833550335,0.0115217831160448,"Abl1/Acvrl1/Arrb2/Atf2/Dab2/Fam89b/Folr1/Fut8/Hipk2/Hspa5/Htra3/Igsf1/Ing1/Itga3/Lef1/Map3k7/Neo1/Nrep/Ogt/Sin3a/Skil/Smad5/Src/Tfap2b/Tgfbr2/Tmem53/Zyx/Acvr1/Arid4b/Axin1/Cited1/Dusp22/Lats2/Nfia/Npnt/Cav2/Ltbp4/Magi2/Rbpj/Stat3/Tgfb1i1/Usp15/Tcf7l2/Flcn/Zeb2/Zfp451/Pxn/Tgif1/Spred1/Lox/Suds3",51,"Shared core",0.0291095890410959,0.0183146189905156,1.5894182159165
"GO:0060078","regulation of postsynaptic membrane potential","24/1752","124/18346",0.193548387096774,2.02673442333186,3.72753139847167,0.000609194921148551,0.0136464312680185,0.011579353844732,"Abat/App/Baiap2/Celf4/Cntnap2/Dvl1/Fgf14/Gabrg2/Ppp3ca/Prkcz/Zmynd8/Gabrb3/Rgs7/Rims2/Gria1/Grin1/Igsf9b/Npff/Sez6/Tbc1d24/Grik1/Adora1/Mtmr2/Gria3",24,"Shared core",0.0136986301369863,0.00675896653221411,2.02673442333186
"GO:0051965","positive regulation of synapse assembly","18/1752","82/18346",0.219512195121951,2.29861343133979,3.82947495387934,0.00061257644102821,0.0136700043056828,0.0115993561837281,"Actr3/Adgre5/Amigo2/Ephb1/Flrt3/Ntrk2/Sema4a/Stau2/Lrrtm4/Asic2/Il1rap/Amigo1/Clstn1/Efna5/Slit2/Sema4d/Tpbg/Dlg5",18,"Shared core",0.0102739726027397,0.00446963915839965,2.29861343133979
"GO:1900242","regulation of synaptic vesicle endocytosis","9/1752","27/18346",0.333333333333333,3.49048706240487,4.20790238834244,0.000616099651052203,0.0136965486819143,0.011621879781212,"Dnm1/Dnm1l/Pip5k1c/Scamp5/Snap91/Bcl2l1/Picalm/Syt7/Ppp3cc",9,"Shared core",0.00513698630136986,0.00147171045459501,3.49048706240487
"GO:0048863","stem cell differentiation","42/1752","263/18346",0.159695817490494,1.67224855461222,3.56798382022389,0.000630087324316551,0.0139397010842161,0.0118282009540631,"Cdc42/Ednrb/Fn1/Folr1/Gatad2a/Gpm6a/Kat5/Mapk14/Mta3/Mtf2/Ociad1/Otud5/Pax6/Pum1/Pus7/Sema4a/Sema6d/Tcof1/Tgfbr2/Wnt7b/Acvr1/Ctnnb1/Pdgfra/Sema4c/Sh2b3/Fgfr1/Msi2/Nrp2/Rbpj/Sema6c/Stat3/Bcl2/Sema4f/Ezh2/Pitx2/Jarid2/Phactr4/Tead2/Zeb2/Radil/Sema4d/Sema3a",42,"Shared core",0.023972602739726,0.0143355499836477,1.67224855461222
"GO:0051057","positive regulation of small GTPase mediated signal transduction","19/1752","89/18346",0.213483146067416,2.23548047816941,3.79635265969719,0.000631787440518228,0.0139397010842161,0.0118282009540631,"Adcyap1r1/Arrb1/Bnip2/Camk2d/Crk/Dynlt1f/Igf1/Map4k4/Mapre2/Mcf2l/Net1/Rtn4/Src/Csf1/Arhgef3/Rasgrf1/Dynlt1c/Lpar1/Sema4d",19,"Shared core",0.0108447488584475,0.00485119372070206,2.23548047816941
"GO:0010821","regulation of mitochondrion organization","26/1752","139/18346",0.18705035971223,1.95869058178115,3.6865237061189,0.000636694118185979,0.0139537259557991,0.0118401014244129,"Adck1/Arrb2/Atp13a2/Cttn/Dnm1l/Fbxw7/Ghitm/Igf1/Mfn2/Opa1/Pde2a/Pla2g6/Plscr3/Prmt6/Psmd10/Rap1gds1/Rhot1/Spire1/Wdr35/Bcl2l1/Lmna/Mapt/Mpv17l/Ddhd1/Bcl2l11/Flcn",26,"Shared core",0.0148401826484018,0.00757658345143356,1.95869058178115
"GO:0030111","regulation of Wnt signaling pathway","48/1752","312/18346",0.153846153846154,1.61099402880225,3.53686592016337,0.000637178148944311,0.0139537259557991,0.0118401014244129,"Abl1/Amer2/Ankrd6/App/Dab2/Dab2ip/Folr1/Itga3/Jade1/Lef1/Mapk14/Mdk/Otud5/Ppm1b/Ptpru/Rapgef1/Rnf14/Spin1/Src/Sulf2/Tle4/Tsc2/Wnk1/Wnt5b/Zbed3/Axin1/Csnk1d/Ctnnb1/Gprc5b/Lats2/Xiap/Lzts2/Rbpj/Wnk2/Tmem237/Tle3/Tcf7l2/Fgfr3/Ctnnd1/Nfatc4/Mad2l2/Zeb2/Mdfi/Caprin2/Tpbg/Tsku/Ddit3/Cyld",48,"Shared core",0.0273972602739726,0.0170064319197645,1.61099402880225
"GO:0001838","embryonic epithelial tube formation","28/1752","154/18346",0.181818181818182,1.90390203403902,3.66009085858149,0.000645107262200566,0.0139709760954063,0.0118547386190362,"Abl1/Brd2/Brpf1/Dvl1/Folr1/Gatad2a/Lmo4/Map3k7/Nckap1/Opa1/Prkacb/Rarg/Sufu/Tsc2/Ctnnb1/Sema4c/Vasp/Lhx2/Tsc1/Mthfr/Sall4/Phactr4/Tead2/Zeb2/Enah/Tgif1/Glmn/Kat2a",28,"Shared core",0.0159817351598174,0.008394200370653,1.90390203403902
"GO:0008064","regulation of actin polymerization or depolymerization","28/1752","154/18346",0.181818181818182,1.90390203403902,3.66009085858149,0.000645107262200566,0.0139709760954063,0.0118547386190362,"Actr3/Add1/Add3/Baiap2/Bin1/Capzb/Cttn/Dlg1/Dmtn/Evl/Gsn/Lima1/Mkks/Mlst8/Myadm/Nckap1/Rdx/Tpm1/Fchsd2/Pak3/Vasp/Shroom2/Pecam1/Myo1c/Cyfip1/Slit2/Sptan1/Ssh2",28,"Shared core",0.0159817351598174,0.008394200370653,1.90390203403902
"GO:2000058","regulation of ubiquitin-dependent protein catabolic process","28/1752","154/18346",0.181818181818182,1.90390203403902,3.66009085858149,0.000645107262200566,0.0139709760954063,0.0118547386190362,"Araf/Atxn3/Bag6/Dab2/Dnajb2/Fbxw7/Fhit/Hipk2/Mapk9/Ogt/Prmt6/Psmd10/Sufu/Ube3a/Usp14/Wac/Axin1/Csnk1d/Tgfb1i1/Rad23a/Sirt2/Anks1/Tlk2/Xpo1/Glmn/Zfand2a/Atg7/Agbl4",28,"Shared core",0.0159817351598174,0.008394200370653,1.90390203403902
"GO:0010721","negative regulation of cell development","48/1752","313/18346",0.153354632587859,1.60584708302333,3.51278496061483,0.000684509737404298,0.0147503921788507,0.0125160935509758,"Actr3/Arhgef2/Atf5/Cdkl3/Ednrb/Epha7/Fbxw7/Hmgb3/Igf1/Irf1/Kifap3/Mbp/Mdk/Mfn2/Nf2/Pax6/Pias3/Ppp3ca/Ptprs/Rnf6/Rtn4/Rufy3/Sema4a/Sema6d/Trim46/Tsc2/Wnt7b/Zbtb46/Bcl11a/Ctnnb1/Fgf13/Sema4c/Socs1/Tmem176b/Lhx2/Nkx6-2/Sema6c/Sirt2/Kdm4a/Sema4f/Fgfr3/Lyn/Nfatc4/Slit2/Sema4d/Sema3a/Vegfa/Rc3h2",48,"Shared core",0.0273972602739726,0.0170609397143792,1.60584708302333
"GO:0044843","cell cycle G1/S phase transition","39/1752","240/18346",0.1625,1.70161244292237,3.55501969800211,0.00068612320068602,0.0147503921788507,0.0125160935509758,"Apbb1/Cables1/Camk2d/Camk2g/Cdk2/Crlf3/Dlg1/Dpf2/Eif4g1/Fhl1/Jade1/Nasp/Ppp2r3d/Ppp3ca/Rassf1/Rbl1/Rdx/Rps6kb1/Senp2/Smarcc2/Tcf19/Tcf3/Trex1/Wac/Zfp655/Acvr1/Lats2/Camk2b/Ctdsp2/Cacul1/Bcl2/Dpf3/Smarca2/Smarcb1/Ezh2/E2f3/Ppp2r5c/Tjp3/Ccne2",39,"Shared core",0.0222602739726027,0.0130818707075112,1.70161244292237
"GO:0001836","release of cytochrome c from mitochondria","15/1752","63/18346",0.238095238095238,2.49320504457491,3.85759259740875,0.000696550178702913,0.0149199014555015,0.0126599266056223,"Arrb2/Dnm1l/Ghitm/Igf1/Mapk9/Mfn2/Opa1/Pla2g6/Plscr3/Psmd10/Wdr35/Bcl2l1/Lmna/Bcl2/Bcl2l11",15,"Shared core",0.00856164383561644,0.00343399106072168,2.49320504457491
"GO:0070142","synaptic vesicle budding","6/1752","13/18346",0.461538461538462,4.83298208640674,4.49202394455133,0.000714212857201674,0.0151873741265095,0.0128868841625519,"Ap1s2/Ap3s1/Dnm1/Snap91/Dnm3/Picalm",6,"Shared core",0.00342465753424658,0.000708601329990189,4.83298208640674
"GO:1900244","positive regulation of synaptic vesicle endocytosis","6/1752","13/18346",0.461538461538462,4.83298208640674,4.49202394455133,0.000714212857201674,0.0151873741265095,0.0128868841625519,"Dnm1/Dnm1l/Snap91/Bcl2l1/Picalm/Ppp3cc",6,"Shared core",0.00342465753424658,0.000708601329990189,4.83298208640674
"GO:1901652","response to peptide","63/1752","440/18346",0.143181818181818,1.49932285180573,3.44475910331957,0.000727176478988819,0.0153686597332888,0.0130407097413151,"App/Arhgef2/Atp2a2/C2cd5/Cdk2/Comt/Crk/Ednrb/Eif2b4/Ghr/Igf1/Igf2/Irf1/Kat7/Lpin1/Map3k7/Mapk14/Mfn2/Nagk/Nr4a2/Ogt/Opa1/Pkm/Ppp3ca/Prkcz/Rap1gds1/Rbm4/Rps6kb1/Scap/Snx5/Sorbs1/Src/Srsf5/Tcf12/Tsc2/Zbed3/Bcar1/Cacnb1/Cited1/Ctnnb1/Sh2b2/Socs1/Ache/Ager/Cacna2d1/Cav2/Insig2/Rab13/Sort1/Stat3/Tsc1/Sgk1/Timeless/Plcd1/Ikbkb/Cd36/Inppl1/Myo1c/Cyfip1/Pomc/Pxn/Tyk2/Gnas",63,"Shared core",0.035958904109589,0.0239834296304372,1.49932285180573
"GO:1902882","regulation of response to oxidative stress","10/1752","33/18346",0.303030303030303,3.1731700567317,4.05995575540627,0.000728571954287747,0.0153686597332888,0.0130407097413151,"Adcyap1r1/Aifm2/Fut8/Ncoa7/Oxr1/Sesn1/Slc25a14/Tbc1d24/Tsc1/Cd36",10,"Shared core",0.00570776255707763,0.00179875722228279,3.1731700567317
"GO:0035148","tube formation","31/1752","178/18346",0.174157303370787,1.82368144271715,3.58811280534341,0.000730593979483314,0.0153686597332888,0.0130407097413151,"Abl1/Brd2/Brpf1/Dab2ip/Dvl1/Folr1/Gatad2a/Lmo4/Map3k7/Nckap1/Opa1/Prkacb/Rarg/Sufu/Tsc2/Ctnnb1/Sema4c/Vasp/Lhx2/Tsc1/Bcl2l11/Mthfr/Sall4/Phactr4/Tead2/Zeb2/Enah/Tgif1/Glmn/Vegfa/Kat2a",31,"Shared core",0.0176940639269406,0.00970238744140412,1.82368144271715
"GO:0001570","vasculogenesis","20/1752","97/18346",0.206185567010309,2.15906416231229,3.71898284887723,0.000736501904240888,0.0153826678860846,0.0130525960253367,"Brpf1/Ccm2/Fbxw7/Gjc1/Hdac7/Ntrk2/Rtn4/Tgfbr2/Wnt7b/Zfp950/Amot/Cited1/Ctnnb1/Angpt1/Cd34/Fgfr1/Pitx2/Tead2/Glmn/Spred1",20,"Shared core",0.0114155251141553,0.0052872560776191,2.15906416231229
"GO:0014033","neural crest cell differentiation","20/1752","97/18346",0.206185567010309,2.15906416231229,3.71898284887723,0.000736501904240888,0.0153826678860846,0.0130525960253367,"Cdc42/Ednrb/Fn1/Folr1/Otud5/Pax6/Sema4a/Sema6d/Tcof1/Acvr1/Sema4c/Nrp2/Sema6c/Sema4f/Pitx2/Phactr4/Zeb2/Radil/Sema4d/Sema3a",20,"Shared core",0.0114155251141553,0.0052872560776191,2.15906416231229
"GO:0051293","establishment of spindle localization","14/1752","57/18346",0.245614035087719,2.57193783545622,3.8621414992793,0.000746116057360911,0.0155282097186212,0.0131760920767991,"Arhgef2/Cenpa/Clasp1/Clasp2/Dctn1/Fbxw11/Gpsm1/Kat5/Map4/Nusap1/Pax6/Spire1/Zbed3/Pafah1b1",14,"Shared core",0.00799086757990868,0.0031069442930339,2.57193783545622
"GO:0007269","neurotransmitter secretion","30/1752","171/18346",0.175438596491228,1.8370984538973,3.57345034159742,0.000779669846365296,0.0161122617194293,0.0136716754749971,"Atp2a2/Cask/Dnm1l/Dvl1/Erc1/Git2/Ica1/Ntrk2/Prepl/Rhot1/Snap25/Snap91/Stx3/Syn2/Trim9/Bcl2l1/Cadps/Nrxn3/Rims2/Syn1/Synj1/Nrxn2/Rph3a/Sncaip/Vamp1/Syn3/Syt7/Brsk1/Cspg5/Sphk1",30,"Shared core",0.0171232876712329,0.00932083287910171,1.8370984538973
"GO:0099643","signal release from synapse","30/1752","171/18346",0.175438596491228,1.8370984538973,3.57345034159742,0.000779669846365296,0.0161122617194293,0.0136716754749971,"Atp2a2/Cask/Dnm1l/Dvl1/Erc1/Git2/Ica1/Ntrk2/Prepl/Rhot1/Snap25/Snap91/Stx3/Syn2/Trim9/Bcl2l1/Cadps/Nrxn3/Rims2/Syn1/Synj1/Nrxn2/Rph3a/Sncaip/Vamp1/Syn3/Syt7/Brsk1/Cspg5/Sphk1",30,"Shared core",0.0171232876712329,0.00932083287910171,1.8370984538973
"GO:0098727","maintenance of cell number","35/1752","210/18346",0.166666666666667,1.74524353120244,3.52929105076309,0.000793046797404837,0.0163311987858561,0.0138574493020214,"Dis3l2/Dpf2/Eif4enif1/Fancc/Gnl3/Igf1/Ing1/Ldb2/Med14/Med7/Miat/Mtf2/Ogt/Sin3a/Smc5/Srrt/Ss18/Stag2/Zfp322a/Arid4b/Med15/Fgfr1/Nfix/Rbpj/Sct/Stat3/Smarca2/Smarcb1/Ezh2/Tcf7l2/Fgfr3/Sall4/Nipbl/Suds3/Kat2a",35,"Shared core",0.0199771689497717,0.0114466368690723,1.74524353120244
"GO:0140238","presynaptic endocytosis","17/1752","77/18346",0.220779220779221,2.3118810413331,3.74828665466062,0.000801171560501864,0.0164408247852638,0.0139504698297178,"Ap2b1/Ap3s1/Bin1/Dnm1/Dnm1l/Pip5k1c/Scamp5/Sh3gl3/Snap91/Bcl2l1/Dnajc6/Synj1/Tbc1d24/Dnm3/Picalm/Syt7/Ppp3cc",17,"Shared core",0.00970319634703196,0.0041971001853265,2.3118810413331
"GO:0032886","regulation of microtubule-based process","40/1752","250/18346",0.16,1.67543378995434,3.49391117608252,0.00080594666523456,0.0164661122981366,0.0139719269457693,"Abl1/Arhgef2/Arhgef7/Atf5/Bicd2/Camsap1/Clasp1/Clasp2/Clip1/Dctn1/Eml4/Hap1/Map6/Mapre2/Mdm1/Mkks/Pde4dip/Psrc1/Rhot1/Tacc2/Trim46/Fgf13/Mapt/Pafah1b1/Tmem67/Trim36/Gas2l1/Efna5/Mark2/Sgk1/Hdac6/Tacc1/Camsap3/Rnf4/Xpo1/Phldb2/Tpx2/Kat2a/Slain2/Cyld",40,"Shared core",0.0228310502283105,0.0136269486536575,1.67543378995434
"GO:0007411","axon guidance","39/1752","242/18346",0.161157024793388,1.68754953017095,3.49844272511599,0.000808015052285455,0.0164661122981366,0.0139719269457693,"Ablim1/Ank3/Apbb1/Apbb2/App/Chn1/Cxcl12/Dvl1/Epha7/Ephb1/Etv1/Evl/Flrt3/Kif5a/Lmo4/Mapk8ip3/Neo1/Nptn/Nrcam/Pax6/Sema4a/Sema6d/Wnt7b/Sema4c/Vasp/Lhx2/Nrp2/Sema6c/Efna5/Tenm2/Ncam1/Sema4f/Cyfip1/Slit2/Enah/Usp33/Sema4d/Sema3a/Vegfa",39,"Shared core",0.0222602739726027,0.0131908862967404,1.68754953017095
"GO:0031398","positive regulation of protein ubiquitination","21/1752","105/18346",0.2,2.09429223744292,3.65387774687629,0.000836068467537199,0.0169788437230997,0.0144069929700182,"Aimp2/Arrb1/Arrdc4/Dnajb2/Fbxw7/Hspa5/Mapk9/Ndfip2/Phf23/Psmd10/Rassf1/Senp2/Ube3a/Wbp1l/Axin1/Ubqln1/Xiap/Angpt1/Nmi/Fgfr3/Sphk1",21,"Shared core",0.011986301369863,0.00572331843453614,2.09429223744292
"GO:0007005","mitochondrion organization","68/1752","486/18346",0.139917695473251,1.46514271755266,3.37686733663905,0.000861622539264228,0.0174374575273854,0.0147961387777099,"Adck1/Aifm1/Aifm2/Arrb2/Atf2/Atp13a2/Bcs1l/Chchd6/Chchd7/Cntnap2/Cttn/Dnm1l/Dynlt1f/Fbxw7/Gabpb1/Ghitm/Hap1/Igf1/Immt/Lpin1/Mapk9/Mef2a/Mfn2/Mrpl15/Mtfr1/Ndufs1/Ogt/Opa1/Pde2a/Pex5/Pla2g6/Plscr3/Prmt6/Psmd10/Pum2/Rap1gds1/Rhot1/Sh3glb1/Spire1/Surf1/Timm9/Tk2/Tspan4/Wdr35/Atg4c/Bcl2l1/Lmna/Mapt/Mpv17l/Cav2/Cxadr/Ddhd1/Mpv17/Stat3/Ttc19/Wdr45/Atg9a/Mtfr1l/Bcl2/Bcl2l11/Hdac6/Flcn/Dynlt1c/Fbxl4/Dctn6/Atg7/Kat2a/Lig3",68,"Shared core",0.0388127853881279,0.0264907881827101,1.46514271755266
"GO:0097485","neuron projection guidance","39/1752","243/18346",0.160493827160494,1.68060488189864,3.47035007662548,0.000875834632850409,0.0176641699663198,0.0149885102116668,"Ablim1/Ank3/Apbb1/Apbb2/App/Chn1/Cxcl12/Dvl1/Epha7/Ephb1/Etv1/Evl/Flrt3/Kif5a/Lmo4/Mapk8ip3/Neo1/Nptn/Nrcam/Pax6/Sema4a/Sema6d/Wnt7b/Sema4c/Vasp/Lhx2/Nrp2/Sema6c/Efna5/Tenm2/Ncam1/Sema4f/Cyfip1/Slit2/Enah/Usp33/Sema4d/Sema3a/Vegfa",39,"Shared core",0.0222602739726027,0.0132453940913551,1.68060488189864
"GO:0030832","regulation of actin filament length","28/1752","157/18346",0.178343949044586,1.86752174039496,3.54712218044306,0.000882257978144033,0.0176837679896172,0.0150051396470087,"Actr3/Add1/Add3/Baiap2/Bin1/Capzb/Cttn/Dlg1/Dmtn/Evl/Gsn/Lima1/Mkks/Mlst8/Myadm/Nckap1/Rdx/Tpm1/Fchsd2/Pak3/Vasp/Shroom2/Pecam1/Myo1c/Cyfip1/Slit2/Sptan1/Ssh2",28,"Shared core",0.0159817351598174,0.00855772375449689,1.86752174039496
"GO:2000641","regulation of early endosome to late endosome transport","7/1752","18/18346",0.388888888888889,4.07223490613902,4.23724425726002,0.000882832513368181,0.0176837679896172,0.0150051396470087,"Dab2/Nf2/Rdx/Sh3glb1/Snx12/Src/Mtmr2",7,"Shared core",0.00399543378995434,0.000981140303063338,4.07223490613902
"GO:0071333","cellular response to glucose stimulus","26/1752","142/18346",0.183098591549296,1.91730979484211,3.56555512896848,0.000887205243822391,0.0177109101224273,0.0150281704565834,"Arrb1/Igf1/Kat5/Map4k4/Myt1/Ncoa6/Ogt/Pih1d1/Pla2g6/Ppp3ca/Rab34/Rbm4/Sin3a/Tbc1d1/Zbtb20/Ager/Pde1c/Efna5/Aqp4/Rab11fip5/Smarcb1/Tunar/Tcf7l2/Hmgn3/Brsk2/Atg7",26,"Shared core",0.0148401826484018,0.00774010683527744,1.91730979484211
"GO:0018105","peptidyl-serine phosphorylation","45/1752","292/18346",0.154109589041096,1.61375258022143,3.43517133934588,0.000891629970268181,0.0177389026966236,0.0150519228879171,"App/Araf/Arrb1/Arrb2/Camk2d/Cdc7/Cdk2/Clk1/Dclk2/Dmtn/Eif4g1/Hipk2/Mapk14/Mapk7/Mapk9/Mark3/Mast2/Ntrk2/Ogt/Pnck/Prkacb/Prkcz/Rps6kb1/Vrk1/Wnk1/Axin1/Csnk1d/Lats2/Angpt1/Camk2b/Dclk1/Mark2/Sgk1/Bcl2/Hdac6/Tlk2/Ikbkb/Dock7/Dyrk1b/Mad2l2/Prkd2/Brsk1/Brsk2/Map3k12/Vegfa",45,"Shared core",0.0256849315068493,0.0159162760274719,1.61375258022143
"GO:0038066","p38MAPK cascade","14/1752","58/18346",0.241379310344828,2.52759407967249,3.78607508767544,0.000898368467401203,0.0178125828891137,0.015114442458304,"Atf2/Dab2ip/Dlg1/Gsn/Map3k7/Mapk14/Mink1/Pja2/Atf7/Ager/Fgfr3/Vegfa/Cyld/Sphk1",14,"Shared core",0.00799086757990868,0.00316145208764853,2.52759407967249
"GO:0072175","epithelial tube formation","29/1752","165/18346",0.175757575757576,1.84043863290439,3.52362321342133,0.000917429142068943,0.0181292647636452,0.015383155311459,"Abl1/Brd2/Brpf1/Dvl1/Folr1/Gatad2a/Lmo4/Map3k7/Nckap1/Opa1/Prkacb/Rarg/Sufu/Tsc2/Ctnnb1/Sema4c/Vasp/Lhx2/Tsc1/Mthfr/Sall4/Phactr4/Tead2/Zeb2/Enah/Tgif1/Glmn/Vegfa/Kat2a",29,"Shared core",0.0165525114155251,0.00899378611141393,1.84043863290439
"GO:0031647","regulation of protein stability","46/1752","301/18346",0.152823920265781,1.6002897495411,3.41205558980363,0.000941954963744526,0.0184829626996333,0.0156832772608918,"Apbb1/Apbb2/Apoa2/Aptx/Asph/Bag6/Dnlz/Dvl1/Fbxw11/Fbxw7/Gsn/Igf1/Lamp2/Mapk8ip3/Nckap1/Nf2/Otud5/Pex2/Rassf1/Rtn4/Senp2/Siah1b/Src/Tcf3/Trex1/Ubl4a/Usp19/Wiz/Zbed3/Zfp207/Gga3/Golga7/Lmna/Syvn1/Tsc1/Usp2/Rad23a/Ank2/Bcl2/Hdac6/Taf9b/Trim24/Ctnnd1/Usp33/Cryab/Kat2a",46,"Shared core",0.0262557077625571,0.0164068461790036,1.6002897495411
"GO:0002092","positive regulation of receptor internalization","10/1752","34/18346",0.294117647058824,3.07984152565136,3.94413870701169,0.00094477573860794,0.0184829626996333,0.0156832772608918,"App/Arrb1/Arrb2/Dab2/Ptpn5/Angpt1/Magi2/Tbc1d5/Vegfa/Pard3",10,"Shared core",0.00570776255707763,0.00185326501689742,3.07984152565136
"GO:0007026","negative regulation of microtubule depolymerization","10/1752","34/18346",0.294117647058824,3.07984152565136,3.94413870701169,0.00094477573860794,0.0184829626996333,0.0156832772608918,"Arhgef2/Camsap1/Clasp1/Clasp2/Eml4/Fgf13/Gas2l1/Hdac6/Camsap3/Tpx2",10,"Shared core",0.00570776255707763,0.00185326501689742,3.07984152565136
"GO:0045664","regulation of neuron differentiation","38/1752","236/18346",0.161016949152542,1.68608273353456,3.44685990422669,0.000951385510680536,0.018550437083668,0.0157405310404952,"Actr3/Apbb1/App/Arhgef2/Bin1/Bnip2/Cxcl12/Ednrb/Eif4enif1/Eif4g1/Hmg20b/Mapk8ip3/Nrep/Numb/Opa1/Pax6/Pbx1/Ptbp1/Rtn4/Sh3gl3/Sin3a/Spag9/Tcf12/Tcf3/Tcf4/Bcl11a/Ect2/Gprc5b/Mycl/Nkx2-2/Fgfr1/Fuom/Bcl2/Kdm4a/Tunar/Rnf112/Fgfr3/Tgif1",38,"Shared core",0.021689497716895,0.0128638395290527,1.68608273353456
"GO:0045927","positive regulation of growth","46/1752","302/18346",0.152317880794702,1.5949907768605,3.38764319643462,0.00101083796127012,0.0196443973334249,0.0166687849242556,"Cdc42/Celf1/Crk/Cxcl12/Dcx/Dlg1/Eif4g1/Fn1/Ghr/Igf1/Igf2/Mapk14/Mkks/Mlst8/Pex5/Psmd10/Pum2/Rps6kb1/Rufy3/Sh3glb1/Zfyve27/Bcl11a/Csf1/Mapt/Pafah1b1/Rims2/Sgip1/Zfp639/Brat1/Fgfr1/Islr2/Rbpj/Shtn1/Ybx3/Efna5/Sgk1/Bcl2/Ncam1/Picalm/Taf9b/Cyfip1/Acsl4/Nipbl/Sema4d/Vegfa/Sphk1",46,"Shared core",0.0262557077625571,0.0164613539736182,1.5949907768605
"GO:0046777","protein autophosphorylation","34/1752","205/18346",0.165853658536585,1.7367301481234,3.44671303942829,0.00101983045289856,0.0197537456371671,0.0167615698199169,"Abl1/Atp13a2/Camk2d/Camk2g/Camkk2/Clk1/Clk4/Dapk1/Ddr1/Epha7/Ephb1/Ephb4/Htatip2/Irak1/Mark3/Mink1/Src/Taok3/Vrk1/Pdgfra/Tnik/Trpm7/Camk2b/Clk2/Fgfr1/Wnk2/Aatk/Trim24/Ctnnd1/Lyn/Dyrk1b/Prkd2/Map3k12/Vegfa",34,"Shared core",0.0194063926940639,0.0111740978959991,1.7367301481234
"GO:0045666","positive regulation of neuron differentiation","22/1752","114/18346",0.192982456140351,2.02080829928703,3.55246516446505,0.00104930467757653,0.0202577932654496,0.0171892674155629,"Actr3/App/Arhgef2/Bnip2/Cxcl12/Eif4g1/Hmg20b/Mapk8ip3/Pax6/Sh3gl3/Sin3a/Spag9/Tcf12/Tcf3/Tcf4/Ect2/Gprc5b/Nkx2-2/Fgfr1/Kdm4a/Rnf112/Tgif1",22,"Shared core",0.0125570776255708,0.00621388858606781,2.02080829928703
"GO:0071331","cellular response to hexose stimulus","26/1752","144/18346",0.180555555555556,1.89068049213597,3.48653474511457,0.00109831985975885,0.0211345549407367,0.0179332226281937,"Arrb1/Igf1/Kat5/Map4k4/Myt1/Ncoa6/Ogt/Pih1d1/Pla2g6/Ppp3ca/Rab34/Rbm4/Sin3a/Tbc1d1/Zbtb20/Ager/Pde1c/Efna5/Aqp4/Rab11fip5/Smarcb1/Tunar/Tcf7l2/Hmgn3/Brsk2/Atg7",26,"Shared core",0.0148401826484018,0.0078491224245067,1.89068049213597
"GO:0060828","regulation of canonical Wnt signaling pathway","39/1752","246/18346",0.158536585365854,1.66010970041207,3.3868405201075,0.00111030868111343,0.0212954302269763,0.0180697295161598,"Amer2/Ankrd6/App/Dab2/Dab2ip/Folr1/Jade1/Mapk14/Mdk/Otud5/Ppm1b/Ptpru/Rapgef1/Rnf14/Src/Sulf2/Tle4/Wnk1/Wnt5b/Zbed3/Axin1/Csnk1d/Ctnnb1/Gprc5b/Lats2/Xiap/Lzts2/Rbpj/Wnk2/Tle3/Tcf7l2/Fgfr3/Ctnnd1/Mad2l2/Zeb2/Caprin2/Tpbg/Ddit3/Cyld",39,"Shared core",0.0222602739726027,0.013408917475199,1.66010970041207
"GO:0022037","metencephalon development","23/1752","122/18346",0.188524590163934,1.97412792873718,3.50771599417781,0.00113906062309185,0.0217757224655572,0.0184772700423368,"Abl1/Atf2/Cntnap2/Comt/Crk/Foxp2/Hap1/Hspa5/Mdk/Ogdh/Psap/Ptprs/Rora/Gabrb3/Sema4c/Zbtb18/Grin1/Nfix/Sez6/Bcl2/Ezh2/Atg7/Kat2a",23,"Shared core",0.0131278538812785,0.00664995094298485,1.97412792873718
"GO:0010823","negative regulation of mitochondrion organization","13/1752","53/18346",0.245283018867925,2.5684716119583,3.71554475099048,0.00115566435687658,0.0220214094497034,0.0186857418741733,"Adck1/Arrb2/Dnm1l/Ghitm/Igf1/Mfn2/Opa1/Psmd10/Bcl2l1/Lmna/Mapt/Mpv17l/Flcn",13,"Shared core",0.00742009132420091,0.00288891311457538,2.5684716119583
"GO:0098930","axonal transport","15/1752","66/18346",0.227272727272727,2.37987754254878,3.64900774148508,0.00116530163567827,0.0221331886724782,0.0187805894682129,"Ank3/Ap3s1/Fbxw11/Hap1/Kif1b/Kif5a/Map6/Mapk8ip3/Trim46/Kif1a/Pafah1b1/Hdac6/Spast/Madd/Agbl4",15,"Shared core",0.00856164383561644,0.00359751444456557,2.37987754254878
"GO:0045444","fat cell differentiation","40/1752","255/18346",0.156862745098039,1.64258214701406,3.35751394229386,0.00118877203570783,0.0225061389599009,0.019097047541371,"Ap1s2/Arl4a/Atat1/Atf2/Atf5/Bscl2/Cntnap2/Fam120b/Igf1/Lpin1/Mapk14/Mkks/Nr4a2/Nudt7/Rora/Senp2/Slc39a13/Tfap2b/Wnt5b/Aamdc/Axin1/Dlk1/Pdgfra/Sh2b2/Socs1/Tfe3/Sort1/Tgfb1i1/Ebf2/Sirt2/Hdac6/Itga6/Tcf7l2/Dlk2/Flcn/Nipbl/Carm1/Ddit3/Vegfa/Cebpb",40,"Shared core",0.0228310502283105,0.0138994876267306,1.64258214701406
"GO:0120032","regulation of plasma membrane bounded cell projection assembly","33/1752","199/18346",0.165829145728643,1.73647346320644,3.394154345715,0.00120212804281805,0.022597439292767,0.0191745182617106,"Abi2/Actr3/Arap1/Arhgap24/Capzb/Cdc42/Cdk10/Dmtn/Dpysl3/Evl/Fnbp1l/Gpm6a/Hap1/Kctd17/Map4/Nckap1/Odf2/Rab11fip3/Rdx/Stau2/Zmynd8/Def8/Tmem67/Wasl/Arhgap44/Dnm3/Syne1/Cyfip1/Limk2/Slit2/Lpar1/Cln3/Cyld",33,"Shared core",0.0188356164383562,0.0108470511283113,1.73647346320644
"GO:0035020","regulation of Rac protein signal transduction","10/1752","35/18346",0.285714285714286,2.99184605348989,3.83251732191256,0.00121084146165362,0.022597439292767,0.0191745182617106,"Arhgap17/Arhgap24/Camk2d/Crk/Dynlt1f/Ogt/Rtn4/Arhgap44/Rasgrf1/Dynlt1c",10,"Shared core",0.00570776255707763,0.00190777281151205,2.99184605348989
"GO:1904262","negative regulation of TORC1 signaling","10/1752","35/18346",0.285714285714286,2.99184605348989,3.83251732191256,0.00121084146165362,0.022597439292767,0.0191745182617106,"Akt1s1/Alg13/Atxn3/Nprl3/Prkacb/Sesn1/Tsc2/Ube2w/Ube3a/Tsc1",10,"Shared core",0.00570776255707763,0.00190777281151205,2.99184605348989
"GO:0031111","negative regulation of microtubule polymerization or depolymerization","12/1752","47/18346",0.25531914893617,2.67356455843777,3.73274297317885,0.00121505148790004,0.022597439292767,0.0191745182617106,"Arhgef2/Arhgef7/Camsap1/Clasp1/Clasp2/Eml4/Fgf13/Gas2l1/Sgk1/Hdac6/Camsap3/Tpx2",12,"Shared core",0.00684931506849315,0.0025618663468876,2.67356455843777
"GO:0071326","cellular response to monosaccharide stimulus","26/1752","145/18346",0.179310344827586,1.87764131632814,3.44749625046914,0.00121928671572649,0.022597439292767,0.0191745182617106,"Arrb1/Igf1/Kat5/Map4k4/Myt1/Ncoa6/Ogt/Pih1d1/Pla2g6/Ppp3ca/Rab34/Rbm4/Sin3a/Tbc1d1/Zbtb20/Ager/Pde1c/Efna5/Aqp4/Rab11fip5/Smarcb1/Tunar/Tcf7l2/Hmgn3/Brsk2/Atg7",26,"Shared core",0.0148401826484018,0.00790363021912133,1.87764131632814
"GO:0008344","adult locomotory behavior","21/1752","108/18346",0.194444444444444,2.03611745306951,3.50899401486133,0.00122054664436993,0.022597439292767,0.0191745182617106,"App/Arrb2/Cxcl12/Fgf14/Hipk2/Nr4a2/Oxr1/Pmp22/Pum1/Adam22/Axin1/Mapt/Pafah1b1/Fgf12/Grin1/Pbx3/Sez6/Tsc1/Kcnma1/Tbce/Atg7",21,"Shared core",0.011986301369863,0.00588684181838003,2.03611745306951
"GO:0099565","chemical synaptic transmission, postsynaptic","21/1752","108/18346",0.194444444444444,2.03611745306951,3.50899401486133,0.00122054664436993,0.022597439292767,0.0191745182617106,"Abat/App/Baiap2/Celf4/Cntnap2/Dvl1/Gabrg2/Ppp3ca/Prkcz/Zmynd8/Gabrb3/Rims2/Grin1/Igsf9b/Npff/Sez6/Tbc1d24/Grik1/Adora1/Mtmr2/Gria3",21,"Shared core",0.011986301369863,0.00588684181838003,2.03611745306951
"GO:0010035","response to inorganic substance","67/1752","484/18346",0.138429752066116,1.44956177591607,3.25684719320867,0.00123941768109246,0.0228103186782849,0.0193551519880489,"Abat/Abl1/Add1/Alox5ap/Ank3/Ankzf1/App/Asph/Atp13a2/Comt/Cp/Crk/Cuta/Dmtn/Ednrb/Fancc/Fn1/Gphn/Gsn/Homer1/Kcnq2/Mapk7/Mapk9/Mef2a/Net1/Nfe2l1/Nr4a2/Pcgf2/Ppp3ca/Sipa1/Slc11a2/Slc25a13/Slc39a8/Src/Trex1/Wnk1/Bcar1/Ect2/Gabrb3/Mapt/Camk2b/Cflar/Fgfr1/Gria1/Pde1c/Syt6/Axl/Kcnma1/Timeless/Ada/Adora1/Bcl2/Hdac6/Ncam1/Plcd1/Ezh2/Cd36/Fgfr3/Syt7/Nfatc4/Rnf4/Tcirg1/Sirpa/Slc30a4/Cryab/Atg7/Sphk1",67,"Shared core",0.0382420091324201,0.0263817725934809,1.44956177591607
"GO:0040001","establishment of mitotic spindle localization","11/1752","41/18346",0.268292682926829,2.80941641608197,3.7687380638102,0.00123981796871237,0.0228103186782849,0.0193551519880489,"Arhgef2/Cenpa/Clasp1/Clasp2/Dctn1/Fbxw11/Gpsm1/Kat5/Nusap1/Pax6/Pafah1b1",11,"Shared core",0.00627853881278539,0.00223481957919983,2.80941641608197
"GO:0009306","protein secretion","59/1752","415/18346",0.142168674698795,1.48871375914617,3.27210118699661,0.0012514796688644,0.0229529193017661,0.0194761523467022,"Abat/Ap1b1/Apbb1/Arrb1/Atp13a2/Cask/Comt/Copg1/Dnm1l/Ednrb/Ensa/Frmd4a/Gnao1/Igf1/Map4k4/Myo18a/Myt1/Ncoa6/Neo1/Nnat/Pard6a/Pla2g6/Porcn/Ppp3ca/Psap/Ptbp1/Rab11fip3/Rab34/Rap1gds1/Rbm4/Rhbdd3/Sirt3/Snap25/Tbc1d1/Tfap2b/Pafah1b1/Rims2/Ap1g1/Npff/Pde1c/Rab13/Sel1l/Efna5/Rapgef4/Rab11fip5/Tunar/Tcf7l2/Syt7/Ang/Tcirg1/Acsl4/Hmgn3/Madd/Midn/Nagpa/Gnas/Sec24a/Brsk2/Atg7",59,"Shared core",0.033675799086758,0.0226207347650714,1.48871375914617
"GO:0050731","positive regulation of peptidyl-tyrosine phosphorylation","30/1752","176/18346",0.170454545454545,1.78490815691158,3.39975858179046,0.00125773648828026,0.0229958113698344,0.0195125473882732,"Abi1/Abi2/Abl1/App/Arhgef2/Arrb2/Ctf1/Fbxw7/Gfra1/Ghr/Igf1/Mlst8/Src/Vegfb/Acvr1/Gprc5b/Pdgfra/Yes1/Angpt1/Cav2/Efna5/Pecam1/Cd36/Fgfr3/Ctnnd1/Lyn/Cd40/Sema4d/Vegfa/Tnfrsf18",30,"Shared core",0.0171232876712329,0.00959337185217486,1.78490815691158
"GO:0071322","cellular response to carbohydrate stimulus","27/1752","153/18346",0.176470588235294,1.84790491539081,3.42208722226112,0.00127084554652156,0.0231633307842703,0.0196546919927868,"Arrb1/Igf1/Kat5/Map4k4/Myt1/Ncoa6/Ogt/Pih1d1/Pla2g6/Ppp3ca/Rab34/Rbm4/Sin3a/Tbc1d1/Keap1/Zbtb20/Ager/Pde1c/Efna5/Aqp4/Rab11fip5/Smarcb1/Tunar/Tcf7l2/Hmgn3/Brsk2/Atg7",27,"Shared core",0.0154109589041096,0.00833969257603837,1.84790491539081
"GO:0016236","macroautophagy","40/1752","256/18346",0.15625,1.63616581050228,3.33059166135447,0.00128209537382897,0.0232472730849607,0.0197259192303807,"Acbd5/Atg16l1/Atp13a2/Atp2a2/Atp6v0a1/Cttn/Dnm1l/Ehmt2/Fbxw7/Fez2/Gpsm1/Hdac10/Lamp2/Map3k7/Mfn2/Nbr1/Ogt/Pex2/Pex5/Phf23/Qsox1/Sesn1/Sh3glb1/Tex264/Tsc2/Vti1a/Wac/Atg4c/Scoc/Ubqln1/Tsc1/Wdr45/Atg9a/Hdac6/Tcirg1/Trp53inp1/Tbc1d5/Lgals8/Cln3/Atg7",40,"Shared core",0.0228310502283105,0.0139539954213453,1.63616581050228
"GO:0035461","vitamin transmembrane transport","7/1752","19/18346",0.368421052631579,3.85790675318433,4.04976228297043,0.00128337305836212,0.0232472730849607,0.0197259192303807,"Abcc5/Scarb1/Slc5a6/Stra6/Slc25a19/Slc19a1/Slc19a2",7,"Shared core",0.00399543378995434,0.00103564809767797,3.85790675318433
"GO:0006475","internal protein amino acid acetylation","5/1752","10/18346",0.5,5.23573059360731,4.35337817535357,0.0013196305365746,0.0233985245291731,0.0198542600366812,"Atat1/Bag6/Kat7/Smc5/Kat2a",5,"Shared core",0.00285388127853881,0.000545077946146299,5.23573059360731
"GO:0009215","purine deoxyribonucleoside triphosphate metabolic process","5/1752","10/18346",0.5,5.23573059360731,4.35337817535357,0.0013196305365746,0.0233985245291731,0.0198542600366812,"Adk/Dguok/Guk1/Ada/Samhd1",5,"Shared core",0.00285388127853881,0.000545077946146299,5.23573059360731
"GO:0018393","internal peptidyl-lysine acetylation","5/1752","10/18346",0.5,5.23573059360731,4.35337817535357,0.0013196305365746,0.0233985245291731,0.0198542600366812,"Atat1/Bag6/Kat7/Smc5/Kat2a",5,"Shared core",0.00285388127853881,0.000545077946146299,5.23573059360731
"GO:0022027","interkinetic nuclear migration","5/1752","10/18346",0.5,5.23573059360731,4.35337817535357,0.0013196305365746,0.0233985245291731,0.0198542600366812,"Pax6/Tacc2/Kif1a/Tacc1/Dock7",5,"Shared core",0.00285388127853881,0.000545077946146299,5.23573059360731
"GO:0071447","cellular response to hydroperoxide","5/1752","10/18346",0.5,5.23573059360731,4.35337817535357,0.0013196305365746,0.0233985245291731,0.0198542600366812,"Dapk1/Oxr1/Sin3a/Cd36/Trp53inp1",5,"Shared core",0.00285388127853881,0.000545077946146299,5.23573059360731
"GO:0098598","learned vocalization behavior or vocal learning","5/1752","10/18346",0.5,5.23573059360731,4.35337817535357,0.0013196305365746,0.0233985245291731,0.0198542600366812,"Cntnap2/Foxp2/Pax6/Stra6/Nrxn2",5,"Shared core",0.00285388127853881,0.000545077946146299,5.23573059360731
"GO:1902959","regulation of aspartic-type endopeptidase activity involved in amyloid precursor protein catabolic process","5/1752","10/18346",0.5,5.23573059360731,4.35337817535357,0.0013196305365746,0.0233985245291731,0.0198542600366812,"App/Bin1/Ager/Picalm/Lyn",5,"Shared core",0.00285388127853881,0.000545077946146299,5.23573059360731
"GO:0035592","establishment of protein localization to extracellular region","59/1752","416/18346",0.141826923076923,1.48513512030207,3.25214276395369,0.00132605365224899,0.0234415930272569,0.0198908047837348,"Abat/Ap1b1/Apbb1/Arrb1/Atp13a2/Cask/Comt/Copg1/Dnm1l/Ednrb/Ensa/Frmd4a/Gnao1/Igf1/Map4k4/Myo18a/Myt1/Ncoa6/Neo1/Nnat/Pard6a/Pla2g6/Porcn/Ppp3ca/Psap/Ptbp1/Rab11fip3/Rab34/Rap1gds1/Rbm4/Rhbdd3/Sirt3/Snap25/Tbc1d1/Tfap2b/Pafah1b1/Rims2/Ap1g1/Npff/Pde1c/Rab13/Sel1l/Efna5/Rapgef4/Rab11fip5/Tunar/Tcf7l2/Syt7/Ang/Tcirg1/Acsl4/Hmgn3/Madd/Midn/Nagpa/Gnas/Sec24a/Brsk2/Atg7",59,"Shared core",0.033675799086758,0.022675242559686,1.48513512030207
"GO:0009166","nucleotide catabolic process","29/1752","169/18346",0.171597633136095,1.79687795520251,3.38161707293832,0.00135035707337588,0.023750013212498,0.0201525073774476,"App/Eno2/Eno3/Entpd5/Fhit/Galt/Igf1/Mlst8/Mlx/Nt5c2/Nt5c3/Nudt7/Ogdh/Ogt/Pde2a/Pkm/Trex1/Enpp5/Upp1/Zbtb20/Nudt17/Pank4/Pde4a/Stat3/Ada/Pfkp/Flcn/Nudt3/Samhd1",29,"Shared core",0.0165525114155251,0.00921181728987245,1.79687795520251
"GO:1903008","organelle disassembly","26/1752","146/18346",0.178082191780822,1.86478075936699,3.40876544208014,0.00135159386828665,0.023750013212498,0.0201525073774476,"Ankzf1/Chka/Cttn/Dnm1l/Eif4e2/Fbxw7/Golga2/Kat5/Klc1/Map4/Mfn2/Ogt/Rnf14/Tex264/Vrk1/Atg4c/Gfm2/Rnf25/Wdr45/Atg9a/Hdac6/Spast/Trip4/Fbxl4/Stx5a/Atg7",26,"Shared core",0.0148401826484018,0.00795813801373596,1.86478075936699
"GO:0090090","negative regulation of canonical Wnt signaling pathway","24/1752","131/18346",0.183206106870229,1.9184356373523,3.42783692789252,0.00136057982706328,0.0238365462836847,0.0202259329515675,"Amer2/Ankrd6/App/Dab2/Dab2ip/Jade1/Mapk14/Mdk/Otud5/Ptpru/Rapgef1/Tle4/Wnt5b/Axin1/Ctnnb1/Lats2/Lzts2/Tle3/Tcf7l2/Ctnnd1/Mad2l2/Tpbg/Ddit3/Cyld",24,"Shared core",0.0136986301369863,0.00714052109451652,1.9184356373523
"GO:1901292","nucleoside phosphate catabolic process","30/1752","177/18346",0.169491525423729,1.77482393003637,3.36569309709111,0.00137917504144207,0.0240904116613795,0.0204413443642307,"App/Eno2/Eno3/Entpd5/Fhit/Galt/Igf1/Mlst8/Mlx/Nt5c2/Nt5c3/Nudt7/Ogdh/Ogt/Pde2a/Pkm/Trex1/Cant1/Enpp5/Upp1/Zbtb20/Nudt17/Pank4/Pde4a/Stat3/Ada/Pfkp/Flcn/Nudt3/Samhd1",30,"Shared core",0.0171232876712329,0.00964787964678949,1.77482393003637
"GO:0010631","epithelial cell migration","47/1752","315/18346",0.149206349206349,1.56240849460028,3.27150514713601,0.00139311068634012,0.0242616220122556,0.020586620824848,"Abl1/Acvrl1/Bcas3/Clasp1/Clasp2/Cxcl12/Dab2ip/Ephb4/Evl/Fbxw7/Hdac7/Igf1/Igf2/Iqsec1/Itga3/Map4k4/Mapre2/Rtn4/Scarb1/Sema4a/Src/Tgfbr2/Amot/Bcar1/Patz1/Ptp4a3/Ager/Angpt1/Fgfr1/Nr2f2/Rab13/Tbxa2r/Pecam1/Hdac6/Ets1/Cd40/Prkd2/Slit2/Zeb2/Pxn/Lgals8/Spred1/Hdac5/S100a9/Sema3a/Vegfa/Cln3",47,"Shared core",0.0268264840182648,0.0171699553036084,1.56240849460028
"GO:0010506","regulation of autophagy","43/1752","282/18346",0.152482269503546,1.59671216684478,3.28120111960303,0.00141712658241936,0.0246068518112995,0.0208795573386048,"Atg16l1/Atp13a2/Atp6v0a1/Cttn/Dapk1/Dnm1l/Ehmt2/Eif4g1/Fbxw7/Fez2/Golga2/Gpsm1/Kat5/Map3k7/Mlst8/Nprl3/Phf23/Qsox1/Sesn1/Sh3glb1/Tsc2/Wac/Wnk1/Keap1/Mapt/Scoc/Ubqln1/Ager/Stat3/Tsc1/Wdr45/Sirt2/Bcl2/Bcl2l11/Hdac6/Kdm4a/Flcn/Mtcl1/Trp53inp1/Usp33/Ddit3/Cln3/Atg7",43,"Shared core",0.0245433789954338,0.0153711980813256,1.59671216684478
"GO:0030048","actin filament-based movement","23/1752","124/18346",0.185483870967742,1.94228715569303,3.42094789013133,0.0014291127960972,0.0247417787619306,0.0209940463851447,"Atp2a2/Bin1/Camk2d/Dlg1/Evl/Fnbp1l/Fxyd1/Gsn/Kcnh2/Limch1/Myo1b/Pde4b/Tpm1/Fgf13/Wasl/Cacna2d1/Shtn1/Adora1/Ank2/Kcne3/Myo1c/Zeb2/Pard3",23,"Shared core",0.0131278538812785,0.00675896653221411,1.94228715569303
"GO:0048639","positive regulation of developmental growth","35/1752","217/18346",0.161290322580645,1.68894535277655,3.31724908913506,0.00143361786341662,0.0247467742364474,0.0209982851759257,"Celf1/Cxcl12/Dcx/Dlg1/Fn1/Ghr/Igf1/Igf2/Mapk14/Mkks/Pex5/Pum2/Rps6kb1/Rufy3/Sh3glb1/Zfyve27/Bcl11a/Csf1/Mapt/Pafah1b1/Rims2/Sgip1/Fgfr1/Islr2/Rbpj/Shtn1/Ybx3/Efna5/Bcl2/Ncam1/Picalm/Cyfip1/Nipbl/Sema4d/Vegfa",35,"Shared core",0.0199771689497717,0.0118281914313747,1.68894535277655
"GO:0030178","negative regulation of Wnt signaling pathway","28/1752","162/18346",0.172839506172839,1.80988218050623,3.36422478060218,0.00144747148736989,0.0249126397635597,0.021139026413789,"Amer2/Ankrd6/App/Dab2/Dab2ip/Jade1/Mapk14/Mdk/Otud5/Ptpru/Rapgef1/Tle4/Tsc2/Wnt5b/Axin1/Ctnnb1/Lats2/Lzts2/Tle3/Tcf7l2/Ctnnd1/Nfatc4/Mad2l2/Mdfi/Tpbg/Tsku/Ddit3/Cyld",28,"Shared core",0.0159817351598174,0.00883026272757004,1.80988218050623
"GO:0060070","canonical Wnt signaling pathway","45/1752","299/18346",0.150501672240803,1.57597241948046,3.26276007016991,0.00145866412681211,0.025031870644036,0.0212401969342817,"Amer2/Ankrd6/App/Dab2/Dab2ip/Dvl1/Ednrb/Folr1/Jade1/Lef1/Mapk14/Mdk/Otud5/Ppm1b/Ptpru/Rapgef1/Rnf14/Siah1b/Src/Sulf2/Tle4/Wnk1/Wnt5b/Wnt7b/Zbed3/Axin1/Csnk1d/Ctnnb1/Gprc5b/Lats2/Xiap/Lzts2/Rbpj/Wnk2/Tle3/Tcf7l2/Fgfr3/Ctnnd1/Mad2l2/Zeb2/Caprin2/Tpbg/Ddit3/Cyld/Pygo2",45,"Shared core",0.0256849315068493,0.0162978305897743,1.57597241948046
"GO:0031641","regulation of myelination","14/1752","61/18346",0.229508196721311,2.40328617411483,3.5670898405443,0.00152021313403584,0.0260120433925841,0.0220718991472259,"Dlg1/Igf1/Lpin1/Rarb/Rarg/Rxrb/Rxrg/Ctnnb1/Nkx6-2/Sirt2/Tcf7l2/Cyfip1/Mtmr2/Pard3",14,"Shared core",0.00799086757990868,0.00332497547149242,2.40328617411483
"GO:0051495","positive regulation of cytoskeleton organization","31/1752","186/18346",0.166666666666667,1.74524353120244,3.31930477809189,0.00153133658802731,0.0260689424988034,0.0221201795270133,"Abi2/Abl1/Actr3/Add3/Baiap2/Bin1/Cdc42/Clip1/Cttn/Dctn1/Dlg1/Evl/Gsn/Limch1/Mlst8/Mtss1/Nckap1/Nf2/Pde4dip/Psrc1/Tpm1/Fchsd2/Mapt/Vasp/Arhgef10l/Tsc1/Myo1c/Cyfip1/Pxn/Lpar1/Slain2",31,"Shared core",0.0176940639269406,0.0101384497983212,1.74524353120244
"GO:0030835","negative regulation of actin filament depolymerization","11/1752","42/18346",0.261904761904762,2.7425255490324,3.6735094568317,0.00153686387878446,0.0260689424988034,0.0221201795270133,"Add1/Add3/Capzb/Dmtn/Evl/Gsn/Lima1/Rdx/Tpm1/Shroom2/Sptan1",11,"Shared core",0.00627853881278539,0.00228932737381446,2.7425255490324
"GO:0038084","vascular endothelial growth factor signaling pathway","11/1752","42/18346",0.261904761904762,2.7425255490324,3.6735094568317,0.00153686387878446,0.0260689424988034,0.0221201795270133,"Dab2ip/Tcf4/Vegfb/Pdgfra/Ptp4a3/Nrp2/Myo1c/Prkd2/Pgf/Vegfa/Gab1",11,"Shared core",0.00627853881278539,0.00228932737381446,2.7425255490324
"GO:0000724","double-strand break repair via homologous recombination","27/1752","155/18346",0.174193548387097,1.82406098099867,3.34770575716852,0.00154875289162003,0.0261949012130201,0.022227058790397,"Abl1/Ap5s1/Cdc7/Kat5/Morf4l1/Morf4l2/Rad52/Rtel1/Sfpq/Slx1b/Smc5/Zmynd8/Htatsf1/Rad54l/Epc1/Timeless/Klhl15/Meaf6/Trp53bp1/Cdc45/Recql/Mad2l2/Brd8/Nipbl/Hus1/Samhd1/Senp3",27,"Shared core",0.0154109589041096,0.00844870816526763,1.82406098099867
"GO:1902115","regulation of organelle assembly","35/1752","218/18346",0.160550458715596,1.68119789702987,3.28758481015798,0.00155466765306634,0.0262193806202481,0.0222478302076734,"Arhgef2/Caprin1/Cdk10/Cnot6/Ehmt2/Fez2/G3bp2/Gsn/Hap1/Kctd17/Lcp1/Map4/Mapk9/Mdm1/Mfn2/Nf2/Odf2/Phf23/Ptprs/Rab11fip3/Rdx/Sh3glb1/Src/Arhgef9/Tmem67/Il1rap/Wdr45/Syne1/Rnf4/Ubap2l/Limk2/Lrfn1/Lpar1/Kat2a/Cyld",35,"Shared core",0.0199771689497717,0.0118826992259893,1.68119789702987
"GO:0090132","epithelium migration","47/1752","317/18346",0.148264984227129,1.55255102775737,3.22453109176857,0.00159007114825127,0.0267396205417958,0.0226892673876543,"Abl1/Acvrl1/Bcas3/Clasp1/Clasp2/Cxcl12/Dab2ip/Ephb4/Evl/Fbxw7/Hdac7/Igf1/Igf2/Iqsec1/Itga3/Map4k4/Mapre2/Rtn4/Scarb1/Sema4a/Src/Tgfbr2/Amot/Bcar1/Patz1/Ptp4a3/Ager/Angpt1/Fgfr1/Nr2f2/Rab13/Tbxa2r/Pecam1/Hdac6/Ets1/Cd40/Prkd2/Slit2/Zeb2/Pxn/Lgals8/Spred1/Hdac5/S100a9/Sema3a/Vegfa/Cln3",47,"Shared core",0.0268264840182648,0.0172789708928377,1.55255102775737
"GO:0071496","cellular response to external stimulus","43/1752","284/18346",0.151408450704225,1.58546771496559,3.23094502479254,0.00163024485467955,0.0273368772917552,0.0231960553608691,"Atf2/Atxn3/Chka/Comt/Ehmt2/Eif4g1/Folr1/Hspa5/Kat5/Lamp2/Mlst8/Mlx/Nprl3/Nr4a2/Ogt/Pde2a/Postn/Rps6kb1/Seh1l/Sesn1/Sh3glb1/Sipa1/Slc1a2/Suv39h1/Tsc2/Ctnnb1/Nuak2/Folr2/Gas2l1/Tsc1/Wdr45/Wdr59/Axl/Bcl2/Itga6/Tcf7l2/Trim24/Flcn/Rnase4/Usp33/Cpeb4/Atg7/Cd68",43,"Shared core",0.0245433789954338,0.0154802136705549,1.58546771496559
"GO:0034643","establishment of mitochondrion localization, microtubule-mediated","8/1752","25/18346",0.32,3.35086757990868,3.82185274563254,0.00166774581748313,0.0276102083269222,0.0234279838930095,"Hap1/Kif1b/Map6/Rhot1/Mapt/Hdac6/Spast/Agbl4",8,"Shared core",0.0045662100456621,0.00136269486536575,3.35086757990868
"GO:0047497","mitochondrion transport along microtubule","8/1752","25/18346",0.32,3.35086757990868,3.82185274563254,0.00166774581748313,0.0276102083269222,0.0234279838930095,"Hap1/Kif1b/Map6/Rhot1/Mapt/Hdac6/Spast/Agbl4",8,"Shared core",0.0045662100456621,0.00136269486536575,3.35086757990868
"GO:0070841","inclusion body assembly","8/1752","25/18346",0.32,3.35086757990868,3.82185274563254,0.00166774581748313,0.0276102083269222,0.0234279838930095,"Dnajb2/Hap1/Pmp22/Psap/Sncaip/Dlgap1/Hdac6/Hspa2",8,"Shared core",0.0045662100456621,0.00136269486536575,3.35086757990868
"GO:1900407","regulation of cellular response to oxidative stress","8/1752","25/18346",0.32,3.35086757990868,3.82185274563254,0.00166774581748313,0.0276102083269222,0.0234279838930095,"Aifm2/Fut8/Ncoa7/Oxr1/Slc25a14/Tbc1d24/Tsc1/Cd36",8,"Shared core",0.0045662100456621,0.00136269486536575,3.35086757990868
"GO:0097581","lamellipodium organization","18/1752","89/18346",0.202247191011236,2.11782361089734,3.43481966189394,0.00167006712490329,0.0276102083269222,0.0234279838930095,"Abi1/Abi2/Ablim1/Actr3/Arhgef7/Capzb/Cdc42/Cttn/Dmtn/Nckap1/Pmp22/Sh2b1/Src/Ablim3/Ablim2/Cyfip1/Slit2/Pxn",18,"Shared core",0.0102739726027397,0.00485119372070206,2.11782361089734
"GO:0021915","neural tube development","32/1752","195/18346",0.164102564102564,1.7183936307224,3.27702584529155,0.00168360099188112,0.0277557702846918,0.0235514970212583,"Abl1/Brd2/Brpf1/Dvl1/Folr1/Gatad2a/Kat5/Lmo4/Map3k7/Nckap1/Opa1/Pax6/Prkacb/Rarg/Sall2/Ssbp3/Sufu/Tsc2/Sema4c/Vasp/Lhx2/Tsc1/Tcf7l2/Mthfr/Sall4/Phactr4/Tead2/Zeb2/Enah/Tgif1/Glmn/Kat2a",32,"Shared core",0.0182648401826484,0.0106290199498528,1.7183936307224
"GO:1903050","regulation of proteolysis involved in protein catabolic process","34/1752","211/18346",0.161137440758294,1.68734445670757,3.26292617863,0.00168944551448753,0.0277741056709448,0.0235670550760445,"Araf/Atxn3/Bag6/Dab2/Dab2ip/Dnajb2/Fbxw7/Fhit/Hipk2/Mapk9/Nfe2l1/Ogt/Prmt6/Psmd10/Sufu/Ube3a/Usp14/Usp19/Wac/Axin1/Csnk1d/Tmem67/Tgfb1i1/Dlgap1/Rad23a/Sirt2/Anks1/Tlk2/Xpo1/Glmn/Zfand2a/Tmtc3/Atg7/Agbl4",34,"Shared core",0.0194063926940639,0.0115011446636869,1.68734445670757
"GO:2000042","negative regulation of double-strand break repair via homologous recombination","6/1752","15/18346",0.4,4.18858447488584,4.01421698417394,0.00176148646342122,0.0287987548350661,0.0244364966908552,"Abl1/Kat5/Klhl15/Trp53bp1/Mad2l2/Senp3",6,"Shared core",0.00342465753424658,0.000817616919219448,4.18858447488584
"GO:1903844","regulation of cellular response to transforming growth factor beta stimulus","25/1752","141/18346",0.177304964539007,1.85664205447068,3.31790519044436,0.00176158680964197,0.0287987548350661,0.0244364966908552,"Fam89b/Folr1/Hipk2/Hspa5/Htra3/Ing1/Itga3/Nrep/Ogt/Sin3a/Skil/Arid4b/Axin1/Lats2/Npnt/Cav2/Cflar/Tgfb1i1/Usp15/Flcn/Zeb2/Zfp451/Spred1/Lox/Suds3",25,"Shared core",0.0142694063926941,0.00768559904066281,1.85664205447068
"GO:0061951","establishment of protein localization to plasma membrane","14/1752","62/18346",0.225806451612903,2.36452349388717,3.49696770958599,0.00179407275383733,0.0292483694229759,0.0248180064280831,"Ank3/Atp2c1/Gripap1/Prepl/Rab34/Rdx/Acsl3/Gga3/Golga7/Grip1/Arhgap44/Snx27/Arfrp1/Cln3",14,"Shared core",0.00799086757990868,0.00337948326610705,2.36452349388717
"GO:0042594","response to starvation","30/1752","180/18346",0.166666666666667,1.74524353120244,3.26478945254748,0.00180639099522223,0.0293029564537586,0.0248643249513917,"Atf2/Atxn3/Bcas3/Chka/Comt/Ehmt2/Hspa5/Kat5/Lamp2/Nprl3/Pex2/Seh1l/Sesn1/Sh3glb1/Suv39h1/Tsc2/Nuak2/Gas2l1/Tsc1/Wdr45/Wdr59/Bcl2/Tcf7l2/Flcn/Rnase4/Tbc1d5/Usp33/Cpeb4/Ddit3/Atg7",30,"Shared core",0.0171232876712329,0.00981140303063338,1.74524353120244
"GO:0090130","tissue migration","47/1752","319/18346",0.147335423197492,1.54281716551438,3.17788041982829,0.00181100534283591,0.0293029564537586,0.0248643249513917,"Abl1/Acvrl1/Bcas3/Clasp1/Clasp2/Cxcl12/Dab2ip/Ephb4/Evl/Fbxw7/Hdac7/Igf1/Igf2/Iqsec1/Itga3/Map4k4/Mapre2/Rtn4/Scarb1/Sema4a/Src/Tgfbr2/Amot/Bcar1/Patz1/Ptp4a3/Ager/Angpt1/Fgfr1/Nr2f2/Rab13/Tbxa2r/Pecam1/Hdac6/Ets1/Cd40/Prkd2/Slit2/Zeb2/Pxn/Lgals8/Spred1/Hdac5/S100a9/Sema3a/Vegfa/Cln3",47,"Shared core",0.0268264840182648,0.0173879864820669,1.54281716551438
"GO:0048024","regulation of mRNA splicing, via spliceosome","20/1752","104/18346",0.192307692307692,2.01374253600281,3.36867008313948,0.00181239958983036,0.0293029564537586,0.0248643249513917,"Acin1/Celf1/Celf2/Celf3/Celf4/Prpf19/Ptbp1/Puf60/Rbfox2/Rbm4/Rbm7/Rbmx/Rnps1/Son/Srsf7/Srsf9/Rbfox1/Mbnl2/Sf1/Ddx17",20,"Shared core",0.0114155251141553,0.00566881063992151,2.01374253600281
"GO:0007612","learning","31/1752","188/18346",0.164893617021277,1.72667711065773,3.25414398838185,0.00182290791493756,0.0293918861339795,0.0249397841109589,"Ap1s2/App/Atp8a1/Cntnap2/Comt/Elavl4/Foxp2/Kcnq2/Meis2/Nptn/Ntrk2/Oprl1/Pde1b/Snap25/Stra6/Ube3a/Fgf13/Gabrb3/Nrxn3/Synj1/Adcy3/Grin1/Nfix/Nrxn2/Sct/Tsc1/Vdac3/Sgk1/Tpbg/Brsk1/Cln3",31,"Shared core",0.0176940639269406,0.0102474653875504,1.72667711065773
"GO:0009991","response to extracellular stimulus","59/1752","422/18346",0.139810426540284,1.46401945508451,3.13346835914119,0.00186158974031937,0.0298515578850666,0.0253298276141816,"Atf2/Atxn3/Bcas3/Chka/Cntnap2/Comt/Ehmt2/Eif4g1/Folr1/Ghr/Hspa5/Kat5/Lamp2/Mapk14/Mkks/Mlst8/Mlx/Nprl3/Nr4a2/Ogt/Pex2/Postn/Rps6kb1/Seh1l/Sesn1/Sh3glb1/Sipa1/Slc1a2/Slc25a25/Spp1/Suv39h1/Tsc2/Mapt/Nuak2/Sgip1/Folr2/Gas2l1/Npff/Sct/Tsc1/Wdr45/Wdr59/Axl/Sirt2/Ada/Bcl2/Itga6/Tcf7l2/Trim24/Flcn/Rnase4/Pomc/Zeb2/Tbc1d5/Usp33/Cpeb4/Ddit3/Atg7/Cd68",59,"Shared core",0.033675799086758,0.0230022893273738,1.46401945508451
"GO:0071692","protein localization to extracellular region","59/1752","422/18346",0.139810426540284,1.46401945508451,3.13346835914119,0.00186158974031937,0.0298515578850666,0.0253298276141816,"Abat/Ap1b1/Apbb1/Arrb1/Atp13a2/Cask/Comt/Copg1/Dnm1l/Ednrb/Ensa/Frmd4a/Gnao1/Igf1/Map4k4/Myo18a/Myt1/Ncoa6/Neo1/Nnat/Pard6a/Pla2g6/Porcn/Ppp3ca/Psap/Ptbp1/Rab11fip3/Rab34/Rap1gds1/Rbm4/Rhbdd3/Sirt3/Snap25/Tbc1d1/Tfap2b/Pafah1b1/Rims2/Ap1g1/Npff/Pde1c/Rab13/Sel1l/Efna5/Rapgef4/Rab11fip5/Tunar/Tcf7l2/Syt7/Ang/Tcirg1/Acsl4/Hmgn3/Madd/Midn/Nagpa/Gnas/Sec24a/Brsk2/Atg7",59,"Shared core",0.033675799086758,0.0230022893273738,1.46401945508451
"GO:0043434","response to peptide hormone","54/1752","379/18346",0.142480211081794,1.49197600028915,3.14467743664017,0.00187007752569264,0.029905953673815,0.0253759838636222,"Atp2a2/C2cd5/Cdk2/Comt/Crk/Ednrb/Eif2b4/Ghr/Igf1/Igf2/Irf1/Lpin1/Map3k7/Mapk14/Mfn2/Nr4a2/Ogt/Opa1/Pkm/Ppp3ca/Prkcz/Rap1gds1/Rbm4/Rps6kb1/Scap/Snx5/Sorbs1/Src/Srsf5/Tcf12/Tsc2/Zbed3/Bcar1/Cited1/Ctnnb1/Sh2b2/Socs1/Ache/Cav2/Insig2/Rab13/Sort1/Stat3/Tsc1/Sgk1/Plcd1/Ikbkb/Inppl1/Myo1c/Cyfip1/Pomc/Pxn/Tyk2/Gnas",54,"Shared core",0.0308219178082192,0.0206584541589447,1.49197600028915
"GO:0072001","renal system development","50/1752","345/18346",0.144927536231884,1.51760307061081,3.1536133232717,0.00188476784365161,0.0300589741151938,0.0255058257102854,"Ampd2/Ap1b1/Ap2b1/Aph1a/Bag6/Comt/Dlg1/Ednrb/Epha7/Itga3/Mtss1/Nek1/Pbx1/Ppp3ca/Prom1/Psap/Rarb/Smad5/Spp1/Stra6/Sulf2/Tfap2b/Trex1/Vcan/Wnt7b/Zfp950/Cited1/Ctnnb1/Nfia/Npnt/Pdgfra/Tmem67/Angpt1/Cflar/Fgfr1/Lzts2/Mpv17/Tsc1/Timeless/Bcl2/Bcl2l11/Flcn/Ctnnd1/Cntrl/Slit2/Pgf/Hdac5/Dlg5/Vegfa/Pygo2",50,"Shared core",0.0285388127853881,0.0188051891420473,1.51760307061081
"GO:0021846","cell proliferation in forebrain","10/1752","37/18346",0.27027027027027,2.83012464519314,3.62075871953297,0.00192594355190659,0.0305496289355129,0.0259221591580941,"Numb/Pax6/Tacc2/Wnt7b/Kif1a/Fgfr1/Nfix/Tacc1/Dock7/Zeb2",10,"Shared core",0.00570776255707763,0.00201678840074131,2.83012464519314
"GO:0031114","regulation of microtubule depolymerization","10/1752","37/18346",0.27027027027027,2.83012464519314,3.62075871953297,0.00192594355190659,0.0305496289355129,0.0259221591580941,"Arhgef2/Camsap1/Clasp1/Clasp2/Eml4/Fgf13/Gas2l1/Hdac6/Camsap3/Tpx2",10,"Shared core",0.00570776255707763,0.00201678840074131,2.83012464519314
"GO:0043542","endothelial cell migration","35/1752","221/18346",0.158371040723982,1.65837620611996,3.19949637373851,0.00197262021175386,0.0312056820021115,0.026478837343758,"Abl1/Acvrl1/Bcas3/Cxcl12/Dab2ip/Ephb4/Fbxw7/Hdac7/Igf1/Igf2/Scarb1/Sema4a/Amot/Bcar1/Patz1/Ptp4a3/Ager/Angpt1/Fgfr1/Nr2f2/Rab13/Tbxa2r/Pecam1/Ets1/Cd40/Prkd2/Slit2/Zeb2/Pxn/Lgals8/Spred1/Hdac5/S100a9/Vegfa/Cln3",35,"Shared core",0.0199771689497717,0.0120462226098332,1.65837620611996
"GO:0030307","positive regulation of cell growth","31/1752","189/18346",0.164021164021164,1.71754125292938,3.22185577858579,0.00198584200110663,0.0313303943669215,0.0265846590470726,"Cdc42/Crk/Cxcl12/Dcx/Eif4g1/Fn1/Igf1/Mlst8/Psmd10/Pum2/Rufy3/Sh3glb1/Zfyve27/Bcl11a/Mapt/Pafah1b1/Rims2/Zfp639/Brat1/Islr2/Shtn1/Efna5/Sgk1/Bcl2/Picalm/Taf9b/Cyfip1/Acsl4/Sema4d/Vegfa/Sphk1",31,"Shared core",0.0176940639269406,0.010301973182165,1.71754125292938
"GO:0009895","negative regulation of catabolic process","48/1752","329/18346",0.145896656534954,1.52775117625016,3.13860227871456,0.00200013193748467,0.0314712448822991,0.026704174393227,"Angel2/Apoa2/Bag6/Banp/Bscl2/Dab2ip/Dedd/Dffa/Ehmt2/Eif4enif1/Eif4g1/Elavl4/Fez2/Fhit/Golga2/Hipk2/Hnrnpab/Mlst8/Ogt/Paip1/Phf23/Prmt6/Ptbp1/Qsox1/Snx12/Srsf1/Sufu/Tsc2/Usp14/Usp19/Wac/Wnk1/Apoc1/Stat3/Tsc1/Sirt2/Adora1/Anks1/Bcl2/Csde1/Kdm4a/Tlk2/Flcn/Mdm4/Dhx34/Mad2l2/Mtmr2/Vegfa",48,"Shared core",0.0273972602739726,0.0179330644282132,1.52775117625016
"GO:0034504","protein localization to nucleus","47/1752","321/18346",0.146417445482866,1.53320459750494,3.13154841899626,0.00205829906132737,0.0322998855372469,0.0274072976615249,"Agap3/App/Atf2/Atp13a2/Banp/Dclk2/Eif4enif1/Ing1/Kat7/Kcnq2/Mapk14/Mark3/Nf2/Nup88/Ogt/Ppp3ca/Ptpn5/Rap1gds1/Sin3a/Src/Srsf1/Sun1/Tmem201/Tor1aip2/Tsc2/Ect2/Lats2/Lmna/Nuak2/Angpt1/Cav2/Ciz1/Dclk1/Lzts2/Stat3/Tnpo2/Syne1/Tcf7l2/Cd36/Flcn/E2f3/Hnrnpm/Limk2/Adar/Xpo1/Tyk2/Tnpo1",47,"Shared core",0.0268264840182648,0.0174970020712962,1.53320459750494
"GO:0006997","nucleus organization","24/1752","135/18346",0.177777777777778,1.86159309994926,3.26476980728597,0.00207457673534227,0.032438148473449,0.0275246173790724,"Agap3/Bin1/Celf3/Dctn1/Gopc/Kat5/Nfe2l1/Rtn4/Seh1l/Sun1/Suv39h1/Tmem201/Uspl1/Golm1/Lmna/Pafah1b1/Epc1/Sf1/Syne1/Chd5/Wdr73/Ets1/Spast/Pygo2",24,"Shared core",0.0136986301369863,0.00735855227297504,1.86159309994926
"GO:0031400","negative regulation of protein modification process","59/1752","424/18346",0.139150943396226,1.45711370293788,3.09431340146052,0.00207816388243599,0.032438148473449,0.0275246173790724,"Abl1/Akt1s1/Arrb1/Arrb2/Cadm1/Dab2ip/Dmtn/Dnaja1/Dnajb2/Dvl1/Eif4g1/Ensa/Hexim2/Hmg20b/Igf1/Irf1/Ivns1abp/Myadm/Ncoa7/Nf2/Ogt/Oxr1/Pard6a/Pax6/Pias3/Prkcz/Senp2/Sirt3/Spag9/Spopl/Tsc2/Wnk1/Zbed3/Ctnnb1/Dusp22/Inca1/Lats2/Mapt/Socs1/Ager/Angpt1/Ctdsp2/Dbndd2/Nr2f2/Tbc1d24/Pecam1/Sirt2/Ikbkb/Flcn/Lyn/Mad2l2/Slit2/Suz12/Adar/Sirpa/Sema4d/Spred1/Pard3/Vps25",59,"Shared core",0.033675799086758,0.0231113049166031,1.45711370293788
"GO:0030837","negative regulation of actin filament polymerization","14/1752","63/18346",0.222222222222222,2.32699137493658,3.42819100657265,0.00210765063244717,0.032811144726346,0.0278411144551376,"Add1/Add3/Capzb/Dmtn/Evl/Gsn/Mkks/Myadm/Rdx/Tpm1/Pecam1/Slit2/Sptan1/Ssh2",14,"Shared core",0.00799086757990868,0.00343399106072168,2.32699137493658
"GO:0007051","spindle organization","30/1752","182/18346",0.164835164835165,1.72606503085955,3.19856981144677,0.00215073507413219,0.0333235997993805,0.0282759459875473,"Clasp1/Clasp2/Dctn1/Dctn2/Dlg1/Eml1/Golga2/Haus7/Kif2a/Map4/Mapre2/Pde4dip/Psrc1/Spc25/Stag2/Tacc2/Tubgcp2/Tubgcp4/Zfp207/Csnk1d/Fam110a/Trim36/Tacc1/Tbce/Rnf4/Spast/Limk2/Dctn6/Uhrf1/Tpx2",30,"Shared core",0.0171232876712329,0.00992041861986264,1.72606503085955
"GO:0098876","vesicle-mediated transport to the plasma membrane","25/1752","143/18346",0.174825174825175,1.83067503272983,3.24024655473275,0.00215192440346996,0.0333235997993805,0.0282759459875473,"Ank3/Ankrd27/Atp2c1/Atp9a/Eps15/Exoc1/Gripap1/Prepl/Rab11fip3/Rab34/Snap25/Snx12/Stx3/Vti1a/Acsl3/Gga3/Golga7/Grip1/Arhgap44/Rab13/Clstn1/Stx16/Snx27/Arfrp1/Cln3",25,"Shared core",0.0142694063926941,0.00779461462989207,1.83067503272983
"GO:0019827","stem cell population maintenance","33/1752","206/18346",0.160194174757282,1.67746708338875,3.17726569405966,0.00215917303801826,0.033347859368761,0.0282965308666603,"Dis3l2/Dpf2/Eif4enif1/Fancc/Gnl3/Ing1/Ldb2/Med14/Med7/Miat/Mtf2/Ogt/Sin3a/Smc5/Srrt/Ss18/Stag2/Zfp322a/Arid4b/Med15/Fgfr1/Nfix/Rbpj/Sct/Stat3/Smarca2/Smarcb1/Tcf7l2/Fgfr3/Sall4/Nipbl/Suds3/Kat2a",33,"Shared core",0.0188356164383562,0.0112286056906138,1.67746708338875
"GO:0009200","deoxyribonucleoside triphosphate metabolic process","5/1752","11/18346",0.454545454545455,4.75975508509755,4.05289924111586,0.00222968980081594,0.0341672309164196,0.0289917890549957,"Adk/Dguok/Guk1/Ada/Samhd1",5,"Shared core",0.00285388127853881,0.000599585740760929,4.75975508509755
"GO:0016185","synaptic vesicle budding from presynaptic endocytic zone membrane","5/1752","11/18346",0.454545454545455,4.75975508509755,4.05289924111586,0.00222968980081594,0.0341672309164196,0.0289917890549957,"Ap3s1/Dnm1/Snap91/Dnm3/Picalm",5,"Shared core",0.00285388127853881,0.000599585740760929,4.75975508509755
"GO:1905245","regulation of aspartic-type peptidase activity","5/1752","11/18346",0.454545454545455,4.75975508509755,4.05289924111586,0.00222968980081594,0.0341672309164196,0.0289917890549957,"App/Bin1/Ager/Picalm/Lyn",5,"Shared core",0.00285388127853881,0.000599585740760929,4.75975508509755
"GO:0051052","regulation of DNA metabolic process","65/1752","478/18346",0.135983263598326,1.42394346688065,3.05164696093962,0.00225905855426667,0.0344279533002932,0.0292130188167422,"Abl1/Aifm1/Apbb1/Arrb2/Camk2d/Cdc42/Cdc7/Cdk2/Dffa/Dpf2/Ehmt2/Gnl3/Hdac10/Hnrnpab/Jade1/Kat5/Kat7/Lpin1/Map2k7/Morf4l1/Morf4l2/Pnkp/Rad52/Rbbp6/Rtel1/Senp2/Sh2b1/Slx1b/Smarcc2/Spire1/Src/Suv39h1/Tfdp1/Tfpt/Tmem161a/Uimc1/Wiz/Ctnnb1/Lmna/Pak3/Ciz1/Fgfr1/Mpv17/Epc1/Timeless/Dpf3/Klhl15/Meaf6/Smarca2/Smarcb1/Trp53bp1/Flcn/Inppl1/Cd40/Jade3/Mad2l2/Prkd2/Brd8/Ctc1/Senp3/Vegfa/Atg7/Kat2a/Terf1/Lig3",65,"Shared core",0.0371004566210046,0.0260547258257931,1.42394346688065
"GO:0000725","recombinational repair","27/1752","159/18346",0.169811320754717,1.77817265443267,3.20216982078932,0.0022643022616993,0.0344279533002932,0.0292130188167422,"Abl1/Ap5s1/Cdc7/Kat5/Morf4l1/Morf4l2/Rad52/Rtel1/Sfpq/Slx1b/Smc5/Zmynd8/Htatsf1/Rad54l/Epc1/Timeless/Klhl15/Meaf6/Trp53bp1/Cdc45/Recql/Mad2l2/Brd8/Nipbl/Hus1/Samhd1/Senp3",27,"Shared core",0.0154109589041096,0.00866673934372615,1.77817265443267
"GO:0001837","epithelial to mesenchymal transition","27/1752","159/18346",0.169811320754717,1.77817265443267,3.20216982078932,0.0022643022616993,0.0344279533002932,0.0292130188167422,"Adam15/Clasp1/Clasp2/Dab2/Dab2ip/Hnrnpab/Lef1/Mdk/Rtn4/Tcof1/Tgfbr2/Tsc2/Acvr1/Ctnnb1/Ager/Fgfr1/Rbpj/Tgfb1i1/Ncam1/Ezh2/Tcf7l2/Ddx17/Mad2l2/Phldb2/Spred1/Dlg5/Vegfa",27,"Shared core",0.0154109589041096,0.00866673934372615,1.77817265443267
"GO:0001654","eye development","58/1752","417/18346",0.139088729016787,1.45646222747829,3.06369272419496,0.00227816290915725,0.0345491940926199,0.029315894800008,"Abi2/Acvrl1/Celf4/Dcx/Dlg1/Ephb1/Foxp2/Gpd2/Gpm6a/Hipk2/Mdm1/Meis2/Mfn2/Miat/Nf2/Ntrk2/Pax6/Pbx1/Prom1/Rarb/Rarg/Rdh13/Sall2/Skil/Slc25a25/Sp3/Stau2/Stra6/Tenm3/Tgfbr2/Ctnnb1/Meis3/Nfia/Pdgfra/Ache/Gnb1/Lhx2/Nfix/Pbx3/Shroom2/Stat3/Megf11/Nphp1/Bcl2/Fgfr3/Pitx2/Tcirg1/Limk2/Phactr4/Zeb2/Nipbl/Tgif1/Spred1/Tsku/Cryab/Vegfa/Pygo2/Rorb",58,"Shared core",0.0331050228310502,0.0227297503543007,1.45646222747829
"GO:0098927","vesicle-mediated transport between endosomal compartments","11/1752","44/18346",0.25,2.61786529680365,3.49116028385858,0.0023056225049921,0.0348755115510274,0.0295927836980944,"Ankrd27/Dab2/Nf2/Pxk/Rab11fip3/Rdx/Sh3glb1/Snx12/Src/Snx16/Mtmr2",11,"Shared core",0.00627853881278539,0.00239834296304372,2.61786529680365
"GO:1900024","regulation of substrate adhesion-dependent cell spreading","13/1752","57/18346",0.228070175438596,2.38822799006649,3.41077923691608,0.00234734913799742,0.0353245951048893,0.0299738428390439,"Abl1/Cdc42/Crk/Dab2/Dmtn/Lims1/Mdk/Myadm/Postn/Triobp/Bcar1/Efna5/Cspg5",13,"Shared core",0.00742009132420091,0.0031069442930339,2.38822799006649
"GO:2001222","regulation of neuron migration","13/1752","57/18346",0.228070175438596,2.38822799006649,3.41077923691608,0.00234734913799742,0.0353245951048893,0.0299738428390439,"Arhgef2/Ctnna2/Dab2ip/Mapk8ip3/Mdk/Nsmf/Pax6/Camk2b/Shtn1/Stat3/Tbc1d24/Nipbl/Sema3a",13,"Shared core",0.00742009132420091,0.0031069442930339,2.38822799006649
"GO:0009225","nucleotide-sugar metabolic process","9/1752","32/18346",0.28125,2.94509845890411,3.57828839607478,0.00238062010627471,0.0356424984788935,0.0302435921664491,"Entpd5/Fut8/Galt/Guk1/Mgat1/Uap1/Extl2/Gne/Ugp2",9,"Shared core",0.00513698630136986,0.00174424942766816,2.94509845890411
"GO:0048641","regulation of skeletal muscle tissue development","9/1752","32/18346",0.28125,2.94509845890411,3.57828839607478,0.00238062010627471,0.0356424984788935,0.0302435921664491,"Igf2/Rps6kb1/Shox2/Usp19/Ctnnb1/Usp2/Ybx3/Bcl2/Tcf7l2",9,"Shared core",0.00513698630136986,0.00174424942766816,2.94509845890411
"GO:0090329","regulation of DNA-templated DNA replication","10/1752","38/18346",0.263157894736842,2.75564768084595,3.52013305727663,0.00239347548446362,0.0357437852883384,0.0303295366733558,"Cdc7/Cdk2/Kat7/Senp2/Wiz/Ciz1/Fgfr1/Timeless/Atg7/Lig3",10,"Shared core",0.00570776255707763,0.00207129619535594,2.75564768084595
"GO:0050684","regulation of mRNA processing","23/1752","129/18346",0.178294573643411,1.86700470779795,3.21091085057941,0.00244365659151876,0.0364005597350853,0.0308868269689427,"Acin1/Celf1/Celf2/Celf3/Celf4/Fip1l1/Hdac7/Prpf19/Ptbp1/Puf60/Rbfox2/Rbm4/Rbm7/Rbmx/Rnps1/Son/Srsf7/Srsf9/Zc3h14/Rbfox1/Mbnl2/Sf1/Ddx17",23,"Shared core",0.0131278538812785,0.00703150550528726,1.86700470779795
"GO:0006892","post-Golgi vesicle-mediated transport","18/1752","92/18346",0.195652173913043,2.0487641453246,3.27674834033397,0.00245881021400051,0.036443967830717,0.0309236598733976,"Ank3/Ap1g2/Ap3s1/Atp2c1/Eps15/Exoc1/Myo1b/Prepl/Rab34/Sorcs1/Vti1a/Acsl3/Gga3/Golga7/Ap1g1/Sort1/Arfrp1/Cln3",18,"Shared core",0.0102739726027397,0.00501471710454595,2.0487641453246
"GO:0042551","neuron maturation","14/1752","64/18346",0.21875,2.2906321347032,3.36070950993726,0.00246519939151382,0.036443967830717,0.0309236598733976,"Ank3/App/Cntnap2/Ednrb/Kcnq2/Nr4a2/Nrcam/Opa1/Pmp22/Bcl11a/Kcnip2/Kcnma1/Anks1/Bcl2",14,"Shared core",0.00799086757990868,0.00348849885533631,2.2906321347032
"GO:2000134","negative regulation of G1/S transition of mitotic cell cycle","14/1752","64/18346",0.21875,2.2906321347032,3.36070950993726,0.00246519939151382,0.036443967830717,0.0309236598733976,"Crlf3/Dlg1/Fhl1/Jade1/Ppp2r3d/Rbl1/Trex1/Wac/Zfp655/Acvr1/Ctdsp2/Bcl2/Ezh2/Ppp2r5c",14,"Shared core",0.00799086757990868,0.00348849885533631,2.2906321347032
"GO:0008356","asymmetric cell division","7/1752","21/18346",0.333333333333333,3.49048706240487,3.71041350304359,0.00249765560448819,0.0367386986033614,0.0311737466424842,"Actr3/Arhgef2/Golga2/Pax6/Fgf13/Cntrl/Dock7",7,"Shared core",0.00399543378995434,0.00114466368690723,3.49048706240487
"GO:1902992","negative regulation of amyloid precursor protein catabolic process","7/1752","21/18346",0.333333333333333,3.49048706240487,3.71041350304359,0.00249765560448819,0.0367386986033614,0.0311737466424842,"Bin1/Hap1/Igf1/Ntrk2/Rtn4/Gga3/Picalm",7,"Shared core",0.00399543378995434,0.00114466368690723,3.49048706240487
"GO:0030032","lamellipodium assembly","15/1752","71/18346",0.211267605633803,2.21228053251013,3.32547723148017,0.00252443912576769,0.0369474644117969,0.03135088989108,"Abi2/Ablim1/Actr3/Arhgef7/Capzb/Cdc42/Dmtn/Nckap1/Pmp22/Sh2b1/Ablim3/Ablim2/Cyfip1/Slit2/Pxn",15,"Shared core",0.00856164383561644,0.00387005341763872,2.21228053251013
"GO:1902807","negative regulation of cell cycle G1/S phase transition","15/1752","71/18346",0.211267605633803,2.21228053251013,3.32547723148017,0.00252443912576769,0.0369474644117969,0.03135088989108,"Apbb1/Crlf3/Dlg1/Fhl1/Jade1/Ppp2r3d/Rbl1/Trex1/Wac/Zfp655/Acvr1/Ctdsp2/Bcl2/Ezh2/Ppp2r5c",15,"Shared core",0.00856164383561644,0.00387005341763872,2.21228053251013
"GO:0034248","regulation of amide metabolic process","55/1752","393/18346",0.139949109414758,1.46547166742189,3.0308983904819,0.00254455229643181,0.0371491975814883,0.0315220657617672,"App/Bin1/Caprin1/Cnot6/Dapk1/Eif4e2/Eif4enif1/Eif4g1/Elavl4/Gemin5/Hap1/Igf1/Ilf3/Jmjd4/Klhl25/Mlst8/Mtg2/Mvk/Ntrk2/Ogt/Paip1/Pkm/Pla2g6/Ptbp1/Pum1/Pum2/Pus7/Rbm4/Rps6kb1/Rtn4/Sirt3/Slc35a4/Tcof1/Trim2/Trim3/Unk/Ythdf3/Gga3/Msi2/Tsc1/Cnot7/Mif4gd/Csde1/Picalm/Rpl38/Ang/Cyfip1/Tarbp2/Trub2/Sphk2/Caprin2/Pdik1l/Cpeb4/S100a9/Sphk1",55,"Shared core",0.0313926940639269,0.0214215632835495,1.46547166742189
"GO:0051895","negative regulation of focal adhesion assembly","6/1752","16/18346",0.375,3.92679794520548,3.80558885365558,0.00259238872304463,0.0375672331248122,0.031876779853734,"Acvrl1/Clasp2/Dmtn/Src/Dusp22/Phldb2",6,"Shared core",0.00342465753424658,0.000872124713834078,3.92679794520548
"GO:0055057","neuroblast division","6/1752","16/18346",0.375,3.92679794520548,3.80558885365558,0.00259238872304463,0.0375672331248122,0.031876779853734,"Arhgef2/Lef1/Numb/Fgf13/Fgfr1/Dock7",6,"Shared core",0.00342465753424658,0.000872124713834078,3.92679794520548
"GO:0150118","negative regulation of cell-substrate junction organization","6/1752","16/18346",0.375,3.92679794520548,3.80558885365558,0.00259238872304463,0.0375672331248122,0.031876779853734,"Acvrl1/Clasp2/Dmtn/Src/Dusp22/Phldb2",6,"Shared core",0.00342465753424658,0.000872124713834078,3.92679794520548
"GO:0150063","visual system development","58/1752","420/18346",0.138095238095238,1.44605892585345,3.00486904279608,0.00267930902627249,0.0387311937812641,0.0328644309133916,"Abi2/Acvrl1/Celf4/Dcx/Dlg1/Ephb1/Foxp2/Gpd2/Gpm6a/Hipk2/Mdm1/Meis2/Mfn2/Miat/Nf2/Ntrk2/Pax6/Pbx1/Prom1/Rarb/Rarg/Rdh13/Sall2/Skil/Slc25a25/Sp3/Stau2/Stra6/Tenm3/Tgfbr2/Ctnnb1/Meis3/Nfia/Pdgfra/Ache/Gnb1/Lhx2/Nfix/Pbx3/Shroom2/Stat3/Megf11/Nphp1/Bcl2/Fgfr3/Pitx2/Tcirg1/Limk2/Phactr4/Zeb2/Nipbl/Tgif1/Spred1/Tsku/Cryab/Vegfa/Pygo2/Rorb",58,"Shared core",0.0331050228310502,0.0228932737381446,1.44605892585345
"GO:0008637","apoptotic mitochondrial changes","21/1752","115/18346",0.182608695652174,1.91217986896962,3.18841265520671,0.00274025648020984,0.039321675506972,0.0333654701013325,"Aifm1/Aifm2/Arrb2/Atf2/Dnm1l/Ghitm/Igf1/Mapk9/Mfn2/Ndufs1/Opa1/Pla2g6/Plscr3/Psmd10/Rhot1/Wdr35/Bcl2l1/Lmna/Mpv17l/Bcl2/Bcl2l11",21,"Shared core",0.011986301369863,0.00626839638068244,1.91217986896962
"GO:0030038","contractile actin filament bundle assembly","21/1752","115/18346",0.182608695652174,1.91217986896962,3.18841265520671,0.00274025648020984,0.039321675506972,0.0333654701013325,"Abl1/Arap1/Arrb1/Cdc42/Clasp1/Clasp2/Evl/Limch1/Mkks/Nf2/Sorbs1/Src/Tpm1/Zyx/Arhgef10l/Tsc1/Ppfia1/Zeb2/Pxn/Lpar1/Phldb2",21,"Shared core",0.011986301369863,0.00626839638068244,1.91217986896962
"GO:0043149","stress fiber assembly","21/1752","115/18346",0.182608695652174,1.91217986896962,3.18841265520671,0.00274025648020984,0.039321675506972,0.0333654701013325,"Abl1/Arap1/Arrb1/Cdc42/Clasp1/Clasp2/Evl/Limch1/Mkks/Nf2/Sorbs1/Src/Tpm1/Zyx/Arhgef10l/Tsc1/Ppfia1/Zeb2/Pxn/Lpar1/Phldb2",21,"Shared core",0.011986301369863,0.00626839638068244,1.91217986896962
"GO:2001242","regulation of intrinsic apoptotic signaling pathway","30/1752","185/18346",0.162162162162162,1.69807478711588,3.10076107559848,0.00277228004372023,0.0396841745770586,0.033673060043236,"App/Cxcl12/Dnaja1/Dnm1l/Fbxw7/Ivns1abp/Mapk7/Mapk8ip1/Opa1/Sfpq/Sh3glb1/Siah1b/Skil/Src/Tmem161a/Bcl2l1/Ctnnb1/Syvn1/Ubqln1/Ybx3/Bcl2/Bcl2l11/Bclaf1/Usp15/Flcn/Mdm4/Bub1/S100a9/Ddit3/Cyld",30,"Shared core",0.0171232876712329,0.0100839420037065,1.69807478711588
"GO:0001569","branching involved in blood vessel morphogenesis","11/1752","45/18346",0.244444444444444,2.55969051243024,3.40374990962801,0.0027927275928194,0.0397828112676142,0.0337567558549529,"Abl1/Cxcl12/Lef1/Mdk/Tgfbr2/Acvr1/Ctnnb1/Angpt1/Pitx2/Nfatc4/Vegfa",11,"Shared core",0.00627853881278539,0.00245285075765835,2.55969051243024
"GO:0014904","myotube cell development","11/1752","45/18346",0.244444444444444,2.55969051243024,3.40374990962801,0.0027927275928194,0.0397828112676142,0.0337567558549529,"Cntnap2/Homer1/Igf1/Pmp22/Ppp3ca/Rcan1/Shox2/Acta1/Cav2/Bcl2/Hdac5",11,"Shared core",0.00627853881278539,0.00245285075765835,2.55969051243024
"GO:0017015","regulation of transforming growth factor beta receptor signaling pathway","24/1752","138/18346",0.173913043478261,1.82112368473298,3.14606264520036,0.00280029752900527,0.03979405859015,0.0337662995022912,"Fam89b/Folr1/Hipk2/Hspa5/Htra3/Ing1/Itga3/Nrep/Ogt/Sin3a/Skil/Arid4b/Axin1/Lats2/Npnt/Cav2/Tgfb1i1/Usp15/Flcn/Zeb2/Zfp451/Spred1/Lox/Suds3",24,"Shared core",0.0136986301369863,0.00752207565681893,1.82112368473298
"GO:0032273","positive regulation of protein polymerization","17/1752","86/18346",0.197674418604651,2.06994000212382,3.23153325871229,0.00285801309916183,0.0404185033228453,0.034296157189942,"Actr3/Baiap2/Bin1/Clip1/Cttn/Dctn1/Dlg1/Evl/Mlst8/Nckap1/Pde4dip/Psrc1/Fchsd2/Mapt/Vasp/Myo1c/Slain2",17,"Shared core",0.00970319634703196,0.00468767033685817,2.06994000212382
"GO:0051262","protein tetramerization","17/1752","86/18346",0.197674418604651,2.06994000212382,3.23153325871229,0.00285801309916183,0.0404185033228453,0.034296157189942,"App/Cpsf7/Dnm1/Evl/Farsb/Gls/Golga2/Homer1/Pex5/Pkm/Trpm7/Vasp/Grin1/Kcnc1/Aqp4/Samhd1/Cutc",17,"Shared core",0.00970319634703196,0.00468767033685817,2.06994000212382
"GO:0098901","regulation of cardiac muscle cell action potential","8/1752","27/18346",0.296296296296296,3.10265516658211,3.55262544057459,0.00288063376787605,0.0406404797684244,0.0344845100096701,"Atp2a2/Bin1/Camk2d/Dlg1/Tmem161b/Fgf13/Cxadr/Ank2",8,"Shared core",0.0045662100456621,0.00147171045459501,3.10265516658211
"GO:0032272","negative regulation of protein polymerization","16/1752","79/18346",0.20253164556962,2.12080226576498,3.24383904959755,0.00290468093903288,0.0407836661033109,0.0346060073597697,"Add1/Add3/Arhgef7/Capzb/Dmtn/Evl/Gsn/Mkks/Myadm/Rdx/Tpm1/Pecam1/Sgk1/Slit2/Sptan1/Ssh2",16,"Shared core",0.0091324200913242,0.00430611577455576,2.12080226576498
"GO:1901379","regulation of potassium ion transmembrane transport","16/1752","79/18346",0.20253164556962,2.12080226576498,3.24383904959755,0.00290468093903288,0.0407836661033109,0.0346060073597697,"Ank3/Bin1/Dlg1/Fhl1/Kcnab2/Kcnh2/Kcnip1/Wnk1/Kcnip4/Rgs7/Kcnip2/Wnk2/Amigo1/Kcnc1/Ank2/Kcne3",16,"Shared core",0.0091324200913242,0.00430611577455576,2.12080226576498
"GO:0046847","filopodium assembly","15/1752","72/18346",0.208333333333333,2.18155441400304,3.2640254095534,0.00291296743055437,0.0408024005964763,0.0346219040672094,"Actr3/Arap1/Capzb/Cdc42/Dmtn/Dpysl3/Fnbp1l/Gpm6a/Stau2/Zmynd8/Wasl/Arhgap44/Dnm3/Itga6/Cln3",15,"Shared core",0.00856164383561644,0.00392456121225335,2.18155441400304
"GO:0022407","regulation of cell-cell adhesion","66/1752","492/18346",0.134146341463415,1.40470820804098,2.9566993431564,0.00292396876096725,0.0408589825193257,0.0346699153086117,"Abl1/Adk/Ank3/Brd2/Cd59a/Cd83/Celsr2/Cxcl12/Dlg1/Epha7/Ephb4/H2-Q7/Igf1/Igf2/Irak1/Irf1/Kat5/Kifap3/Klhl25/Lef1/Magi1/Mapk14/Mapk7/Mbp/Mdk/Mink1/Myadm/Nf2/Ppp3ca/Prkcz/Ptpru/Rdx/Smarcc2/Src/Taok2/Tenm3/Tgfbr2/Tsc2/Wnk1/Dusp22/Sh2b3/Socs1/Ager/Magi2/Efna5/Itch/Ada/Itga6/Smarca2/Smarcb1/Lgals3/Ets1/Lyn/Tspan32/Mad2l2/Sirpa/Tyk2/Glmn/Lgals8/Dlg5/Fcho1/Pcdh8/Vegfa/Rc3h2/Cyld/Cebpb",66,"Shared core",0.0376712328767123,0.0268178349503979,1.40470820804098
"GO:0003015","heart process","37/1752","243/18346",0.152263374485597,1.59442001616025,3.03090031160936,0.00299969596426754,0.0417246703322999,0.0354044740594401,"Atp2a2/Bin1/Camk2d/Cdc42/Dlg1/Dnm1l/Ednrb/Fxyd1/Gjc1/Gnao1/Gsn/Kcnh2/Mef2a/Pde4b/Rap1gds1/Shox2/Smad5/Src/Srsf1/Tmem161b/Tpm1/Trex1/Vegfb/Fgf13/Cacna2d1/Cxadr/Kcnip2/Npff/Ada/Adora1/Ank2/Kcnd3/Kcne3/Mdm4/Myl1/Rnls/Sema3a",37,"Shared core",0.0211187214611872,0.0132453940913551,1.59442001616025
"GO:0048841","regulation of axon extension involved in axon guidance","9/1752","33/18346",0.272727272727273,2.85585305105853,3.46713836429581,0.00300013816326982,0.0417246703322999,0.0354044740594401,"Cxcl12/Sema4a/Sema6d/Sema4c/Sema6c/Sema4f/Sema4d/Sema3a/Vegfa",9,"Shared core",0.00513698630136986,0.00179875722228279,2.85585305105853
"GO:0030534","adult behavior","30/1752","186/18346",0.161290322580645,1.68894535277655,3.06855344000862,0.00301092301596886,0.0417756670939036,0.035447746145449,"Abat/App/Arrb2/Cntnap2/Cxcl12/Ehmt2/Fgf14/Gabrg2/Hipk2/Homer1/Nr4a2/Oxr1/Pmp22/Pum1/Slc1a2/Adam22/Axin1/Mapt/Nrxn3/Pafah1b1/Fgf12/Grin1/Nrxn2/Pbx3/Sez6/Tsc1/Grik1/Kcnma1/Tbce/Atg7",30,"Shared core",0.0171232876712329,0.0101384497983212,1.68894535277655
"GO:0036293","response to decreased oxygen levels","36/1752","235/18346",0.153191489361702,1.60413873506266,3.02865471433257,0.00305520999139828,0.0422901590554635,0.0358843060310459,"Abat/Ak4/Arnt/Atf2/Camk2d/Camk2g/Comt/Dnmt3a/Hp1bp3/Mlst8/Nr4a2/Ogt/Rora/Rtn4/Scap/Suv39h1/Suv39h2/Tsc2/Usp19/Vegfb/Ubqln1/Ager/Gnb1/Stat3/Tsc1/Kcnma1/Sirt2/Ada/Adora1/Bcl2/Ang/Zeb2/Pgf/Cpeb4/Cryab/Vegfa",36,"Shared core",0.0205479452054795,0.012809331734438,1.60413873506266
"GO:0034614","cellular response to reactive oxygen species","24/1752","139/18346",0.172661870503597,1.80802207549029,3.1071469700141,0.00308553909198835,0.0426094798373638,0.0361552580661223,"Abl1/Agap3/Ankzf1/Fancc/Mapk7/Mapk9/Net1/Pcgf2/Pex2/Pex5/Psap/Src/Trex1/Ect2/Ercc6l2/Pdgfra/Mpv17/Axl/Hdac6/Ezh2/Cd36/Sirpa/Atg7/Sphk1",24,"Shared core",0.0136986301369863,0.00757658345143356,1.80802207549029
"GO:0001508","action potential","26/1752","155/18346",0.167741935483871,1.75650316688761,3.0732555787761,0.00320943637827369,0.044211853105027,0.0375149136927985,"Ank3/Atp2a2/Bin1/Camk2d/Cntnap2/Dlg1/Kcnab2/Kcnh2/Kcnip1/Kcnq2/Nrcam/Ntrk2/Pmp22/Tmem161b/Fgf13/Cacna2d1/Cxadr/Fgf12/Gria1/Kcnip2/Kcnma1/Rapgef4/Ank2/Cd36/Kcne3/Cln3",26,"Shared core",0.0148401826484018,0.00844870816526763,1.75650316688761
"GO:0007346","regulation of mitotic cell cycle","66/1752","494/18346",0.133603238866397,1.39902113027564,2.92123365848263,0.00322159537775098,0.044211853105027,0.0375149136927985,"Abl1/Anapc11/Angel2/App/Atf2/Camk2d/Cdc42/Cdc7/Cdk10/Cdk2/Crlf3/Dlg1/Dpf2/Eif4g1/Fhl1/Igf1/Igf2/Jade1/Meis2/Mta3/Nfe2l1/Nusap1/Pbx1/Ppp2r3d/Rbl1/Rdx/Rps6kb1/Senp2/Sh2b1/Sin3a/Smarcc2/Spc25/Taok2/Taok3/Tcf3/Tom1l2/Trex1/Uimc1/Wac/Zfp207/Zfp655/Acvr1/Ctnnb1/Pafah1b1/Cdc25b/Ctdsp2/Fgfr1/Usp2/Bcl2/Dpf3/Smarca2/Smarcb1/Tunar/Ezh2/Sra1/Fgfr3/Ppp2r5c/Bub1/Hspa2/Hus1/Tjp3/Ctc1/Brsk1/Ccne2/Cyld/Sphk1",66,"Shared core",0.0376712328767123,0.0269268505396272,1.39902113027564
"GO:0009408","response to heat","17/1752","87/18346",0.195402298850575,2.0461475883063,3.17807729997972,0.00324297497877065,0.044211853105027,0.0375149136927985,"Atxn3/Calca/Cntnap2/Dnaja1/Eef1d/Eif2b4/Igf1/Irak1/Map2k7/Pmp22/Psip1/Arpp21/Mapt/Hspb2/Slu7/Trp53inp1/Cryab",17,"Shared core",0.00970319634703196,0.0047421781314728,2.0461475883063
"GO:0035924","cellular response to vascular endothelial growth factor stimulus","13/1752","59/18346",0.220338983050847,2.30727110904729,3.26791538335517,0.00324354885154612,0.044211853105027,0.0375149136927985,"Dab2ip/Mapk14/Tcf4/Vegfb/Pdgfra/Ptp4a3/Nrp2/Myo1c/Prkd2/Pgf/Vegfa/Gab1/Sphk1",13,"Shared core",0.00742009132420091,0.00321595988226316,2.30727110904729
"GO:0042987","amyloid precursor protein catabolic process","13/1752","59/18346",0.220338983050847,2.30727110904729,3.26791538335517,0.00324354885154612,0.044211853105027,0.0375149136927985,"Aph1a/App/Bin1/Hap1/Igf1/Ntrk2/Rtn4/Gga3/Ager/Picalm/Bace1/Lyn/Cln3",13,"Shared core",0.00742009132420091,0.00321595988226316,2.30727110904729
"GO:0031396","regulation of protein ubiquitination","31/1752","195/18346",0.158974358974359,1.66469382976232,3.03206872414305,0.00325099836644952,0.044211853105027,0.0375149136927985,"Abl1/Aimp2/Arrb1/Arrb2/Arrdc4/Dnaja1/Dnajb2/Fbxw7/Hspa5/Ivns1abp/Mapk9/Ndfip2/Ogt/Phf23/Psmd10/Rassf1/Senp2/Spopl/Ube3a/Wbp1l/Wnk1/Axin1/Ctnnb1/Ubqln1/Xiap/Angpt1/Nmi/Fgfr3/Mad2l2/Atg7/Sphk1",31,"Shared core",0.0176940639269406,0.0106290199498528,1.66469382976232
"GO:0045787","positive regulation of cell cycle","48/1752","337/18346",0.142433234421365,1.49148408601276,2.95889788667899,0.00325430576612228,0.044211853105027,0.0375149136927985,"Abl1/Anapc11/App/Camk2d/Cdc42/Cdc7/Eif4g1/Fen1/Igf1/Igf2/Kat5/Lef1/Map3k7/Meis2/Mta3/Ncaph2/Nusap1/Pbx1/Psmd10/Psrc1/Rdx/Rps6kb1/Sfpq/Sh2b1/Sin3a/Smc2/Smc5/Tcf3/Usp19/Wiz/Wnk1/Ect2/Pafah1b1/Camk2b/Cdc25b/Fgfr1/Usp2/Rad23a/Sirt2/Bcl2l11/Tunar/Ezh2/Spast/Bub1/Hspa2/Pkp4/Ccne2/Sphk1",48,"Shared core",0.0273972602739726,0.0183691267851303,1.49148408601276
"GO:0007626","locomotory behavior","39/1752","261/18346",0.149425287356322,1.56470109694011,2.98558881160805,0.00329890944164614,0.0445797290995984,0.0378270660957574,"Abat/Aplp2/App/Arrb2/Cntnap2/Cxcl12/Elavl4/Fgf14/Gnao1/Hipk2/Nr4a2/Oprl1/Oxr1/Pde1b/Pmp22/Psap/Pum1/Rcan1/Rcan2/Snap25/Ube3a/Adam22/Axin1/Gng7/Gprc5b/Mapt/Negr1/Pafah1b1/Fgf12/Grin1/Pbx3/Sez6/Tsc1/Usp2/Kcnma1/Slc4a10/Als2/Tbce/Atg7",39,"Shared core",0.0222602739726027,0.0142265343944184,1.56470109694011
"GO:0048880","sensory system development","58/1752","424/18346",0.136792452830189,1.43241686051521,2.92713449172516,0.00330897387463026,0.0445797290995984,0.0378270660957574,"Abi2/Acvrl1/Celf4/Dcx/Dlg1/Ephb1/Foxp2/Gpd2/Gpm6a/Hipk2/Mdm1/Meis2/Mfn2/Miat/Nf2/Ntrk2/Pax6/Pbx1/Prom1/Rarb/Rarg/Rdh13/Sall2/Skil/Slc25a25/Sp3/Stau2/Stra6/Tenm3/Tgfbr2/Ctnnb1/Meis3/Nfia/Pdgfra/Ache/Gnb1/Lhx2/Nfix/Pbx3/Shroom2/Stat3/Megf11/Nphp1/Bcl2/Fgfr3/Pitx2/Tcirg1/Limk2/Phactr4/Zeb2/Nipbl/Tgif1/Spred1/Tsku/Cryab/Vegfa/Pygo2/Rorb",58,"Shared core",0.0331050228310502,0.0231113049166031,1.43241686051521
"GO:0043268","positive regulation of potassium ion transport","11/1752","46/18346",0.239130434782609,2.50404506650784,3.31867395126557,0.00335942685429444,0.0445797290995984,0.0378270660957574,"Dlg1/Fhl1/Kcnh2/Wnk1/Rgs7/Kcnip2/Wnk2/Amigo1/Kcnc1/Adora1/Ank2",11,"Shared core",0.00627853881278539,0.00250735855227298,2.50404506650784
"GO:0045197","establishment or maintenance of epithelial cell apical/basal polarity","11/1752","46/18346",0.239130434782609,2.50404506650784,3.31867395126557,0.00335942685429444,0.0445797290995984,0.0378270660957574,"Cdc42/Dlg1/Pard6a/Syne4/Lhx2/Mark2/Camsap3/Mtcl1/Dlg3/Dlg5/Pard3",11,"Shared core",0.00627853881278539,0.00250735855227298,2.50404506650784
"GO:0048489","synaptic vesicle transport","11/1752","46/18346",0.239130434782609,2.50404506650784,3.31867395126557,0.00335942685429444,0.0445797290995984,0.0378270660957574,"Ap1s2/Ap3s1/Dnm1/Kif5a/Snap91/Trim46/Ctnnb1/Synj1/Dnm3/Picalm/Madd",11,"Shared core",0.00627853881278539,0.00250735855227298,2.50404506650784
"GO:1902116","negative regulation of organelle assembly","11/1752","46/18346",0.239130434782609,2.50404506650784,3.31867395126557,0.00335942685429444,0.0445797290995984,0.0378270660957574,"Arhgef2/Cdk10/Ehmt2/Fez2/Map4/Mdm1/Mfn2/Phf23/Limk2/Lpar1/Kat2a",11,"Shared core",0.00627853881278539,0.00250735855227298,2.50404506650784
"GO:0031290","retinal ganglion cell axon guidance","7/1752","22/18346",0.318181818181818,3.33182855956829,3.55588888868606,0.0033648487563866,0.0445797290995984,0.0378270660957574,"Epha7/Ephb1/Nrcam/Efna5/Sema4f/Slit2/Vegfa",7,"Shared core",0.00399543378995434,0.00119917148152186,3.33182855956829
"GO:0034260","negative regulation of GTPase activity","7/1752","22/18346",0.318181818181818,3.33182855956829,3.55588888868606,0.0033648487563866,0.0445797290995984,0.0378270660957574,"Dab2ip/Gpsm1/Mkks/Rap1gds1/Rdx/Wnk1/Amot",7,"Shared core",0.00399543378995434,0.00119917148152186,3.33182855956829
"GO:0048670","regulation of collateral sprouting","7/1752","22/18346",0.318181818181818,3.33182855956829,3.55588888868606,0.0033648487563866,0.0445797290995984,0.0378270660957574,"Dcx/Epha7/Ptprs/Bcl11a/Fgf13/Efna5/Sema4d",7,"Shared core",0.00399543378995434,0.00119917148152186,3.33182855956829
"GO:1900006","positive regulation of dendrite development","7/1752","22/18346",0.318181818181818,3.33182855956829,3.55588888868606,0.0033648487563866,0.0445797290995984,0.0378270660957574,"Abl1/Clip1/Dab2ip/Elavl4/Opa1/Ezh2/Cyfip1",7,"Shared core",0.00399543378995434,0.00119917148152186,3.33182855956829
"GO:0001822","kidney development","47/1752","329/18346",0.142857142857143,1.49592302674494,2.94931629118893,0.00336493780731336,0.0445797290995984,0.0378270660957574,"Ampd2/Ap1b1/Ap2b1/Aph1a/Bag6/Comt/Dlg1/Ednrb/Epha7/Itga3/Mtss1/Nek1/Pbx1/Ppp3ca/Prom1/Rarb/Smad5/Spp1/Stra6/Sulf2/Tfap2b/Trex1/Vcan/Wnt7b/Zfp950/Cited1/Ctnnb1/Npnt/Pdgfra/Tmem67/Angpt1/Cflar/Fgfr1/Lzts2/Mpv17/Tsc1/Timeless/Bcl2/Bcl2l11/Flcn/Ctnnd1/Cntrl/Slit2/Pgf/Dlg5/Vegfa/Pygo2",47,"Shared core",0.0268264840182648,0.0179330644282132,1.49592302674494
"GO:0039531","regulation of cytoplasmic pattern recognition receptor signaling pathway","19/1752","102/18346",0.186274509803922,1.95056629957919,3.12804385613981,0.00338592637045752,0.0447439799041493,0.0379664371992952,"Atat1/Lamp2/Nagk/Ptprs/Pum1/Pum2/Rtn4/Sec14l1/Src/Trex1/Trim3/Ubqln1/Wdfy1/Itch/Sirt2/Usp15/Cd36/Gramd4/Tarbp2",19,"Shared core",0.0108447488584475,0.00555979505069225,1.95056629957919
"GO:0006275","regulation of DNA replication","21/1752","117/18346",0.179487179487179,1.87949303360262,3.10094653409748,0.00339258324371212,0.0447439799041493,0.0379664371992952,"Cdc42/Cdc7/Cdk2/Ehmt2/Jade1/Kat7/Lpin1/Rbbp6/Senp2/Tfpt/Wiz/Ciz1/Fgfr1/Timeless/Meaf6/Inppl1/Jade3/Ctc1/Atg7/Terf1/Lig3",21,"Shared core",0.011986301369863,0.0063774119699117,1.87949303360262
"GO:0045843","negative regulation of striated muscle tissue development","5/1752","12/18346",0.416666666666667,4.36310882800609,3.78663370829903,0.00352352044344003,0.0458544576746378,0.0389087066314017,"Hdac7/Lef1/Luc7l/Sirt2/Hdac5",5,"Shared core",0.00285388127853881,0.000654093535375559,4.36310882800609
"GO:0097048","dendritic cell apoptotic process","5/1752","12/18346",0.416666666666667,4.36310882800609,3.78663370829903,0.00352352044344003,0.0458544576746378,0.0389087066314017,"Cxcl12/Bcl2l1/Axl/Bcl2/Lyn",5,"Shared core",0.00285388127853881,0.000654093535375559,4.36310882800609
"GO:0099532","synaptic vesicle endosomal processing","5/1752","12/18346",0.416666666666667,4.36310882800609,3.78663370829903,0.00352352044344003,0.0458544576746378,0.0389087066314017,"Ap1s2/Dnm1l/Gripap1/Vti1a/Bcl2l1",5,"Shared core",0.00285388127853881,0.000654093535375559,4.36310882800609
"GO:1902883","negative regulation of response to oxidative stress","5/1752","12/18346",0.416666666666667,4.36310882800609,3.78663370829903,0.00352352044344003,0.0458544576746378,0.0389087066314017,"Adcyap1r1/Ncoa7/Oxr1/Tbc1d24/Tsc1",5,"Shared core",0.00285388127853881,0.000654093535375559,4.36310882800609
"GO:2000668","regulation of dendritic cell apoptotic process","5/1752","12/18346",0.416666666666667,4.36310882800609,3.78663370829903,0.00352352044344003,0.0458544576746378,0.0389087066314017,"Cxcl12/Bcl2l1/Axl/Bcl2/Lyn",5,"Shared core",0.00285388127853881,0.000654093535375559,4.36310882800609
"GO:0046434","organophosphate catabolic process","36/1752","237/18346",0.151898734177215,1.59060169932374,2.97352775751521,0.00352365997806469,0.0458544576746378,0.0389087066314017,"Apoa2/App/Eno2/Eno3/Entpd5/Fhit/Galt/Gpcpd1/Igf1/Mlst8/Mlx/Nt5c2/Nt5c3/Nudt7/Ogdh/Ogt/Pde2a/Pkm/Pla2g6/Scarb1/Smpd4/Trex1/Cant1/Enpp5/Upp1/Zbtb20/Apoc1/Nudt17/Pank4/Pde4a/Stat3/Ada/Pfkp/Flcn/Nudt3/Samhd1",36,"Shared core",0.0205479452054795,0.0129183473236673,1.59060169932374
"GO:0007613","memory","27/1752","164/18346",0.164634146341463,1.72396007350484,3.02598017833043,0.00353985980090912,0.0459633565741939,0.0390011101958571,"App/Comt/Ehmt2/Fen1/Igf1/Igf2/Itga3/Kcnq2/Mdk/Ntrk2/Pja2/Pla2g6/Prkcz/Rcan1/Rcan2/Snap25/Fgf13/Gabrb3/Mapt/Trpm7/Gria1/Grin1/Nfix/Sgk1/Bace1/Nfatc4/Kat2a",27,"Shared core",0.0154109589041096,0.0089392783167993,1.72396007350484
"GO:0045022","early endosome to late endosome transport","10/1752","40/18346",0.25,2.61786529680365,3.32832703175156,0.00359987771080805,0.0464344665598515,0.0394008593402727,"Ankrd27/Dab2/Nf2/Pxk/Rdx/Sh3glb1/Snx12/Src/Snx16/Mtmr2",10,"Shared core",0.00570776255707763,0.0021803117845852,2.61786529680365
"GO:0048741","skeletal muscle fiber development","10/1752","40/18346",0.25,2.61786529680365,3.32832703175156,0.00359987771080805,0.0464344665598515,0.0394008593402727,"Cntnap2/Homer1/Pmp22/Ppp3ca/Rcan1/Shox2/Acta1/Cav2/Bcl2/Hdac5",10,"Shared core",0.00570776255707763,0.0021803117845852,2.61786529680365
"GO:0120033","negative regulation of plasma membrane bounded cell projection assembly","10/1752","40/18346",0.25,2.61786529680365,3.32832703175156,0.00359987771080805,0.0464344665598515,0.0394008593402727,"Actr3/Arhgap24/Capzb/Cdk10/Evl/Map4/Arhgap44/Limk2/Slit2/Lpar1",10,"Shared core",0.00570776255707763,0.0021803117845852,2.61786529680365
"GO:0090092","regulation of transmembrane receptor protein serine/threonine kinase signaling pathway","38/1752","254/18346",0.149606299212598,1.56659655556754,2.95459436294224,0.003614716539974,0.046523621432253,0.039476509581295,"Abl1/Acvrl1/Dab2/Fam89b/Folr1/Hipk2/Hspa5/Htra3/Igsf1/Ing1/Itga3/Neo1/Nrep/Ogt/Sh2b1/Sin3a/Skil/Tfap2b/Tgfbr2/Tmem53/Acvr1/Arid4b/Axin1/Lats2/Npnt/Cav2/Magi2/Rbpj/Tgfb1i1/Ucma/Usp15/Tcf7l2/Flcn/Zeb2/Zfp451/Spred1/Lox/Suds3",38,"Shared core",0.021689497716895,0.013844979832116,1.56659655556754
"GO:0031113","regulation of microtubule polymerization","12/1752","53/18346",0.226415094339623,2.37089687257689,3.24751091458566,0.00363106556880222,0.0466317807949677,0.0395682856293984,"Abl1/Arhgef7/Camsap1/Clasp2/Clip1/Dctn1/Pde4dip/Psrc1/Mapt/Sgk1/Camsap3/Slain2",12,"Shared core",0.00684931506849315,0.00288891311457538,2.37089687257689
"GO:0031667","response to nutrient levels","54/1752","391/18346",0.138107416879795,1.44618645552325,2.89776006330168,0.00366798169694795,0.0468029022632331,0.0397134866707959,"Atf2/Atxn3/Bcas3/Chka/Cntnap2/Comt/Ehmt2/Eif4g1/Folr1/Ghr/Hspa5/Kat5/Lamp2/Mapk14/Mkks/Mlst8/Mlx/Nprl3/Ogt/Pex2/Postn/Rps6kb1/Seh1l/Sesn1/Sh3glb1/Slc25a25/Spp1/Suv39h1/Tsc2/Mapt/Nuak2/Sgip1/Folr2/Gas2l1/Npff/Sct/Tsc1/Wdr45/Wdr59/Sirt2/Ada/Bcl2/Tcf7l2/Trim24/Flcn/Rnase4/Pomc/Zeb2/Tbc1d5/Usp33/Cpeb4/Ddit3/Atg7/Cd68",54,"Shared core",0.0308219178082192,0.0213125476943203,1.44618645552325
"GO:0006302","double-strand break repair","40/1752","271/18346",0.14760147601476,1.54560312726415,2.94017181105349,0.00367301042482129,0.0468029022632331,0.0397134866707959,"Abl1/Ap5s1/Apbb1/Cdc7/Dclre1c/Dpf2/Kat5/Morf4l1/Morf4l2/Pnkp/Prpf19/Rad52/Rtel1/Sfpq/Slx1b/Smarcc2/Smc5/Spire1/Uimc1/Zmynd8/Htatsf1/Rad54l/Epc1/Timeless/Dpf3/Iffo1/Klhl15/Meaf6/Smarca2/Smarcb1/Trp53bp1/Cdc45/Recql/Mad2l2/Brd8/Nipbl/Hus1/Samhd1/Senp3/Lig3",40,"Shared core",0.0228310502283105,0.0147716123405647,1.54560312726415
"GO:0045786","negative regulation of cell cycle","51/1752","365/18346",0.13972602739726,1.4631356727341,2.90401002545639,0.00368061678143455,0.0468029022632331,0.0397134866707959,"Abl1/Angel2/Apbb1/Apbb2/Atf2/Atf5/Crlf3/Dab2ip/Dlg1/Fhl1/Hexim2/Jade1/Mapk14/Mdm1/Mfn2/Nek1/Ppp2r3d/Prkacb/Prpf19/Rbl1/Spc25/Suv39h1/Taok2/Taok3/Tom1l2/Trex1/Uimc1/Wac/Zfp207/Zfp655/Acvr1/Ctnnb1/Inca1/Lats2/Tmem67/Ctdsp2/Gnb1l/Nr2f2/Timeless/Bcl2/Rad1/Trp53bp1/Ezh2/Fgfr3/Ets1/Ppp2r5c/Bub1/Naa10/Hus1/Brsk1/Kat2a",51,"Shared core",0.0291095890410959,0.0198953450343399,1.4631356727341
"GO:0021859","pyramidal neuron differentiation","6/1752","17/18346",0.352941176470588,3.69580983078163,3.61322239937167,0.00368585164610922,0.0468029022632331,0.0397134866707959,"Dclk2/Dcx/Kcnq2/Ogdh/Slc4a10/Atg7",6,"Shared core",0.00342465753424658,0.000926632508448708,3.69580983078163
"GO:0010971","positive regulation of G2/M transition of mitotic cell cycle","8/1752","28/18346",0.285714285714286,2.99184605348989,3.42725267357952,0.00370021241270066,0.0468029022632331,0.0397134866707959,"App/Camk2d/Cdc7/Mta3/Pbx1/Sin3a/Cdc25b/Hspa2",8,"Shared core",0.0045662100456621,0.00152621824920964,2.99184605348989
"GO:0097062","dendritic spine maintenance","8/1752","28/18346",0.285714285714286,2.99184605348989,3.42725267357952,0.00370021241270066,0.0468029022632331,0.0397134866707959,"App/Cntnap2/Cttn/Homer1/Itga3/Zmynd8/Grin1/Mtmr2",8,"Shared core",0.0045662100456621,0.00152621824920964,2.99184605348989
"GO:0099149","regulation of postsynaptic neurotransmitter receptor internalization","8/1752","28/18346",0.285714285714286,2.99184605348989,3.42725267357952,0.00370021241270066,0.0468029022632331,0.0397134866707959,"Hap1/Iqsec1/Numb/Pip5k1c/Rnf216/Synj1/Sirt2/Lpar1",8,"Shared core",0.0045662100456621,0.00152621824920964,2.99184605348989
"GO:0031032","actomyosin structure organization","33/1752","213/18346",0.154929577464789,1.62233905717409,2.9684681572685,0.00371104529479511,0.046838978140113,0.0397440979958703,"Abl1/Arap1/Arrb1/Cdc42/Clasp1/Clasp2/Evl/Limch1/Mef2a/Mfn2/Mkks/Myo18a/Nf2/Rtkn/Sorbs1/Src/Tpm1/Zyx/Ect2/Pdgfra/Tnnt3/Trpm7/Acta1/Arhgef10l/Cflar/Frmd3/Tsc1/Ppfia1/Tnnt1/Zeb2/Pxn/Lpar1/Phldb2",33,"Shared core",0.0188356164383562,0.0116101602529162,1.62233905717409
"GO:0051491","positive regulation of filopodium assembly","9/1752","34/18346",0.264705882352941,2.77185737308622,3.36008833476137,0.00374006863614809,0.0471039974797278,0.0399689738369474,"Actr3/Arap1/Cdc42/Dpysl3/Fnbp1l/Gpm6a/Zmynd8/Wasl/Dnm3",9,"Shared core",0.00513698630136986,0.00185326501689742,2.77185737308622
"GO:1903076","regulation of protein localization to plasma membrane","21/1752","118/18346",0.177966101694915,1.86356512653819,3.05785547747246,0.00376455690779011,0.0473108875627841,0.0401445254835006,"Actr3/Atp2c1/Camk2d/Camk2g/Dab2/Dlg1/Gripap1/Itga3/Numb/Sorbs1/Stx3/Wnk1/Acsl3/Bcl2l1/Grip1/Arhgap44/Camk2b/Picalm/Lgals3/Ppfia1/Cln3",21,"Shared core",0.011986301369863,0.00643191976452633,1.86356512653819
"GO:0010632","regulation of epithelial cell migration","36/1752","238/18346",0.151260504201681,1.58391849890641,2.94615665620716,0.00378001012483715,0.047403588509977,0.0402231846617286,"Abl1/Acvrl1/Bcas3/Clasp1/Clasp2/Dab2ip/Evl/Fbxw7/Hdac7/Igf1/Igf2/Iqsec1/Itga3/Map4k4/Mapre2/Rtn4/Sema4a/Src/Tgfbr2/Amot/Bcar1/Patz1/Ager/Angpt1/Fgfr1/Nr2f2/Tbxa2r/Hdac6/Ets1/Cd40/Prkd2/Slit2/Spred1/Hdac5/Sema3a/Vegfa",36,"Shared core",0.0205479452054795,0.0129728551182819,1.58391849890641
"GO:0009261","ribonucleotide catabolic process","25/1752","149/18346",0.167785234899329,1.75695657503601,3.01449500395243,0.0037924760012474,0.0474585109836268,0.0402697878170832,"App/Eno2/Eno3/Entpd5/Galt/Igf1/Mlst8/Mlx/Nt5c2/Nt5c3/Nudt7/Ogdh/Ogt/Pde2a/Pkm/Trex1/Upp1/Zbtb20/Pank4/Pde4a/Stat3/Ada/Pfkp/Flcn/Nudt3",25,"Shared core",0.0142694063926941,0.00812166139757985,1.75695657503601
"GO:0050708","regulation of protein secretion","45/1752","314/18346",0.143312101910828,1.50068711281738,2.90776733838058,0.00381530827490645,0.0476426473732467,0.040426032359647,"Abat/Apbb1/Arrb1/Atp13a2/Cask/Dnm1l/Ensa/Frmd4a/Gnao1/Igf1/Map4k4/Myo18a/Myt1/Ncoa6/Neo1/Nnat/Pard6a/Pla2g6/Ppp3ca/Ptbp1/Rab11fip3/Rab34/Rap1gds1/Rhbdd3/Sirt3/Tbc1d1/Tfap2b/Npff/Pde1c/Efna5/Rapgef4/Rab11fip5/Tunar/Tcf7l2/Syt7/Ang/Tcirg1/Acsl4/Hmgn3/Madd/Midn/Gnas/Sec24a/Brsk2/Atg7",45,"Shared core",0.0256849315068493,0.0171154475089938,1.50068711281738
"GO:0009267","cellular response to starvation","26/1752","157/18346",0.165605095541401,1.73412733036675,3.00169922615172,0.00383408385484746,0.0476785101920379,0.0404564628993608,"Atf2/Atxn3/Chka/Comt/Ehmt2/Hspa5/Kat5/Lamp2/Nprl3/Seh1l/Sesn1/Sh3glb1/Suv39h1/Tsc2/Nuak2/Gas2l1/Tsc1/Wdr45/Wdr59/Bcl2/Tcf7l2/Flcn/Rnase4/Usp33/Cpeb4/Atg7",26,"Shared core",0.0148401826484018,0.00855772375449689,1.73412733036675
"GO:0009749","response to glucose","30/1752","189/18346",0.158730158730159,1.66213669638327,2.97308194162616,0.0038344278089354,0.0476785101920379,0.0404564628993608,"Apoa2/Arrb1/Eif2b4/Igf1/Kat5/Map4k4/Myt1/Ncoa6/Nnat/Ogt/Pih1d1/Pla2g6/Ppp3ca/Rab34/Rbm4/Sin3a/Tbc1d1/Zbed3/Zbtb20/Ager/Pde1c/Efna5/Aqp4/Rab11fip5/Smarcb1/Tunar/Tcf7l2/Hmgn3/Brsk2/Atg7",30,"Shared core",0.0171232876712329,0.010301973182165,1.66213669638327
"GO:0045807","positive regulation of endocytosis","16/431","187/18346",0.0855614973262032,3.64202141518915,5.63248779517914,9.1806000418469e-06,0.0319138479838381,0.0279984462678954,"Apoe/Hnrnpk/Itsn1/Ntf3/Trem2/Bicd1/Nlgn1/Wnt5a/Cav1/Cd151/Dnm2/Fcgr2b/Kif3a/Snca/Ano6/Fmr1",16,"Midbrain only",0.037122969837587,0.0101929575929358,3.64202141518915
"GO:0048169","regulation of long-term neuronal synaptic plasticity","7/431","39/18346",0.179487179487179,7.64007377000416,6.43851488326453,3.02018535818703e-05,0.0319138479838381,0.0279984462678954,"Fxr1/Kit/Fcgr2b/Snca/Grik2/Synpo/Fmr1",7,"Midbrain only",0.0162412993039443,0.00212580398997057,7.64007377000416
"GO:0030336","negative regulation of cell migration","20/431","301/18346",0.0664451827242525,2.82831397275902,4.96071948771089,3.1785348532237e-05,0.0319138479838381,0.0279984462678954,"Apoe/Dach1/Dag1/Egfl7/Eng/Krit1/Cav1/Nrg3/Ppargc1a/Timp1/Tmem196/Adgrg1/Ccl25/Cd74/Ilk/Ndrg4/Nkx2-1/Osbpl8/Sulf1/Nedd9",20,"Midbrain only",0.0464037122969838,0.0164068461790036,2.82831397275902
"GO:0051347","positive regulation of transferase activity","24/431","406/18346",0.0591133004926108,2.51622415507526,4.79186192336881,3.58957484019207e-05,0.0319138479838381,0.0279984462678954,"Apoe/Hnrnpd/Ntf3/Btrc/Cib1/Kit/Trem2/Tek/Wnt5a/Cd74/Cdkn1a/Fgfr2/Ins2/Map4k2/Npm1/Snca/Vldlr/Traf6/Stk11/Sirt1/Bad/Adra1a/Nedd9/Fgd4",24,"Midbrain only",0.0556844547563805,0.0221301646135397,2.51622415507526
"GO:0033674","positive regulation of kinase activity","21/431","334/18346",0.062874251497006,2.67631326673799,4.79552912839048,4.55520582777662e-05,0.0319138479838381,0.0279984462678954,"Ntf3/Cib1/Kit/Trem2/Tek/Wnt5a/Cd74/Cdkn1a/Fgfr2/Ins2/Map4k2/Npm1/Snca/Vldlr/Traf6/Stk11/Sirt1/Bad/Adra1a/Nedd9/Fgd4",21,"Midbrain only",0.0487238979118329,0.0182056034012864,2.67631326673799
"GO:2000146","negative regulation of cell motility","20/431","314/18346",0.0636942675159236,2.71121817133906,4.74391987208651,5.75477478467129e-05,0.0319138479838381,0.0279984462678954,"Apoe/Dach1/Dag1/Egfl7/Eng/Krit1/Cav1/Nrg3/Ppargc1a/Timp1/Tmem196/Adgrg1/Ccl25/Cd74/Ilk/Ndrg4/Nkx2-1/Osbpl8/Sulf1/Nedd9",20,"Midbrain only",0.0464037122969838,0.0171154475089938,2.71121817133906
"GO:0048168","regulation of neuronal synaptic plasticity","9/431","75/18346",0.12,5.10793503480278,5.52919780026187,6.38811594418014e-05,0.0319138479838381,0.0279984462678954,"Fxr1/Kit/Camk2a/Fcgr2b/Snca/Shisa7/Grik2/Synpo/Fmr1",9,"Midbrain only",0.0208816705336427,0.00408808459609724,5.10793503480278
"GO:0040013","negative regulation of locomotion","21/431","346/18346",0.0606936416184971,2.58349315344071,4.61218876637966,7.55475849497392e-05,0.0319138479838381,0.0279984462678954,"Apoe/Dach1/Dag1/Egfl7/Eng/Krit1/Wnt5a/Cav1/Nrg3/Ppargc1a/Timp1/Tmem196/Adgrg1/Ccl25/Cd74/Ilk/Ndrg4/Nkx2-1/Osbpl8/Sulf1/Nedd9",21,"Midbrain only",0.0487238979118329,0.0188596969366619,2.58349315344071
"GO:1900271","regulation of long-term synaptic potentiation","8/431","60/18346",0.133333333333333,5.67548337200309,5.62641641105599,7.63272253274931e-05,0.0319138479838381,0.0279984462678954,"Apoe/Fxr1/Hnrnpk/Pde9a/Adcy8/Shisa7/Creb1/Fmr1",8,"Midbrain only",0.0185614849187935,0.00327046767687779,5.67548337200309
"GO:0010811","positive regulation of cell-substrate adhesion","12/431","134/18346",0.0895522388059701,3.811891817017,5.06712097677687,7.71115058394444e-05,0.0319138479838381,0.0279984462678954,"Dag1/Flna/Cib1/Tek/Ccl25/Dnm2/Hacd1/Ilk/Fbln2/Smoc1/Vit/Nedd9",12,"Midbrain only",0.0278422273781903,0.00730404447836041,3.811891817017
"GO:0010875","positive regulation of cholesterol efflux","6/431","32/18346",0.1875,7.98114849187935,6.13054870134901,8.76152312528158e-05,0.0319138479838381,0.0279984462678954,"Apoe/Trem2/Abca3/Cav1/Nr1h3/Sirt1",6,"Midbrain only",0.0139211136890951,0.00174424942766816,7.98114849187935
"GO:1900273","positive regulation of long-term synaptic potentiation","6/431","32/18346",0.1875,7.98114849187935,6.13054870134901,8.76152312528158e-05,0.0319138479838381,0.0279984462678954,"Hnrnpk/Pde9a/Adcy8/Shisa7/Creb1/Fmr1",6,"Midbrain only",0.0139211136890951,0.00174424942766816,7.98114849187935
"GO:0010657","muscle cell apoptotic process","11/431","117/18346",0.094017094017094,4.00194340333552,5.0524624598684,9.8442324378655e-05,0.0330993384507001,0.0290384929321004,"Gria4/Trip10/Dnmt1/Cav1/Camk2a/Ilk/Npm1/Pde1a/Ambra1/Sirt1/Dmpk",11,"Midbrain only",0.0255220417633411,0.0063774119699117,4.00194340333551
"GO:0045859","regulation of protein kinase activity","26/431","494/18346",0.0526315789473684,2.24032238368543,4.33454687197243,0.000117953870872675,0.0368268835417472,0.032308718164598,"Apoe/Cdkn2c/Ntf3/Pkig/Cib1/Kit/Wnt5a/Cav1/Cbs/Spry1/Cdkn1a/Ins2/Map4k2/Npm1/Snca/Vldlr/Smcr8/Traf6/Stk11/Sirt1/Cdk12/Zgpat/Adra1a/Hipk3/Nedd9/Fgd4",26,"Midbrain only",0.0603248259860789,0.0269268505396272,2.24032238368543
"GO:0071900","regulation of protein serine/threonine kinase activity","18/431","284/18346",0.0633802816901408,2.6978530113395,4.47265527999548,0.000142388146832792,0.0403785576286818,0.035424649409695,"Apoe/Cdkn2c/Ntf3/Pkig/Cib1/Kit/Wnt5a/Cav1/Cbs/Spry1/Cdkn1a/Map4k2/Snca/Traf6/Sirt1/Cdk12/Hipk3/Fgd4",18,"Midbrain only",0.0417633410672854,0.0154802136705549,2.6978530113395
"GO:0010656","negative regulation of muscle cell apoptotic process","8/431","66/18346",0.121212121212121,5.15953033818463,5.25070060100624,0.000151559772263183,0.0403785576286818,0.035424649409695,"Gria4/Trip10/Dnmt1/Cav1/Ilk/Npm1/Ambra1/Sirt1",8,"Midbrain only",0.0185614849187935,0.00359751444456557,5.15953033818463
"GO:0009299","mRNA transcription","7/431","50/18346",0.14,5.95925754060325,5.44643939733424,0.000157043120495903,0.0403785576286818,0.035424649409695,"Flna/Hltf/Hnrnpd/Taf9/Nr1h3/Creb1/Hipk3",7,"Midbrain only",0.0162412993039443,0.00272538973073149,5.95925754060325
"GO:0010660","regulation of muscle cell apoptotic process","10/431","106/18346",0.0943396226415094,4.015672197172,4.8296285991274,0.000197088709471178,0.0473401776678664,0.0415321719091229,"Gria4/Trip10/Dnmt1/Cav1/Camk2a/Ilk/Npm1/Pde1a/Ambra1/Sirt1",10,"Midbrain only",0.0232018561484919,0.00577782622915077,4.015672197172
"GO:0042176","regulation of protein catabolic process","20/431","345/18346",0.0579710144927536,2.4676014660883,4.26833458452044,0.000205779770233233,0.0473401776678664,0.0415321719091229,"Apoe/Flna/Psme2/Taf9/Btrc/Trem2/Wnt5a/Cav1/Timp1/Ctsa/Ins2/Ppp2r3a/Snca/Trim32/Trim39/Tmem9/Svip/Azin1/Furin/Fmr1",20,"Midbrain only",0.0464037122969838,0.0188051891420473,2.4676014660883
"GO:0010810","regulation of cell-substrate adhesion","15/431","219/18346",0.0684931506849315,2.91548803356323,4.42310877770589,0.000219474907723906,0.0479662410830596,0.0420814257283257,"Dag1/Flna/Spock1/Cib1/Ldb1/Tek/Acer2/Ccl25/Dnm2/Hacd1/Ilk/Fbln2/Smoc1/Vit/Nedd9",15,"Midbrain only",0.0348027842227378,0.0119372070206039,2.91548803356323
"GO:0051150","regulation of smooth muscle cell differentiation","6/431","38/18346",0.157894736842105,6.72096715105629,5.47557696017821,0.000236971690043157,0.0484471558762447,0.0425033387174221,"Eng/Dnmt1/Kit/Fgfr2/Nfatc2/Sirt1",6,"Midbrain only",0.0139211136890951,0.00207129619535594,6.72096715105629
"GO:1905063","regulation of vascular associated smooth muscle cell differentiation","4/431","14/18346",0.285714285714286,12.1617500828638,6.48008159878287,0.000249397359893167,0.0484471558762447,0.0425033387174221,"Eng/Dnmt1/Kit/Nfatc2",4,"Midbrain only",0.00928074245939675,0.000763109124604819,12.1617500828638
"GO:0072331","signal transduction by p53 class mediator","12/431","152/18346",0.0789473684210526,3.36048357552815,4.53260390464924,0.000254926695299389,0.0484471558762447,0.0425033387174221,"Hnrnpk/Acer2/Cd74/Cdkn1a/Mlf1/Npm1/Rrp8/E2f2/Stk11/Rffl/Hipk1/Sirt1",12,"Midbrain only",0.0278422273781903,0.00828518478142374,3.36048357552815
