"gene_id","gene_name","n_tested_isoforms","gene_min_empirical_p","gene_q_value","best_isoform","best_isoform_estimate","best_isoform_empirical_p","best_isoform_empirical_FDR","Forebrain","Hindbrain","Midbrain","membership","any_nonfinite_transcript_test","all_transcript_tests_nonfinite"
"Ncam1","Ncam1",3,8.38769160137844e-13,1.04989278382206e-08,"NM_010875",5.06519705902379,8.38769160137844e-13,1.0350411436101e-08,TRUE,TRUE,TRUE,"Forebrain + Hindbrain + Midbrain",FALSE,FALSE
"Mtus1","Mtus1",4,2.31462559337876e-11,1.44860885009646e-07,"NM_001005865",4.59673435291857,2.31462559337876e-11,1.42812399111469e-07,TRUE,TRUE,TRUE,"Forebrain + Hindbrain + Midbrain",FALSE,FALSE
"Atp5g1","Atp5g1",2,1.35733082737838e-10,5.66323701822746e-07,"NM_007506",-1.79634037599337,1.35733082737838e-10,4.32070815387562e-07,TRUE,TRUE,TRUE,"Forebrain + Hindbrain + Midbrain",FALSE,FALSE
"Armc8","Armc8",2,1.19077063046204e-09,1.86310943932344e-06,"NM_001166138",-2.32489810407771,1.19077063046204e-09,1.2615044416016e-06,TRUE,TRUE,TRUE,"Forebrain + Hindbrain + Midbrain",FALSE,FALSE
"Arhgef7","Arhgef7",3,1.06053066299052e-09,1.8963803302923e-06,"NM_001113517",-3.17016347627001,1.06053066299052e-09,1.2615044416016e-06,TRUE,TRUE,TRUE,"Forebrain + Hindbrain + Midbrain",FALSE,FALSE
"Lppr3","Lppr3",3,1.38755038637068e-09,1.92977427267612e-06,"NM_001170935",3.74127798285676,1.38755038637068e-09,1.26960857072613e-06,TRUE,TRUE,TRUE,"Forebrain + Hindbrain + Midbrain",FALSE,FALSE
"Palm","Palm",2,1.05607965485692e-09,2.20315820100477e-06,"NM_001161747",-4.43982587445741,1.05607965485692e-09,1.2615044416016e-06,FALSE,FALSE,TRUE,"Midbrain only",FALSE,FALSE
"Capzb","Capzb",3,9.35986737662509e-10,2.34314918625689e-06,"NM_009798",-4.30721562981524,9.35986737662509e-10,1.2615044416016e-06,TRUE,TRUE,TRUE,"Forebrain + Hindbrain + Midbrain",FALSE,FALSE
"Fhl1","Fhl1",4,2.16197000718291e-09,2.46012536958046e-06,"NM_001077361",-2.63794250010439,2.16197000718291e-09,1.56933587580218e-06,TRUE,TRUE,TRUE,"Forebrain + Hindbrain + Midbrain",FALSE,FALSE
"Dpysl3","Dpysl3",3,2.05194521055543e-09,2.56841976667976e-06,"NM_009468",-4.96584535745482,2.05194521055543e-09,1.56933587580218e-06,TRUE,TRUE,TRUE,"Forebrain + Hindbrain + Midbrain",FALSE,FALSE
"Tmpo","Tmpo",6,3.2889519395493e-09,2.74452071230188e-06,"NM_011605",1.18984428053465,3.2889519395493e-09,1.84480304245629e-06,TRUE,TRUE,TRUE,"Forebrain + Hindbrain + Midbrain",FALSE,FALSE
"Tecr","Tecr",2,3.13149530189376e-09,2.79978045591989e-06,"NM_027179",-2.199099671187,3.13149530189376e-09,1.84480304245629e-06,TRUE,TRUE,TRUE,"Forebrain + Hindbrain + Midbrain",FALSE,FALSE
"Clasp2","Clasp2",6,2.74588540435949e-09,2.86418730070329e-06,"NM_001114347",4.97888299769932,2.74588540435949e-09,1.84480304245629e-06,TRUE,TRUE,TRUE,"Forebrain + Hindbrain + Midbrain",FALSE,FALSE
"Pde4dip","Pde4dip",5,9.17935921403587e-10,2.87245106983525e-06,"NM_178080",-2.61206919791917,9.17935921403587e-10,1.2615044416016e-06,TRUE,TRUE,TRUE,"Forebrain + Hindbrain + Midbrain",FALSE,FALSE
"Tpm1","Tpm1",10,3.1053243982137e-09,2.98994968751264e-06,"NM_001164255",-4.0640825923525,3.1053243982137e-09,1.84480304245629e-06,TRUE,TRUE,TRUE,"Forebrain + Hindbrain + Midbrain",FALSE,FALSE
"Acot7","Acot7",3,4.06620956297145e-09,3.18104658310336e-06,"NM_001146057",4.88777893079152,4.06620956297145e-09,2.18160982639425e-06,FALSE,FALSE,TRUE,"Midbrain only",FALSE,FALSE
"Asph","Asph",10,5.30541731933734e-09,3.90634754763569e-06,"NM_001177856",-4.32026451733034,5.30541731933734e-09,2.72786873835928e-06,TRUE,TRUE,TRUE,"Forebrain + Hindbrain + Midbrain",FALSE,FALSE
"Rabgap1l","Rabgap1l",2,6.04494041241497e-09,4.2035843912997e-06,"NM_001038621",-3.52376454470071,6.04494041241497e-09,2.95204290740417e-06,TRUE,TRUE,TRUE,"Forebrain + Hindbrain + Midbrain",FALSE,FALSE
"Tsc22d3","Tsc22d3",3,6.63458030162725e-09,4.37079165971939e-06,"NR_122039",-1.79530977050572,6.63458030162725e-09,3.03224892304001e-06,TRUE,TRUE,TRUE,"Forebrain + Hindbrain + Midbrain",FALSE,FALSE
"Kif1b","Kif1b",3,8.0142177092572e-09,5.0156981172722e-06,"NM_008441",3.0169870162191,8.0142177092572e-09,3.53198023329407e-06,TRUE,TRUE,TRUE,"Forebrain + Hindbrain + Midbrain",FALSE,FALSE
"Ndrg4","Ndrg4",2,9.38626311263965e-09,5.10816756383725e-06,"NM_145602",-3.54037317933429,9.38626311263965e-09,3.61021614249877e-06,FALSE,FALSE,TRUE,"Midbrain only",FALSE,FALSE
"Schip1","Schip1",5,8.80074866337037e-09,5.24566524538023e-06,"NM_013928",-5.0337038023437,8.80074866337037e-09,3.61021614249877e-06,FALSE,FALSE,TRUE,"Midbrain only",FALSE,FALSE
"Syngr1","Syngr1",2,9.3722686771912e-09,5.33239477998579e-06,"NM_207708",-5.38724444329116,9.3722686771912e-09,3.61021614249877e-06,TRUE,TRUE,TRUE,"Forebrain + Hindbrain + Midbrain",FALSE,FALSE
"Myadm","Myadm",4,1.10350797438001e-08,5.75525381020514e-06,"NM_001093764",-3.14730689570897,1.10350797438001e-08,4.00508482466157e-06,TRUE,TRUE,TRUE,"Forebrain + Hindbrain + Midbrain",FALSE,FALSE
"Pde4a","Pde4a",2,2.15058373045351e-08,9.6138771279968e-06,"NM_019798",-5.78862653709963,2.15058373045351e-08,6.80466749584522e-06,TRUE,TRUE,TRUE,"Forebrain + Hindbrain + Midbrain",FALSE,FALSE
"Ogdh","Ogdh",5,2.02934966879361e-08,9.7697573817783e-06,"NM_010956",2.58867455157073,2.02934966879361e-08,6.80466749584522e-06,TRUE,TRUE,TRUE,"Forebrain + Hindbrain + Midbrain",FALSE,FALSE
"App","App",5,2.14542154120199e-08,9.94601510826996e-06,"NM_007471",-2.7730415637351,2.14542154120199e-08,6.80466749584522e-06,TRUE,TRUE,TRUE,"Forebrain + Hindbrain + Midbrain",FALSE,FALSE
"Mpzl1","Mpzl1",2,1.99407666216176e-08,9.98394279182691e-06,"NM_001001880",-3.42812852931782,1.99407666216176e-08,6.80466749584522e-06,TRUE,TRUE,TRUE,"Forebrain + Hindbrain + Midbrain",FALSE,FALSE
"Aplp2","Aplp2",3,2.4459621150961e-08,1.0205368974292e-05,"NM_001102456",-2.71791378092295,2.4459621150961e-08,7.18646964292521e-06,TRUE,TRUE,TRUE,"Forebrain + Hindbrain + Midbrain",FALSE,FALSE
"Snap91","Snap91",6,2.43279801867186e-08,1.0500459305863e-05,"NM_001277983",4.13128737490212,2.43279801867186e-08,7.18646964292521e-06,TRUE,TRUE,TRUE,"Forebrain + Hindbrain + Midbrain",FALSE,FALSE
"2310045N01Rik","2310045N01Rik",6,2.65753279609499e-08,1.07304312940202e-05,"NM_001309645",-2.5269577780761,2.65753279609499e-08,7.62650109390981e-06,FALSE,FALSE,TRUE,"Midbrain only",FALSE,FALSE
"Esrrb","Esrrb",2,2.75707269864558e-08,1.07844618639739e-05,"NM_011934",-5.00782359492137,2.75707269864558e-08,7.73233570483784e-06,TRUE,TRUE,FALSE,"Forebrain + Hindbrain",FALSE,FALSE
"Ppp2r3a","Ppp2r3a",2,3.32661019416427e-08,1.26179328219705e-05,"NM_001161362",-6.05610674147963,3.32661019416427e-08,8.8933211220234e-06,FALSE,FALSE,TRUE,"Midbrain only",FALSE,FALSE
"Hnrnpk","Hnrnpk",6,3.45931453692969e-08,1.27353642251719e-05,"NM_001301345",-1.69187863033376,3.45931453692969e-08,8.8933211220234e-06,FALSE,FALSE,TRUE,"Midbrain only",FALSE,FALSE
"Gnas","Gnas",10,4.13777811604714e-08,1.47978761044966e-05,"NM_001077510",2.73469044886882,4.13777811604714e-08,1.0420445296331e-05,TRUE,TRUE,TRUE,"Forebrain + Hindbrain + Midbrain",FALSE,FALSE
"Naca","Naca",3,4.35538306561242e-08,1.51434242213909e-05,"NM_001113199",3.61759751866777,4.35538306561242e-08,1.07490854059315e-05,NA,NA,NA,NA,FALSE,FALSE
"Klc1","Klc1",7,4.50626615180148e-08,1.52445758308633e-05,"NM_001081959",2.04290506899535,4.50626615180148e-08,1.09033969241628e-05,TRUE,TRUE,TRUE,"Forebrain + Hindbrain + Midbrain",FALSE,FALSE
"Clta","Clta",5,6.33400835258898e-08,2.08638886758606e-05,"NM_001080384",3.77847790256515,6.33400835258898e-08,1.50310890521054e-05,TRUE,TRUE,TRUE,"Forebrain + Hindbrain + Midbrain",FALSE,FALSE
"Bicd2","Bicd2",3,6.91308904381065e-08,2.16327822381374e-05,"NM_001039179",-5.34409215388489,6.91308904381065e-08,1.57976886667821e-05,TRUE,TRUE,TRUE,"Forebrain + Hindbrain + Midbrain",FALSE,FALSE
"Rps24","Rps24",3,6.78057066370424e-08,2.17621529718026e-05,"NM_011297",-3.77229022603014,6.78057066370424e-08,1.57872154698321e-05,FALSE,FALSE,TRUE,"Midbrain only",FALSE,FALSE
"Sorbs1","Sorbs1",5,7.16889875986665e-08,2.18861216320169e-05,"NM_178362",1.32481519022971,7.16889875986665e-08,1.60142434493244e-05,TRUE,TRUE,TRUE,"Forebrain + Hindbrain + Midbrain",FALSE,FALSE
"Dnajb6","Dnajb6",4,8.44974754450462e-08,2.45966232851026e-05,"NM_001037940",1.85804487181153,8.44974754450462e-08,1.76728618134215e-05,FALSE,FALSE,TRUE,"Midbrain only",FALSE,FALSE
"Rcan1","Rcan1",2,8.38333536122624e-08,2.49843330804234e-05,"NM_001081549",-3.18189631133367,8.38333536122624e-08,1.76728618134215e-05,TRUE,TRUE,TRUE,"Forebrain + Hindbrain + Midbrain",FALSE,FALSE
"Exoc7","Exoc7",2,1.36147610472064e-07,3.87308950770094e-05,"NM_016857",-3.07324159324517,1.36147610472064e-07,2.7097766342343e-05,TRUE,TRUE,TRUE,"Forebrain + Hindbrain + Midbrain",FALSE,FALSE
"Celf2","Celf2",7,1.44598289418863e-07,3.93464456262055e-05,"NM_001110229",2.85379207940152,1.44598289418863e-07,2.71522579350836e-05,TRUE,TRUE,TRUE,"Forebrain + Hindbrain + Midbrain",FALSE,FALSE
"Ugp2","Ugp2",2,1.41500858829835e-07,3.93592438166859e-05,"NM_001290634",-1.98898765277001,1.41500858829835e-07,2.71522579350836e-05,TRUE,TRUE,TRUE,"Forebrain + Hindbrain + Midbrain",FALSE,FALSE
"Rab6a","Rab6a",2,1.58531434533695e-07,4.22199493014371e-05,"NM_024287",-1.47373553837531,1.58531434533695e-07,2.91981776439671e-05,TRUE,TRUE,TRUE,"Forebrain + Hindbrain + Midbrain",FALSE,FALSE
"Eef1d","Eef1d",6,1.71182143468478e-07,4.46393017224702e-05,"NM_023240",2.23924977752297,1.71182143468478e-07,3.06143137739278e-05,TRUE,TRUE,TRUE,"Forebrain + Hindbrain + Midbrain",FALSE,FALSE
"Sncaip","Sncaip",3,1.75162585634253e-07,4.47450950752948e-05,"NM_001199154",2.98729613630873,1.75162585634253e-07,3.08786615246668e-05,TRUE,TRUE,TRUE,"Forebrain + Hindbrain + Midbrain",FALSE,FALSE
"Map4","Map4",4,1.92700811845929e-07,4.72948146382115e-05,"NM_001205331",-2.53739420282083,1.92700811845929e-07,3.30267780302605e-05,TRUE,TRUE,TRUE,"Forebrain + Hindbrain + Midbrain",FALSE,FALSE
"Eif4a2","Eif4a2",4,1.89776247309161e-07,4.75085757418103e-05,"NM_001123038",1.3136140464497,1.89776247309161e-07,3.29836463633105e-05,TRUE,TRUE,TRUE,"Forebrain + Hindbrain + Midbrain",FALSE,FALSE
"Chtop","Chtop",8,2.34610955237911e-07,5.64735492691059e-05,"NM_023215",1.06554004134825,2.34610955237911e-07,3.96588929813127e-05,TRUE,TRUE,TRUE,"Forebrain + Hindbrain + Midbrain",FALSE,FALSE
"Syne1","Syne1",3,2.45959708980916e-07,5.70125340092507e-05,"NM_153399",-2.94714168909219,2.45959708980916e-07,4.04685707843267e-05,TRUE,TRUE,TRUE,"Forebrain + Hindbrain + Midbrain",FALSE,FALSE
"Kalrn","Kalrn",2,2.45602065114348e-07,5.80037775770566e-05,"NM_177357",-3.77870930608311,2.45602065114348e-07,4.04685707843267e-05,NA,NA,NA,NA,FALSE,FALSE
"Mapre2","Mapre2",3,2.8213870643307e-07,6.30630193295599e-05,"NM_153058",-2.51492062800906,2.8213870643307e-07,4.46357902228728e-05,TRUE,TRUE,TRUE,"Forebrain + Hindbrain + Midbrain",FALSE,FALSE
"Pdlim7","Pdlim7",4,2.80117678817806e-07,6.37496708384664e-05,"NM_026131",2.32022863432196,2.80117678817806e-07,4.46357902228728e-05,TRUE,TRUE,TRUE,"Forebrain + Hindbrain + Midbrain",FALSE,FALSE
"Dlk1","Dlk1",5,3.21719005029456e-07,7.06483394397654e-05,"NM_010052",3.25946923091986,3.21719005029456e-07,5.02533230640948e-05,TRUE,TRUE,TRUE,"Forebrain + Hindbrain + Midbrain",FALSE,FALSE
"Eml1","Eml1",4,3.34994065657628e-07,7.22951579643408e-05,"NM_001043335",-1.72357080103387,3.34994065657628e-07,5.16728346276891e-05,TRUE,TRUE,TRUE,"Forebrain + Hindbrain + Midbrain",FALSE,FALSE
"Rcan2","Rcan2",4,3.62725917148981e-07,7.69531945476154e-05,"NM_207649",3.10809509861411,3.62725917148981e-07,5.52597261434374e-05,TRUE,TRUE,TRUE,"Forebrain + Hindbrain + Midbrain",FALSE,FALSE
"Araf","Araf",2,4.02557472734277e-07,8.26034366385458e-05,"NM_001159645",-2.3397389898331,4.02557472734277e-07,5.98501110065178e-05,TRUE,TRUE,TRUE,"Forebrain + Hindbrain + Midbrain",FALSE,FALSE
"Cdc42","Cdc42",2,3.98613698245726e-07,8.31574242425563e-05,"NM_001243769",-1.94453934499043,3.98613698245726e-07,5.98501110065178e-05,TRUE,TRUE,TRUE,"Forebrain + Hindbrain + Midbrain",FALSE,FALSE
"Camk2a","Camk2a",3,4.54833974515494e-07,9.18250642848576e-05,"NM_009792",3.4166939495187,4.54833974515494e-07,6.52633865758279e-05,FALSE,FALSE,TRUE,"Midbrain only",FALSE,FALSE
"Mtss1","Mtss1",2,4.79325278990073e-07,9.3745489482518e-05,"NM_001146180",-2.02607250779072,4.79325278990073e-07,6.66377108042409e-05,TRUE,TRUE,TRUE,"Forebrain + Hindbrain + Midbrain",FALSE,FALSE
"Ivns1abp","Ivns1abp",3,4.89681237602135e-07,9.42974880054015e-05,"NM_054102",-0.80601922976129,4.89681237602135e-07,6.66377108042409e-05,TRUE,TRUE,TRUE,"Forebrain + Hindbrain + Midbrain",FALSE,FALSE
"Anapc11","Anapc11",2,4.75577855813e-07,9.44889663412083e-05,"NM_025389",-1.05953662216679,4.75577855813e-07,6.66377108042409e-05,TRUE,TRUE,TRUE,"Forebrain + Hindbrain + Midbrain",FALSE,FALSE
"Immt","Immt",5,5.02476644895516e-07,9.52954038967614e-05,"NM_001253688",5.12739071320635,5.02476644895516e-07,6.73974108479421e-05,TRUE,TRUE,TRUE,"Forebrain + Hindbrain + Midbrain",FALSE,FALSE
"Triobp","Triobp",4,5.35664809451991e-07,0.000100073319917405,"NM_001024716",4.30718452548192,5.35664809451991e-07,7.10763843939523e-05,TRUE,TRUE,TRUE,"Forebrain + Hindbrain + Midbrain",FALSE,FALSE
"Lmna","Lmna",3,5.61402779933709e-07,0.000103339326754161,"NM_001002011",1.13226524034055,5.61402779933709e-07,7.36990457912975e-05,TRUE,TRUE,TRUE,"Forebrain + Hindbrain + Midbrain",FALSE,FALSE
"Epb4.1","Epb4.1",3,5.96819362270256e-07,0.000108266420445168,"NM_001128606",-4.08865263609987,5.96819362270256e-07,7.7523694004368e-05,TRUE,TRUE,TRUE,"Forebrain + Hindbrain + Midbrain",FALSE,FALSE
"Mprip","Mprip",2,6.38343107714938e-07,0.000114144786001144,"NM_201245",-3.65050153997763,6.38343107714938e-07,8.20536869708576e-05,TRUE,TRUE,TRUE,"Forebrain + Hindbrain + Midbrain",FALSE,FALSE
"Sh3kbp1","Sh3kbp1",4,6.66413451915879e-07,0.000117485788864138,"NM_001135727",-3.05820140803181,6.66413451915879e-07,8.39136938432851e-05,FALSE,FALSE,TRUE,"Midbrain only",FALSE,FALSE
"Shisa5","Shisa5",3,6.8418228650219e-07,0.000118943099709182,"NM_026381",-3.16618176710915,6.8418228650219e-07,8.52809031862326e-05,TRUE,TRUE,TRUE,"Forebrain + Hindbrain + Midbrain",FALSE,FALSE
"Ltbp4","Ltbp4",2,6.97230045897648e-07,0.00011955098264815,"NM_175641",-2.81702288838355,6.97230045897648e-07,8.60381876637698e-05,TRUE,TRUE,TRUE,"Forebrain + Hindbrain + Midbrain",FALSE,FALSE
"H2afy","H2afy",3,7.59059009208283e-07,0.00012839369751702,"NM_001159515",2.95985689432434,7.59059009208283e-07,9.18312566042178e-05,FALSE,FALSE,TRUE,"Midbrain only",FALSE,FALSE
"Oxr1","Oxr1",3,7.75457707832558e-07,0.000129418610368292,"NM_001130164",-2.00066986842486,7.75457707832558e-07,9.25721591748702e-05,TRUE,TRUE,TRUE,"Forebrain + Hindbrain + Midbrain",FALSE,FALSE
"Cadm1","Cadm1",4,9.79300465309909e-07,0.00016128803427595,"NM_018770",5.43581957652761,9.79300465309909e-07,0.000110867593962608,TRUE,TRUE,TRUE,"Forebrain + Hindbrain + Midbrain",FALSE,FALSE
"Morf4l2","Morf4l2",7,1.02548849222678e-06,0.000166701621459087,"NM_001168229",-3.44635659987122,1.02548849222678e-06,0.00011400475670341,TRUE,TRUE,TRUE,"Forebrain + Hindbrain + Midbrain",FALSE,FALSE
"Ssh2","Ssh2",2,1.29969314894818e-06,0.000205927034003733,"NM_177710",-3.50476560067666,1.29969314894818e-06,0.000140686082965092,TRUE,TRUE,TRUE,"Forebrain + Hindbrain + Midbrain",FALSE,FALSE
"Cldnd1","Cldnd1",4,1.28466138021747e-06,0.000206154917633996,"NR_045517",2.81156689218711,1.28466138021747e-06,0.00014028957019366,TRUE,TRUE,TRUE,"Forebrain + Hindbrain + Midbrain",FALSE,FALSE
"Prkag2","Prkag2",3,1.3254548061258e-06,0.000207383667620005,"NM_145401",1.81651824360604,1.3254548061258e-06,0.000141619815630628,NA,NA,NA,NA,FALSE,FALSE
"Dctn1","Dctn1",3,1.56336399216188e-06,0.000241587569702313,"NM_001198867",4.3073307318911,1.56336399216188e-06,0.000163490776807438,TRUE,TRUE,TRUE,"Forebrain + Hindbrain + Midbrain",FALSE,FALSE
"Adamts2","Adamts2",2,1.6153138406854e-06,0.000246571306180285,"NM_001277305",-2.89024370234174,1.6153138406854e-06,0.00016750397305931,NA,NA,NA,NA,FALSE,FALSE
"Dtna","Dtna",6,1.77759005306295e-06,0.000268072901329195,"NM_010087",1.65999131637167,1.77759005306295e-06,0.000179798862744236,TRUE,TRUE,TRUE,"Forebrain + Hindbrain + Midbrain",FALSE,FALSE
"Speg","Speg",4,1.91011968467103e-06,0.000281281381431729,"NM_001085371",-2.12162376982972,1.91011968467103e-06,0.000188567015270724,TRUE,TRUE,TRUE,"Forebrain + Hindbrain + Midbrain",FALSE,FALSE
"Rnf130","Rnf130",3,1.90944534519563e-06,0.000284529485122139,"NM_021540",1.85278936482801,1.90944534519563e-06,0.000188567015270724,TRUE,TRUE,TRUE,"Forebrain + Hindbrain + Midbrain",FALSE,FALSE
"Tmem201","Tmem201",3,2.17447259578992e-06,0.000312848365680437,"NM_001284270",-1.77016351514303,2.17447259578992e-06,0.000209632748687872,TRUE,TRUE,TRUE,"Forebrain + Hindbrain + Midbrain",FALSE,FALSE
"Neo1","Neo1",2,2.20168294601679e-06,0.000313163614943896,"NM_008684",-4.0469984027036,2.20168294601679e-06,0.000210610601192614,TRUE,TRUE,TRUE,"Forebrain + Hindbrain + Midbrain",FALSE,FALSE
"Baiap2","Baiap2",3,2.16610755744608e-06,0.00031526864108948,"NM_001037755",1.69754621520795,2.16610755744608e-06,0.000209632748687872,TRUE,TRUE,TRUE,"Forebrain + Hindbrain + Midbrain",FALSE,FALSE
"Atp2a2","Atp2a2",3,2.56930381557665e-06,0.000361347013268665,"NM_009722",8.50122353766051,2.56930381557665e-06,0.000242024496826075,TRUE,TRUE,TRUE,"Forebrain + Hindbrain + Midbrain",FALSE,FALSE
"Fis1","Fis1",2,2.66386202274689e-06,0.000370482915414415,"NM_001163243",-1.33715818476525,2.66386202274689e-06,0.000247158326020275,FALSE,FALSE,TRUE,"Midbrain only",FALSE,FALSE
"Ppp2r5c","Ppp2r5c",4,2.73270151194115e-06,0.000375880451808303,"NM_012023",2.48496979319755,2.73270151194115e-06,0.000247952475421719,TRUE,TRUE,TRUE,"Forebrain + Hindbrain + Midbrain",FALSE,FALSE
"Sh3glb1","Sh3glb1",3,3.00024634337894e-06,0.000408195200735631,"NM_001282042",3.37901028271824,3.00024634337894e-06,0.000268282897661566,TRUE,TRUE,TRUE,"Forebrain + Hindbrain + Midbrain",FALSE,FALSE
"Ap1s2","Ap1s2",3,3.45973421073985e-06,0.000460694966816841,"NM_026887",2.84741359651598,3.45973421073985e-06,0.000304950858289498,TRUE,TRUE,TRUE,"Forebrain + Hindbrain + Midbrain",FALSE,FALSE
"Faim","Faim",2,3.43385167510153e-06,0.000462165136126801,"NM_001122851",-4.17826688858138,3.43385167510153e-06,0.000304846976048582,TRUE,TRUE,TRUE,"Forebrain + Hindbrain + Midbrain",FALSE,FALSE
"Camta1","Camta1",2,3.52981017329591e-06,0.000465078535797382,"NM_001081557",-1.66351599019094,3.52981017329591e-06,0.000306745475623039,TRUE,TRUE,TRUE,"Forebrain + Hindbrain + Midbrain",FALSE,FALSE
"Smarca2","Smarca2",2,3.71590468805192e-06,0.000484497783502599,"NM_026003",-2.39302601026048,3.71590468805192e-06,0.000318432387851116,TRUE,TRUE,TRUE,"Forebrain + Hindbrain + Midbrain",FALSE,FALSE
"Sh3glb2","Sh3glb2",3,3.92320433003844e-06,0.000506252936520126,"NM_001289709",-2.48180576470417,3.92320433003844e-06,0.000331591379675852,TRUE,TRUE,TRUE,"Forebrain + Hindbrain + Midbrain",FALSE,FALSE
"Gne","Gne",2,4.06298883312535e-06,0.000518940836365139,"NM_015828",-1.40033192049724,4.06298883312535e-06,0.000341069946943992,TRUE,TRUE,TRUE,"Forebrain + Hindbrain + Midbrain",FALSE,FALSE
"Rbfox2","Rbfox2",7,4.14933491266296e-06,0.000524616020131649,"NM_001286419",1.48734736093922,4.14933491266296e-06,0.000344300418281528,TRUE,TRUE,TRUE,"Forebrain + Hindbrain + Midbrain",FALSE,FALSE
"Pfkp","Pfkp",2,4.19559151487278e-06,0.000525159745221177,"NM_001291071",-2.80432516220676,4.19559151487278e-06,0.000345157328623534,TRUE,TRUE,TRUE,"Forebrain + Hindbrain + Midbrain",FALSE,FALSE
"Meg3","Meg3",3,4.40659878098378e-06,0.00054611017092686,"NR_027651",-1.83276526869311,4.40659878098378e-06,0.000355408032400914,NA,NA,NA,NA,FALSE,FALSE
"Palld","Palld",4,4.59002366642862e-06,0.000563265035647446,"NM_001293772",3.8503855034346,4.59002366642862e-06,0.000367798000283956,TRUE,TRUE,TRUE,"Forebrain + Hindbrain + Midbrain",FALSE,FALSE
"Brwd1","Brwd1",3,4.76965919408327e-06,0.000574052963325122,"NM_001103179",1.59318421749632,4.76965919408327e-06,0.000374889136655971,NA,NA,NA,NA,FALSE,FALSE
"Pigp","Pigp",6,4.75719839358912e-06,0.000578112019367413,"NM_001159616",3.66513866836707,4.75719839358912e-06,0.000374889136655971,TRUE,TRUE,TRUE,"Forebrain + Hindbrain + Midbrain",FALSE,FALSE
"Adgrg1","Adgrg1",2,5.06496126028467e-06,0.000603788226820723,"NM_018882",-3.97439231919861,5.06496126028467e-06,0.0003955798857716,FALSE,FALSE,TRUE,"Midbrain only",FALSE,FALSE
"Ssbp3","Ssbp3",2,5.27276910123469e-06,0.000622630799302805,"NM_023672",-3.48397504745734,5.27276910123469e-06,0.000406662316932725,TRUE,TRUE,TRUE,"Forebrain + Hindbrain + Midbrain",FALSE,FALSE
"Atp6v0a1","Atp6v0a1",4,5.40901152193881e-06,0.000632749447613762,"NM_001243051",1.88302060625797,5.40901152193881e-06,0.000412019766547685,TRUE,TRUE,TRUE,"Forebrain + Hindbrain + Midbrain",FALSE,FALSE
"Clasp1","Clasp1",3,5.62657504935192e-06,0.000652105557621392,"NM_001293300",-3.42587313032643,5.62657504935192e-06,0.00042596279821474,TRUE,TRUE,TRUE,"Forebrain + Hindbrain + Midbrain",FALSE,FALSE
"Smarcb1","Smarcb1",2,5.87703386028242e-06,0.000668748664963309,"NM_011418",-1.20909853251402,5.87703386028242e-06,0.000439530895975061,TRUE,TRUE,TRUE,"Forebrain + Hindbrain + Midbrain",FALSE,FALSE
"Psap","Psap",6,5.83210772243143e-06,0.0006697249539867,"NM_011179",-1.79815879389551,5.83210772243143e-06,0.000438830544480511,TRUE,TRUE,TRUE,"Forebrain + Hindbrain + Midbrain",FALSE,FALSE
"Mast2","Mast2",2,6.00504774311119e-06,0.000671113230291696,"NM_001042743",-2.76742483203872,6.00504774311119e-06,0.000440659181307752,TRUE,TRUE,TRUE,"Forebrain + Hindbrain + Midbrain",FALSE,FALSE
"Lrrfip1","Lrrfip1",3,6.12121310490034e-06,0.000672093895299445,"NM_001111312",-1.02939756439859,6.12121310490034e-06,0.000440659181307752,TRUE,TRUE,TRUE,"Forebrain + Hindbrain + Midbrain",FALSE,FALSE
"Fgf13","Fgf13",3,6.08765571209294e-06,0.000674324529801,"NM_001290414",1.4422352712075,6.08765571209294e-06,0.000440659181307752,TRUE,TRUE,TRUE,"Forebrain + Hindbrain + Midbrain",FALSE,FALSE
"Ociad1","Ociad1",4,5.998002331417e-06,0.0006763648247654,"NM_023429",1.17549105380649,5.998002331417e-06,0.000440659181307752,TRUE,TRUE,TRUE,"Forebrain + Hindbrain + Midbrain",FALSE,FALSE
"Hdlbp","Hdlbp",2,6.30351045434047e-06,0.000686091204618254,"NM_133808",-2.27760585904645,6.30351045434047e-06,0.00044962612142521,TRUE,TRUE,TRUE,"Forebrain + Hindbrain + Midbrain",FALSE,FALSE
"Med22","Med22",2,6.80955475171279e-06,0.000734780627964229,"NM_001033908",-1.98905849352609,6.80955475171279e-06,0.000480170889349347,FALSE,FALSE,TRUE,"Midbrain only",FALSE,FALSE
"Ensa","Ensa",2,6.90733197982736e-06,0.000738960784455756,"NM_019561",-0.974986736349029,6.90733197982736e-06,0.000484298162676532,TRUE,TRUE,TRUE,"Forebrain + Hindbrain + Midbrain",FALSE,FALSE
"Add1","Add1",3,7.29252346485516e-06,0.000773557437607496,"NM_001024458",2.30725127921913,7.29252346485516e-06,0.00049994299753507,TRUE,TRUE,TRUE,"Forebrain + Hindbrain + Midbrain",FALSE,FALSE
"Sgce","Sgce",4,7.54244801603383e-06,0.000793344804652478,"NM_011360",2.89301782367401,7.54244801603383e-06,0.000514219936562749,TRUE,TRUE,TRUE,"Forebrain + Hindbrain + Midbrain",FALSE,FALSE
"Ptprs","Ptprs",4,7.90702718018456e-06,0.000824761591062228,"NM_001252453",-3.15012145725394,7.90702718018456e-06,0.000533184237177472,TRUE,TRUE,TRUE,"Forebrain + Hindbrain + Midbrain",FALSE,FALSE
"Prmt6","Prmt6",2,8.09472563337198e-06,0.000837361741759203,"NR_024139",-1.07043773735938,8.09472563337198e-06,0.000539940077382758,TRUE,TRUE,TRUE,"Forebrain + Hindbrain + Midbrain",FALSE,FALSE
"Snrpa","Snrpa",3,8.63919659548633e-06,0.000872062800411925,"NM_015782",0.941365858434698,8.63919659548633e-06,0.000564061830625933,TRUE,TRUE,TRUE,"Forebrain + Hindbrain + Midbrain",FALSE,FALSE
"Sh2b1","Sh2b1",6,8.58094353368512e-06,0.000873224777310004,"NM_001289539",3.23184353386675,8.58094353368512e-06,0.000563238527689758,TRUE,TRUE,TRUE,"Forebrain + Hindbrain + Midbrain",FALSE,FALSE
"Mapk9","Mapk9",4,8.54782991573909e-06,0.000876985019099117,"NM_207692",1.97010439792515,8.54782991573909e-06,0.000563238527689758,TRUE,TRUE,TRUE,"Forebrain + Hindbrain + Midbrain",FALSE,FALSE
"Pitpnm1","Pitpnm1",2,9.01406146759928e-06,0.00089545935675828,"NM_008851",-2.97765107159021,9.01406146759928e-06,0.00058237444246165,TRUE,TRUE,TRUE,"Forebrain + Hindbrain + Midbrain",FALSE,FALSE
"Tpm3","Tpm3",5,8.94318189987299e-06,0.000895525576638716,"NM_001271764",3.02519197742438,8.94318189987299e-06,0.000580836129707541,TRUE,TRUE,TRUE,"Forebrain + Hindbrain + Midbrain",FALSE,FALSE
"Bscl2","Bscl2",3,9.16790940146694e-06,0.000903571296784517,"NM_001136064",2.09783984148594,9.16790940146694e-06,0.000589229177156782,TRUE,TRUE,TRUE,"Forebrain + Hindbrain + Midbrain",FALSE,FALSE
"Atp5j","Atp5j",5,9.52977212323659e-06,0.000931897628242461,"NM_016755",-1.01042935499925,9.52977212323659e-06,0.000606172103096595,TRUE,TRUE,TRUE,"Forebrain + Hindbrain + Midbrain",FALSE,FALSE
"Rufy3","Rufy3",5,9.70831111793139e-06,0.000941997064423021,"NM_001289774",4.04849456490427,9.70831111793139e-06,0.000611227342833027,TRUE,TRUE,TRUE,"Forebrain + Hindbrain + Midbrain",FALSE,FALSE
"Dst","Dst",3,1.00706365790197e-05,0.000969636535235832,"NM_001276764",1.40917068083071,1.00706365790197e-05,0.000630820585711183,TRUE,TRUE,FALSE,"Forebrain + Hindbrain",FALSE,FALSE
"Mdp1","Mdp1",2,1.0272213692406e-05,0.00098149491114994,"NR_028316",-0.835355737099541,1.0272213692406e-05,0.000640197560425706,TRUE,TRUE,TRUE,"Forebrain + Hindbrain + Midbrain",FALSE,FALSE
"Frmd4a","Frmd4a",3,1.03662719745502e-05,0.000982978287265707,"NM_001177844",3.15155357812311,1.03662719745502e-05,0.000642813046060045,TRUE,TRUE,TRUE,"Forebrain + Hindbrain + Midbrain",FALSE,FALSE
"Smarcc2","Smarcc2",3,1.05938118388633e-05,0.000997001384703862,"NM_198160",1.93587620708404,1.05938118388633e-05,0.000650386259162053,TRUE,TRUE,TRUE,"Forebrain + Hindbrain + Midbrain",FALSE,FALSE
"Fxr1","Fxr1",3,1.08836257537375e-05,0.00101663207831174,"NM_001113188",1.7058035488392,1.08836257537375e-05,0.00066487099901545,FALSE,FALSE,TRUE,"Midbrain only",FALSE,FALSE
"Luc7l","Luc7l",4,1.15787448725185e-05,0.00107355027895885,"NM_028190",-1.77699441883212,1.15787448725185e-05,0.00069698395964331,TRUE,TRUE,TRUE,"Forebrain + Hindbrain + Midbrain",FALSE,FALSE
"Chn1","Chn1",3,1.17171531724065e-05,0.00107839484977244,"NM_175752",2.44972676022153,1.17171531724065e-05,0.00070189160265775,TRUE,TRUE,TRUE,"Forebrain + Hindbrain + Midbrain",FALSE,FALSE
"Nav2","Nav2",2,1.21857218518018e-05,0.00111333297944614,"NM_001111016",-3.89389349490054,1.21857218518018e-05,0.000726433853387605,NA,NA,NA,NA,FALSE,FALSE
"Dnm2","Dnm2",3,1.22804635579392e-05,0.0011138584632484,"NM_007871",1.32861548458108,1.22804635579392e-05,0.000728562116850819,FALSE,FALSE,TRUE,"Midbrain only",FALSE,FALSE
"Runx1t1","Runx1t1",3,1.23815053955211e-05,0.00111494369785782,"NM_009822",2.5511886757719,1.23815053955211e-05,0.000731041993209234,FALSE,FALSE,TRUE,"Midbrain only",FALSE,FALSE
"Kif3a","Kif3a",3,1.3250221578516e-05,0.001176245285316,"NM_008443",-3.90766663342055,1.3250221578516e-05,0.000767641944971305,FALSE,FALSE,TRUE,"Midbrain only",FALSE,FALSE
"Mgat1","Mgat1",4,1.32233737999384e-05,0.00118224672468768,"NM_001110150",2.43943287770543,1.32233737999384e-05,0.000767641944971305,TRUE,TRUE,TRUE,"Forebrain + Hindbrain + Midbrain",FALSE,FALSE
"Ablim1","Ablim1",4,1.37715788138385e-05,0.00121391702882734,"NM_001290815",-2.26581552522164,1.37715788138385e-05,0.000794118142816666,TRUE,TRUE,TRUE,"Forebrain + Hindbrain + Midbrain",FALSE,FALSE
"H13","H13",4,1.4394822049501e-05,0.0012599797893706,"NM_010376",1.26779788126263,1.4394822049501e-05,0.000826195832980659,NA,NA,NA,NA,FALSE,FALSE
"Prkcz","Prkcz",2,1.52507474383817e-05,0.00132562760819047,"NM_001039079",-6.54837110378113,1.52507474383817e-05,0.000871269552729767,TRUE,TRUE,TRUE,"Forebrain + Hindbrain + Midbrain",FALSE,FALSE
"Zyx","Zyx",4,1.61503053207724e-05,0.00138458732400933,"NM_001289619",-1.5853610069732,1.61503053207724e-05,0.000905885307537872,TRUE,TRUE,TRUE,"Forebrain + Hindbrain + Midbrain",FALSE,FALSE
"Dnajc19","Dnajc19",4,1.60813347410597e-05,0.00138818258918713,"NM_001026211",-1.77845610802755,1.60813347410597e-05,0.000905885307537872,NA,NA,NA,NA,FALSE,FALSE
"Sin3b","Sin3b",2,1.6678018635239e-05,0.00140103957229918,"NM_009188",-1.15258345469263,1.6678018635239e-05,0.000922900224030715,NA,NA,NA,NA,FALSE,FALSE
"Hspa14","Hspa14",2,1.64783147622324e-05,0.00140309724388461,"NR_103465",-1.23861295097626,1.64783147622324e-05,0.000920101376316508,NA,NA,NA,NA,FALSE,FALSE
"Atl2","Atl2",2,1.66679789253425e-05,0.00140965698562357,"NM_001286647",-2.70519417607474,1.66679789253425e-05,0.000922900224030715,TRUE,TRUE,TRUE,"Forebrain + Hindbrain + Midbrain",FALSE,FALSE
"Taok2","Taok2",2,1.71807387338854e-05,0.00143364804905171,"NM_001163774",-1.50453162565275,1.71807387338854e-05,0.00093396614967465,TRUE,TRUE,TRUE,"Forebrain + Hindbrain + Midbrain",FALSE,FALSE
"Tor1aip2","Tor1aip2",4,1.77217993086387e-05,0.00146900265105779,"NM_172843",1.02007463789951,1.77217993086387e-05,0.000954965080648915,TRUE,TRUE,TRUE,"Forebrain + Hindbrain + Midbrain",FALSE,FALSE
"Pkig","Pkig",6,1.88500511522822e-05,0.00155224444473588,"NM_001039391",-1.12434411463401,1.88500511522822e-05,0.00100696810051586,FALSE,FALSE,TRUE,"Midbrain only",FALSE,FALSE
"Bmp1","Bmp1",2,1.91835706229142e-05,0.00156938328528391,"NM_009755",-1.5160560226129,1.91835706229142e-05,0.00102036750640845,TRUE,TRUE,TRUE,"Forebrain + Hindbrain + Midbrain",FALSE,FALSE
"Adam15","Adam15",2,1.96439649655927e-05,0.00159661136610085,"NM_001037722",-2.98973456599286,1.96439649655927e-05,0.00103592533194621,TRUE,TRUE,TRUE,"Forebrain + Hindbrain + Midbrain",FALSE,FALSE
"Mad2l2","Mad2l2",2,1.97915769864094e-05,0.00159823051097855,"NM_001305420",-2.43812309192662,1.97915769864094e-05,0.00103926834047784,TRUE,TRUE,TRUE,"Forebrain + Hindbrain + Midbrain",FALSE,FALSE
"Ece2","Ece2",3,2.01989967659743e-05,0.00161035144147404,"NM_139293",-2.92465719965079,2.01989967659743e-05,0.00104395572783493,TRUE,TRUE,TRUE,"Forebrain + Hindbrain + Midbrain",FALSE,FALSE
"Camk2d","Camk2d",7,2.04343247011471e-05,0.00161880153974398,"NM_001293663",-1.68687116975507,2.04343247011471e-05,0.00105066486171731,TRUE,TRUE,TRUE,"Forebrain + Hindbrain + Midbrain",FALSE,FALSE
"Ldb2","Ldb2",3,2.01818880267959e-05,0.00161930151165,"NM_010698",-2.31050921719248,2.01818880267959e-05,0.00104395572783493,TRUE,TRUE,TRUE,"Forebrain + Hindbrain + Midbrain",FALSE,FALSE
"Ikbkb","Ikbkb",2,2.10076853900182e-05,0.00162313005577084,"NM_010546",-2.59852813937811,2.10076853900182e-05,0.00105810137841969,TRUE,TRUE,TRUE,"Forebrain + Hindbrain + Midbrain",FALSE,FALSE
"Slco3a1","Slco3a1",2,2.09976844605199e-05,0.00163243411946702,"NM_023908",-1.23368221481918,2.09976844605199e-05,0.00105810137841969,TRUE,TRUE,TRUE,"Forebrain + Hindbrain + Midbrain",FALSE,FALSE
"Sphk2","Sphk2",3,2.09683942386473e-05,0.00164034552873241,"NM_020011",-1.05486594050231,2.09683942386473e-05,0.00105810137841969,TRUE,TRUE,TRUE,"Forebrain + Hindbrain + Midbrain",FALSE,FALSE
"Arfgap1","Arfgap1",5,2.09186671671946e-05,0.00164674767152122,"NM_145760",1.61573021587,2.09186671671946e-05,0.00105810137841969,TRUE,TRUE,TRUE,"Forebrain + Hindbrain + Midbrain",FALSE,FALSE
"Ptpn2","Ptpn2",2,2.35014414326379e-05,0.00180466179117941,"NM_001127177",-1.2564307854844,2.35014414326379e-05,0.00116938623902723,NA,NA,NA,NA,FALSE,FALSE
"Rtn2","Rtn2",2,2.39434752865697e-05,0.00181631829368311,"NM_013648",-6.86660520495884,2.39434752865697e-05,0.00117548509872095,FALSE,FALSE,TRUE,"Midbrain only",FALSE,FALSE
"Klhl13","Klhl13",2,2.39420746054527e-05,0.00182728650648411,"NM_001290476",-4.01789669796689,2.39420746054527e-05,0.00117548509872095,TRUE,TRUE,TRUE,"Forebrain + Hindbrain + Midbrain",FALSE,FALSE
"Mbnl2","Mbnl2",2,2.48591862973675e-05,0.00187442079852214,"NM_175341",-2.1039882579733,2.48591862973675e-05,0.00119829046449029,TRUE,TRUE,TRUE,"Forebrain + Hindbrain + Midbrain",FALSE,FALSE
"Usp14","Usp14",2,2.52968418144172e-05,0.00188471239174924,"NM_001038589",-2.43342619544871,2.52968418144172e-05,0.00120972096118039,TRUE,TRUE,TRUE,"Forebrain + Hindbrain + Midbrain",FALSE,FALSE
"Dpy30","Dpy30",3,2.52517575152801e-05,0.00189261912150624,"NM_001146224",1.92569950148798,2.52517575152801e-05,0.00120972096118039,FALSE,FALSE,TRUE,"Midbrain only",FALSE,FALSE
"Clip1","Clip1",2,2.57046256488835e-05,0.00190376108427146,"NM_001291229",-1.78439480461292,2.57046256488835e-05,0.00121998107887393,TRUE,TRUE,TRUE,"Forebrain + Hindbrain + Midbrain",FALSE,FALSE
"Eif4e2","Eif4e2",3,2.60248923358646e-05,0.00191614218402102,"NM_023314",-1.0312434728388,2.60248923358646e-05,0.0012257525626892,TRUE,TRUE,TRUE,"Forebrain + Hindbrain + Midbrain",FALSE,FALSE
"Ank2","Ank2",2,2.62256918812859e-05,0.00191963411395699,"NM_001034168",-1.96345161214886,2.62256918812859e-05,0.00122712961385724,TRUE,TRUE,TRUE,"Forebrain + Hindbrain + Midbrain",FALSE,FALSE
"Osbpl1a","Osbpl1a",6,2.68275959424734e-05,0.0019522733904048,"NM_207530",-1.28541888055453,2.68275959424734e-05,0.00123425801048051,TRUE,TRUE,TRUE,"Forebrain + Hindbrain + Midbrain",FALSE,FALSE
"Atat1","Atat1",3,2.74970922729945e-05,0.00198942545448163,"NM_001142744",3.16687633395376,2.74970922729945e-05,0.00124747837738512,TRUE,TRUE,TRUE,"Forebrain + Hindbrain + Midbrain",FALSE,FALSE
"Magi1","Magi1",7,2.94607289013431e-05,0.00211924074745546,"NM_010367",3.56965661578384,2.94607289013431e-05,0.00132198325324572,TRUE,TRUE,TRUE,"Forebrain + Hindbrain + Midbrain",FALSE,FALSE
"Bcar1","Bcar1",2,2.98950794024883e-05,0.00213819598425011,"NM_009954",-1.41875651664766,2.98950794024883e-05,0.00133661333270546,TRUE,TRUE,TRUE,"Forebrain + Hindbrain + Midbrain",FALSE,FALSE
"Lef1","Lef1",3,3.05086093354162e-05,0.00215741998163557,"NM_010703",3.82705489297665,3.05086093354162e-05,0.00134915959478845,TRUE,TRUE,TRUE,"Forebrain + Hindbrain + Midbrain",FALSE,FALSE
"Csnk1d","Csnk1d",2,3.04153759492473e-05,0.00216304780305915,"NM_139059",-2.14335457189201,3.04153759492473e-05,0.00134915959478845,TRUE,TRUE,TRUE,"Forebrain + Hindbrain + Midbrain",FALSE,FALSE
"Arpp21","Arpp21",8,3.17286919099373e-05,0.00223109020108014,"NM_001177617",3.18057885735358,3.17286919099373e-05,0.00138841155378946,TRUE,TRUE,TRUE,"Forebrain + Hindbrain + Midbrain",FALSE,FALSE
"Ampd2","Ampd2",3,3.22533973013872e-05,0.00225531467569982,"NM_001289720",-1.78168160454025,3.22533973013872e-05,0.00140143282640535,TRUE,TRUE,TRUE,"Forebrain + Hindbrain + Midbrain",FALSE,FALSE
"Osbpl9","Osbpl9",3,3.27093102319707e-05,0.00227448654328612,"NM_133885",-2.14046740273769,3.27093102319707e-05,0.0014113038051137,TRUE,TRUE,TRUE,"Forebrain + Hindbrain + Midbrain",FALSE,FALSE
"Pdzrn4","Pdzrn4",2,3.37722249695375e-05,0.00233542044318333,"NM_001164594",-4.69037046908528,3.37722249695375e-05,0.00144203894852627,TRUE,TRUE,FALSE,"Forebrain + Hindbrain",FALSE,FALSE
"Mapk14","Mapk14",4,3.42736460425044e-05,0.00235707095577394,"NM_001168508",-3.29193550488261,3.42736460425044e-05,0.00145840273160174,TRUE,TRUE,TRUE,"Forebrain + Hindbrain + Midbrain",FALSE,FALSE
"Bad","Bad",2,3.71983445817894e-05,0.00254422110723373,"NM_007522",-1.34637695033383,3.71983445817894e-05,0.00156664700388833,FALSE,FALSE,TRUE,"Midbrain only",FALSE,FALSE
"Arhgef40","Arhgef40",3,3.83930563142224e-05,0.00261165986526663,"NM_198249",1.96129304977609,3.83930563142224e-05,0.00160600106751697,TRUE,TRUE,TRUE,"Forebrain + Hindbrain + Midbrain",FALSE,FALSE
"Hdac5","Hdac5",5,3.88436510995393e-05,0.00262802717200618,"NM_001284248",1.79437833706372,3.88436510995393e-05,0.00161936031948755,TRUE,TRUE,TRUE,"Forebrain + Hindbrain + Midbrain",FALSE,FALSE
"Tbc1d14","Tbc1d14",3,4.08549789482452e-05,0.0027199925072301,"NM_001113364",-1.31415494130881,4.08549789482452e-05,0.00168612187364999,FALSE,FALSE,TRUE,"Midbrain only",FALSE,FALSE
"Rapgef6","Rapgef6",5,4.07762700130294e-05,0.00272926995103887,"NM_001252497",-1.13297931580164,4.07762700130294e-05,0.00168612187364999,TRUE,TRUE,TRUE,"Forebrain + Hindbrain + Midbrain",FALSE,FALSE
"Whsc1","Whsc1",3,4.05694574914161e-05,0.00273002710829614,"NM_001177884",-1.08841912036041,4.05694574914161e-05,0.00168561314964335,TRUE,TRUE,TRUE,"Forebrain + Hindbrain + Midbrain",FALSE,FALSE
"Romo1","Romo1",3,4.18997886903408e-05,0.00277478981037054,"NM_025946",-1.16503188708634,4.18997886903408e-05,0.00172347797479602,NA,NA,NA,NA,FALSE,FALSE
"Cyfip1","Cyfip1",3,4.24826635803268e-05,0.00279858124273077,"NM_001164662",-2.82320265765437,4.24826635803268e-05,0.00173596563268365,TRUE,TRUE,TRUE,"Forebrain + Hindbrain + Midbrain",FALSE,FALSE
"Pde4b","Pde4b",4,4.27577369859972e-05,0.00280195394930424,"NM_001177981",-3.88138236933988,4.27577369859972e-05,0.00174135470101388,TRUE,TRUE,TRUE,"Forebrain + Hindbrain + Midbrain",FALSE,FALSE
"Vldlr","Vldlr",2,4.50558124879237e-05,0.00293716360879431,"NM_001161420",-2.74138905499685,4.50558124879237e-05,0.0018289102832269,FALSE,FALSE,TRUE,"Midbrain only",FALSE,FALSE
"Mgll","Mgll",4,4.68918705414781e-05,0.00304101039937979,"NM_011844",3.01385061166155,4.68918705414781e-05,0.00188483935661837,TRUE,TRUE,TRUE,"Forebrain + Hindbrain + Midbrain",FALSE,FALSE
"Zbed3","Zbed3",3,5.14884541762903e-05,0.00332187713636617,"NM_028106",-0.795360194667579,5.14884541762903e-05,0.00205620558102078,TRUE,TRUE,TRUE,"Forebrain + Hindbrain + Midbrain",FALSE,FALSE
"Nfe2l1","Nfe2l1",6,5.18250989995446e-05,0.00332644853699299,"NM_001130450",3.39491639319052,5.18250989995446e-05,0.00206297329565929,TRUE,TRUE,TRUE,"Forebrain + Hindbrain + Midbrain",FALSE,FALSE
"Myeov2","Myeov2",2,5.25130386497128e-05,0.00335340514549458,"NR_028108",-1.39391403852239,5.25130386497128e-05,0.00207695800300466,NA,NA,NA,NA,FALSE,FALSE
"Eml4","Eml4",4,5.37818725940421e-05,0.00341699253822938,"NM_001114361",3.39277486739678,5.37818725940421e-05,0.00210688351685866,TRUE,TRUE,TRUE,"Forebrain + Hindbrain + Midbrain",FALSE,FALSE
"Sept6","Sept6",4,5.44347425088208e-05,0.0034410026343863,"NM_001177324",1.68838251175711,5.44347425088208e-05,0.00212571114733813,TRUE,TRUE,TRUE,"Forebrain + Hindbrain + Midbrain",FALSE,FALSE
"Dgkz","Dgkz",2,5.655920222965e-05,0.00353953554662777,"NM_138306",-2.67251121821119,5.655920222965e-05,0.00219478162111283,FALSE,FALSE,TRUE,"Midbrain only",FALSE,FALSE
"Adk","Adk",2,5.63237775633429e-05,0.00354251591875776,"NM_134079",-1.27352270166271,5.63237775633429e-05,0.00219254074174023,TRUE,TRUE,TRUE,"Forebrain + Hindbrain + Midbrain",FALSE,FALSE
"Eif4g1","Eif4g1",2,5.7144220257121e-05,0.00355835251854037,"NM_145941",-1.81755590618004,5.7144220257121e-05,0.00221053190587107,TRUE,TRUE,TRUE,"Forebrain + Hindbrain + Midbrain",FALSE,FALSE
"Cited1","Cited1",4,5.81563023120376e-05,0.00360344290482518,"NM_007709",-2.24935593375057,5.81563023120376e-05,0.00222786080632364,TRUE,TRUE,TRUE,"Forebrain + Hindbrain + Midbrain",FALSE,FALSE
"Fam65b","Fam65b",5,6.07098303935821e-05,0.00372477334640161,"NM_178658",3.02431861014199,6.07098303935821e-05,0.00229100705521958,TRUE,TRUE,TRUE,"Forebrain + Hindbrain + Midbrain",FALSE,FALSE
"Copg1","Copg1",2,6.05432695867492e-05,0.00373285320940064,"NM_201244",-1.58509706918736,6.05432695867492e-05,0.00229100705521958,TRUE,TRUE,TRUE,"Forebrain + Hindbrain + Midbrain",FALSE,FALSE
"Ube2j2","Ube2j2",5,6.50988432284829e-05,0.00397455301590451,"NM_001039158",1.2829376259311,6.50988432284829e-05,0.00244170129312912,FALSE,FALSE,TRUE,"Midbrain only",FALSE,FALSE
"Zmynd8","Zmynd8",6,6.60059366437787e-05,0.00401036798565196,"NM_027230",-1.86947130397108,6.60059366437787e-05,0.00246822199449766,TRUE,TRUE,TRUE,"Forebrain + Hindbrain + Midbrain",FALSE,FALSE
"Evl","Evl",4,6.63811181100331e-05,0.00401367759278253,"NM_001163394",2.7765402265034,6.63811181100331e-05,0.00247475225824111,TRUE,TRUE,TRUE,"Forebrain + Hindbrain + Midbrain",FALSE,FALSE
"Uap1","Uap1",3,7.06131193845924e-05,0.00424901524324431,"NM_001305046",-3.54559258155402,7.06131193845924e-05,0.00261671439401162,TRUE,TRUE,TRUE,"Forebrain + Hindbrain + Midbrain",FALSE,FALSE
"Igf2","Igf2",3,7.41226015751543e-05,0.00443883399708985,"NM_001122737",-1.17357656180291,7.41226015751543e-05,0.00271416291821188,TRUE,TRUE,TRUE,"Forebrain + Hindbrain + Midbrain",FALSE,FALSE
"Git2","Git2",3,7.60132485829402e-05,0.0045303694865187,"NM_019834",2.79631352945676,7.60132485829402e-05,0.00276697193956779,TRUE,TRUE,TRUE,"Forebrain + Hindbrain + Midbrain",FALSE,FALSE
"Sema6d","Sema6d",6,7.6965122097317e-05,0.00454382156043096,"NM_001290997",-3.13128112190712,7.6965122097317e-05,0.00278518946240731,TRUE,TRUE,TRUE,"Forebrain + Hindbrain + Midbrain",FALSE,FALSE
"Ehbp1l1","Ehbp1l1",4,7.67812247933353e-05,0.00455444891415059,"NM_001114597",2.73033690565324,7.67812247933353e-05,0.00278518946240731,TRUE,TRUE,TRUE,"Forebrain + Hindbrain + Midbrain",FALSE,FALSE
"Tdrd3","Tdrd3",2,7.81230947628277e-05,0.00459052591912267,"NM_172605",-1.15023738656052,7.81230947628277e-05,0.00281882745430788,NA,NA,NA,NA,FALSE,FALSE
"Eps15l1","Eps15l1",3,7.93272665920645e-05,0.00463949535828433,"NM_001122832",1.52904311419782,7.93272665920645e-05,0.0028539313986766,TRUE,TRUE,TRUE,"Forebrain + Hindbrain + Midbrain",FALSE,FALSE
"Abr","Abr",4,8.01630300624673e-05,0.00466656468365038,"NM_198894",10.572520187509,8.01630300624673e-05,0.00286728055353869,TRUE,TRUE,TRUE,"Forebrain + Hindbrain + Midbrain",FALSE,FALSE
"Ost4","Ost4",2,8.52584094717581e-05,0.00494017854716112,"NM_001134692",-0.577975499073433,8.52584094717581e-05,0.00304071899676733,TRUE,TRUE,TRUE,"Forebrain + Hindbrain + Midbrain",FALSE,FALSE
"Wdr35","Wdr35",2,9.10824179824429e-05,0.00525328764539894,"NM_172470",-2.93749224198174,9.10824179824429e-05,0.00322976160317053,TRUE,TRUE,TRUE,"Forebrain + Hindbrain + Midbrain",FALSE,FALSE
"Dnaja1","Dnaja1",3,9.25882713195525e-05,0.00531563460790337,"NM_008298",1.27802392653964,9.25882713195525e-05,0.00326809409207077,TRUE,TRUE,TRUE,"Forebrain + Hindbrain + Midbrain",FALSE,FALSE
"Prkg1","Prkg1",2,9.30653448596705e-05,0.00531862394561931,"NM_011160",-3.93893789736711,9.30653448596705e-05,0.00326809409207077,NA,NA,NA,NA,FALSE,FALSE
"St6galnac4","St6galnac4",2,9.58527813201301e-05,0.00545300760766045,"NM_011373",-1.32767992853113,9.58527813201301e-05,0.00334130881776951,TRUE,TRUE,TRUE,"Forebrain + Hindbrain + Midbrain",FALSE,FALSE
"Sptan1","Sptan1",4,9.71270673978059e-05,0.00550049093973737,"NM_001309460",2.27811751495593,9.71270673978059e-05,0.0033667078980026,TRUE,TRUE,TRUE,"Forebrain + Hindbrain + Midbrain",FALSE,FALSE
"Gnal","Gnal",2,0.000100729555826021,0.00567878805151961,"NM_177137",-4.92536206326243,0.000100729555826021,0.00346240311669386,TRUE,TRUE,FALSE,"Forebrain + Hindbrain",FALSE,FALSE
"Abi2","Abi2",3,0.000101557693189436,0.00569979558989679,"NM_198127",3.7581067596894,0.000101557693189436,0.00348117203877124,TRUE,TRUE,TRUE,"Forebrain + Hindbrain + Midbrain",FALSE,FALSE
"Qsox1","Qsox1",2,0.000102051211905373,0.00570192140600635,"NM_001024945",-1.21598497351016,0.000102051211905373,0.00348839876707009,TRUE,TRUE,TRUE,"Forebrain + Hindbrain + Midbrain",FALSE,FALSE
"Tpd52","Tpd52",5,0.000102840004134135,0.00572045094670806,"NM_001025263",-2.19366338642928,0.000102840004134135,0.00349599352896757,TRUE,TRUE,TRUE,"Forebrain + Hindbrain + Midbrain",FALSE,FALSE
"Dab2ip","Dab2ip",7,0.000107264925269729,0.00594015615394917,"NM_001114125",-1.70448510606725,0.000107264925269729,0.0036264361036396,TRUE,TRUE,TRUE,"Forebrain + Hindbrain + Midbrain",FALSE,FALSE
"Ppap2c","Ppap2c",4,0.000114323106150689,0.00627544220491891,"NM_001302390",-2.17605316552082,0.000114323106150689,0.00383355198342257,TRUE,TRUE,TRUE,"Forebrain + Hindbrain + Midbrain",FALSE,FALSE
"Pvrl2","Pvrl2",2,0.00011392577938791,0.0062811838896925,"NM_001159724",-0.939019966432387,0.00011392577938791,0.00383063792274335,TRUE,TRUE,TRUE,"Forebrain + Hindbrain + Midbrain",FALSE,FALSE
"Kdm2b","Kdm2b",2,0.000116564044385325,0.0063704954666437,"NM_013910",-1.58086501296205,0.000116564044385325,0.00388756839922949,FALSE,FALSE,TRUE,"Midbrain only",FALSE,FALSE
"Fez2","Fez2",4,0.000119451749010091,0.00641622058653493,"NM_199448",1.26259180697405,0.000119451749010091,0.00390990605513135,TRUE,TRUE,TRUE,"Forebrain + Hindbrain + Midbrain",FALSE,FALSE
"Gyk","Gyk",4,0.000118448022214808,0.00641739854621025,"NM_001294140",-4.2563082464299,0.000118448022214808,0.00390990605513135,TRUE,TRUE,TRUE,"Forebrain + Hindbrain + Midbrain",FALSE,FALSE
"Dlg2","Dlg2",3,0.00011794020124072,0.00641767102595021,"NM_001243046",2.67993481224684,0.00011794020124072,0.00390990605513135,NA,NA,NA,NA,FALSE,FALSE
"Pnck","Pnck",3,0.00011930582105062,0.00643600560432791,"NM_001199352",2.36979482672258,0.00011930582105062,0.00390990605513135,TRUE,TRUE,TRUE,"Forebrain + Hindbrain + Midbrain",FALSE,FALSE
"Prkacb","Prkacb",4,0.000120521565309508,0.00644601163396951,"NM_011100",1.80525720773125,0.000120521565309508,0.00393448707915165,TRUE,TRUE,TRUE,"Forebrain + Hindbrain + Midbrain",FALSE,FALSE
"Exoc1","Exoc1",3,0.000125113021590348,0.00666307370074784,"NM_001289771",3.60553442492716,0.000125113021590348,0.00406968030431859,TRUE,TRUE,TRUE,"Forebrain + Hindbrain + Midbrain",FALSE,FALSE
"Mapk8ip1","Mapk8ip1",3,0.000126609435732462,0.00668585529497773,"NM_011162",-2.52091738590383,0.000126609435732462,0.00407927007033571,TRUE,TRUE,TRUE,"Forebrain + Hindbrain + Midbrain",FALSE,FALSE
"Dut","Dut",2,0.00012652229832688,0.00670956488258286,"NM_023595",-1.34507711809979,0.00012652229832688,0.00407927007033571,FALSE,FALSE,TRUE,"Midbrain only",FALSE,FALSE
"Glyctk","Glyctk",2,0.000128990412188988,0.00678294931322107,"NM_174846",-7.38999576643931,0.000128990412188988,0.004134731740458,NA,NA,NA,NA,FALSE,FALSE
"Gtf2i","Gtf2i",4,0.000133937690805792,0.00701359397713064,"NM_010365",0.750502378464137,0.000133937690805792,0.00427077804791594,TRUE,TRUE,TRUE,"Forebrain + Hindbrain + Midbrain",FALSE,FALSE
"Dhx30","Dhx30",3,0.000135125269104003,0.00704628933793824,"NM_001252683",2.07066542666763,0.000135125269104003,0.00429754077511185,TRUE,TRUE,TRUE,"Forebrain + Hindbrain + Midbrain",FALSE,FALSE
"Kazn","Kazn",3,0.000138824951559054,0.00720914644291206,"NM_001109685",2.54790116816658,0.000138824951559054,0.00440385578981678,TRUE,TRUE,TRUE,"Forebrain + Hindbrain + Midbrain",FALSE,FALSE
"Shroom2","Shroom2",5,0.000140459381589752,0.00726386824379173,"NM_172441",5.41735552407861,0.000140459381589752,0.00444427889440394,TRUE,TRUE,TRUE,"Forebrain + Hindbrain + Midbrain",FALSE,FALSE
"Tacc2","Tacc2",3,0.000144657475307426,0.00745015240166444,"NM_021314",-4.5812346956478,0.000144657475307426,0.00455375827881029,TRUE,TRUE,TRUE,"Forebrain + Hindbrain + Midbrain",FALSE,FALSE
"1500011B03Rik","1500011B03Rik",2,0.000145818792104349,0.00747917439275642,"NR_027817",-1.02091646515548,0.000145818792104349,0.00456438458770249,TRUE,TRUE,TRUE,"Forebrain + Hindbrain + Midbrain",FALSE,FALSE
"Itsn1","Itsn1",3,0.000156801992397581,0.00797702893428684,"NM_010587",-2.67161298003223,0.000156801992397581,0.00482527826979089,FALSE,FALSE,TRUE,"Midbrain only",FALSE,FALSE
"Akap2","Akap2",2,0.000156492254179507,0.00799376927344711,"NM_001035533",-1.50980361330772,0.000156492254179507,0.00482527826979089,TRUE,TRUE,TRUE,"Forebrain + Hindbrain + Midbrain",FALSE,FALSE
"Slc25a19","Slc25a19",5,0.000159051774657163,0.00802620877153577,"NM_001252395",1.87647315852097,0.000159051774657163,0.00485816559225096,TRUE,TRUE,TRUE,"Forebrain + Hindbrain + Midbrain",FALSE,FALSE
"Ap1g1","Ap1g1",2,0.0001587124495427,0.00804151392747611,"NM_009677",-2.32687198742429,0.0001587124495427,0.00485816559225096,TRUE,TRUE,TRUE,"Forebrain + Hindbrain + Midbrain",FALSE,FALSE
"Erc1","Erc1",3,0.000161730783410687,0.00812859837376561,"NM_053204",2.31371856158283,0.000161730783410687,0.00490509171737203,TRUE,TRUE,TRUE,"Forebrain + Hindbrain + Midbrain",FALSE,FALSE
"Pard3","Pard3",5,0.000163443430695296,0.00818180187295584,"NM_001309392",3.63370184917835,0.000163443430695296,0.00493127612415636,TRUE,TRUE,TRUE,"Forebrain + Hindbrain + Midbrain",FALSE,FALSE
"Golim4","Golim4",2,0.000164589301008891,0.00820632712224821,"NM_175193",-4.12813109083394,0.000164589301008891,0.00495373652304809,TRUE,TRUE,TRUE,"Forebrain + Hindbrain + Midbrain",FALSE,FALSE
"Trpt1","Trpt1",2,0.000170127391354503,0.00844874065662254,"NR_027351",-1.94751150505704,0.000170127391354503,0.0050832252041515,TRUE,TRUE,TRUE,"Forebrain + Hindbrain + Midbrain",FALSE,FALSE
"Rhot1","Rhot1",3,0.000171447810284976,0.00848064848483688,"NM_001163355",1.34487609939996,0.000171447810284976,0.00511030429690001,TRUE,TRUE,TRUE,"Forebrain + Hindbrain + Midbrain",FALSE,FALSE
"Sept9","Sept9",4,0.000182670528229445,0.00889503363901884,"NM_001113488",-1.29824671036753,0.000182670528229445,0.00532897001974314,TRUE,TRUE,TRUE,"Forebrain + Hindbrain + Midbrain",FALSE,FALSE
"Ndufs6","Ndufs6",2,0.000180713799913401,0.00890370531417667,"NR_033306",-0.979324244319902,0.000180713799913401,0.00532221549148299,NA,NA,NA,NA,FALSE,FALSE
"Ncoa4","Ncoa4",3,0.000182425890965854,0.00891782328422021,"NM_019744",3.51255993823626,0.000182425890965854,0.00532897001974314,TRUE,TRUE,TRUE,"Forebrain + Hindbrain + Midbrain",FALSE,FALSE
"Pbx1","Pbx1",4,0.000182135849771835,0.00893856385612768,"NM_001291508",5.51069494954513,0.000182135849771835,0.00532897001974314,TRUE,TRUE,TRUE,"Forebrain + Hindbrain + Midbrain",FALSE,FALSE
"Arvcf","Arvcf",4,0.000186794688240257,0.00906056046124416,"NM_001272032",2.96743341044233,0.000186794688240257,0.00540461820674249,TRUE,TRUE,TRUE,"Forebrain + Hindbrain + Midbrain",FALSE,FALSE
"Tspan4","Tspan4",2,0.000192162684842717,0.00924918295048855,"NM_001252588",-1.66219919745251,0.000192162684842717,0.00552747676214248,TRUE,TRUE,TRUE,"Forebrain + Hindbrain + Midbrain",FALSE,FALSE
"G3bp2","G3bp2",5,0.000191855520062274,0.0092700556887696,"NM_011816",-0.729249602558123,0.000191855520062274,0.00552747676214248,TRUE,TRUE,TRUE,"Forebrain + Hindbrain + Midbrain",FALSE,FALSE
"1700021K19Rik","1700021K19Rik",2,0.000196021181736508,0.00936283807593063,"NM_001200038",-4.43014487629204,0.000196021181736508,0.00559930875608451,TRUE,TRUE,TRUE,"Forebrain + Hindbrain + Midbrain",FALSE,FALSE
"Arl2bp","Arl2bp",2,0.000195651631100653,0.00938099586328936,"NM_024191",-2.30597651095339,0.000195651631100653,0.00559930875608451,FALSE,FALSE,TRUE,"Midbrain only",FALSE,FALSE
"Ndufv3","Ndufv3",2,0.000201266186052032,0.00946874572225665,"NM_001083891",-0.87227204161858,0.000201266186052032,0.0056574595350389,NA,NA,NA,NA,FALSE,FALSE
"Sgms1","Sgms1",3,0.00019992190766408,0.00947677090042989,"NM_001168526",1.99556498920812,0.00019992190766408,0.00564539208369508,TRUE,TRUE,TRUE,"Forebrain + Hindbrain + Midbrain",FALSE,FALSE
"Cstf3","Cstf3",3,0.000200736729644855,0.0094794796662162,"NM_177253",-0.757188921445332,0.000200736729644855,0.00565545946077059,TRUE,TRUE,TRUE,"Forebrain + Hindbrain + Midbrain",FALSE,FALSE
"Reps1","Reps1",2,0.000199855766132179,0.00950965776159197,"NM_009048",-5.60739336864365,0.000199855766132179,0.00564539208369508,TRUE,TRUE,TRUE,"Forebrain + Hindbrain + Midbrain",FALSE,FALSE
"Atp9b","Atp9b",2,0.000206198975632252,0.00966442764734957,"NM_001201569",-2.67562931016129,0.000206198975632252,0.00575677683099997,TRUE,TRUE,TRUE,"Forebrain + Hindbrain + Midbrain",FALSE,FALSE
"Mllt3","Mllt3",2,0.000216768513678761,0.0101217873787399,"NM_027326",-4.24504162215536,0.000216768513678761,0.00602460238467548,FALSE,FALSE,TRUE,"Midbrain only",FALSE,FALSE
"Nt5c2","Nt5c2",3,0.000217753363587683,0.0101299644687486,"NM_001164363",-5.51471313155682,0.000217753363587683,0.00603837417229664,TRUE,TRUE,TRUE,"Forebrain + Hindbrain + Midbrain",FALSE,FALSE
"Sgk1","Sgk1",5,0.000219678087243121,0.0101816315491264,"NM_011361",1.02638380716717,0.000219678087243121,0.00607808878156977,TRUE,TRUE,TRUE,"Forebrain + Hindbrain + Midbrain",FALSE,FALSE
"Kctd17","Kctd17",4,0.000227418130722023,0.0105013822690216,"NR_110357",2.40565384421109,0.000227418130722023,0.00624074226958077,TRUE,TRUE,TRUE,"Forebrain + Hindbrain + Midbrain",FALSE,FALSE
"Parp6","Parp6",4,0.000229092916835215,0.0105398061665692,"NR_038074",5.05949555423334,0.000229092916835215,0.00625234204122652,FALSE,FALSE,TRUE,"Midbrain only",FALSE,FALSE
"Os9","Os9",2,0.000248491590639538,0.0113901532874767,"NM_177614",-0.968360863167032,0.000248491590639538,0.00670981669254246,TRUE,TRUE,TRUE,"Forebrain + Hindbrain + Midbrain",FALSE,FALSE
"Bnip2","Bnip2",2,0.000250523587187995,0.0114413586494832,"NM_001008238",-1.81070185214169,0.000250523587187995,0.00674991499104772,TRUE,TRUE,TRUE,"Forebrain + Hindbrain + Midbrain",FALSE,FALSE
"Rbbp6","Rbbp6",2,0.000263226933102552,0.0119776343265507,"NM_175023",-1.09158098740953,0.000263226933102552,0.00700047490190839,TRUE,TRUE,TRUE,"Forebrain + Hindbrain + Midbrain",FALSE,FALSE
"Ppap2a","Ppap2a",2,0.000271318896682883,0.0123010017885797,"NM_008247",-0.765026442505869,0.000271318896682883,0.00716410902044633,FALSE,FALSE,TRUE,"Midbrain only",FALSE,FALSE
"Atp2c1","Atp2c1",4,0.000272541086686287,0.0123117885107339,"NM_175025",-2.26144553270376,0.000272541086686287,0.00717091046846222,TRUE,TRUE,TRUE,"Forebrain + Hindbrain + Midbrain",FALSE,FALSE
"Kcnma1","Kcnma1",13,0.000279691181139585,0.0125892385983678,"NM_001253376",6.31133827234851,0.000279691181139585,0.00732351550444228,TRUE,TRUE,TRUE,"Forebrain + Hindbrain + Midbrain",FALSE,FALSE
"Epc1","Epc1",3,0.000283023115208815,0.0126481718521262,"NM_007935",-1.02961994921007,0.000283023115208815,0.00736815451830544,TRUE,TRUE,TRUE,"Forebrain + Hindbrain + Midbrain",FALSE,FALSE
"Zfp950","Zfp950",7,0.000282139026646229,0.0126538670930876,"NM_001001737",0.786418826375833,0.000282139026646229,0.00736066720679591,TRUE,TRUE,TRUE,"Forebrain + Hindbrain + Midbrain",FALSE,FALSE
"Smg7","Smg7",3,0.000284923257816254,0.0126877481171035,"NM_001005507",1.61831516733789,0.000284923257816254,0.00740200631884752,TRUE,TRUE,TRUE,"Forebrain + Hindbrain + Midbrain",FALSE,FALSE
"Map2k7","Map2k7",4,0.00028981619336604,0.0128597980598134,"NM_011944",-2.45173587853928,0.00028981619336604,0.00751330215574986,TRUE,TRUE,TRUE,"Forebrain + Hindbrain + Midbrain",FALSE,FALSE
"Aktip","Aktip",4,0.000294351542569277,0.0129689973111545,"NM_001302337",-1.34189655692534,0.000294351542569277,0.00759894986465457,FALSE,FALSE,TRUE,"Midbrain only",FALSE,FALSE
"Gpbp1","Gpbp1",2,0.000298730126103635,0.0129790483114647,"NM_028487",-1.07395480998945,0.000298730126103635,0.00764798704588974,TRUE,TRUE,TRUE,"Forebrain + Hindbrain + Midbrain",FALSE,FALSE
"Arhgef2","Arhgef2",4,0.000293755122997626,0.0129884619161186,"NM_001198911",2.49779171847152,0.000293755122997626,0.00759894986465457,TRUE,TRUE,TRUE,"Forebrain + Hindbrain + Midbrain",FALSE,FALSE
"Nckap5","Nckap5",2,0.000298634237354187,0.0130200922280917,"NM_172484",-3.12965154031189,0.000298634237354187,0.00764798704588974,FALSE,FALSE,TRUE,"Midbrain only",FALSE,FALSE
"Nr2c2ap","Nr2c2ap",3,0.000298438384893663,0.0130570510758331,"NR_104434",-1.51625477329802,0.000298438384893663,0.00764798704588974,TRUE,TRUE,TRUE,"Forebrain + Hindbrain + Midbrain",FALSE,FALSE
"Slc37a4","Slc37a4",3,0.000302213347495582,0.0130849008143938,"NM_001293631",-1.53311688912782,0.000302213347495582,0.00772114432317904,TRUE,TRUE,TRUE,"Forebrain + Hindbrain + Midbrain",FALSE,FALSE
"Slc25a25","Slc25a25",4,0.000298236212322839,0.0130939918890064,"NM_001164358",-2.30343003006882,0.000298236212322839,0.00764798704588974,TRUE,TRUE,TRUE,"Forebrain + Hindbrain + Midbrain",FALSE,FALSE
"Map6","Map6",3,0.00030713119600363,0.0131611350758833,"NM_001048167",-2.44237128725005,0.00030713119600363,0.00775050911796482,TRUE,TRUE,TRUE,"Forebrain + Hindbrain + Midbrain",FALSE,FALSE
"Nf2","Nf2",4,0.000306566440435595,0.0131820866269105,"NM_001252250",1.85643364764431,0.000306566440435595,0.00775050911796482,TRUE,TRUE,TRUE,"Forebrain + Hindbrain + Midbrain",FALSE,FALSE
"Cdc37l1","Cdc37l1",4,0.000306314034204721,0.0132166551285432,"NM_001302380",-0.577234908013952,0.000306314034204721,0.00775050911796482,FALSE,FALSE,TRUE,"Midbrain only",FALSE,FALSE
"Ephx2","Ephx2",2,0.000315141146713079,0.0134581665433634,"NM_001271402",-3.61281972990844,0.000315141146713079,0.00793641173559059,NA,NA,NA,NA,FALSE,FALSE
"Ogt","Ogt",2,0.000319009692712546,0.0135769773108166,"NM_001290535",-1.20650013383975,0.000319009692712546,0.00801747374352916,TRUE,TRUE,TRUE,"Forebrain + Hindbrain + Midbrain",FALSE,FALSE
"Tcf7l2","Tcf7l2",8,0.000322559897801372,0.0136814834762285,"NM_001142922",2.74229218336787,0.000322559897801372,0.00807381164070777,TRUE,TRUE,TRUE,"Forebrain + Hindbrain + Midbrain",FALSE,FALSE
"Golga2","Golga2",2,0.000326779121595229,0.0137670424746937,"NM_001080968",-2.07656699962718,0.000326779121595229,0.00812994830742969,TRUE,TRUE,TRUE,"Forebrain + Hindbrain + Midbrain",FALSE,FALSE
"Ubtf","Ubtf",4,0.000325944081915973,0.013778266858474,"NM_011551",-0.866434881027005,0.000325944081915973,0.00812555549665274,TRUE,TRUE,TRUE,"Forebrain + Hindbrain + Midbrain",FALSE,FALSE
"Zfp275","Zfp275",2,0.000331685334758842,0.0139267712622688,"NM_001160229",-2.83064441997217,0.000331685334758842,0.00823540650085333,TRUE,TRUE,TRUE,"Forebrain + Hindbrain + Midbrain",FALSE,FALSE
"Prepl","Prepl",3,0.000334670727689372,0.0139583946075146,"NM_001163622",1.51710218183888,0.000334670727689372,0.00825967355937371,TRUE,TRUE,TRUE,"Forebrain + Hindbrain + Midbrain",FALSE,FALSE
"Wbp1l","Wbp1l",3,0.000333757265206827,0.0139668663841653,"NM_001177813",3.92331804803777,0.000333757265206827,0.00825363657846141,TRUE,TRUE,TRUE,"Forebrain + Hindbrain + Midbrain",FALSE,FALSE
"Srsf11","Srsf11",2,0.000342933407654717,0.0142553641907384,"NM_001093753",-0.733147505212289,0.000342933407654717,0.0084131177941535,TRUE,TRUE,TRUE,"Forebrain + Hindbrain + Midbrain",FALSE,FALSE
"2010111I01Rik","2010111I01Rik",4,0.000361216665041328,0.0149653557310878,"NM_001289926",-1.04682738404494,0.000361216665041328,0.00879174289272188,TRUE,TRUE,TRUE,"Forebrain + Hindbrain + Midbrain",FALSE,FALSE
"Pip5k1c","Pip5k1c",4,0.000366504083874152,0.0150844297272997,"NM_001146687",3.22689543264149,0.000366504083874152,0.00888094914009415,TRUE,TRUE,TRUE,"Forebrain + Hindbrain + Midbrain",FALSE,FALSE
"Ldha","Ldha",3,0.000366063317644217,0.0151160199623932,"NM_001136069",-1.51624958914328,0.000366063317644217,0.00888094914009415,NA,NA,NA,NA,FALSE,FALSE
"Hexdc","Hexdc",2,0.000369684661083131,0.0151653948100668,"NM_001146073",-1.29167020705274,0.000369684661083131,0.00892741432048108,TRUE,TRUE,TRUE,"Forebrain + Hindbrain + Midbrain",FALSE,FALSE
"Cacfd1","Cacfd1",3,0.00037759280187572,0.0154390509108605,"NM_001243240",-1.50934383820937,0.00037759280187572,0.00906516571040153,TRUE,TRUE,TRUE,"Forebrain + Hindbrain + Midbrain",FALSE,FALSE
"Ralbp1","Ralbp1",2,0.000384736411697102,0.0155782865541599,"NM_001198949",-1.3908778189051,0.000384736411697102,0.009165342317263,NA,NA,NA,NA,FALSE,FALSE
"Zfp385b","Zfp385b",3,0.000382914702923742,0.0156055623106544,"NM_001113400",4.38527267129321,0.000382914702923742,0.00915730122883524,TRUE,TRUE,TRUE,"Forebrain + Hindbrain + Midbrain",FALSE,FALSE
"Phactr1","Phactr1",4,0.000384497951920704,0.0156191827616076,"NM_001302636",5.35534062874572,0.000384497951920704,0.009165342317263,TRUE,TRUE,FALSE,"Forebrain + Hindbrain",FALSE,FALSE
"Slc38a10","Slc38a10",6,0.000394104045882965,0.0159059482022811,"NM_001164799",1.52099295109847,0.000394104045882965,0.00935239216576113,TRUE,TRUE,TRUE,"Forebrain + Hindbrain + Midbrain",FALSE,FALSE
"Bcat2","Bcat2",3,0.000401747965798217,0.0161621814809656,"NM_001243052",-2.45441100717036,0.000401747965798217,0.00949726034090037,TRUE,TRUE,TRUE,"Forebrain + Hindbrain + Midbrain",FALSE,FALSE
"Tcf25","Tcf25",4,0.000403530367650646,0.0161818232051601,"NM_001037878",0.630762333414699,0.000403530367650646,0.00952115628452959,FALSE,FALSE,TRUE,"Midbrain only",FALSE,FALSE
"Arap1","Arap1",4,0.000405674877159082,0.0162158069530599,"NM_001040111",-2.37465911622251,0.000405674877159082,0.009553488519357,TRUE,TRUE,TRUE,"Forebrain + Hindbrain + Midbrain",FALSE,FALSE
"Ak1","Ak1",4,0.000418003097492356,0.0166551558982628,"NM_021515",-4.31242525185984,0.000418003097492356,0.00982506328201081,TRUE,TRUE,TRUE,"Forebrain + Hindbrain + Midbrain",FALSE,FALSE
"Lpin1","Lpin1",3,0.000425722672416679,0.0169087443181482,"NM_015763",3.51135459111808,0.000425722672416679,0.00998748626924299,TRUE,TRUE,TRUE,"Forebrain + Hindbrain + Midbrain",FALSE,FALSE
"Slc39a11","Slc39a11",2,0.00043107682443434,0.0170671161466838,"NM_001166503",-2.58879460677707,0.00043107682443434,0.0100939051489938,TRUE,TRUE,TRUE,"Forebrain + Hindbrain + Midbrain",FALSE,FALSE
"Cacna1c","Cacna1c",8,0.000435530291317954,0.0171889563874212,"NM_009781",5.69879938572014,0.000435530291317954,0.0101596291018214,NA,NA,NA,NA,FALSE,FALSE
"Mapk8ip3","Mapk8ip3",7,0.000437145332302506,0.0171984121977039,"NM_001163448",2.34837284489891,0.000437145332302506,0.0101614188801465,TRUE,TRUE,TRUE,"Forebrain + Hindbrain + Midbrain",FALSE,FALSE
"Cacnb4","Cacnb4",4,0.000444085315310795,0.0174165453114345,"NM_001037099",2.83526381504411,0.000444085315310795,0.0102621962377064,FALSE,FALSE,TRUE,"Midbrain only",FALSE,FALSE
"Sorbs3","Sorbs3",4,0.000449750653989609,0.0175835022118523,"NM_001271409",-2.00872683255894,0.000449750653989609,0.0103736879817416,FALSE,FALSE,TRUE,"Midbrain only",FALSE,FALSE
"Fhod3","Fhod3",2,0.000463922187878648,0.0179688113585904,"NM_001289654",-3.45700729425517,0.000463922187878648,0.0106014811081898,NA,NA,NA,NA,FALSE,FALSE
"Strn3","Strn3",2,0.000463245581881972,0.017998340680764,"NM_052973",-1.78685526056074,0.000463245581881972,0.0106014811081898,TRUE,TRUE,TRUE,"Forebrain + Hindbrain + Midbrain",FALSE,FALSE
"Ints10","Ints10",3,0.000461963191067949,0.0180044563313991,"NM_027590",2.36494712368384,0.000461963191067949,0.0105959586947556,TRUE,TRUE,TRUE,"Forebrain + Hindbrain + Midbrain",FALSE,FALSE
"Elmo2","Elmo2",4,0.000476972398954912,0.0184169911260352,"NM_207706",-5.03161625681944,0.000476972398954912,0.0108115159967916,TRUE,TRUE,TRUE,"Forebrain + Hindbrain + Midbrain",FALSE,FALSE
"St7","St7",5,0.000484603599118011,0.0186539169359852,"NM_022332",-2.23661529368979,0.000484603599118011,0.0109323736985672,TRUE,TRUE,TRUE,"Forebrain + Hindbrain + Midbrain",FALSE,FALSE
"Psme2","Psme2",2,0.000493456818017253,0.0189362532433691,"NM_001029855",-2.0965149440736,0.000493456818017253,0.0110915430497867,FALSE,FALSE,TRUE,"Midbrain only",FALSE,FALSE
"Hacd1","Hacd1",2,0.000495448720471055,0.0189545072152732,"NM_001012396",-4.65964311360618,0.000495448720471055,0.0111160676556597,FALSE,FALSE,TRUE,"Midbrain only",FALSE,FALSE
"Lamp2","Lamp2",3,0.000499685711527568,0.0190582309548191,"NM_001290485",-0.701847609844792,0.000499685711527568,0.0111907834487299,TRUE,TRUE,TRUE,"Forebrain + Hindbrain + Midbrain",FALSE,FALSE
"March5","March5",3,0.000502171285392209,0.0190947632752656,"NM_001164336",0.544095363374735,0.000502171285392209,0.0111938197736175,NA,NA,NA,NA,FALSE,FALSE
"Fgd4","Fgd4",3,0.000503713401603293,0.0190953280478408,"NM_139232",-4.68577641832798,0.000503713401603293,0.0111938197736175,FALSE,FALSE,TRUE,"Midbrain only",FALSE,FALSE
"Nmt2","Nmt2",4,0.000509612753435826,0.0192604757383623,"NM_001290370",-1.91628335187082,0.000509612753435826,0.0112901640527793,TRUE,TRUE,TRUE,"Forebrain + Hindbrain + Midbrain",FALSE,FALSE
"Plod2","Plod2",2,0.00053019873548939,0.0199776961015056,"NM_011961",-3.4003181545314,0.00053019873548939,0.0117042082217157,TRUE,TRUE,TRUE,"Forebrain + Hindbrain + Midbrain",FALSE,FALSE
"Qk","Qk",3,0.00053273275539347,0.0200128409870515,"NM_001159517",0.684330093319572,0.00053273275539347,0.0117391467884918,TRUE,TRUE,TRUE,"Forebrain + Hindbrain + Midbrain",FALSE,FALSE
"Gls","Gls",2,0.000538249539140967,0.0201594240305749,"NM_001081081",-0.847733892529915,0.000538249539140967,0.0118395709679136,TRUE,TRUE,TRUE,"Forebrain + Hindbrain + Midbrain",FALSE,FALSE
"Pqlc1","Pqlc1",4,0.000542142650900319,0.0202445353090095,"NM_001164424",1.66336325536509,0.000542142650900319,0.0118828424726642,TRUE,TRUE,TRUE,"Forebrain + Hindbrain + Midbrain",FALSE,FALSE
"Actr3","Actr3",3,0.000547804615587286,0.0203344346836623,"NM_023735",-0.743941577548879,0.000547804615587286,0.011944780497351,TRUE,TRUE,TRUE,"Forebrain + Hindbrain + Midbrain",FALSE,FALSE
"Myo18a","Myo18a",5,0.000547747171819108,0.0203928164827459,"NM_001291214",5.43029665638452,0.000547747171819108,0.011944780497351,TRUE,TRUE,TRUE,"Forebrain + Hindbrain + Midbrain",FALSE,FALSE
"Dnajb4","Dnajb4",2,0.000565095891586289,0.020913823399596,"NM_027287",-1.86034142386239,0.000565095891586289,0.0122769072221387,TRUE,TRUE,TRUE,"Forebrain + Hindbrain + Midbrain",FALSE,FALSE
"Aldh7a1","Aldh7a1",2,0.000569606016517886,0.0210184498987045,"NM_001127338",-1.42071777739676,0.000569606016517886,0.0123531427835338,TRUE,TRUE,TRUE,"Forebrain + Hindbrain + Midbrain",FALSE,FALSE
"A930016O22Rik","A930016O22Rik",2,0.000574524118714101,0.0211374597222759,"NR_073015",-5.98567269133107,0.000574524118714101,0.0124300063677525,NA,NA,NA,NA,FALSE,FALSE
"Rtn3","Rtn3",5,0.000578667476839002,0.0212273677580463,"NM_053076",-0.866057894567375,0.000578667476839002,0.0124838403220162,NA,NA,NA,NA,FALSE,FALSE
"Cep41","Cep41",3,0.000596081918370358,0.0218018276265175,"NM_031998",-1.47183827376832,0.000596081918370358,0.0127717032447748,TRUE,TRUE,TRUE,"Forebrain + Hindbrain + Midbrain",FALSE,FALSE
"Eps15","Eps15",2,0.000598705290301392,0.0218338725793207,"NM_001159964",-5.10106446995129,0.000598705290301392,0.0128041997960471,TRUE,TRUE,TRUE,"Forebrain + Hindbrain + Midbrain",FALSE,FALSE
"Ccl25","Ccl25",2,0.000616045760580669,0.0224005134455991,"NR_033527",-3.36294283708971,0.000616045760580669,0.0130843454140541,FALSE,FALSE,TRUE,"Midbrain only",FALSE,FALSE
"Nin","Nin",5,0.000635551768603105,0.0230423029462192,"NR_104398",-4.43822627850359,0.000635551768603105,0.0134523307453899,FALSE,FALSE,TRUE,"Midbrain only",FALSE,FALSE
"Mpp6","Mpp6",2,0.000641505207041945,0.023123942924172,"NM_019939",-1.99679965771588,0.000641505207041945,0.0135088297865147,FALSE,FALSE,TRUE,"Midbrain only",FALSE,FALSE
"Maged2","Maged2",2,0.000639799305008984,0.0231291495737727,"NM_001199246",-0.893476759887428,0.000639799305008984,0.0134959374765998,FALSE,FALSE,TRUE,"Midbrain only",FALSE,FALSE
"Pax6","Pax6",8,0.000654734020086112,0.0235326301121101,"NM_013627",4.84746403200886,0.000654734020086112,0.0137171779420418,TRUE,TRUE,TRUE,"Forebrain + Hindbrain + Midbrain",FALSE,FALSE
"Lrrc28","Lrrc28",4,0.000660125218090513,0.0236582765960133,"NM_027413",1.91152322854887,0.000660125218090513,0.0138066867648083,TRUE,TRUE,TRUE,"Forebrain + Hindbrain + Midbrain",FALSE,FALSE
"Atg16l1","Atg16l1",3,0.000663811850179795,0.0237223324924023,"NM_001205391",1.72606824762865,0.000663811850179795,0.0138603015756661,TRUE,TRUE,TRUE,"Forebrain + Hindbrain + Midbrain",FALSE,FALSE
"Dag1","Dag1",8,0.00067111049704337,0.0239146391088487,"NM_001276486",1.08464236160037,0.00067111049704337,0.0139890262390459,FALSE,FALSE,TRUE,"Midbrain only",FALSE,FALSE
"Fdx1","Fdx1",2,0.000675889221981294,0.0240163758544225,"NM_001301728",-0.916094379087081,0.000675889221981294,0.0140648785822077,NA,NA,NA,NA,FALSE,FALSE
"Nckap1","Nckap1",2,0.000687747265910357,0.0242993419326806,"NM_001290745",-4.31128879506008,0.000687747265910357,0.0142164630858955,TRUE,TRUE,TRUE,"Forebrain + Hindbrain + Midbrain",FALSE,FALSE
"Ntrk2","Ntrk2",2,0.000687150714835403,0.024347057779567,"NM_001025074",-3.04908568049316,0.000687150714835403,0.0142164630858955,TRUE,TRUE,TRUE,"Forebrain + Hindbrain + Midbrain",FALSE,FALSE
"Dock9","Dock9",4,0.000694748229308002,0.0244086061558066,"NM_134074",2.00689328956278,0.000694748229308002,0.0143125094318209,NA,NA,NA,NA,FALSE,FALSE
"Mcf2l","Mcf2l",3,0.000693912502036945,0.0244479411207184,"NM_178076",-3.17681796120452,0.000693912502036945,0.0143125094318209,TRUE,TRUE,TRUE,"Forebrain + Hindbrain + Midbrain",FALSE,FALSE
"Serpinb6a","Serpinb6a",4,0.000701648632860849,0.0245817995247494,"NM_001243192",-1.80244573797457,0.000701648632860849,0.0143373457212606,TRUE,TRUE,TRUE,"Forebrain + Hindbrain + Midbrain",FALSE,FALSE
"Mlf1","Mlf1",2,0.00072048983519769,0.0251708545819403,"NM_010801",-2.91542827227151,0.00072048983519769,0.0146713606705272,FALSE,FALSE,TRUE,"Midbrain only",FALSE,FALSE
"Ganab","Ganab",2,0.000726662286830102,0.0252452849087624,"NM_001293621",-2.4876725382779,0.000726662286830102,0.0147483760188873,TRUE,TRUE,TRUE,"Forebrain + Hindbrain + Midbrain",FALSE,FALSE
"Map3k7","Map3k7",2,0.00072585199478234,0.0252873996475627,"NM_172688",-1.39305459026471,0.00072585199478234,0.0147483760188873,TRUE,TRUE,TRUE,"Forebrain + Hindbrain + Midbrain",FALSE,FALSE
"Mpdu1","Mpdu1",3,0.000730668226962669,0.0253140274525603,"NR_125917",-1.64250330985112,0.000730668226962669,0.0147810588864251,TRUE,TRUE,TRUE,"Forebrain + Hindbrain + Midbrain",FALSE,FALSE
"Prickle2","Prickle2",3,0.000733292135046229,0.0253346797379781,"NM_001134459",2.27619086341833,0.000733292135046229,0.0147856616772393,NA,NA,NA,NA,FALSE,FALSE
"Lima1","Lima1",2,0.00073892201428226,0.0254587004202695,"NM_001113545",-2.39546436376099,0.00073892201428226,0.0148357382807959,TRUE,TRUE,TRUE,"Forebrain + Hindbrain + Midbrain",FALSE,FALSE
"Rnf14","Rnf14",3,0.000762229584494307,0.0261889110310365,"NM_020012",-1.17099040688912,0.000762229584494307,0.0151953361432306,TRUE,TRUE,TRUE,"Forebrain + Hindbrain + Midbrain",FALSE,FALSE
"Trip10","Trip10",3,0.000769598887356151,0.026225745350127,"NM_001242390",4.83860196830645,0.000769598887356151,0.0152682480224677,FALSE,FALSE,TRUE,"Midbrain only",FALSE,FALSE
"Pdp1","Pdp1",5,0.000765879878461756,0.0262421286178136,"NM_001033453",2.21503603138875,0.000765879878461756,0.015243480161642,TRUE,TRUE,TRUE,"Forebrain + Hindbrain + Midbrain",FALSE,FALSE
"Tfdp2","Tfdp2",5,0.000769447645765666,0.0262922368369049,"NM_001184711",-1.49032477327914,0.000769447645765666,0.0152682480224677,FALSE,FALSE,TRUE,"Midbrain only",FALSE,FALSE
"Depdc1a","Depdc1a",3,0.000790219512987037,0.0268546484196248,"NM_001172093",2.44835632398446,0.000790219512987037,0.0156288638852432,TRUE,TRUE,TRUE,"Forebrain + Hindbrain + Midbrain",FALSE,FALSE
"Gphn","Gphn",2,0.00079544290253547,0.0269587448867529,"NM_172952",-4.87020480442309,0.00079544290253547,0.0156581853970357,TRUE,TRUE,TRUE,"Forebrain + Hindbrain + Midbrain",FALSE,FALSE
"Eif2d","Eif2d",2,0.000811422861416554,0.0274255181869818,"NM_010709",-1.82148205957344,0.000811422861416554,0.0159188523209543,FALSE,FALSE,TRUE,"Midbrain only",FALSE,FALSE
"Tnrc18","Tnrc18",2,0.000815966913379664,0.0275046280954509,"NM_178242",-1.22961748054953,0.000815966913379664,0.0159825900176271,TRUE,TRUE,TRUE,"Forebrain + Hindbrain + Midbrain",FALSE,FALSE
"Atp5c1","Atp5c1",2,0.000830248306556023,0.0279103522117097,"NM_001112738",-0.794548156986795,0.000830248306556023,0.0161852513473955,NA,NA,NA,NA,FALSE,FALSE
"Kifc3","Kifc3",2,0.000833960600030318,0.0279598715344568,"NM_010631",-0.970717578384743,0.000833960600030318,0.0162319776094229,TRUE,TRUE,TRUE,"Forebrain + Hindbrain + Midbrain",FALSE,FALSE
"Pcdh7","Pcdh7",2,0.000839687662334825,0.0280764297661204,"NM_001122758",-1.59125476229469,0.000839687662334825,0.0163177098475775,TRUE,TRUE,TRUE,"Forebrain + Hindbrain + Midbrain",FALSE,FALSE
"Sirpa","Sirpa",4,0.000860724357911666,0.0287024126717371,"NM_007547",-2.47654235538565,0.000860724357911666,0.0165699509775818,TRUE,TRUE,TRUE,"Forebrain + Hindbrain + Midbrain",FALSE,FALSE
"Clcn5","Clcn5",2,0.000866418251094529,0.0287388296354705,"NM_016691",-1.80034283058046,0.000866418251094529,0.0166018652461281,TRUE,TRUE,TRUE,"Forebrain + Hindbrain + Midbrain",FALSE,FALSE
"Trim24","Trim24",3,0.000866029335402221,0.0288023405927298,"NM_001272064",-1.54544990142436,0.000866029335402221,0.0166018652461281,TRUE,TRUE,TRUE,"Forebrain + Hindbrain + Midbrain",FALSE,FALSE
"Kcnab2","Kcnab2",4,0.00088737755876634,0.0293554932413652,"NM_010598",-4.88464281540579,0.00088737755876634,0.0169508344816976,TRUE,TRUE,TRUE,"Forebrain + Hindbrain + Midbrain",FALSE,FALSE
"Daam1","Daam1",3,0.000892687443544456,0.0294530584162542,"NM_001286452",2.30937412992002,0.000892687443544456,0.0169812171993473,TRUE,TRUE,TRUE,"Forebrain + Hindbrain + Midbrain",FALSE,FALSE
"Tcf12","Tcf12",4,0.000954097708077499,0.0313942316998594,"NM_011544",1.14341316981881,0.000954097708077499,0.0180299628142057,TRUE,TRUE,TRUE,"Forebrain + Hindbrain + Midbrain",FALSE,FALSE
"Cxadr","Cxadr",3,0.000960237964614478,0.0315131301083847,"NM_001025192",-1.41535435363629,0.000960237964614478,0.0180857795744556,TRUE,TRUE,TRUE,"Forebrain + Hindbrain + Midbrain",FALSE,FALSE
"Fgf12","Fgf12",4,0.000963156595993749,0.0315260659798559,"NM_010199",2.06757010142235,0.000963156595993749,0.0180903385000957,TRUE,TRUE,TRUE,"Forebrain + Hindbrain + Midbrain",FALSE,FALSE
"Plec","Plec",11,0.000972172661704013,0.0317377786889103,"NM_001163542",-4.03113256027366,0.000972172661704013,0.0182319310720783,NA,NA,NA,NA,FALSE,FALSE
"Abhd11","Abhd11",3,0.000975194014788843,0.0317534007655324,"NM_145215",0.7715927068411,0.000975194014788843,0.0182608408839064,FALSE,FALSE,TRUE,"Midbrain only",FALSE,FALSE
"Adar","Adar",3,0.000978307355865801,0.0317719252314468,"NM_001038587",-4.21891706353461,0.000978307355865801,0.0182913829869454,TRUE,TRUE,TRUE,"Forebrain + Hindbrain + Midbrain",FALSE,FALSE
"Rcor3","Rcor3",5,0.00099393749814392,0.0321953525281916,"NM_001290280",0.828483625560363,0.00099393749814392,0.0185555048821422,TRUE,TRUE,TRUE,"Forebrain + Hindbrain + Midbrain",FALSE,FALSE
"Cttn","Cttn",2,0.00101054382112618,0.0326480766573823,"NM_001252572",-1.1459367404218,0.00101054382112618,0.0187604209066433,TRUE,TRUE,TRUE,"Forebrain + Hindbrain + Midbrain",FALSE,FALSE
"Ldb3","Ldb3",7,0.00102559197890713,0.0328788164855666,"NM_001039075",-7.07991755326706,0.00102559197890713,0.0189458158977753,NA,NA,NA,NA,FALSE,FALSE
"Rapgef1","Rapgef1",3,0.0010240167393384,0.0329127659167679,"NM_054050",1.72190013748075,0.0010240167393384,0.0189450773065005,TRUE,TRUE,TRUE,"Forebrain + Hindbrain + Midbrain",FALSE,FALSE
"Add3","Add3",5,0.00102297109989668,0.0329639365039543,"NM_001277100",-1.85295681479084,0.00102297109989668,0.0189450773065005,TRUE,TRUE,TRUE,"Forebrain + Hindbrain + Midbrain",FALSE,FALSE
"Stx3","Stx3",3,0.00103286158489737,0.0330269169134311,"NM_152220",1.35710878814841,0.00103286158489737,0.0190231521755725,TRUE,TRUE,TRUE,"Forebrain + Hindbrain + Midbrain",FALSE,FALSE
"Surf1","Surf1",3,0.00105329752882281,0.0335936986132495,"NM_013677",2.15822690206404,0.00105329752882281,0.0193706281753704,TRUE,TRUE,TRUE,"Forebrain + Hindbrain + Midbrain",FALSE,FALSE
"Sars","Sars",2,0.00106622294039207,0.0338328356059263,"NM_011319",-1.33321325438902,0.00106622294039207,0.0195500610467135,TRUE,TRUE,TRUE,"Forebrain + Hindbrain + Midbrain",FALSE,FALSE
"Ube3a","Ube3a",3,0.00106458082526716,0.0338667465858358,"NM_011668",0.568650150379858,0.00106458082526716,0.019548999083031,TRUE,TRUE,TRUE,"Forebrain + Hindbrain + Midbrain",FALSE,FALSE
"Camk2g","Camk2g",3,0.00107198405251079,0.0339293119044436,"NM_001039138",1.68331976510603,0.00107198405251079,0.0196265329495299,TRUE,TRUE,TRUE,"Forebrain + Hindbrain + Midbrain",FALSE,FALSE
"Cyth2","Cyth2",2,0.00109720215332213,0.0345515728268937,"NM_011181",-2.05382912806159,0.00109720215332213,0.0199109920176398,FALSE,FALSE,TRUE,"Midbrain only",FALSE,FALSE
"Hdac9","Hdac9",2,0.00109686451236251,0.0346281778677835,"NM_001271386",-0.843938479676534,0.00109686451236251,0.0199109920176398,NA,NA,NA,NA,FALSE,FALSE
"Sdf4","Sdf4",4,0.00110936029199971,0.034846195294072,"NM_001302469",0.473871362460794,0.00110936029199971,0.0201020646156775,NA,NA,NA,NA,FALSE,FALSE
"March2","March2",4,0.0011185448309363,0.0350462776622918,"NM_001252480",1.32317196879864,0.0011185448309363,0.0201795953417456,NA,NA,NA,NA,FALSE,FALSE
"Dpf3","Dpf3",3,0.00112622318391195,0.035198339168139,"NM_001267625",-1.22094050647663,0.00112622318391195,0.020251622909423,TRUE,TRUE,TRUE,"Forebrain + Hindbrain + Midbrain",FALSE,FALSE
"Rbms3","Rbms3",6,0.00113523195785905,0.0353910621490798,"NM_178660",-0.89474567905304,0.00113523195785905,0.0203320208417717,FALSE,FALSE,TRUE,"Midbrain only",FALSE,FALSE
"Elavl4","Elavl4",3,0.00114706548780039,0.035670551317314,"NM_001163397",2.36032449527042,0.00114706548780039,0.0205141856803722,TRUE,TRUE,TRUE,"Forebrain + Hindbrain + Midbrain",FALSE,FALSE
"Sptbn1","Sptbn1",2,0.00115441434565849,0.035809708945679,"NM_175836",-1.1087738145961,0.00115441434565849,0.020615735203221,NA,NA,NA,NA,FALSE,FALSE
"Chchd7","Chchd7",8,0.00120098127998656,0.0370683205284354,"NR_104355",-1.81992155886513,0.00120098127998656,0.0213546239121529,TRUE,TRUE,TRUE,"Forebrain + Hindbrain + Midbrain",FALSE,FALSE
"Hnrnpa1","Hnrnpa1",3,0.00119896591762056,0.0370977985221187,"NM_001039129",-0.580844728650901,0.00119896591762056,0.0213495518375725,FALSE,FALSE,TRUE,"Midbrain only",FALSE,FALSE
"Crhr2","Crhr2",4,0.00122566742141722,0.0377360479308013,"NM_001288618",6.50419420287179,0.00122566742141722,0.0217309425004144,NA,NA,NA,NA,FALSE,FALSE
"Zfp451","Zfp451",3,0.00126280743228216,0.0387823962365311,"NM_133817",1.49665388807833,0.00126280743228216,0.022325277527739,TRUE,TRUE,TRUE,"Forebrain + Hindbrain + Midbrain",FALSE,FALSE
"Il1rap","Il1rap",4,0.00127200076747854,0.0389685908895226,"NM_008364",2.16287673846626,0.00127200076747854,0.0224556358665024,TRUE,TRUE,TRUE,"Forebrain + Hindbrain + Midbrain",FALSE,FALSE
"Mtfr1","Mtfr1",3,0.00129769715044147,0.0395607585873296,"NM_026182",3.09913718757595,0.00129769715044147,0.0228113715618914,TRUE,TRUE,TRUE,"Forebrain + Hindbrain + Midbrain",FALSE,FALSE
"Ilf3","Ilf3",6,0.00129497785797702,0.0395745022099263,"NM_001042707",-0.489571383855355,0.00129497785797702,0.0227960438907795,TRUE,TRUE,TRUE,"Forebrain + Hindbrain + Midbrain",FALSE,FALSE
"Galk2","Galk2",2,0.00133907836027892,0.0406222489713845,"NM_175154",-2.39465594132541,0.00133907836027892,0.0234386198097048,FALSE,FALSE,TRUE,"Midbrain only",FALSE,FALSE
"Zak","Zak",3,0.00133890649027515,0.0407158677898548,"NM_023057",-1.91365393383326,0.00133890649027515,0.0234386198097048,FALSE,FALSE,TRUE,"Midbrain only",FALSE,FALSE
"Cacna2d1","Cacna2d1",3,0.00134568300866092,0.0407234650894507,"NM_001110844",-5.46150178129368,0.00134568300866092,0.0235208616527985,TRUE,TRUE,TRUE,"Forebrain + Hindbrain + Midbrain",FALSE,FALSE
"Herc4","Herc4",2,0.00135902559760204,0.0410272943590542,"NM_030114",-2.52576830147588,0.00135902559760204,0.0236869715740242,TRUE,TRUE,TRUE,"Forebrain + Hindbrain + Midbrain",FALSE,FALSE
"Arhgef3","Arhgef3",4,0.00136432343206991,0.0410877416878791,"NM_001289687",-2.16362820500664,0.00136432343206991,0.0237123255658348,TRUE,TRUE,TRUE,"Forebrain + Hindbrain + Midbrain",FALSE,FALSE
"Esrrg","Esrrg",2,0.00138157362608707,0.0415064343458783,"NM_011935",-1.92090743533454,0.00138157362608707,0.023947322014064,FALSE,FALSE,TRUE,"Midbrain only",FALSE,FALSE
"Hopx","Hopx",3,0.00140060817531245,0.0418760714112051,"NM_001159901",-2.67401923129031,0.00140060817531245,0.0242065894724868,FALSE,FALSE,TRUE,"Midbrain only",FALSE,FALSE
"Ss18","Ss18",3,0.00139984803452278,0.0419537474428372,"NM_009280",-0.852722112030729,0.00139984803452278,0.0242065894724868,TRUE,TRUE,TRUE,"Forebrain + Hindbrain + Midbrain",FALSE,FALSE
"Zfyve27","Zfyve27",2,0.00142216746930006,0.0424181664215953,"NM_177319",-1.83406801868892,0.00142216746930006,0.0245105399038585,TRUE,TRUE,TRUE,"Forebrain + Hindbrain + Midbrain",FALSE,FALSE
"Paip1","Paip1",2,0.00145063268229723,0.0430602779106822,"NM_001079849",-2.08800143629815,0.00145063268229723,0.024862232360483,TRUE,TRUE,TRUE,"Forebrain + Hindbrain + Midbrain",FALSE,FALSE
"Cask","Cask",4,0.00144860353636999,0.0431025232059267,"NM_009806",5.97129956013598,0.00144860353636999,0.0248619855894376,TRUE,TRUE,TRUE,"Forebrain + Hindbrain + Midbrain",FALSE,FALSE
"Sh2d3c","Sh2d3c",3,0.00145612434005067,0.0431206036976992,"NR_045535",-1.1660433827132,0.00145612434005067,0.0249217397451113,NA,NA,NA,NA,FALSE,FALSE
"Naa10","Naa10",2,0.00146596454529668,0.043308902954615,"NM_019870",-0.878940234108058,0.00146596454529668,0.0250554051093643,TRUE,TRUE,TRUE,"Forebrain + Hindbrain + Midbrain",FALSE,FALSE
"Mdk","Mdk",6,0.00149361706496214,0.0440204195579924,"NM_001012335",-1.16512039099174,0.00149361706496214,0.0253873754567945,TRUE,TRUE,TRUE,"Forebrain + Hindbrain + Midbrain",FALSE,FALSE
"B4galnt1","B4galnt1",4,0.00152677322451885,0.0448900827414376,"NM_027739",1.83014486310934,0.00152677322451885,0.0258087419048803,TRUE,TRUE,TRUE,"Forebrain + Hindbrain + Midbrain",FALSE,FALSE
"Myo1b","Myo1b",3,0.0015738261700135,0.0461624985124367,"NM_001161817",-2.15899274921088,0.0015738261700135,0.0264952454815369,TRUE,TRUE,TRUE,"Forebrain + Hindbrain + Midbrain",FALSE,FALSE
"Itsn2","Itsn2",3,0.00159362922018698,0.0466328562367926,"NM_001198968",-1.20819138926304,0.00159362922018698,0.026755625274976,NA,NA,NA,NA,FALSE,FALSE
"Macf1","Macf1",2,0.001641693620023,0.0479245236240004,"NM_001199137",-1.85918261477642,0.001641693620023,0.0274505410177287,NA,NA,NA,NA,FALSE,FALSE
"Ap1b1","Ap1b1",3,0.00167160182884084,0.0486822460868453,"NM_001243043",-1.50812518519775,0.00167160182884084,0.0278750899566162,TRUE,TRUE,TRUE,"Forebrain + Hindbrain + Midbrain",FALSE,FALSE
"Commd6","Commd6",2,0.0017530671870346,0.0509314383674797,"NM_001168592",-1.55967619938381,0.0017530671870346,0.0291155438600363,TRUE,TRUE,TRUE,"Forebrain + Hindbrain + Midbrain",FALSE,FALSE
"Pcdh15","Pcdh15",7,0.00177989421360143,0.0512327161082316,"NM_001142748",4.39629519815698,0.00177989421360143,0.0293158958518298,NA,NA,NA,NA,FALSE,FALSE
"Usp2","Usp2",3,0.00178722245212388,0.0513249748502473,"NM_198091",1.84848677782809,0.00178722245212388,0.0293666112639263,TRUE,TRUE,TRUE,"Forebrain + Hindbrain + Midbrain",FALSE,FALSE
"Sumo3","Sumo3",6,0.00177903505438437,0.051326298089578,"NM_001301671",2.49514358692426,0.00177903505438437,0.0293158958518298,NA,NA,NA,NA,FALSE,FALSE
"Tsen34","Tsen34",3,0.00177558775974258,0.0513456183265269,"NM_024168",0.500408331397584,0.00177558775974258,0.0293158958518298,FALSE,FALSE,TRUE,"Midbrain only",FALSE,FALSE
"Dedd","Dedd",2,0.00177352065559899,0.0514049532550388,"NM_001128609",-2.40191393171,0.00177352065559899,0.0293158958518298,TRUE,TRUE,TRUE,"Forebrain + Hindbrain + Midbrain",FALSE,FALSE
"Ppp3ca","Ppp3ca",2,0.00181397756131622,0.0519722991588863,"NM_001293622",-1.19045446051986,0.00181397756131622,0.0297270691987279,TRUE,TRUE,TRUE,"Forebrain + Hindbrain + Midbrain",FALSE,FALSE
"Etohi1","Etohi1",2,0.00181908630869499,0.0519991107528198,"NM_001177399",-1.27656171935245,0.00181908630869499,0.0297712533810295,TRUE,TRUE,TRUE,"Forebrain + Hindbrain + Midbrain",FALSE,FALSE
"Ppp1r18","Ppp1r18",3,0.00183077714258675,0.0522131374831849,"NM_001146710",-1.31905315115874,0.00183077714258675,0.0298833200258207,TRUE,TRUE,TRUE,"Forebrain + Hindbrain + Midbrain",FALSE,FALSE
"Kcnj6","Kcnj6",4,0.00183893266762609,0.052325790799625,"NM_001025584",4.78402142905159,0.00183893266762609,0.0299767887959127,FALSE,FALSE,TRUE,"Midbrain only",FALSE,FALSE
"Pth1r","Pth1r",3,0.00185954508988288,0.0527908440213205,"NM_001083935",2.11707631448384,0.00185954508988288,0.0301931400120456,TRUE,TRUE,TRUE,"Forebrain + Hindbrain + Midbrain",FALSE,FALSE
"Uba1","Uba1",4,0.0019521284419116,0.0549142949383149,"NM_001136085",-1.19836525136705,0.0019521284419116,0.0314481265968526,NA,NA,NA,NA,FALSE,FALSE
"Cklf","Cklf",4,0.00194899445151598,0.0549500862473353,"NM_001037841",-0.944062862950073,0.00194899445151598,0.0314386817407937,TRUE,TRUE,TRUE,"Forebrain + Hindbrain + Midbrain",FALSE,FALSE
"Fgf14","Fgf14",2,0.00194499291275067,0.054961576609739,"NM_207667",-1.91039762650317,0.00194499291275067,0.0314151996640618,TRUE,TRUE,TRUE,"Forebrain + Hindbrain + Midbrain",FALSE,FALSE
"Psd3","Psd3",3,0.00194208103406986,0.0550039131896076,"NM_027626",-3.61776726550588,0.00194208103406986,0.0314092791093343,NA,NA,NA,NA,FALSE,FALSE
"Macrod2","Macrod2",2,0.00197472851741864,0.0554238255613549,"NM_001013802",-1.38715823897836,0.00197472851741864,0.0317174509294758,TRUE,TRUE,TRUE,"Forebrain + Hindbrain + Midbrain",FALSE,FALSE
"Fam19a5","Fam19a5",3,0.00199216934350583,0.055786884628714,"NR_045510",5.90680712824482,0.00199216934350583,0.0319264541543662,TRUE,TRUE,FALSE,"Forebrain + Hindbrain",FALSE,FALSE
"Cdc42se1","Cdc42se1",2,0.00201051647771407,0.0561735661739559,"NM_172395",-1.14779552189635,0.00201051647771407,0.0321370120919581,TRUE,TRUE,TRUE,"Forebrain + Hindbrain + Midbrain",FALSE,FALSE
"Trappc13","Trappc13",3,0.00203056554110285,0.0564797675527675,"NM_001093759",1.07149727160589,0.00203056554110285,0.0323736159912263,TRUE,TRUE,TRUE,"Forebrain + Hindbrain + Midbrain",FALSE,FALSE
"Mapt","Mapt",5,0.00203565088070076,0.056495071833054,"NM_001038609",5.10426838934286,0.00203565088070076,0.0324052692211472,TRUE,TRUE,TRUE,"Forebrain + Hindbrain + Midbrain",FALSE,FALSE
"Map2","Map2",2,0.00202891943659332,0.05656005340955,"NM_008632",-5.41302295803084,0.00202891943659332,0.0323736159912263,NA,NA,NA,NA,FALSE,FALSE
"Bin1","Bin1",2,0.00204286889721272,0.05656922916949,"NM_009668",-5.61926582903061,0.00204286889721272,0.0324052692211472,TRUE,TRUE,TRUE,"Forebrain + Hindbrain + Midbrain",FALSE,FALSE
"Rai2","Rai2",2,0.00205946375925809,0.056775931620752,"NM_001103367",-1.40456743082259,0.00205946375925809,0.0325342208749582,FALSE,FALSE,TRUE,"Midbrain only",FALSE,FALSE
"Nsmf","Nsmf",5,0.00205620507293,0.0568117120917455,"NM_001039387",3.7524545595086,0.00205620507293,0.0325302187178925,TRUE,TRUE,TRUE,"Forebrain + Hindbrain + Midbrain",FALSE,FALSE
"Srsf3","Srsf3",2,0.00207586754738209,0.0571010647557425,"NM_013663",-0.526701448191191,0.00207586754738209,0.0326740415965023,NA,NA,NA,NA,FALSE,FALSE
"Lims1","Lims1",3,0.00214538265869819,0.0588789861347895,"NM_026148",-0.739220519712251,0.00214538265869819,0.0335538935466865,TRUE,TRUE,TRUE,"Forebrain + Hindbrain + Midbrain",FALSE,FALSE
"Lcorl","Lcorl",3,0.00218052769991562,0.0591907456547634,"NM_178142",-1.05464235103837,0.00218052769991562,0.033803658061506,TRUE,TRUE,TRUE,"Forebrain + Hindbrain + Midbrain",FALSE,FALSE
"Dph3","Dph3",6,0.00218537570058605,0.0591933453699359,"NR_104305",-0.868117829039383,0.00218537570058605,0.0338363063302783,TRUE,TRUE,TRUE,"Forebrain + Hindbrain + Midbrain",FALSE,FALSE
"Camkk2","Camkk2",2,0.00216339917314562,0.0592420525742545,"NM_145358",-1.62328950253162,0.00216339917314562,0.0337501211082388,TRUE,TRUE,TRUE,"Forebrain + Hindbrain + Midbrain",FALSE,FALSE
"Ralgds","Ralgds",4,0.00217946894165603,0.0592909683485545,"NM_001145836",1.88398970937421,0.00217946894165603,0.033803658061506,TRUE,TRUE,TRUE,"Forebrain + Hindbrain + Midbrain",FALSE,FALSE
"Keap1","Keap1",4,0.00217533843349975,0.0593080831522693,"NM_001110305",-0.99503609940788,0.00217533843349975,0.033803658061506,TRUE,TRUE,TRUE,"Forebrain + Hindbrain + Midbrain",FALSE,FALSE
"Rhobtb1","Rhobtb1",3,0.00217265260971323,0.0593646507721795,"NM_001252638",-1.9739205205729,0.00217265260971323,0.033803658061506,TRUE,TRUE,TRUE,"Forebrain + Hindbrain + Midbrain",FALSE,FALSE
"Dmkn","Dmkn",3,0.00220758402066866,0.0596639876245052,"NM_001166174",-4.8101356390206,0.00220758402066866,0.0340946017710278,NA,NA,NA,NA,FALSE,FALSE
"Mxi1","Mxi1",3,0.00221718155849595,0.0597933183425591,"NM_010847",1.47638360711067,0.00221718155849595,0.0342000255398001,TRUE,TRUE,TRUE,"Forebrain + Hindbrain + Midbrain",FALSE,FALSE
"Vti1a","Vti1a",3,0.00223435851509566,0.0601255412944491,"NM_001293685",-3.4486366185495,0.00223435851509566,0.0344219526545324,TRUE,TRUE,TRUE,"Forebrain + Hindbrain + Midbrain",FALSE,FALSE
"Hnrnpab","Hnrnpab",2,0.00227677297261909,0.0611322635805109,"NM_010448",-0.569913073739595,0.00227677297261909,0.0349880180350181,TRUE,TRUE,TRUE,"Forebrain + Hindbrain + Midbrain",FALSE,FALSE
"Cd99l2","Cd99l2",2,0.00229292135641871,0.0614326389543302,"NM_001199349",-2.2650813326488,0.00229292135641871,0.0351923501718992,TRUE,TRUE,TRUE,"Forebrain + Hindbrain + Midbrain",FALSE,FALSE
"Dtx2","Dtx2",3,0.00229816734854852,0.0614409855119254,"NM_001256096",1.96208795069575,0.00229816734854852,0.0352290497901723,TRUE,TRUE,TRUE,"Forebrain + Hindbrain + Midbrain",FALSE,FALSE
"Rusc1","Rusc1",3,0.00231708963754692,0.0618132070627617,"NM_001083808",3.01334053514065,0.00231708963754692,0.0354310856596394,TRUE,TRUE,TRUE,"Forebrain + Hindbrain + Midbrain",FALSE,FALSE
"Zfp219","Zfp219",4,0.00232306141703008,0.0618399698625611,"NM_001253695",-1.72610699770946,0.00232306141703008,0.0354784379779099,TRUE,TRUE,TRUE,"Forebrain + Hindbrain + Midbrain",FALSE,FALSE
"Gas7","Gas7",4,0.00238865343716593,0.0634461293058203,"NM_001109657",3.2873726804607,0.00238865343716593,0.0363452323238318,TRUE,TRUE,TRUE,"Forebrain + Hindbrain + Midbrain",FALSE,FALSE
"Tiam2","Tiam2",3,0.00242798570958172,0.064079025539701,"NM_011878",3.76587653236138,0.00242798570958172,0.0367623848542803,NA,NA,NA,NA,FALSE,FALSE
"Kcnj15","Kcnj15",2,0.0024208181776968,0.0641616653797578,"NM_001271695",-5.51764328253482,0.0024208181776968,0.0367440299050167,NA,NA,NA,NA,FALSE,FALSE
"Bcat1","Bcat1",2,0.00242708856196913,0.0641911224704835,"NM_001024468",-3.72311748617981,0.00242708856196913,0.0367623848542803,TRUE,TRUE,TRUE,"Forebrain + Hindbrain + Midbrain",FALSE,FALSE
"Crk","Crk",3,0.00245179092226353,0.0645690721318513,"NM_001277219",-0.846939964651917,0.00245179092226353,0.0370773284077598,TRUE,TRUE,TRUE,"Forebrain + Hindbrain + Midbrain",FALSE,FALSE
"Mfge8","Mfge8",2,0.0024579966795369,0.0645957804260027,"NM_001045489",-0.665776324285265,0.0024579966795369,0.037101298725627,TRUE,TRUE,FALSE,"Forebrain + Hindbrain",FALSE,FALSE
"Tmem255b","Tmem255b",2,0.00247606780538675,0.0649326832039182,"NM_001143672",-9.16790595333637,0.00247606780538675,0.037261800876186,TRUE,TRUE,FALSE,"Forebrain + Hindbrain",FALSE,FALSE
"Abl1","Abl1",5,0.00248175155181038,0.0649448855989262,"NM_009594",0.950933431786949,0.00248175155181038,0.0373018442744703,TRUE,TRUE,TRUE,"Forebrain + Hindbrain + Midbrain",FALSE,FALSE
"Zc3h14","Zc3h14",4,0.00249351501458123,0.0651153623794562,"NM_029334",0.938289911533695,0.00249351501458123,0.0374330599512559,TRUE,TRUE,TRUE,"Forebrain + Hindbrain + Midbrain",FALSE,FALSE
"Dlg1","Dlg1",6,0.0025296689872498,0.0659189303613145,"NM_001252436",-2.25553029226274,0.0025296689872498,0.0377919071460806,TRUE,TRUE,TRUE,"Forebrain + Hindbrain + Midbrain",FALSE,FALSE
"Kat5","Kat5",5,0.0025376455609343,0.0659884389782821,"NR_037603",-1.64229544794072,0.0025376455609343,0.0378652312236147,TRUE,TRUE,TRUE,"Forebrain + Hindbrain + Midbrain",FALSE,FALSE
"Acsl1","Acsl1",2,0.00255921996010682,0.0664095110454741,"NM_007981",-5.15608173798258,0.00255921996010682,0.0381410317726065,FALSE,FALSE,TRUE,"Midbrain only",FALSE,FALSE
"Clstn1","Clstn1",2,0.00257881685781257,0.0667777488731997,"NM_001290989",-2.24387840892728,0.00257881685781257,0.0383867310318541,TRUE,TRUE,TRUE,"Forebrain + Hindbrain + Midbrain",FALSE,FALSE
"Celf1","Celf1",4,0.00259215056096888,0.066983060515472,"NM_001244903",-0.855860780930444,0.00259215056096888,0.0385387203883807,TRUE,TRUE,TRUE,"Forebrain + Hindbrain + Midbrain",FALSE,FALSE
"Eci2","Eci2",3,0.00260227320109098,0.0671049488815104,"NM_011868",-0.608009785473576,0.00260227320109098,0.0385962155065658,TRUE,TRUE,TRUE,"Forebrain + Hindbrain + Midbrain",FALSE,FALSE
"Trim2","Trim2",5,0.00261790065099414,0.0673675763124967,"NM_001271727",1.23512620160025,0.00261790065099414,0.0387612530605854,TRUE,TRUE,TRUE,"Forebrain + Hindbrain + Midbrain",FALSE,FALSE
"Pnkd","Pnkd",3,0.00264390750503892,0.0677554570961359,"NM_001039509",-0.768929218911956,0.00264390750503892,0.0390260988183975,NA,NA,NA,NA,FALSE,FALSE
"Rgs3","Rgs3",2,0.002639332638532,0.0677777338508713,"NM_134257",-0.980484511172254,0.002639332638532,0.0390052272568681,FALSE,FALSE,TRUE,"Midbrain only",FALSE,FALSE
"Srsf9","Srsf9",2,0.00270742348425434,0.0692361296171427,"NR_036616",-1.90903964419908,0.00270742348425434,0.0397733402329745,TRUE,TRUE,TRUE,"Forebrain + Hindbrain + Midbrain",FALSE,FALSE
"Hnrnpc","Hnrnpc",5,0.00277069563899067,0.0707043155392328,"NM_001170982",0.36908135927598,0.00277069563899067,0.0405072906260949,NA,NA,NA,NA,FALSE,FALSE
"Odf2","Odf2",5,0.00278072597141923,0.0708146716941596,"NM_001113214",5.34593277041081,0.00278072597141923,0.040560471025193,TRUE,TRUE,TRUE,"Forebrain + Hindbrain + Midbrain",FALSE,FALSE
"Tle1","Tle1",4,0.00280122668055401,0.0711898418996518,"NM_001285531",1.00329606685878,0.00280122668055401,0.0407631335354204,NA,NA,NA,NA,FALSE,FALSE
"Nhsl1","Nhsl1",2,0.002809456817591,0.0712532312499618,"NM_173390",-1.01930488678618,0.002809456817591,0.0408347433793557,TRUE,TRUE,TRUE,"Forebrain + Hindbrain + Midbrain",FALSE,FALSE
"Hnrnpf","Hnrnpf",7,0.00282361749944953,0.0713213255362113,"NM_133834",-0.616582154666854,0.00282361749944953,0.0409441127417241,TRUE,TRUE,TRUE,"Forebrain + Hindbrain + Midbrain",FALSE,FALSE
"Cstf2","Cstf2",3,0.00283144522478057,0.0713739428108773,"NM_001290399",0.998704912884064,0.00283144522478057,0.0410094296640754,TRUE,TRUE,TRUE,"Forebrain + Hindbrain + Midbrain",FALSE,FALSE
"Slc41a3","Slc41a3",2,0.00282048265362184,0.0713868983247251,"NM_027868",-4.30716265803433,0.00282048265362184,0.0409441127417241,TRUE,TRUE,TRUE,"Forebrain + Hindbrain + Midbrain",FALSE,FALSE
"Dctd","Dctd",4,0.00286287529579522,0.0720182147013489,"NM_178788",2.25571568831238,0.00286287529579522,0.0412990883274197,TRUE,TRUE,TRUE,"Forebrain + Hindbrain + Midbrain",FALSE,FALSE
"Fip1l1","Fip1l1",3,0.00290165480416768,0.0726974765774338,"NM_001159574",3.55821930071686,0.00290165480416768,0.0417324245727613,TRUE,TRUE,TRUE,"Forebrain + Hindbrain + Midbrain",FALSE,FALSE
"Tmem33","Tmem33",3,0.00290062092188748,0.0728178777949806,"NM_028975",-1.0747872408936,0.00290062092188748,0.0417324245727613,FALSE,FALSE,TRUE,"Midbrain only",FALSE,FALSE
"Sh3bp2","Sh3bp2",3,0.00295391825359755,0.0738542868353571,"NM_001145859",-4.61780679747077,0.00295391825359755,0.0423326645738173,NA,NA,NA,NA,FALSE,FALSE
"Asap2","Asap2",3,0.0029712695860929,0.0741381056457045,"NM_001004364",4.51836206799733,0.0029712695860929,0.0424368827458175,TRUE,TRUE,TRUE,"Forebrain + Hindbrain + Midbrain",FALSE,FALSE
"Phka1","Phka1",2,0.00300889124363581,0.0749238509626516,"NM_008832",-4.44095974302045,0.00300889124363581,0.0429245294178796,FALSE,FALSE,TRUE,"Midbrain only",FALSE,FALSE
"Haghl","Haghl",6,0.00303262191615456,0.0753623545769721,"NM_026897",0.766601681549065,0.00303262191615456,0.0431135419877273,TRUE,TRUE,TRUE,"Forebrain + Hindbrain + Midbrain",FALSE,FALSE
"Ick","Ick",2,0.00307230164546583,0.0761932818683636,"NM_019987",-1.36412953887938,0.00307230164546583,0.0435772440287911,NA,NA,NA,NA,FALSE,FALSE
"Arhgef10l","Arhgef10l",2,0.00308109970899697,0.0762591209215894,"NM_172415",-3.38175022043534,0.00308109970899697,0.0436018009277782,TRUE,TRUE,TRUE,"Forebrain + Hindbrain + Midbrain",FALSE,FALSE
"Bre","Bre",2,0.00314570501680109,0.0773919028533774,"NM_144541",-3.31983051710425,0.00314570501680109,0.04416154710731,NA,NA,NA,NA,FALSE,FALSE
"Eif4g2","Eif4g2",2,0.00314094349943385,0.0774278834932007,"NM_013507",-1.28071721752077,0.00314094349943385,0.0441449234430681,NA,NA,NA,NA,FALSE,FALSE
"Ngrn","Ngrn",2,0.00315487476434634,0.0774639232696952,"NR_028053",-0.832880663767598,0.00315487476434634,0.04418973279459,FALSE,FALSE,TRUE,"Midbrain only",FALSE,FALSE
"Osbpl8","Osbpl8",2,0.00313910961612421,0.0775360667258146,"NM_175489",-3.64266456050044,0.00313910961612421,0.0441449234430681,FALSE,FALSE,TRUE,"Midbrain only",FALSE,FALSE
"Wars","Wars",2,0.00318856455687856,0.0781344028187168,"NM_001164314",-1.96148814167742,0.00318856455687856,0.0445281888926723,TRUE,TRUE,TRUE,"Forebrain + Hindbrain + Midbrain",FALSE,FALSE
"Pigo","Pigo",3,0.00322510561628456,0.0787173242805353,"NM_020035",-1.11738979462998,0.00322510561628456,0.0448173460641346,TRUE,TRUE,TRUE,"Forebrain + Hindbrain + Midbrain",FALSE,FALSE
"Dcaf11","Dcaf11",3,0.00321952635723028,0.0787357149489885,"NM_133734",2.37790636945179,0.00321952635723028,0.0447902539438801,TRUE,TRUE,TRUE,"Forebrain + Hindbrain + Midbrain",FALSE,FALSE
"Kif20a","Kif20a",3,0.00330125991364871,0.0804119132356367,"NM_001166406",-1.49174905609275,0.00330125991364871,0.0457725250948597,TRUE,TRUE,TRUE,"Forebrain + Hindbrain + Midbrain",FALSE,FALSE
"Marveld3","Marveld3",2,0.00332070479745722,0.0805690851361518,"NM_212447",-2.76971520667414,0.00332070479745722,0.0459388982069754,NA,NA,NA,NA,FALSE,FALSE
"Rph3a","Rph3a",3,0.00331640361460018,0.080621962575527,"NM_001302345",7.47853014600086,0.00331640361460018,0.0459308873222965,TRUE,TRUE,TRUE,"Forebrain + Hindbrain + Midbrain",FALSE,FALSE
"Acsl4","Acsl4",3,0.00335370972631995,0.0812089026746718,"NM_207625",-2.96027817915185,0.00335370972631995,0.0462916980120673,TRUE,TRUE,TRUE,"Forebrain + Hindbrain + Midbrain",FALSE,FALSE
"Usp47","Usp47",2,0.003372730113785,0.0815094828384001,"NM_133758",-3.03340009830653,0.003372730113785,0.0464503232188694,NA,NA,NA,NA,FALSE,FALSE
"Exosc10","Exosc10",3,0.00339136511410658,0.0817996203349034,"NM_016699",1.34487382801331,0.00339136511410658,0.0466549002319678,FALSE,FALSE,TRUE,"Midbrain only",FALSE,FALSE
"Timm9","Timm9",4,0.00340109122480204,0.0818749643622047,"NM_001024854",0.807658872995287,0.00340109122480204,0.0467365987907096,TRUE,TRUE,TRUE,"Forebrain + Hindbrain + Midbrain",FALSE,FALSE
"Tpd52l2","Tpd52l2",7,0.00342491982674071,0.0822875609054974,"NM_025482",-0.80818122742739,0.00342491982674071,0.0469595434546016,TRUE,TRUE,TRUE,"Forebrain + Hindbrain + Midbrain",FALSE,FALSE
"Kcnip3","Kcnip3",4,0.00345497523985137,0.08284728343973,"NM_001111331",4.46967088926196,0.00345497523985137,0.0472665127048403,NA,NA,NA,NA,FALSE,FALSE
"Tomm34","Tomm34",2,0.00352408240412205,0.0843357591751485,"NM_025996",-0.824030341141583,0.00352408240412205,0.0479965835108461,TRUE,TRUE,TRUE,"Forebrain + Hindbrain + Midbrain",FALSE,FALSE
"4833439L19Rik","4833439L19Rik",5,0.00355181363323306,0.0848339622752706,"NM_133797",0.659915468812147,0.00355181363323306,0.0482702425485638,TRUE,TRUE,TRUE,"Forebrain + Hindbrain + Midbrain",FALSE,FALSE
"Dnmbp","Dnmbp",2,0.00358089593009698,0.0853622990711108,"NM_001306088",-1.03513316790644,0.00358089593009698,0.0485052203923126,TRUE,TRUE,TRUE,"Forebrain + Hindbrain + Midbrain",FALSE,FALSE
"Rhbdd3","Rhbdd3",5,0.0036882285447172,0.0877426996294548,"NM_177370",1.26832485649027,0.0036882285447172,0.0497951206146721,TRUE,TRUE,TRUE,"Forebrain + Hindbrain + Midbrain",FALSE,FALSE
"Glt8d1","Glt8d1",2,0.00371304895334326,0.0881624977061578,"NM_029626",-0.830664663596173,0.00371304895334326,0.0500207686509344,TRUE,TRUE,TRUE,"Forebrain + Hindbrain + Midbrain",FALSE,FALSE
"Apopt1","Apopt1",2,0.0037777246002387,0.0891821157748186,"NM_001163388",-1.30422354499904,0.0037777246002387,0.0506707843118973,TRUE,TRUE,TRUE,"Forebrain + Hindbrain + Midbrain",FALSE,FALSE
"Vamp1","Vamp1",2,0.00378622797540079,0.0892130520063969,"NM_009496",-1.91547500687182,0.00378622797540079,0.0507259442258836,TRUE,TRUE,TRUE,"Forebrain + Hindbrain + Midbrain",FALSE,FALSE
"Flcn","Flcn",3,0.00379348228089396,0.089214615763418,"NM_146018",-2.33192276682178,0.00379348228089396,0.0507259442258836,TRUE,TRUE,TRUE,"Forebrain + Hindbrain + Midbrain",FALSE,FALSE
"Zmynd11","Zmynd11",2,0.00377762897467797,0.0893490895143801,"NM_001199141",-0.696773577785114,0.00377762897467797,0.0506707843118973,TRUE,TRUE,TRUE,"Forebrain + Hindbrain + Midbrain",FALSE,FALSE
"Magi2","Magi2",3,0.00377167050929775,0.0893783461110842,"NM_001170746",3.2450013474338,0.00377167050929775,0.0506707843118973,TRUE,TRUE,TRUE,"Forebrain + Hindbrain + Midbrain",FALSE,FALSE
"Sirt3","Sirt3",3,0.00382942584915214,0.0897177885391282,"NM_001177804",1.56854451726923,0.00382942584915214,0.0510584167265101,TRUE,TRUE,TRUE,"Forebrain + Hindbrain + Midbrain",FALSE,FALSE
"Tmem255a","Tmem255a",3,0.00382274997536042,0.0897307117240155,"NM_001289727",-1.17712699847879,0.00382274997536042,0.0510527431774324,TRUE,TRUE,TRUE,"Forebrain + Hindbrain + Midbrain",FALSE,FALSE
"Mipep","Mipep",2,0.00386759960444864,0.090438314991729,"NR_040642",-1.06281306882789,0.00386759960444864,0.0513184721708562,NA,NA,NA,NA,FALSE,FALSE
"Stat5b","Stat5b",2,0.00398411910031894,0.0929764946829775,"NM_011489",-2.37657900205825,0.00398411910031894,0.0526945655926428,NA,NA,NA,NA,FALSE,FALSE
"Itga6","Itga6",2,0.00406156048270507,0.0945984466131857,"NM_001277970",-2.08463810824295,0.00406156048270507,0.0535466414066031,TRUE,TRUE,TRUE,"Forebrain + Hindbrain + Midbrain",FALSE,FALSE
"Dcun1d2","Dcun1d2",4,0.00407863965035214,0.0948172147922844,"NM_001024504",1.25538292725149,0.00407863965035214,0.0537144218626952,TRUE,TRUE,TRUE,"Forebrain + Hindbrain + Midbrain",FALSE,FALSE
"Pgls","Pgls",2,0.00410714107642848,0.0952989843968376,"NM_001294269",-0.677807868128782,0.00410714107642848,0.0540319180272115,NA,NA,NA,NA,FALSE,FALSE
"Epha7","Epha7",3,0.00412045137813341,0.0954287100140558,"NM_001122889",-0.476016089651853,0.00412045137813341,0.0540724838194808,TRUE,TRUE,TRUE,"Forebrain + Hindbrain + Midbrain",FALSE,FALSE
"Tom1l2","Tom1l2",3,0.00413369668780235,0.0955564497238816,"NM_153080",0.619599996918397,0.00413369668780235,0.0540931252677423,TRUE,TRUE,TRUE,"Forebrain + Hindbrain + Midbrain",FALSE,FALSE
"Aifm1","Aifm1",2,0.00414891748107994,0.0957290788973449,"NM_001290364",-4.33745609448243,0.00414891748107994,0.0542347899539475,TRUE,TRUE,TRUE,"Forebrain + Hindbrain + Midbrain",FALSE,FALSE
"Ptbp1","Ptbp1",3,0.00417782020342495,0.0960371802108659,"NM_001077363",0.656069973247069,0.00417782020342495,0.0543821743779156,TRUE,TRUE,TRUE,"Forebrain + Hindbrain + Midbrain",FALSE,FALSE
"Lsr","Lsr",3,0.00417369870435507,0.0961202192294836,"NM_001164185",4.2689282439068,0.00417369870435507,0.0543821743779156,TRUE,FALSE,TRUE,"Forebrain + Midbrain",FALSE,FALSE
"Mkl1","Mkl1",2,0.00419481594254226,0.0962484726249355,"NM_001082536",-1.67765758129549,0.00419481594254226,0.0545458679989162,NA,NA,NA,NA,FALSE,FALSE
"Epb4.1l1","Epb4.1l1",6,0.00423999072882688,0.0971013001684523,"NM_001006664",4.02388121561044,0.00423999072882688,0.0550173350091732,TRUE,TRUE,TRUE,"Forebrain + Hindbrain + Midbrain",FALSE,FALSE
"Pigv","Pigv",2,0.00430682539120819,0.0984436380138433,"NM_001145956",-1.81211172404071,0.00430682539120819,0.0557088315801981,TRUE,TRUE,TRUE,"Forebrain + Hindbrain + Midbrain",FALSE,FALSE
"Smagp","Smagp",5,0.00432230538287167,0.0986148349139201,"NR_104338",-6.50181513114978,0.00432230538287167,0.055850521910614,FALSE,FALSE,TRUE,"Midbrain only",FALSE,FALSE
"Ly6e","Ly6e",5,0.0043398805173288,0.0988328776741373,"NM_001164036",-1.59104210096348,0.0043398805173288,0.0560047265415475,TRUE,TRUE,TRUE,"Forebrain + Hindbrain + Midbrain",FALSE,FALSE
"Nadsyn1","Nadsyn1",2,0.00435498078751203,0.0989941238908212,"NM_001308095",-1.94848786387849,0.00435498078751203,0.0560380218121986,FALSE,FALSE,TRUE,"Midbrain only",FALSE,FALSE
"Wsb1","Wsb1",2,0.00440236841163488,0.0998837823528217,"NM_001042565",-0.563700192354582,0.00440236841163488,0.0564711291055867,TRUE,TRUE,TRUE,"Forebrain + Hindbrain + Midbrain",FALSE,FALSE
"Pde1a","Pde1a",3,0.00442791084985296,0.100277808668768,"NM_001009978",0.990992015695755,0.00442791084985296,0.0566809334929311,FALSE,FALSE,TRUE,"Midbrain only",FALSE,FALSE
"Prc1","Prc1",3,0.00446668147696565,0.1009679165368,"NM_001285998",-0.881232634714786,0.00446668147696565,0.0570864841218787,FALSE,FALSE,TRUE,"Midbrain only",FALSE,FALSE
"Psip1","Psip1",2,0.00453456649076108,0.102124044337857,"NM_001290527",-0.452325071282143,0.00453456649076108,0.0577466981382783,TRUE,TRUE,TRUE,"Forebrain + Hindbrain + Midbrain",FALSE,FALSE
"Pitpnb","Pitpnb",4,0.00453018090973617,0.102210600401056,"NM_019640",1.16258415441664,0.00453018090973617,0.0577466981382783,TRUE,TRUE,TRUE,"Forebrain + Hindbrain + Midbrain",FALSE,FALSE
"Josd2","Josd2",5,0.00467053193273539,0.104980480758385,"NM_001205070",-1.04944298867138,0.00467053193273539,0.059233673227086,TRUE,FALSE,FALSE,"Forebrain only",FALSE,FALSE
"Fam57b","Fam57b",3,0.0046986617577209,0.105419183596326,"NM_026884",5.80586827555149,0.0046986617577209,0.0594371533628137,TRUE,TRUE,TRUE,"Forebrain + Hindbrain + Midbrain",FALSE,FALSE
"Zfp740","Zfp740",3,0.00476306666950061,0.106664363753411,"NM_001289690",-0.733362840730253,0.00476306666950061,0.060098407670386,TRUE,TRUE,TRUE,"Forebrain + Hindbrain + Midbrain",FALSE,FALSE
"Sertad2","Sertad2",2,0.00478148180088589,0.106882335485404,"NM_021372",-0.716688284856202,0.00478148180088589,0.0602076381866652,TRUE,TRUE,TRUE,"Forebrain + Hindbrain + Midbrain",FALSE,FALSE
"Add2","Add2",6,0.0048099937877205,0.10732359932716,"NM_001271859",7.44074286862447,0.0048099937877205,0.0603818141815574,FALSE,FALSE,TRUE,"Midbrain only",FALSE,FALSE
"Wac","Wac",3,0.00483933017033391,0.10758904005354,"NM_001146298",3.37043953771833,0.00483933017033391,0.060626735331899,TRUE,TRUE,TRUE,"Forebrain + Hindbrain + Midbrain",FALSE,FALSE
"Slc8a1","Slc8a1",4,0.0048330801875709,0.10764305237506,"NM_011406",8.60777436291335,0.0048330801875709,0.0606099690189277,NA,NA,NA,NA,FALSE,FALSE
"Dab2","Dab2",3,0.00487286261821242,0.108137416124995,"NM_023118",1.72208511864291,0.00487286261821242,0.060923125338137,TRUE,TRUE,TRUE,"Forebrain + Hindbrain + Midbrain",FALSE,FALSE
"St3gal5","St3gal5",2,0.00497564513771696,0.110209325367306,"NM_001035228",-1.15160413713793,0.00497564513771696,0.0620196575751791,FALSE,FALSE,TRUE,"Midbrain only",FALSE,FALSE
"Ybx3","Ybx3",2,0.00498479769784048,0.110214821740906,"NM_139117",-1.52683133748017,0.00498479769784048,0.0620710429781549,TRUE,TRUE,TRUE,"Forebrain + Hindbrain + Midbrain",FALSE,FALSE
"Caln1","Caln1",2,0.0050857416508725,0.112234794420664,"NM_021371",-5.23562004158596,0.0050857416508725,0.0630100923411311,NA,NA,NA,NA,FALSE,FALSE
"Zrsr2","Zrsr2",2,0.00516234702877898,0.11232247388188,"NM_178794",-0.851508239468083,0.00516234702877898,0.0633864301842115,TRUE,TRUE,TRUE,"Forebrain + Hindbrain + Midbrain",FALSE,FALSE
"Prosc","Prosc",3,0.00511082590871868,0.112386700355084,"NM_054057",0.894533533941426,0.00511082590871868,0.0631939796729343,FALSE,FALSE,TRUE,"Midbrain only",FALSE,FALSE
"Tmem164","Tmem164",3,0.00510350866117906,0.1124253350517,"NM_177592",-1.20465633605321,0.00510350866117906,0.0631667972707618,TRUE,TRUE,TRUE,"Forebrain + Hindbrain + Midbrain",FALSE,FALSE
"Rai1","Rai1",2,0.00514927288596022,0.112432749489036,"NM_001037764",-1.38845633050674,0.00514927288596022,0.0633864301842115,TRUE,TRUE,TRUE,"Forebrain + Hindbrain + Midbrain",FALSE,FALSE
"Glrx2","Glrx2",3,0.0051593736096887,0.112454746886979,"NM_001038592",1.77365041701549,0.0051593736096887,0.0633864301842115,NA,NA,NA,NA,FALSE,FALSE
"Ankrd10","Ankrd10",5,0.00514124295251176,0.112455707069002,"NR_030781",0.822036151295446,0.00514124295251176,0.0633795584755196,TRUE,TRUE,TRUE,"Forebrain + Hindbrain + Midbrain",FALSE,FALSE
"Ank3","Ank3",7,0.00513613246078118,0.112542349311823,"NM_170689",4.99936104126485,0.00513613246078118,0.0633795584755196,TRUE,TRUE,TRUE,"Forebrain + Hindbrain + Midbrain",FALSE,FALSE
"Phactr4","Phactr4",2,0.00512949581621735,0.112595986088365,"NM_001161797",-1.95434094579808,0.00512949581621735,0.0633613397118339,TRUE,TRUE,TRUE,"Forebrain + Hindbrain + Midbrain",FALSE,FALSE
"Pfkfb3","Pfkfb3",7,0.00519920755838002,0.112922453230813,"NM_001177758",2.50042227680361,0.00519920755838002,0.063712235621062,TRUE,TRUE,TRUE,"Forebrain + Hindbrain + Midbrain",FALSE,FALSE
"Flot2","Flot2",4,0.00523853670315572,0.113573487394629,"NM_008028",-1.72243446391718,0.00523853670315572,0.0638841267845229,FALSE,FALSE,TRUE,"Midbrain only",FALSE,FALSE
"Pdlim5","Pdlim5",9,0.00524893019704527,0.113599604283513,"NM_001190854",-2.07986497647771,0.00524893019704527,0.0639405712058625,TRUE,TRUE,TRUE,"Forebrain + Hindbrain + Midbrain",FALSE,FALSE
"Grip1","Grip1",7,0.00530021768440667,0.114503940378032,"NM_028736",4.08823156101001,0.00530021768440667,0.0645016629443573,TRUE,TRUE,TRUE,"Forebrain + Hindbrain + Midbrain",FALSE,FALSE
"Opa1","Opa1",2,0.00531231063213119,0.114564758476831,"NM_133752",-1.5152503551548,0.00531231063213119,0.064585136158127,TRUE,TRUE,TRUE,"Forebrain + Hindbrain + Midbrain",FALSE,FALSE
"Inpp4b","Inpp4b",4,0.00537609695245744,0.115531725106229,"NM_001024617",-2.36486248190391,0.00537609695245744,0.0651680121741894,NA,NA,NA,NA,FALSE,FALSE
"Plekha7","Plekha7",3,0.00538749545131137,0.115575604327535,"NM_001305185",-1.47733096838367,0.00538749545131137,0.0652216607664029,FALSE,FALSE,TRUE,"Midbrain only",FALSE,FALSE
"Pfkfb2","Pfkfb2",3,0.00537328503129802,0.11567143460948,"NM_008825",0.769333331385761,0.00537328503129802,0.0651680121741894,TRUE,TRUE,FALSE,"Forebrain + Hindbrain",FALSE,FALSE
"Atg7","Atg7",3,0.00541016972323509,0.115859355135109,"NM_001253717",6.40143445680773,0.00541016972323509,0.06532435849777,TRUE,TRUE,TRUE,"Forebrain + Hindbrain + Midbrain",FALSE,FALSE
"Pias3","Pias3",3,0.00544155936110609,0.116327299497991,"NM_146135",1.65360309946917,0.00544155936110609,0.0656391422444273,TRUE,TRUE,TRUE,"Forebrain + Hindbrain + Midbrain",FALSE,FALSE
"Pbdc1","Pbdc1",2,0.00548701178588158,0.116891371830907,"NM_026312",-0.541142627041606,0.00548701178588158,0.0660582687197841,TRUE,TRUE,TRUE,"Forebrain + Hindbrain + Midbrain",FALSE,FALSE
"Lingo2","Lingo2",4,0.00548312361960577,0.117009402407468,"NM_001166001",4.57216417785398,0.00548312361960577,0.0660582687197841,NA,NA,NA,NA,FALSE,FALSE
"Cacnb1","Cacnb1",5,0.00551958618069755,0.117380080524593,"NM_001159319",3.56449927160575,0.00551958618069755,0.0663856661499101,TRUE,TRUE,TRUE,"Forebrain + Hindbrain + Midbrain",FALSE,FALSE
"Iqsec2","Iqsec2",2,0.0055558220119575,0.117944322419366,"NM_001114664",-2.75620233800844,0.0055558220119575,0.0667564202799956,NA,NA,NA,NA,FALSE,FALSE
"Slc25a14","Slc25a14",5,0.005576298902821,0.118174679202526,"NM_001290705",1.59799117362206,0.005576298902821,0.0668722336839758,TRUE,TRUE,TRUE,"Forebrain + Hindbrain + Midbrain",FALSE,FALSE
"Anks1","Anks1",2,0.0056036761496637,0.118549309974548,"NM_001286041",-1.24558207045205,0.0056036761496637,0.0671353045503398,TRUE,TRUE,TRUE,"Forebrain + Hindbrain + Midbrain",FALSE,FALSE
"Nptn","Nptn",2,0.00568124537577532,0.119975976642644,"NM_009145",-1.07241967486942,0.00568124537577532,0.0679278892077214,TRUE,TRUE,TRUE,"Forebrain + Hindbrain + Midbrain",FALSE,FALSE
"Igsf1","Igsf1",4,0.00571319716166356,0.120441979120888,"NM_177591",-2.77414280363335,0.00571319716166356,0.068182643109215,TRUE,TRUE,TRUE,"Forebrain + Hindbrain + Midbrain",FALSE,FALSE
"Ccdc30","Ccdc30",5,0.00572568917958202,0.120499422706169,"NM_001270446",1.79073512382308,0.00572568917958202,0.0681998112703109,NA,NA,NA,NA,FALSE,FALSE
"Trip4","Trip4",2,0.00574865042408195,0.120775219408518,"NM_019797",-0.884124508479973,0.00574865042408195,0.0683413740203962,TRUE,TRUE,TRUE,"Forebrain + Hindbrain + Midbrain",FALSE,FALSE
"Tef","Tef",2,0.00577994045304443,0.121019546502533,"NM_017376",-1.96448505467243,0.00577994045304443,0.0685153363982404,TRUE,TRUE,TRUE,"Forebrain + Hindbrain + Midbrain",FALSE,FALSE
"Gpd2","Gpd2",2,0.00577493362254839,0.121119288778911,"NM_001145820",-1.7362554298195,0.00577493362254839,0.0685153363982404,TRUE,TRUE,TRUE,"Forebrain + Hindbrain + Midbrain",FALSE,FALSE
"Gse1","Gse1",2,0.00586411495396815,0.122564205098525,"NM_198671",-2.17460556994695,0.00586411495396815,0.0692569225655799,TRUE,TRUE,TRUE,"Forebrain + Hindbrain + Midbrain",FALSE,FALSE
"Mfn2","Mfn2",5,0.00593966153019704,0.123098363796514,"NM_001285921",6.91274392311715,0.00593966153019704,0.0698051650310775,TRUE,TRUE,TRUE,"Forebrain + Hindbrain + Midbrain",FALSE,FALSE
"Spag9","Spag9",7,0.00591153434644181,0.123134921555715,"NM_001199204",6.27495740839137,0.00591153434644181,0.0696736712847106,TRUE,TRUE,TRUE,"Forebrain + Hindbrain + Midbrain",FALSE,FALSE
"Rab27b","Rab27b",4,0.00590195338290518,0.123142926954079,"NM_001082553",-3.55948416003944,0.00590195338290518,0.0696272511902963,NA,NA,NA,NA,FALSE,FALSE
"Dlgap4","Dlgap4",5,0.00600196471368575,0.12314951414165,"NM_001042487",0.967260404536743,0.00600196471368575,0.0700040118779605,TRUE,TRUE,TRUE,"Forebrain + Hindbrain + Midbrain",FALSE,FALSE
"Zfp606","Zfp606",2,0.00599283301787618,0.123166636068689,"NM_026112",-0.520458095227448,0.00599283301787618,0.0699636323941268,TRUE,TRUE,TRUE,"Forebrain + Hindbrain + Midbrain",FALSE,FALSE
"Slc39a7","Slc39a7",2,0.00595455587173321,0.123199679281861,"NM_001077709",-0.587174872778463,0.00595455587173321,0.0698471667843991,TRUE,TRUE,TRUE,"Forebrain + Hindbrain + Midbrain",FALSE,FALSE
"Rtkn","Rtkn",3,0.00596523207814896,0.123214096497297,"NM_001136227",1.88682515131926,0.00596523207814896,0.0699059485701408,TRUE,TRUE,TRUE,"Forebrain + Hindbrain + Midbrain",FALSE,FALSE
"Ndufs1","Ndufs1",4,0.00593737766461128,0.123256770077205,"NM_001160040",-0.427024499559251,0.00593737766461128,0.0698051650310775,TRUE,TRUE,TRUE,"Forebrain + Hindbrain + Midbrain",FALSE,FALSE
"Fbxo44","Fbxo44",4,0.005928719436158,0.123284025631616,"NM_001161852",-0.934480179253337,0.005928719436158,0.0698051650310775,TRUE,TRUE,TRUE,"Forebrain + Hindbrain + Midbrain",FALSE,FALSE
"Ccdc127","Ccdc127",3,0.00599253575154044,0.123364475295105,"NM_001168658",-0.527462409988202,0.00599253575154044,0.0699636323941268,NA,NA,NA,NA,FALSE,FALSE
"1600012H06Rik","1600012H06Rik",4,0.00598359482363938,0.123385914305838,"NM_001083882",-1.15569522483689,0.00598359482363938,0.0699636323941268,TRUE,TRUE,TRUE,"Forebrain + Hindbrain + Midbrain",FALSE,FALSE
"Smox","Smox",9,0.0060384032566811,0.123688065757248,"NM_001177833",1.4422172321693,0.0060384032566811,0.0702702525096645,TRUE,TRUE,TRUE,"Forebrain + Hindbrain + Midbrain",FALSE,FALSE
"Ptp4a3","Ptp4a3",3,0.00606945398006195,0.123708414605664,"NM_001166388",-1.10773427484332,0.00606945398006195,0.0703919756710193,TRUE,TRUE,TRUE,"Forebrain + Hindbrain + Midbrain",FALSE,FALSE
"Fxyd1","Fxyd1",4,0.00606180482405777,0.123756433737315,"NM_019503",-2.16258372850346,0.00606180482405777,0.070369399368648,TRUE,TRUE,TRUE,"Forebrain + Hindbrain + Midbrain",FALSE,FALSE
"Epb4.1l5","Epb4.1l5",2,0.00605444427651762,0.123810470554025,"NM_145506",-1.86004406028165,0.00605444427651762,0.0703501340604779,TRUE,TRUE,TRUE,"Forebrain + Hindbrain + Midbrain",FALSE,FALSE
"Ppfia1","Ppfia1",2,0.00609581240035625,0.124038689285502,"NM_001033319",-2.78699047815722,0.00609581240035625,0.0705650328521539,TRUE,TRUE,TRUE,"Forebrain + Hindbrain + Midbrain",FALSE,FALSE
"Zwint","Zwint",3,0.00617780509057108,0.125490301056542,"NM_001293684",0.780430105845894,0.00617780509057108,0.0712468362781749,NA,NA,NA,NA,FALSE,FALSE
"St3gal3","St3gal3",3,0.00620568823390529,0.125847171831033,"NM_001285521",-1.13196402119852,0.00620568823390529,0.0714348813492456,TRUE,TRUE,TRUE,"Forebrain + Hindbrain + Midbrain",FALSE,FALSE
"Ssbp1","Ssbp1",4,0.00625448357069433,0.126623296799921,"NM_001286664",-0.313638805663379,0.00625448357069433,0.0718625021064879,NA,NA,NA,NA,FALSE,FALSE
"Pak3","Pak3",5,0.00634522430384587,0.128030426754307,"NM_001195047",3.78490006549021,0.00634522430384587,0.0727020129150028,TRUE,TRUE,TRUE,"Forebrain + Hindbrain + Midbrain",FALSE,FALSE
"Rad51d","Rad51d",6,0.00634146199175578,0.128163102557205,"NM_001277939",0.694463796729317,0.00634146199175578,0.0727020129150028,NA,NA,NA,NA,FALSE,FALSE
"Lpgat1","Lpgat1",2,0.00645457931494389,0.130010118935731,"NM_172266",-2.44324162218809,0.00645457931494389,0.0737495451355626,TRUE,TRUE,TRUE,"Forebrain + Hindbrain + Midbrain",FALSE,FALSE
"Ascc1","Ascc1",2,0.00654103695515695,0.131525802904759,"NM_001199187",-2.43288937399022,0.00654103695515695,0.0746682664446224,TRUE,TRUE,TRUE,"Forebrain + Hindbrain + Midbrain",FALSE,FALSE
"2310035C23Rik","2310035C23Rik",2,0.00658691329476593,0.132227591745903,"NM_029349",-2.80515625305588,0.00658691329476593,0.0749147558132825,TRUE,TRUE,TRUE,"Forebrain + Hindbrain + Midbrain",FALSE,FALSE
"Zfp821","Zfp821",4,0.00661876848466787,0.132648085206643,"NM_001286393",-0.810437627453123,0.00661876848466787,0.0751385493107649,TRUE,TRUE,TRUE,"Forebrain + Hindbrain + Midbrain",FALSE,FALSE
"Ifi203","Ifi203",2,0.0066390925645228,0.132838157329376,"NM_001302649",-4.24120164569811,0.0066390925645228,0.0752308560571271,NA,NA,NA,NA,FALSE,FALSE
"Pitx2","Pitx2",5,0.00669787284888306,0.133790103767065,"NM_001042504",-2.05883696140731,0.00669787284888306,0.0757023209090021,TRUE,TRUE,TRUE,"Forebrain + Hindbrain + Midbrain",FALSE,FALSE
"Tns1","Tns1",2,0.00678489470413357,0.13529779895289,"NM_001289895",-3.66910563826575,0.00678489470413357,0.076461735752519,NA,NA,NA,NA,FALSE,FALSE
"Tcf20","Tcf20",2,0.00709448039295481,0.141196177002305,"NM_001114140",-2.95471176293738,0.00709448039295481,0.0796595887616582,TRUE,TRUE,TRUE,"Forebrain + Hindbrain + Midbrain",FALSE,FALSE
"2010204K13Rik","2010204K13Rik",2,0.00714109097937328,0.141889119201048,"NR_027925",-1.57037016186593,0.00714109097937328,0.0800372958087796,TRUE,TRUE,TRUE,"Forebrain + Hindbrain + Midbrain",FALSE,FALSE
"Dnajc1","Dnajc1",2,0.00720013756231852,0.142824476321187,"NM_001190817",-0.753684816346075,0.00720013756231852,0.0804986482898753,TRUE,TRUE,FALSE,"Forebrain + Hindbrain",FALSE,FALSE
"Vwa8","Vwa8",2,0.00725372291576984,0.143649414602919,"NM_027906",-1.02617957688182,0.00725372291576984,0.080932134521338,TRUE,TRUE,FALSE,"Forebrain + Hindbrain",FALSE,FALSE
"Pum1","Pum1",5,0.00728403993970486,0.14401527273413,"NM_001159606",-1.10519654113574,0.00728403993970486,0.0811236939133195,TRUE,TRUE,TRUE,"Forebrain + Hindbrain + Midbrain",FALSE,FALSE
"Rap1gds1","Rap1gds1",3,0.00731885125516421,0.144467923477024,"NM_145544",-0.891809023274669,0.00731885125516421,0.0813645265664202,TRUE,TRUE,TRUE,"Forebrain + Hindbrain + Midbrain",FALSE,FALSE
"Mutyh","Mutyh",2,0.00733890267958057,0.144630571636747,"NM_133250",-2.45376227304837,0.00733890267958057,0.0815140045598778,FALSE,FALSE,TRUE,"Midbrain only",FALSE,FALSE
"Phactr3","Phactr3",5,0.00745097571933367,0.146588358243126,"NM_028806",-4.06062491913602,0.00745097571933367,0.0825359428874125,TRUE,TRUE,TRUE,"Forebrain + Hindbrain + Midbrain",FALSE,FALSE
"Brd2","Brd2",3,0.00746548091137436,0.146638981659203,"NR_037970",0.570522697996172,0.00746548091137436,0.0826224524182597,TRUE,TRUE,TRUE,"Forebrain + Hindbrain + Midbrain",FALSE,FALSE
"Zfp207","Zfp207",5,0.00752470434615002,0.147559104271925,"NR_045038",-0.780109392482207,0.00752470434615002,0.0832032720712287,TRUE,TRUE,TRUE,"Forebrain + Hindbrain + Midbrain",FALSE,FALSE
"Wdr53","Wdr53",2,0.00757374367327013,0.148278461451807,"NM_026898",-1.64795485385988,0.00757374367327013,0.0835957038713357,TRUE,FALSE,TRUE,"Forebrain + Midbrain",FALSE,FALSE
"Pard6a","Pard6a",5,0.00761636200486286,0.148871001455116,"NM_001286344",1.31846855995174,0.00761636200486286,0.0839909804647075,TRUE,TRUE,TRUE,"Forebrain + Hindbrain + Midbrain",FALSE,FALSE
"Nprl3","Nprl3",4,0.00768343451469299,0.149934757884383,"NM_001284360",-1.94843543059614,0.00768343451469299,0.0845040836999211,TRUE,TRUE,TRUE,"Forebrain + Hindbrain + Midbrain",FALSE,FALSE
"Ndufa7","Ndufa7",4,0.00770310746480312,0.150079412271241,"NR_103515",0.627107923876393,0.00770310746480312,0.0846229466847023,NA,NA,NA,NA,FALSE,FALSE
"Pik3cd","Pik3cd",4,0.00772539994109351,0.150274116381646,"NM_001164051",-1.62713687340719,0.00772539994109351,0.0847390535760834,NA,NA,NA,NA,FALSE,FALSE
"Gpsm1","Gpsm1",3,0.00778712049969758,0.150991037570315,"NM_153410",-1.59578114226312,0.00778712049969758,0.0852644782309389,TRUE,TRUE,TRUE,"Forebrain + Hindbrain + Midbrain",FALSE,FALSE
"Polr2m","Polr2m",2,0.00778391149406071,0.151165547202873,"NM_178602",-1.1833257600661,0.00778391149406071,0.0852644782309389,NA,NA,NA,NA,FALSE,FALSE
"Smek1","Smek1",2,0.00780977151618572,0.151190209600063,"NM_211355",-1.57016685192982,0.00780977151618572,0.0854366848490531,TRUE,TRUE,TRUE,"Forebrain + Hindbrain + Midbrain",FALSE,FALSE
"Rorb","Rorb",2,0.00790114714697502,0.152705475895195,"NM_001043354",-6.94725748748911,0.00790114714697502,0.0860548594824994,TRUE,TRUE,TRUE,"Forebrain + Hindbrain + Midbrain",FALSE,FALSE
"Sec61g","Sec61g",3,0.00794739431367205,0.153114448396688,"NM_011343",-0.65283839684921,0.00794739431367205,0.0863299699214024,NA,NA,NA,NA,FALSE,FALSE
"Poglut1","Poglut1",2,0.00794202856944401,0.153249945584958,"NM_001300827",-1.01362319879868,0.00794202856944401,0.0863299699214024,TRUE,TRUE,TRUE,"Forebrain + Hindbrain + Midbrain",FALSE,FALSE
"Srsf5","Srsf5",3,0.00799258906083348,0.153263514770978,"NM_001079695",0.315813845217295,0.00799258906083348,0.086397095185137,TRUE,TRUE,TRUE,"Forebrain + Hindbrain + Midbrain",FALSE,FALSE
"Fam134b","Fam134b",4,0.00798172429327756,0.153293944284766,"NM_025459",7.30997754361941,0.00798172429327756,0.086397095185137,TRUE,TRUE,TRUE,"Forebrain + Hindbrain + Midbrain",FALSE,FALSE
"Tsc22d1","Tsc22d1",3,0.00797133290836071,0.15333348871481,"NM_207652",-0.904983063061946,0.00797133290836071,0.086397095185137,NA,NA,NA,NA,FALSE,FALSE
"Ankra2","Ankra2",5,0.00803617822218932,0.153854144515026,"NM_001271388",-0.59330491626738,0.00803617822218932,0.0866839504036855,TRUE,TRUE,TRUE,"Forebrain + Hindbrain + Midbrain",FALSE,FALSE
"Trappc12","Trappc12",3,0.00809384844938914,0.154709621930023,"NM_001161411",-0.874245585641267,0.00809384844938914,0.0871536560780646,TRUE,TRUE,FALSE,"Forebrain + Hindbrain",FALSE,FALSE
"Mllt10","Mllt10",5,0.00814526030928934,0.155205192265196,"NR_045539",-1.1661482329489,0.00814526030928934,0.087554453150375,TRUE,TRUE,TRUE,"Forebrain + Hindbrain + Midbrain",FALSE,FALSE
"Cacnb3","Cacnb3",3,0.00816733467225466,0.155383329573221,"NM_001044741",-1.0782475825022,0.00816733467225466,0.0877153262451022,FALSE,FALSE,TRUE,"Midbrain only",FALSE,FALSE
"Galt","Galt",2,0.00814422864031202,0.155424458420909,"NM_001302511",-1.11721983982798,0.00814422864031202,0.087554453150375,TRUE,TRUE,TRUE,"Forebrain + Hindbrain + Midbrain",FALSE,FALSE
"Tnrc6b","Tnrc6b",2,0.00819815820061499,0.155487475736007,"NM_177124",-0.672551102275259,0.00819815820061499,0.0878933728893041,NA,NA,NA,NA,FALSE,FALSE
"Serf2","Serf2",3,0.00819223963112426,0.155614182174193,"NM_011354",0.419357259934812,0.00819223963112426,0.0878933728893041,NA,NA,NA,NA,FALSE,FALSE
"Stox2","Stox2",3,0.00830663076327737,0.157285392246258,"NM_001114311",-2.77157332060996,0.00830663076327737,0.0886783575443979,FALSE,FALSE,TRUE,"Midbrain only",FALSE,FALSE
"Rreb1","Rreb1",6,0.00842765954054836,0.15931248716622,"NR_033218",-2.02482445184846,0.00842765954054836,0.0896528609744541,NA,NA,NA,NA,FALSE,FALSE
"Fbxl12","Fbxl12",3,0.00853037317063994,0.160990415786246,"NM_001286530",-1.96714020163667,0.00853037317063994,0.0905893329825274,TRUE,TRUE,TRUE,"Forebrain + Hindbrain + Midbrain",FALSE,FALSE
"Sema3b","Sema3b",5,0.00856458620706025,0.161384353758792,"NM_009153",-5.23605486768053,0.00856458620706025,0.0908744572614991,TRUE,TRUE,FALSE,"Forebrain + Hindbrain",FALSE,FALSE
"Tcf3","Tcf3",7,0.00870254896846718,0.163710209796646,"NM_001164147",-1.47558659750061,0.00870254896846718,0.0921797890737211,TRUE,TRUE,TRUE,"Forebrain + Hindbrain + Midbrain",FALSE,FALSE
"Dync1i2","Dync1i2",6,0.00871929150261092,0.163773612314289,"NM_010064",0.526337880871123,0.00871929150261092,0.0922779220773745,TRUE,TRUE,TRUE,"Forebrain + Hindbrain + Midbrain",FALSE,FALSE
"Caprin1","Caprin1",5,0.00874124831227843,0.163933655849708,"NM_016739",0.263237541228514,0.00874124831227843,0.0923518871348595,TRUE,TRUE,TRUE,"Forebrain + Hindbrain + Midbrain",FALSE,FALSE
"Ect2","Ect2",3,0.00882023088591408,0.165150607498614,"NM_007900",2.86932257952025,0.00882023088591408,0.0928683013073206,TRUE,TRUE,TRUE,"Forebrain + Hindbrain + Midbrain",FALSE,FALSE
"Cops7a","Cops7a",2,0.00884983874423039,0.165200469237289,"NM_001164089",-0.411478741577654,0.00884983874423039,0.0930213033252155,FALSE,FALSE,TRUE,"Midbrain only",FALSE,FALSE
"Picalm","Picalm",3,0.00883845550015031,0.165238907203356,"NM_001252524",1.1815462713233,0.00883845550015031,0.0929808532581883,TRUE,TRUE,TRUE,"Forebrain + Hindbrain + Midbrain",FALSE,FALSE
"Pphln1","Pphln1",4,0.00896811376173135,0.167134723855134,"NM_146062",1.10181570140872,0.00896811376173135,0.0941701708787701,NA,NA,NA,NA,FALSE,FALSE
"Ubl4a","Ubl4a",2,0.0089948923238111,0.16737712765729,"NR_045779",-2.54098137259263,0.0089948923238111,0.0943049883397018,TRUE,TRUE,TRUE,"Forebrain + Hindbrain + Midbrain",FALSE,FALSE
"Far1","Far1",2,0.00904546419615099,0.168056425459386,"NM_027379",-1.0453519226733,0.00904546419615099,0.0947546928527192,FALSE,FALSE,TRUE,"Midbrain only",FALSE,FALSE
"Scn5a","Scn5a",2,0.00910571701303865,0.168911361828301,"NM_021544",-3.48852243091586,0.00910571701303865,0.0952241931702517,NA,NA,NA,NA,FALSE,FALSE
"Src","Src",2,0.00916371787576647,0.169468991649505,"NM_009271",-3.54631097968521,0.00916371787576647,0.0955877249255775,TRUE,TRUE,TRUE,"Forebrain + Hindbrain + Midbrain",FALSE,FALSE
"Btbd3","Btbd3",2,0.00915401292442323,0.169544380410382,"NM_145534",-1.2149745950275,0.00915401292442323,0.0955672753700361,TRUE,TRUE,TRUE,"Forebrain + Hindbrain + Midbrain",FALSE,FALSE
"Pde1b","Pde1b",2,0.00919333182453305,0.169757722562452,"NM_008800",-2.82062446893717,0.00919333182453305,0.0957347803499897,TRUE,TRUE,TRUE,"Forebrain + Hindbrain + Midbrain",FALSE,FALSE
"Celsr2","Celsr2",2,0.00935880587914029,0.172524537959144,"NM_017392",-2.80602335075313,0.00935880587914029,0.0970484576038582,TRUE,TRUE,TRUE,"Forebrain + Hindbrain + Midbrain",FALSE,FALSE
"Atp13a2","Atp13a2",2,0.00937539983744486,0.172570468117579,"NM_001164366",-0.822017704652535,0.00937539983744486,0.0971389034375059,TRUE,TRUE,TRUE,"Forebrain + Hindbrain + Midbrain",FALSE,FALSE
"Vma21","Vma21",3,0.00944671827249628,0.173611537636609,"NM_001290781",1.72335988401132,0.00944671827249628,0.0976649933868097,NA,NA,NA,NA,FALSE,FALSE
"Net1","Net1",2,0.00949593042308016,0.174247939214655,"NM_019671",-1.98892815077601,0.00949593042308016,0.0979330874283934,TRUE,TRUE,TRUE,"Forebrain + Hindbrain + Midbrain",FALSE,FALSE
"Tasp1","Tasp1",6,0.00958022092332048,0.175518249062495,"NM_001289611",0.669997364160081,0.00958022092332048,0.0985987708038154,TRUE,TRUE,TRUE,"Forebrain + Hindbrain + Midbrain",FALSE,FALSE
"Jkamp","Jkamp",2,0.00964024504228503,0.176345365371738,"NM_001205067",-0.815451317120241,0.00964024504228503,0.0990513104261426,TRUE,TRUE,TRUE,"Forebrain + Hindbrain + Midbrain",FALSE,FALSE
"Nadk2","Nadk2",4,0.0096923577927826,0.177026948251212,"NM_001040395",-1.54825106587353,0.0096923577927826,0.0994211929866477,TRUE,TRUE,TRUE,"Forebrain + Hindbrain + Midbrain",FALSE,FALSE
"Arhgef1","Arhgef1",5,0.00975612867052574,0.177916728240001,"NM_001130151",-0.996464357048093,0.00975612867052574,0.0999092346840562,TRUE,TRUE,TRUE,"Forebrain + Hindbrain + Midbrain",FALSE,FALSE
"Rpl30","Rpl30",2,0.00982773177542503,0.178420027119842,"NM_009083",-0.566051856611883,0.00982773177542503,0.100309520354628,TRUE,TRUE,TRUE,"Forebrain + Hindbrain + Midbrain",FALSE,FALSE
"Ppapdc1b","Ppapdc1b",4,0.00982119064674133,0.178564387746931,"NM_001293703",0.855322910514757,0.00982119064674133,0.100309520354628,TRUE,TRUE,TRUE,"Forebrain + Hindbrain + Midbrain",FALSE,FALSE
"Eif4g3","Eif4g3",3,0.00981283996942635,0.178676579474821,"NM_001256198",0.697822332433429,0.00981283996942635,0.100309520354628,TRUE,TRUE,FALSE,"Forebrain + Hindbrain",FALSE,FALSE
"Zc3h18","Zc3h18",2,0.0100044414922299,0.181326817317336,"NM_001029994",-2.06104987601702,0.0100044414922299,0.101944515288288,TRUE,TRUE,TRUE,"Forebrain + Hindbrain + Midbrain",FALSE,FALSE
"Cenpa","Cenpa",5,0.0100778482888191,0.182109213644956,"NM_007681",-0.611812006051219,0.0100778482888191,0.102523205180567,TRUE,TRUE,TRUE,"Forebrain + Hindbrain + Midbrain",FALSE,FALSE
"B3gnt5","B3gnt5",3,0.0100702888311123,0.182240176111629,"NM_054052",-1.58524324250879,0.0100702888311123,0.102523205180567,FALSE,FALSE,TRUE,"Midbrain only",FALSE,FALSE
"Ctnna3","Ctnna3",3,0.0102242991521818,0.184456449595255,"NM_001164376",5.65784321635262,0.0102242991521818,0.103756456856845,NA,NA,NA,NA,FALSE,FALSE
"Sorbs2","Sorbs2",2,0.0102704500247825,0.185009917265176,"NM_172752",-0.673014716150778,0.0102704500247825,0.104005564819408,TRUE,TRUE,TRUE,"Forebrain + Hindbrain + Midbrain",FALSE,FALSE
"Dusp22","Dusp22",2,0.0105072660516668,0.188951332676687,"NM_001037955",-0.879756522178311,0.0105072660516668,0.106191370251899,TRUE,TRUE,TRUE,"Forebrain + Hindbrain + Midbrain",FALSE,FALSE
"Dnm1l","Dnm1l",5,0.0105413007515317,0.189281132148474,"NM_152816",-0.885625027587451,0.0105413007515317,0.10644815979861,TRUE,TRUE,TRUE,"Forebrain + Hindbrain + Midbrain",FALSE,FALSE
"Maf1","Maf1",3,0.0107561229544086,0.192533812893556,"NM_001164608",-0.485089989756541,0.0107561229544086,0.108136229500581,TRUE,TRUE,TRUE,"Forebrain + Hindbrain + Midbrain",FALSE,FALSE
"Mta3","Mta3",4,0.0107491746309991,0.192689771328592,"NM_054082",-0.702523649214,0.0107491746309991,0.108136229500581,TRUE,TRUE,TRUE,"Forebrain + Hindbrain + Midbrain",FALSE,FALSE
"Clip4","Clip4",5,0.0110981782690518,0.198294583787297,"NM_030179",-0.872743657729741,0.0110981782690518,0.111252250073192,TRUE,TRUE,TRUE,"Forebrain + Hindbrain + Midbrain",FALSE,FALSE
"Orc6","Orc6",3,0.011143725490948,0.198811076951607,"NM_001163791",-1.05784968515555,0.011143725490948,0.111618159544073,TRUE,TRUE,TRUE,"Forebrain + Hindbrain + Midbrain",FALSE,FALSE
"Lrch4","Lrch4",2,0.0111718239478555,0.199019002456148,"NM_146164",-2.8413867000511,0.0111718239478555,0.111718239478555,TRUE,TRUE,TRUE,"Forebrain + Hindbrain + Midbrain",FALSE,FALSE
"Ap2a1","Ap2a1",2,0.011427344373837,0.20322068645939,"NM_007458",-0.863476267872702,0.011427344373837,0.113917111382367,TRUE,TRUE,TRUE,"Forebrain + Hindbrain + Midbrain",FALSE,FALSE
"Stag2","Stag2",3,0.0114462988434142,0.20326104559632,"NM_021465",0.700745056840904,0.0114462988434142,0.114001071612374,TRUE,TRUE,TRUE,"Forebrain + Hindbrain + Midbrain",FALSE,FALSE
"E130308A19Rik","E130308A19Rik",2,0.0115412076572909,0.204630932793563,"NM_153158",-0.521543922421074,0.0115412076572909,0.114634847921143,TRUE,TRUE,TRUE,"Forebrain + Hindbrain + Midbrain",FALSE,FALSE
"Tmub2","Tmub2",3,0.0116132430952503,0.205596805439519,"NM_001302505",-0.49856683539036,0.0116132430952503,0.114921748031587,TRUE,TRUE,TRUE,"Forebrain + Hindbrain + Midbrain",FALSE,FALSE
"Sytl2","Sytl2",7,0.0116794270461599,0.206457611177937,"NM_001040088",8.05109891332888,0.0116794270461599,0.115391617093365,TRUE,TRUE,TRUE,"Forebrain + Hindbrain + Midbrain",FALSE,FALSE
"Ncaph2","Ncaph2",4,0.0117413473612813,0.207241508461094,"NM_001271601",-0.709806519159979,0.0117413473612813,0.115817926809122,TRUE,TRUE,TRUE,"Forebrain + Hindbrain + Midbrain",FALSE,FALSE
"Aldoa","Aldoa",3,0.011835942255269,0.20859136033539,"NM_001177307",0.995658172503258,0.011835942255269,0.116564666743831,NA,NA,NA,NA,FALSE,FALSE
"Fbrsl1","Fbrsl1",2,0.01189208441657,0.209269266772998,"NM_028596",-1.2323433610151,0.01189208441657,0.117024179984429,TRUE,TRUE,TRUE,"Forebrain + Hindbrain + Midbrain",FALSE,FALSE
"Tnnt2","Tnnt2",6,0.0119567803361498,0.210093439823269,"NM_001130176",-10.6428480475061,0.0119567803361498,0.117567067209633,TRUE,TRUE,FALSE,"Forebrain + Hindbrain",FALSE,FALSE
"Rusc2","Rusc2",2,0.0119927817901702,0.210418335057347,"NM_199057",-1.35969617790064,0.0119927817901702,0.117827171409793,TRUE,TRUE,TRUE,"Forebrain + Hindbrain + Midbrain",FALSE,FALSE
"Tbc1d9b","Tbc1d9b",3,0.0121050462464191,0.21206052216512,"NM_029745",1.09044765731091,0.0121050462464191,0.118646759873559,TRUE,TRUE,TRUE,"Forebrain + Hindbrain + Midbrain",FALSE,FALSE
"Nfix","Nfix",3,0.0121410431337458,0.212381427710717,"NM_001081981",-1.02282000887483,0.0121410431337458,0.118905136722559,TRUE,TRUE,TRUE,"Forebrain + Hindbrain + Midbrain",FALSE,FALSE
"Gprasp1","Gprasp1",3,0.0121831853964874,0.212506701056001,"NM_001004359",-1.14557727113599,0.0121831853964874,0.119034447975182,TRUE,TRUE,TRUE,"Forebrain + Hindbrain + Midbrain",FALSE,FALSE
"Lrrc4c","Lrrc4c",4,0.0121784836507815,0.212726253475164,"NM_178725",-2.2762005428365,0.0121784836507815,0.119034447975182,TRUE,TRUE,TRUE,"Forebrain + Hindbrain + Midbrain",FALSE,FALSE
"Gpx4","Gpx4",3,0.0122821431480419,0.213907257314677,"NM_008162",0.642009523613697,0.0122821431480419,0.119906365859839,NA,NA,NA,NA,FALSE,FALSE
"Slc38a1","Slc38a1",3,0.0123247595760887,0.214337065266342,"NM_001166458",0.39918898967761,0.0123247595760887,0.120227298947775,TRUE,TRUE,TRUE,"Forebrain + Hindbrain + Midbrain",FALSE,FALSE
"Rapgef4","Rapgef4",4,0.0123909944260856,0.215170132001533,"NM_019688",-4.86869147366921,0.0123909944260856,0.120637189382703,TRUE,TRUE,TRUE,"Forebrain + Hindbrain + Midbrain",FALSE,FALSE
"Mest","Mest",3,0.0126721998189249,0.219676028612247,"NM_001252292",0.79972590533618,0.0126721998189249,0.122839706021629,NA,NA,NA,NA,FALSE,FALSE
"Phf21a","Phf21a",3,0.012712862378222,0.220061960795569,"NM_138755",-0.835346668137363,0.012712862378222,0.123137144228618,TRUE,TRUE,TRUE,"Forebrain + Hindbrain + Midbrain",FALSE,FALSE
"Wdr61","Wdr61",3,0.012754052437988,0.220455739077144,"NM_023191",0.75667876876841,0.012754052437988,0.123342482041358,TRUE,TRUE,TRUE,"Forebrain + Hindbrain + Midbrain",FALSE,FALSE
"Foxp2","Foxp2",3,0.0128479375656397,0.221435285248901,"NM_053242",2.23410517172436,0.0128479375656397,0.123862148093745,TRUE,TRUE,TRUE,"Forebrain + Hindbrain + Midbrain",FALSE,FALSE
"Rab11fip5","Rab11fip5",2,0.0128299238024573,0.221438483494261,"NM_001003955",-0.551135387953467,0.0128299238024573,0.123785191338799,TRUE,TRUE,TRUE,"Forebrain + Hindbrain + Midbrain",FALSE,FALSE
"Gpm6b","Gpm6b",9,0.0131034584676043,0.225146645388387,"NM_001177961",1.49401398603224,0.0131034584676043,0.126030146134246,TRUE,TRUE,TRUE,"Forebrain + Hindbrain + Midbrain",FALSE,FALSE
"Tex264","Tex264",4,0.0130920344416792,0.225266932744187,"NM_011573",-0.598393612582786,0.0130920344416792,0.126018490647676,TRUE,TRUE,TRUE,"Forebrain + Hindbrain + Midbrain",FALSE,FALSE
"Sp3","Sp3",2,0.0132635727514393,0.227540602439256,"NM_001018042",-1.0737209127662,0.0132635727514393,0.127272541020809,TRUE,TRUE,TRUE,"Forebrain + Hindbrain + Midbrain",FALSE,FALSE
"Gfm2","Gfm2",4,0.0134350052993515,0.230117941424216,"NM_001146043",-1.13701530335304,0.0134350052993515,0.128684350827525,TRUE,TRUE,TRUE,"Forebrain + Hindbrain + Midbrain",FALSE,FALSE
"Six3os1","Six3os1",4,0.0134779498454897,0.230522399512832,"NR_015387",4.44119788619418,0.0134779498454897,0.128828738259754,FALSE,FALSE,TRUE,"Midbrain only",FALSE,FALSE
"Ap3s1","Ap3s1",2,0.0135604744576189,0.231591551392531,"NM_001303015",-1.60755502736276,0.0135604744576189,0.129417057081993,TRUE,TRUE,TRUE,"Forebrain + Hindbrain + Midbrain",FALSE,FALSE
"Ptpru","Ptpru",2,0.0136291313129229,0.232424557164949,"NM_001083119",-5.44080612115664,0.0136291313129229,0.129971777744566,TRUE,TRUE,TRUE,"Forebrain + Hindbrain + Midbrain",FALSE,FALSE
"Arhgap24","Arhgap24",2,0.013666286670339,0.232726744540942,"NM_029270",-1.50677596481312,0.013666286670339,0.130124982648135,TRUE,TRUE,TRUE,"Forebrain + Hindbrain + Midbrain",FALSE,FALSE
"Zfp60","Zfp60",2,0.013740028735841,0.233640777723232,"NM_009560",-1.03247395877532,0.013740028735841,0.130648190740665,TRUE,TRUE,TRUE,"Forebrain + Hindbrain + Midbrain",FALSE,FALSE
"Sept4","Sept4",3,0.0137682135172545,0.233790295078315,"NM_011129",-1.46486470515864,0.0137682135172545,0.130792728870609,TRUE,TRUE,TRUE,"Forebrain + Hindbrain + Midbrain",FALSE,FALSE
"Srsf7","Srsf7",5,0.0139432071987594,0.23639046442499,"NM_146083",-0.320743695518502,0.0139432071987594,0.131633097318968,TRUE,TRUE,TRUE,"Forebrain + Hindbrain + Midbrain",FALSE,FALSE
"Stx11","Stx11",3,0.0139846831916667,0.236757131837792,"NM_001163590",-5.2537347054186,0.0139846831916667,0.131633097318968,TRUE,TRUE,FALSE,"Forebrain + Hindbrain",FALSE,FALSE
"Hmg20b","Hmg20b",3,0.0140873664454064,0.238141408502186,"NM_001163166",-1.09596624583276,0.0140873664454064,0.132397640469394,TRUE,TRUE,TRUE,"Forebrain + Hindbrain + Midbrain",FALSE,FALSE
"Strn4","Strn4",2,0.0143496549044854,0.242172938530263,"NM_133789",-0.78504653707877,0.0143496549044854,0.134657598115095,TRUE,TRUE,TRUE,"Forebrain + Hindbrain + Midbrain",FALSE,FALSE
"Vrk1","Vrk1",3,0.0145274868692002,0.244790729746879,"NM_001029843",-0.929879754353259,0.0145274868692002,0.136141639121584,TRUE,TRUE,TRUE,"Forebrain + Hindbrain + Midbrain",FALSE,FALSE
"Nr4a2","Nr4a2",2,0.0147405041412677,0.247644228430924,"NM_013613",-3.8219929831046,0.0147405041412677,0.13759290552439,TRUE,TRUE,TRUE,"Forebrain + Hindbrain + Midbrain",FALSE,FALSE
"Ak2","Ak2",2,0.0147671887158561,0.247747246291444,"NM_016895",-0.68019480717092,0.0147671887158561,0.137737799511462,FALSE,FALSE,TRUE,"Midbrain only",FALSE,FALSE
"Apoa2","Apoa2",4,0.0148545411555333,0.247838130589441,"NM_001305585",-2.52054538546579,0.0148545411555333,0.13813491926095,TRUE,TRUE,TRUE,"Forebrain + Hindbrain + Midbrain",FALSE,FALSE
"Jmjd1c","Jmjd1c",2,0.0147324432166683,0.247849132395858,"NM_207221",-0.63873206289424,0.0147324432166683,0.13759290552439,TRUE,TRUE,FALSE,"Forebrain + Hindbrain",FALSE,FALSE
"Bcl11b","Bcl11b",3,0.0147979758591698,0.247917569047665,"NM_021399",-1.57851322446122,0.0147979758591698,0.137920711557519,TRUE,TRUE,FALSE,"Forebrain + Hindbrain",FALSE,FALSE
"Sema6b","Sema6b",2,0.0148807527174817,0.247932326816136,"NM_001130456",-8.37521657073483,0.0148807527174817,0.138274464257322,NA,NA,NA,NA,FALSE,FALSE
"Mid1","Mid1",4,0.0148300784330465,0.24810904191696,"NM_010797",1.92978133077125,0.0148300784330465,0.138115598387769,NA,NA,NA,NA,FALSE,FALSE
"Epn2","Epn2",3,0.0148537189823559,0.248160899197606,"NM_001252189",1.32754711319208,0.0148537189823559,0.13813491926095,TRUE,TRUE,TRUE,"Forebrain + Hindbrain + Midbrain",FALSE,FALSE
"Idh1","Idh1",2,0.0151443425642861,0.251569919493946,"NM_010497",-1.69317383800977,0.0151443425642861,0.139672038298423,NA,NA,NA,NA,FALSE,FALSE
"Stra6","Stra6",4,0.015136388693553,0.25177978235997,"NM_009291",3.931571494305,0.015136388693553,0.139672038298423,TRUE,TRUE,TRUE,"Forebrain + Hindbrain + Midbrain",FALSE,FALSE
"Strada","Strada",2,0.0152750119083097,0.253362064883725,"NM_001252448",-1.88071213319121,0.0152750119083097,0.140771954405184,TRUE,TRUE,TRUE,"Forebrain + Hindbrain + Midbrain",FALSE,FALSE
"Cyhr1","Cyhr1",7,0.0153618416459565,0.254434993310603,"NM_019396",-0.362233473423257,0.0153618416459565,0.141255682497096,TRUE,TRUE,TRUE,"Forebrain + Hindbrain + Midbrain",FALSE,FALSE
"Gfra1","Gfra1",2,0.0155893327490577,0.257791186824424,"NM_010279",-3.38262183965857,0.0155893327490577,0.143027781504366,TRUE,TRUE,TRUE,"Forebrain + Hindbrain + Midbrain",FALSE,FALSE
"Gria2","Gria2",3,0.0156493148038513,0.258418628924885,"NM_001039195",-2.19494833376313,0.0156493148038513,0.143422496360326,NA,NA,NA,NA,FALSE,FALSE
"Nfia","Nfia",3,0.0158170914061428,0.260790794426116,"NM_001122952",-2.52163884674643,0.0158170914061428,0.144687107451299,TRUE,TRUE,TRUE,"Forebrain + Hindbrain + Midbrain",FALSE,FALSE
"Irf5","Irf5",2,0.0158533794140089,0.261028750368816,"NM_001252382",-3.8018280136685,0.0158533794140089,0.144911631088051,NA,NA,NA,NA,FALSE,FALSE
"Med27","Med27",3,0.0160033539575843,0.26310235095764,"NM_026896",-1.28357913246036,0.0160033539575843,0.14606611526375,NA,NA,NA,NA,FALSE,FALSE
"Ablim2","Ablim2",6,0.016040657997236,0.263352729866065,"NM_001177696",4.49194971268512,0.016040657997236,0.146298388533549,TRUE,TRUE,TRUE,"Forebrain + Hindbrain + Midbrain",FALSE,FALSE
"Nelfe","Nelfe",3,0.0160679710388782,0.263441486726494,"NM_001045864",-0.96930543389072,0.0160679710388782,0.146331190125282,TRUE,TRUE,TRUE,"Forebrain + Hindbrain + Midbrain",FALSE,FALSE
"Snca","Snca",2,0.0161388386076304,0.26387905216543,"NM_009221",-1.0466724474595,0.0161388386076304,0.146651891324123,FALSE,FALSE,TRUE,"Midbrain only",FALSE,FALSE
"Ank1","Ank1",7,0.0161283925532487,0.264062435633795,"NM_001110783",-6.44913796874763,0.0161283925532487,0.146651891324123,NA,NA,NA,NA,FALSE,FALSE
"Pced1a","Pced1a",2,0.0162094452805323,0.264660949081494,"NM_178762",-1.44871390423053,0.0162094452805323,0.147185102841625,TRUE,TRUE,TRUE,"Forebrain + Hindbrain + Midbrain",FALSE,FALSE
"Tfpi","Tfpi",3,0.016276705110529,0.26538700461663,"NM_011576",-0.496484200703618,0.016276705110529,0.147687162547006,FALSE,FALSE,TRUE,"Midbrain only",FALSE,FALSE
"Agap3","Agap3",2,0.0163055815403617,0.265497249470507,"NM_139153",-0.572140177979333,0.0163055815403617,0.147796419219689,TRUE,TRUE,TRUE,"Forebrain + Hindbrain + Midbrain",FALSE,FALSE
"Zfp62","Zfp62",2,0.0164621324051919,0.267645576633759,"NM_001024846",-1.28177347399269,0.0164621324051919,0.148496135877243,TRUE,TRUE,TRUE,"Forebrain + Hindbrain + Midbrain",FALSE,FALSE
"Pfkm","Pfkm",3,0.0165324451526771,0.268058767887848,"NM_001163488",4.25727685503956,0.0165324451526771,0.148804065050354,NA,NA,NA,NA,FALSE,FALSE
"Arhgap6","Arhgap6",3,0.0165194898614237,0.26820636680045,"NM_009707",2.29758474982474,0.0165194898614237,0.148796726235188,NA,NA,NA,NA,FALSE,FALSE
"Dlc1","Dlc1",3,0.016587122970953,0.268574798800009,"NM_001194941",-1.1050373097351,0.016587122970953,0.149187388820379,NA,NA,NA,NA,FALSE,FALSE
"Tti2","Tti2",3,0.0169317409342103,0.273690119148658,"NM_144927",0.961105130725754,0.0169317409342103,0.151733974675494,TRUE,TRUE,FALSE,"Forebrain + Hindbrain",FALSE,FALSE
"Gt(ROSA)26Sor","Gt(ROSA)26Sor",3,0.0169805129398825,0.27410307801162,"NR_027008",-1.01247733068303,0.0169805129398825,0.152060616602431,TRUE,TRUE,TRUE,"Forebrain + Hindbrain + Midbrain",FALSE,FALSE
"Dtnb","Dtnb",4,0.0170198175429623,0.274365114668727,"NM_007886",2.31021402588607,0.0170198175429623,0.152302065612875,TRUE,TRUE,TRUE,"Forebrain + Hindbrain + Midbrain",FALSE,FALSE
"Dclk1","Dclk1",5,0.0170844652529982,0.274666736549275,"NM_001111053",2.23309390449802,0.0170844652529982,0.152659160913829,TRUE,TRUE,TRUE,"Forebrain + Hindbrain + Midbrain",FALSE,FALSE
"Tmem184b","Tmem184b",4,0.0170748227551511,0.274874413080693,"NM_172608",0.644170524277938,0.0170748227551511,0.152659160913829,TRUE,TRUE,TRUE,"Forebrain + Hindbrain + Midbrain",FALSE,FALSE
"Sparc","Sparc",2,0.0172978746151904,0.27730642305744,"NM_001290817",-0.262556213560521,0.0172978746151904,0.154231049675903,NA,NA,NA,NA,FALSE,FALSE
"Tubgcp4","Tubgcp4",4,0.0172756910846579,0.277319596184338,"NR_110985",-1.05440081419695,0.0172756910846579,0.154144633394561,TRUE,TRUE,TRUE,"Forebrain + Hindbrain + Midbrain",FALSE,FALSE
"Zfp94","Zfp94",2,0.0173623756008231,0.277595888355295,"NM_001199321",-2.1738485577247,0.0173623756008231,0.154582766893331,TRUE,TRUE,TRUE,"Forebrain + Hindbrain + Midbrain",FALSE,FALSE
"Ate1","Ate1",4,0.0173464604283057,0.277707890995329,"NM_001029895",0.646120974263755,0.0173464604283057,0.154552578834146,TRUE,TRUE,TRUE,"Forebrain + Hindbrain + Midbrain",FALSE,FALSE
"Kat7","Kat7",3,0.0175002141801192,0.279393436260546,"NM_001195003",0.665340213468317,0.0175002141801192,0.155637218752731,TRUE,TRUE,TRUE,"Forebrain + Hindbrain + Midbrain",FALSE,FALSE
"Pter","Pter",3,0.0177399712153879,0.28277870130695,"NM_001305436",-3.41312916431129,0.0177399712153879,0.157263825285838,TRUE,TRUE,FALSE,"Forebrain + Hindbrain",FALSE,FALSE
"Rcn2","Rcn2",2,0.0178257875111197,0.283383719092786,"NM_001278274",-0.561734358375997,0.0178257875111197,0.157758404254348,NA,NA,NA,NA,FALSE,FALSE
"Serp2","Serp2",2,0.0178255210497138,0.283747114269936,"NM_001160326",-1.23568518634948,0.0178255210497138,0.157758404254348,TRUE,TRUE,TRUE,"Forebrain + Hindbrain + Midbrain",FALSE,FALSE
"Slc11a2","Slc11a2",2,0.0179324903422621,0.284677771014226,"NM_001146161",-0.519645506253212,0.0179324903422621,0.158514993426586,TRUE,TRUE,TRUE,"Forebrain + Hindbrain + Midbrain",FALSE,FALSE
"Dab1","Dab1",3,0.0180345379662925,0.285895755262964,"NR_104385",3.8371529905754,0.0180345379662925,0.159274810273508,NA,NA,NA,NA,FALSE,FALSE
"Sox17","Sox17",3,0.0181100214195236,0.286328644169361,"NM_001289464",1.22587858475218,0.0181100214195236,0.159512965251193,TRUE,TRUE,FALSE,"Forebrain + Hindbrain",FALSE,FALSE
"Ssbp2","Ssbp2",2,0.0180985935090412,0.286520791295129,"NM_024186",-0.875881915837134,0.0180985935090412,0.159512965251193,FALSE,FALSE,TRUE,"Midbrain only",FALSE,FALSE
"Cdk19","Cdk19",4,0.0182519105908728,0.288155573813542,"NM_001168304",3.57400062228846,0.0182519105908728,0.160305036791011,TRUE,TRUE,FALSE,"Forebrain + Hindbrain",FALSE,FALSE
"AI506816","AI506816",2,0.0183325977987971,0.288290638675528,"NR_015554",-2.85816670774417,0.0183325977987971,0.160560743832588,NA,NA,NA,NA,FALSE,FALSE
"Pias2","Pias2",5,0.0183167669796188,0.288416474730434,"NM_001164169",0.48028481199324,0.0183167669796188,0.160560743832588,NA,NA,NA,NA,FALSE,FALSE
"Ctage5","Ctage5",2,0.018314303078351,0.288749126684223,"NM_001165253",-0.78256684711005,0.018314303078351,0.160560743832588,FALSE,FALSE,TRUE,"Midbrain only",FALSE,FALSE
"Taok3","Taok3",3,0.0185969527940695,0.291988335681279,"NM_183306",3.57982273212978,0.0185969527940695,0.162410755469793,TRUE,TRUE,TRUE,"Forebrain + Hindbrain + Midbrain",FALSE,FALSE
"Adam11","Adam11",2,0.018675815313858,0.292452175181286,"NM_009613",-4.50073696536232,0.018675815313858,0.162868947684105,TRUE,TRUE,TRUE,"Forebrain + Hindbrain + Midbrain",FALSE,FALSE
"Txnl4a","Txnl4a",4,0.0186596788800274,0.292578341593505,"NM_025299",-0.222770600713904,0.0186596788800274,0.162843307906321,NA,NA,NA,NA,FALSE,FALSE
"Synj2bp-cox16","Synj2bp-cox16",2,0.0188931423652101,0.295407348463066,"NM_001309848",-1.03969503392815,0.0188931423652101,0.164647864962354,TRUE,TRUE,TRUE,"Forebrain + Hindbrain + Midbrain",FALSE,FALSE
"Spag8","Spag8",2,0.019039373141408,0.297266693384769,"NM_001290462",-5.30079218890249,0.019039373141408,0.165688197859644,TRUE,TRUE,FALSE,"Forebrain + Hindbrain",FALSE,FALSE
"Plekha6","Plekha6",2,0.0191757754875068,0.298970583575552,"NM_182930",-1.85905319548183,0.0191757754875068,0.166640189799883,TRUE,TRUE,TRUE,"Forebrain + Hindbrain + Midbrain",FALSE,FALSE
"Ccnc","Ccnc",4,0.0194670590135288,0.30264464065282,"NM_001122982",-0.3735571884872,0.0194670590135288,0.168459683188601,NA,NA,NA,NA,FALSE,FALSE
"Cox7a2l","Cox7a2l",2,0.0194586762473898,0.302901501214433,"NM_009187",-3.43653252099389,0.0194586762473898,0.168459683188601,NA,NA,NA,NA,FALSE,FALSE
"Pafah2","Pafah2",5,0.0196391896376831,0.304875948257277,"NM_001285875",-3.78555425290936,0.0196391896376831,0.169830133236867,TRUE,TRUE,TRUE,"Forebrain + Hindbrain + Midbrain",FALSE,FALSE
"Clcn4-2","Clcn4-2",4,0.0196988840188623,0.305395484000747,"NM_001302386",0.740847666997648,0.0196988840188623,0.170190788922705,TRUE,TRUE,TRUE,"Forebrain + Hindbrain + Midbrain",FALSE,FALSE
"1700086O06Rik","1700086O06Rik",3,0.0197632896048371,0.305984942018813,"NR_015475",1.59743424794933,0.0197632896048371,0.170544750855727,TRUE,TRUE,TRUE,"Forebrain + Hindbrain + Midbrain",FALSE,FALSE
"Tmem176b","Tmem176b",7,0.0198474774633378,0.306871963911576,"NM_001286652",-0.875866929307123,0.0198474774633378,0.171107334132665,TRUE,TRUE,TRUE,"Forebrain + Hindbrain + Midbrain",FALSE,FALSE
"Rnf44","Rnf44",6,0.019915520081606,0.307512681703548,"NM_001146025",0.75092091991784,0.019915520081606,0.171467670104067,TRUE,TRUE,TRUE,"Forebrain + Hindbrain + Midbrain",FALSE,FALSE
"Zfp708","Zfp708",4,0.0200272726954035,0.308810800083998,"NM_001012448",-4.62720063684595,0.0200272726954035,0.172100658120668,TRUE,TRUE,TRUE,"Forebrain + Hindbrain + Midbrain",FALSE,FALSE
"Erbb2ip","Erbb2ip",4,0.0200592910049511,0.308904563586455,"NM_001005868",-2.07527241916596,0.0200592910049511,0.17225584620814,TRUE,TRUE,TRUE,"Forebrain + Hindbrain + Midbrain",FALSE,FALSE
"Fth1","Fth1",2,0.0201348105279771,0.309652273671481,"NR_073181",-1.84534183468744,0.0201348105279771,0.172784118160805,NA,NA,NA,NA,FALSE,FALSE
"Etv1","Etv1",2,0.0203418680408206,0.311981481863868,"NM_001163154",-2.21050766351302,0.0203418680408206,0.174197537559838,TRUE,TRUE,TRUE,"Forebrain + Hindbrain + Midbrain",FALSE,FALSE
"Abi3bp","Abi3bp",4,0.0203354635722057,0.312276778520074,"NM_178790",-5.42908192159978,0.0203354635722057,0.174197537559838,NA,NA,NA,NA,FALSE,FALSE
"Cntn4","Cntn4",3,0.0206097947755593,0.315602022653498,"NM_001109751",2.41876845866117,0.0206097947755593,0.175760101956048,NA,NA,NA,NA,FALSE,FALSE
"Tlcd1","Tlcd1",3,0.0207836141837803,0.31701263327707,"NM_001291236",2.71954928690629,0.0207836141837803,0.176753824278324,TRUE,TRUE,FALSE,"Forebrain + Hindbrain",FALSE,FALSE
"Hdac7","Hdac7",5,0.0207634113223598,0.317106910868272,"NM_001204281",-0.915053923345674,0.0207634113223598,0.17670379015029,TRUE,TRUE,TRUE,"Forebrain + Hindbrain + Midbrain",FALSE,FALSE
"Papss2","Papss2",2,0.0207492037695736,0.317290997724526,"NM_011864",-4.50710076296294,0.0207492037695736,0.17670379015029,NA,NA,NA,NA,FALSE,FALSE
"Mical3","Mical3",2,0.0208564841952451,0.317702489087958,"NM_001270475",-0.99434083593549,0.0208564841952451,0.177251387719921,FALSE,FALSE,TRUE,"Midbrain only",FALSE,FALSE
"Sgk3","Sgk3",3,0.0209506628625985,0.318311236658126,"NM_001037759",-2.51607134535311,0.0209506628625985,0.177684659604444,NA,NA,NA,NA,FALSE,FALSE
"Shroom3","Shroom3",3,0.0209316788196415,0.318425003402681,"NM_015756",-2.66154110256696,0.0209316788196415,0.177645747341386,NA,NA,NA,NA,FALSE,FALSE
"Arhgap17","Arhgap17",4,0.0213241678042046,0.323451196278762,"NM_144529",-2.58092682903263,0.0213241678042046,0.180109671939688,TRUE,TRUE,TRUE,"Forebrain + Hindbrain + Midbrain",FALSE,FALSE
"Dctn2","Dctn2",3,0.0214293599552071,0.324606451406528,"NM_027151",0.793869059775273,0.0214293599552071,0.180750718965998,TRUE,TRUE,TRUE,"Forebrain + Hindbrain + Midbrain",FALSE,FALSE
"Cdc42ep4","Cdc42ep4",2,0.021553935644221,0.325641734082747,"NM_001163346",-0.775467918424439,0.021553935644221,0.18142944464508,NA,NA,NA,NA,FALSE,FALSE
"Sirt2","Sirt2",3,0.0215356296972403,0.32577439986045,"NM_022432",-0.579223066409407,0.0215356296972403,0.181399092466857,TRUE,TRUE,TRUE,"Forebrain + Hindbrain + Midbrain",FALSE,FALSE
"Pmp22","Pmp22",7,0.0217059152906693,0.327478294041121,"NM_001302260",-3.53446652184955,0.0217059152906693,0.182335598833805,TRUE,TRUE,TRUE,"Forebrain + Hindbrain + Midbrain",FALSE,FALSE
"Cacng5","Cacng5",2,0.02183972611142,0.329042413721894,"NM_001199301",-8.07925182605728,0.02183972611142,0.183210210887099,NA,NA,NA,NA,FALSE,FALSE
"Nnat","Nnat",5,0.0218937971396945,0.329431250767598,"NM_010923",1.37337012391875,0.0218937971396945,0.183414430891942,TRUE,TRUE,TRUE,"Forebrain + Hindbrain + Midbrain",FALSE,FALSE
"Stap2","Stap2",2,0.0220554923415338,0.33139713843258,"NR_102313",-1.33574695714344,0.0220554923415338,0.184643674012569,FALSE,FALSE,TRUE,"Midbrain only",FALSE,FALSE
"Tardbp","Tardbp",7,0.0221970280720547,0.332245916160778,"NR_027864",0.771432746660326,0.0221970280720547,0.185075220546727,NA,NA,NA,NA,FALSE,FALSE
"Hp1bp3","Hp1bp3",6,0.0221731031919872,0.332303770404624,"NM_001122896",-0.645069986826801,0.0221731031919872,0.185000739275944,TRUE,TRUE,TRUE,"Forebrain + Hindbrain + Midbrain",FALSE,FALSE
"Acly","Acly",2,0.022168454445269,0.332643950278154,"NM_134037",-0.587836274907161,0.022168454445269,0.185000739275944,TRUE,TRUE,TRUE,"Forebrain + Hindbrain + Midbrain",FALSE,FALSE
"Rassf1","Rassf1",2,0.02225287030273,0.332653657817118,"NM_019713",-1.43342383792213,0.02225287030273,0.185415543238142,TRUE,TRUE,TRUE,"Forebrain + Hindbrain + Midbrain",FALSE,FALSE
"Aldh3a1","Aldh3a1",2,0.0225376955731883,0.33639426110619,"NM_001112725",-4.421195892606,0.0225376955731883,0.187031044635605,NA,NA,NA,NA,FALSE,FALSE
"Milr1","Milr1",4,0.0226178011122845,0.33673686910735,"NM_001271375",-2.6927162624612,0.0226178011122845,0.187443697599456,NA,NA,NA,NA,FALSE,FALSE
"Prmt2","Prmt2",4,0.0225986364881978,0.336869446056766,"NM_001302965",0.823283574871354,0.0225986364881978,0.187410735392716,NA,NA,NA,NA,FALSE,FALSE
"1600014C10Rik","1600014C10Rik",2,0.0227418448757813,0.338125151194613,"NM_028166",-1.78476272728709,0.0227418448757813,0.18796675536982,FALSE,FALSE,TRUE,"Midbrain only",FALSE,FALSE
"Cep63","Cep63",2,0.0227823065858184,0.338299616532997,"NM_001081122",-1.23167780605275,0.0227823065858184,0.188175142750334,NA,NA,NA,NA,FALSE,FALSE
"Prmt1","Prmt1",4,0.0229009040785393,0.339191101195556,"NR_045521",-1.09652051548011,0.0229009040785393,0.188702518667317,NA,NA,NA,NA,FALSE,FALSE
"Rrp8","Rrp8",2,0.0229370023665639,0.339300514650955,"NM_025897",-1.66417404126497,0.0229370023665639,0.188820953437891,FALSE,FALSE,TRUE,"Midbrain only",FALSE,FALSE
"Ep400","Ep400",2,0.0228981680551307,0.339563688733324,"NM_029337",-1.4613546358903,0.0228981680551307,0.188702518667317,NA,NA,NA,NA,FALSE,FALSE
"Ap5s1","Ap5s1",4,0.0231566695920276,0.34205271208451,"NM_001291031",1.316706960091,0.0231566695920276,0.190248537127577,TRUE,TRUE,TRUE,"Forebrain + Hindbrain + Midbrain",FALSE,FALSE
"Lamb3","Lamb3",2,0.0231909095503638,0.342131389532055,"NM_001277928",-10.4940198417852,0.0231909095503638,0.19027647862466,NA,NA,NA,NA,FALSE,FALSE
"Ccdc9","Ccdc9",2,0.0233197456026079,0.343567953092472,"NM_001136471",-1.0265240699704,0.0233197456026079,0.191079456000121,TRUE,TRUE,TRUE,"Forebrain + Hindbrain + Midbrain",FALSE,FALSE
"Dnpep","Dnpep",2,0.0234648134135728,0.34481724285018,"NM_001110831",-0.576507876625709,0.0234648134135728,0.191885883050688,TRUE,TRUE,TRUE,"Forebrain + Hindbrain + Midbrain",FALSE,FALSE
"Gria3","Gria3",4,0.0234519830929751,0.345049279873134,"NM_016886",-0.838897501107502,0.0234519830929751,0.191885883050688,TRUE,TRUE,TRUE,"Forebrain + Hindbrain + Midbrain",FALSE,FALSE
"Klc3","Klc3",3,0.0235227965823369,0.345231351107587,"NM_001286038",-12.7100270273845,0.0235227965823369,0.192105433372626,TRUE,TRUE,FALSE,"Forebrain + Hindbrain",FALSE,FALSE
"Gcnt2","Gcnt2",3,0.0238587400303749,0.348773508203783,"NM_008105",-0.830632198918477,0.0238587400303749,0.193950495372086,NA,NA,NA,NA,FALSE,FALSE
"Rarb","Rarb",4,0.0238564094870474,0.349158988267928,"NM_011243",1.5616846337396,0.0238564094870474,0.193950495372086,TRUE,TRUE,TRUE,"Forebrain + Hindbrain + Midbrain",FALSE,FALSE
"Zxdc","Zxdc",2,0.023844654035969,0.349410904200387,"NM_030260",-0.858905683113408,0.023844654035969,0.193950495372086,TRUE,TRUE,TRUE,"Forebrain + Hindbrain + Midbrain",FALSE,FALSE
"Nudt7","Nudt7",5,0.0241642524504326,0.352698162669659,"NM_024446",6.57506435621572,0.0241642524504326,0.195917789249894,TRUE,TRUE,TRUE,"Forebrain + Hindbrain + Midbrain",FALSE,FALSE
"Asap1","Asap1",5,0.0242062176469306,0.352871797156099,"NM_010026",5.44401700894955,0.0242062176469306,0.196129169903561,TRUE,TRUE,TRUE,"Forebrain + Hindbrain + Midbrain",FALSE,FALSE
"Anapc5","Anapc5",5,0.0242917870373324,0.353662887171244,"NM_001042491",0.390588358361781,0.0242917870373324,0.196564361993889,FALSE,FALSE,TRUE,"Midbrain only",FALSE,FALSE
"Xiap","Xiap",4,0.0244422447253102,0.355370025803145,"NM_001301639",2.77091563079701,0.0244422447253102,0.197522789725166,TRUE,TRUE,TRUE,"Forebrain + Hindbrain + Midbrain",FALSE,FALSE
"Suv420h1","Suv420h1",6,0.0246294612973905,0.35716596679511,"NM_001167884",1.44746421937357,0.0246294612973905,0.198645459091371,TRUE,TRUE,TRUE,"Forebrain + Hindbrain + Midbrain",FALSE,FALSE
"Acin1","Acin1",6,0.0246015129148235,0.357196854212098,"NM_001242606",-0.934155866475887,0.0246015129148235,0.198549816461035,TRUE,TRUE,TRUE,"Forebrain + Hindbrain + Midbrain",FALSE,FALSE
"Foxp1","Foxp1",3,0.0247665049016511,0.357397383157556,"NM_001197321",1.35722859518296,0.0247665049016511,0.199229902533491,FALSE,FALSE,TRUE,"Midbrain only",FALSE,FALSE
"Tnip1","Tnip1",4,0.0247099545474365,0.357450503855069,"NM_021327",4.64647531320103,0.0247099545474365,0.199034490284182,TRUE,TRUE,TRUE,"Forebrain + Hindbrain + Midbrain",FALSE,FALSE
"Cacnb2","Cacnb2",3,0.0247629804778949,0.35777180642512,"NM_023116",3.9017692087941,0.0247629804778949,0.199229902533491,NA,NA,NA,NA,FALSE,FALSE
"Ankrd11","Ankrd11",2,0.0247036123510468,0.357786171346708,"NM_001081379",-1.30382505803335,0.0247036123510468,0.199034490284182,TRUE,TRUE,TRUE,"Forebrain + Hindbrain + Midbrain",FALSE,FALSE
"Snx12","Snx12",3,0.0248739580554541,0.358480918738437,"NM_018875",0.518400820951168,0.0248739580554541,0.199963936419742,TRUE,TRUE,TRUE,"Forebrain + Hindbrain + Midbrain",FALSE,FALSE
"Dhx57","Dhx57",2,0.0251280425153939,0.361613806318857,"NM_198942",-3.28072620989725,0.0251280425153939,0.201220015989592,TRUE,TRUE,TRUE,"Forebrain + Hindbrain + Midbrain",FALSE,FALSE
"Hmga1","Hmga1",10,0.0251708769605061,0.361785554732127,"NM_001039356",-0.967182515263707,0.0251708769605061,0.201432309787708,TRUE,TRUE,FALSE,"Forebrain + Hindbrain",FALSE,FALSE
"Dbndd1","Dbndd1",3,0.0252286286558344,0.362165056003651,"NM_028146",-2.54584337163894,0.0252286286558344,0.201544122277109,NA,NA,NA,NA,FALSE,FALSE
"Uqcc1","Uqcc1",2,0.0252913522645016,0.362612866006146,"NR_024487",-1.7205957640366,0.0252913522645016,0.201872759989618,FALSE,FALSE,TRUE,"Midbrain only",FALSE,FALSE
"Ankrd27","Ankrd27",2,0.0255016168804539,0.365113089286242,"NM_178263",-0.837096158131247,0.0255016168804539,0.203025775680517,TRUE,TRUE,TRUE,"Forebrain + Hindbrain + Midbrain",FALSE,FALSE
"Meaf6","Meaf6",2,0.0255578897985201,0.365466201657492,"NM_001290701",-2.14674802039189,0.0255578897985201,0.203342591949541,TRUE,TRUE,TRUE,"Forebrain + Hindbrain + Midbrain",FALSE,FALSE
"Nrf1","Nrf1",4,0.0259777092415922,0.370862513060301,"NM_001164227",0.688692342957739,0.0259777092415922,0.205622150122673,FALSE,FALSE,TRUE,"Midbrain only",FALSE,FALSE
"Pqbp1","Pqbp1",3,0.0261509597298466,0.372827304677462,"NM_001252528",1.38040767253635,0.0261509597298466,0.206860796837376,NA,NA,NA,NA,FALSE,FALSE
"Aup1","Aup1",3,0.0262667638128001,0.373554847734299,"NR_125891",-0.660732728001324,0.0262667638128001,0.20751079734312,NA,NA,NA,NA,FALSE,FALSE
"Slc7a1","Slc7a1",2,0.0262439697252613,0.3736770644168,"NM_001301424",-4.44158698093696,0.0262439697252613,0.207463540300912,NA,NA,NA,NA,FALSE,FALSE
"Glrb","Glrb",2,0.0263734485416349,0.373716881326356,"NM_010298",-3.32908682505955,0.0263734485416349,0.207954220449696,NA,NA,NA,NA,FALSE,FALSE
"Il15ra","Il15ra",9,0.0263506088441196,0.37383830510275,"NR_073192",4.55865897694089,0.0263506088441196,0.207906977708718,NA,NA,NA,NA,FALSE,FALSE
"Rundc3a","Rundc3a",2,0.0263421516866786,0.374158381601341,"NM_016759",-1.28633952861507,0.0263421516866786,0.207906977708718,NA,NA,NA,NA,FALSE,FALSE
"Ocel1","Ocel1",3,0.0265795507839497,0.374804886020801,"NM_029865",2.04180494214134,0.0265795507839497,0.20877890303879,TRUE,TRUE,TRUE,"Forebrain + Hindbrain + Midbrain",FALSE,FALSE
"Kcnh2","Kcnh2",2,0.0265722332454037,0.375139905001867,"NM_013569",-1.76947982127778,0.0265722332454037,0.20877890303879,TRUE,TRUE,TRUE,"Forebrain + Hindbrain + Midbrain",FALSE,FALSE
"Trappc9","Trappc9",5,0.0265471721120686,0.375232213562154,"NM_001164643",1.61819089965486,0.0265471721120686,0.20877890303879,TRUE,TRUE,TRUE,"Forebrain + Hindbrain + Midbrain",FALSE,FALSE
"Amz2","Amz2",2,0.0265204154632725,0.375301422202415,"NM_025275",-1.067690724479,0.0265204154632725,0.20877890303879,TRUE,TRUE,TRUE,"Forebrain + Hindbrain + Midbrain",FALSE,FALSE
"Elf1","Elf1",3,0.0266793762010269,0.375735459761679,"NM_007920",-2.57812086618768,0.0266793762010269,0.209296568544611,NA,NA,NA,NA,FALSE,FALSE
"Zfp422","Zfp422",3,0.0267418908756445,0.376154179485298,"NM_001302440",-1.27264930966024,0.0267418908756445,0.209387648099907,NA,NA,NA,NA,FALSE,FALSE
"Sbf1","Sbf1",2,0.027004011384929,0.379292987827394,"NM_001081030",-6.18995817256675,0.027004011384929,0.210904747145585,TRUE,TRUE,TRUE,"Forebrain + Hindbrain + Midbrain",FALSE,FALSE
"Use1","Use1",2,0.0274510107471243,0.384937438258211,"NM_001145780",-0.785006321987143,0.0274510107471243,0.213719541084867,FALSE,FALSE,TRUE,"Midbrain only",FALSE,FALSE
"Npm1","Npm1",2,0.0274973286013681,0.385122638356443,"NM_008722",-0.399796172952175,0.0274973286013681,0.213945167049736,FALSE,FALSE,TRUE,"Midbrain only",FALSE,FALSE
"Rnf13","Rnf13",5,0.027755007821604,0.388174088098019,"NR_130743",-0.997908516437026,0.027755007821604,0.215406790263266,NA,NA,NA,NA,FALSE,FALSE
"Rbpms","Rbpms",4,0.0280122849170556,0.391211079532594,"NM_001042674",-0.908371707875549,0.0280122849170556,0.216857964790757,TRUE,TRUE,TRUE,"Forebrain + Hindbrain + Midbrain",FALSE,FALSE
"Gngt2","Gngt2",4,0.028309986491869,0.393428706625862,"NM_001284397",4.8205371549045,0.028309986491869,0.218477319143004,TRUE,TRUE,TRUE,"Forebrain + Hindbrain + Midbrain",FALSE,FALSE
"Zdhhc24","Zdhhc24",3,0.0282441646634387,0.393443657169046,"NM_027476",2.19633601904666,0.0282441646634387,0.21824232432488,FALSE,FALSE,TRUE,"Midbrain only",FALSE,FALSE
"Fam110a","Fam110a",4,0.0282872592348415,0.393573486510123,"NM_146127",4.08655094010788,0.0282872592348415,0.218438535017487,TRUE,TRUE,TRUE,"Forebrain + Hindbrain + Midbrain",FALSE,FALSE
"Itch","Itch",2,0.0282270838869232,0.393665053455068,"NM_001243712",-1.02006668393565,0.0282270838869232,0.21824232432488,TRUE,TRUE,TRUE,"Forebrain + Hindbrain + Midbrain",FALSE,FALSE
"Obscn","Obscn",2,0.0284501153813955,0.394863058303701,"NM_199152",-1.60127245029817,0.0284501153813955,0.219228480556448,NA,NA,NA,NA,FALSE,FALSE
"Zfp68","Zfp68",3,0.0286482463602533,0.397072274185591,"NM_001044747",-0.536087100541605,0.0286482463602533,0.219850348311894,FALSE,FALSE,TRUE,"Midbrain only",FALSE,FALSE
"Fblim1","Fblim1",2,0.0289920667854162,0.399858375139831,"NM_133754",-1.32445651128036,0.0289920667854162,0.221661774555165,TRUE,TRUE,FALSE,"Forebrain + Hindbrain",FALSE,FALSE
"Iba57","Iba57",2,0.0289709163959805,0.400031030143515,"NM_001270791",-0.999688472086856,0.0289709163959805,0.221637388919032,TRUE,TRUE,TRUE,"Forebrain + Hindbrain + Midbrain",FALSE,FALSE
"Ctps2","Ctps2",4,0.0289622638266133,0.400371351897207,"NM_001168568",0.744860549759382,0.0289622638266133,0.221637388919032,TRUE,TRUE,TRUE,"Forebrain + Hindbrain + Midbrain",FALSE,FALSE
"4732471J01Rik","4732471J01Rik",3,0.0289389183883981,0.40051555214356,"NR_073028",1.56821403643987,0.0289389183883981,0.221637388919032,NA,NA,NA,NA,FALSE,FALSE
"Dmtn","Dmtn",5,0.0292500487284386,0.402844110028187,"NM_001252662",0.953657993351847,0.0292500487284386,0.223219295800206,TRUE,TRUE,TRUE,"Forebrain + Hindbrain + Midbrain",FALSE,FALSE
"Aimp2","Aimp2",2,0.0293331998334135,0.403036496666114,"NM_146165",-0.529996310803073,0.0293331998334135,0.223391021342264,TRUE,TRUE,TRUE,"Forebrain + Hindbrain + Midbrain",FALSE,FALSE
"Tmem40","Tmem40",5,0.0293136771115376,0.403234054640665,"NM_001168257",-6.80295398692337,0.0293136771115376,0.223391021342264,TRUE,TRUE,FALSE,"Forebrain + Hindbrain",FALSE,FALSE
"Zgpat","Zgpat",2,0.0294785702430769,0.404053136116938,"NM_001048148",-0.783026776158607,0.0294785702430769,0.223993569457862,FALSE,FALSE,TRUE,"Midbrain only",FALSE,FALSE
"Pde2a","Pde2a",5,0.029459999563811,0.404264124068194,"NM_001243757",1.10324636942932,0.029459999563811,0.223990384853621,TRUE,TRUE,TRUE,"Forebrain + Hindbrain + Midbrain",FALSE,FALSE
"Cux1","Cux1",5,0.0297409799808674,0.407072208355869,"NM_001291233",0.723994471071818,0.0297409799808674,0.225432243835322,NA,NA,NA,NA,FALSE,FALSE
"Gopc","Gopc",2,0.0298569195813421,0.408146008664645,"NM_001199272",-2.25566874182898,0.0298569195813421,0.226019705778953,TRUE,TRUE,TRUE,"Forebrain + Hindbrain + Midbrain",FALSE,FALSE
"Ptp4a2","Ptp4a2",2,0.0299557764319815,0.408991420104631,"NM_008974",-0.934460161853387,0.0299557764319815,0.226503848756527,FALSE,FALSE,TRUE,"Midbrain only",FALSE,FALSE
"Psd2","Psd2",3,0.0301096198501028,0.410559722250066,"NR_110349",4.51782511549023,0.0301096198501028,0.227527684599062,NA,NA,NA,NA,FALSE,FALSE
"Casp8ap2","Casp8ap2",2,0.0303179159998325,0.412840707690794,"NM_001122978",-1.05430019604559,0.0303179159998325,0.228408494268265,TRUE,TRUE,TRUE,"Forebrain + Hindbrain + Midbrain",FALSE,FALSE
"Sra1","Sra1",3,0.0304464600846407,0.414066955432219,"NR_028355",-0.668668851388953,0.0304464600846407,0.229230822113769,TRUE,TRUE,TRUE,"Forebrain + Hindbrain + Midbrain",FALSE,FALSE
"Homer1","Homer1",4,0.0305413012537546,0.414847509758707,"NM_011982",1.44585267610467,0.0305413012537546,0.229664629781433,TRUE,TRUE,TRUE,"Forebrain + Hindbrain + Midbrain",FALSE,FALSE
"Sqstm1","Sqstm1",2,0.0306668657636392,0.416028860983372,"NM_011018",-0.328855633264431,0.0306668657636392,0.230154187272417,NA,NA,NA,NA,FALSE,FALSE
"Pdcd4","Pdcd4",3,0.0307621167570522,0.416810229611738,"NM_011050",4.47186269567031,0.0307621167570522,0.230482404846402,NA,NA,NA,NA,FALSE,FALSE
"D430036J16Rik","D430036J16Rik",5,0.0308112945716301,0.416987125504494,"NR_040396",5.29105131848654,0.0308112945716301,0.230710785809414,TRUE,TRUE,TRUE,"Forebrain + Hindbrain + Midbrain",FALSE,FALSE
"Treml1","Treml1",3,0.0310125704608162,0.41914974861722,"NR_110338",-7.40761363955465,0.0310125704608162,0.231936436052407,FALSE,FALSE,TRUE,"Midbrain only",FALSE,FALSE
"Col25a1","Col25a1",3,0.0312124027943519,0.421287556016019,"NM_198711",2.42354953063186,0.0312124027943519,0.23272571026121,NA,NA,NA,NA,FALSE,FALSE
"Gpc6","Gpc6",2,0.0313360966892713,0.421488585589472,"NM_001079844",-3.24075052028918,0.0313360966892713,0.233225231089028,TRUE,TRUE,TRUE,"Forebrain + Hindbrain + Midbrain",FALSE,FALSE
"Nolc1","Nolc1",4,0.0312880587141952,0.421802968395728,"NM_001039351",0.389878327509563,0.0312880587141952,0.233148939935489,NA,NA,NA,NA,FALSE,FALSE
"Spink2","Spink2",3,0.0313288523884846,0.421863747308464,"NM_183284",6.3967938759405,0.0313288523884846,0.233225231089028,FALSE,FALSE,TRUE,"Midbrain only",FALSE,FALSE
"Ktn1","Ktn1",3,0.0315554450357651,0.422925694918609,"NM_008477",0.826055464550195,0.0315554450357651,0.234433589248249,TRUE,TRUE,TRUE,"Forebrain + Hindbrain + Midbrain",FALSE,FALSE
"Nxf1","Nxf1",2,0.0315372082936648,0.423158849090242,"NM_001276704",-0.215781589305374,0.0315372082936648,0.234433589248249,TRUE,TRUE,TRUE,"Forebrain + Hindbrain + Midbrain",FALSE,FALSE
"Stau2","Stau2",2,0.0315193367605115,0.423397248347663,"NM_001111272",-0.490231475334906,0.0315193367605115,0.234433589248249,TRUE,TRUE,TRUE,"Forebrain + Hindbrain + Midbrain",FALSE,FALSE
"Zfp322a","Zfp322a",3,0.0318493070874585,0.425782811387345,"NM_172586",-0.77437985654671,0.0318493070874585,0.235906632328474,TRUE,TRUE,TRUE,"Forebrain + Hindbrain + Midbrain",FALSE,FALSE
"Mon2","Mon2",3,0.0318325778091819,0.426038238907726,"NM_001163024",-3.13721191378045,0.0318325778091819,0.235906632328474,TRUE,TRUE,TRUE,"Forebrain + Hindbrain + Midbrain",FALSE,FALSE
"Atp8a1","Atp8a1",3,0.0319095367229119,0.426088536296802,"NM_009727",2.47404096634243,0.0319095367229119,0.235979652255799,TRUE,TRUE,TRUE,"Forebrain + Hindbrain + Midbrain",FALSE,FALSE
"Chkb","Chkb",3,0.0322097806027023,0.42948178839652,"NR_037153",-0.532303971471898,0.0322097806027023,0.238005205172063,FALSE,FALSE,TRUE,"Midbrain only",FALSE,FALSE
"Rpl22","Rpl22",5,0.0325581431946759,0.43348285385463,"NM_001277113",3.59159975338478,0.0325581431946759,0.240291559223864,NA,NA,NA,NA,FALSE,FALSE
"Arfip1","Arfip1",2,0.0326539774584094,0.43375673835749,"NM_001293801",-2.21056246155299,0.0326539774584094,0.240710921049446,FALSE,FALSE,TRUE,"Midbrain only",FALSE,FALSE
"Ilk","Ilk",2,0.0326175266980599,0.433767024274152,"NM_001161724",-1.00002192464668,0.0326175266980599,0.240585941096269,FALSE,FALSE,TRUE,"Midbrain only",FALSE,FALSE
"Rpl38","Rpl38",3,0.0327987202706951,0.435131715075522,"NM_023372",0.291461951925496,0.0327987202706951,0.241201554314885,TRUE,TRUE,TRUE,"Forebrain + Hindbrain + Midbrain",FALSE,FALSE
"Per1","Per1",2,0.0332115160369735,0.439925739750603,"NM_001159367",-5.97589093757272,0.0332115160369735,0.243801372930549,TRUE,TRUE,FALSE,"Forebrain + Hindbrain",FALSE,FALSE
"Mpp7","Mpp7",2,0.0333089191922056,0.440685200031578,"NM_001081287",-0.929823063450841,0.0333089191922056,0.244080797406067,FALSE,FALSE,TRUE,"Midbrain only",FALSE,FALSE
"Spock3","Spock3",3,0.0335388661143592,0.443129942367888,"NM_001252621",2.45672889392646,0.0335388661143592,0.245328753912977,TRUE,TRUE,TRUE,"Forebrain + Hindbrain + Midbrain",FALSE,FALSE
"Pick1","Pick1",2,0.0337856598156828,0.44578191807465,"NM_001045558",-0.843708132343467,0.0337856598156828,0.246258146559672,NA,NA,NA,NA,FALSE,FALSE
"Ppargc1a","Ppargc1a",2,0.0338754739306023,0.445947234704577,"NR_027710",-1.10255728308639,0.0338754739306023,0.246621444426922,FALSE,FALSE,TRUE,"Midbrain only",FALSE,FALSE
"Gcdh","Gcdh",2,0.0338462679127604,0.44606396277457,"NM_008097",-1.48306787692443,0.0338462679127604,0.24655427747548,FALSE,FALSE,TRUE,"Midbrain only",FALSE,FALSE
"Polr1d","Polr1d",2,0.0340413581437311,0.446101633483254,"NM_181730",-0.233448482965515,0.0340413581437311,0.24722488930848,FALSE,FALSE,TRUE,"Midbrain only",FALSE,FALSE
"Hnrnpm","Hnrnpm",2,0.0339392343816691,0.446268242988936,"NM_029804",-0.266042041849979,0.0339392343816691,0.246939948272286,TRUE,TRUE,TRUE,"Forebrain + Hindbrain + Midbrain",FALSE,FALSE
"Dbndd2","Dbndd2",4,0.0339962758673928,0.446503474179235,"NM_026797",1.66939569052461,0.0339962758673928,0.247209218741089,TRUE,TRUE,TRUE,"Forebrain + Hindbrain + Midbrain",FALSE,FALSE
"Lrif1","Lrif1",4,0.0340347741068646,0.446503894221701,"NM_001039478",-0.93314344365841,0.0340347741068646,0.24722488930848,TRUE,TRUE,TRUE,"Forebrain + Hindbrain + Midbrain",FALSE,FALSE
"Gtf2a2","Gtf2a2",4,0.0341908052067751,0.446530775231444,"NM_001039519",-0.424590917897482,0.0341908052067751,0.247602427377702,NA,NA,NA,NA,FALSE,FALSE
"Vcan","Vcan",5,0.0341179543617218,0.446582529072697,"NM_019389",0.759723869241024,0.0341179543617218,0.247510615416606,TRUE,TRUE,TRUE,"Forebrain + Hindbrain + Midbrain",FALSE,FALSE
"Ing1","Ing1",6,0.0341704219428841,0.446758548890861,"NM_001302459",0.81468793328074,0.0341704219428841,0.247602427377702,TRUE,TRUE,TRUE,"Forebrain + Hindbrain + Midbrain",FALSE,FALSE
"Mpv17l","Mpv17l",5,0.034460189267381,0.449429419342109,"NM_001289563",2.38188093881726,0.034460189267381,0.2486776231342,TRUE,TRUE,TRUE,"Forebrain + Hindbrain + Midbrain",FALSE,FALSE
"Fam214b","Fam214b",4,0.034550666372584,0.450077737761324,"NM_001253353",1.14644640331431,0.034550666372584,0.249039265793041,TRUE,TRUE,TRUE,"Forebrain + Hindbrain + Midbrain",FALSE,FALSE
"Nfatc2","Nfatc2",10,0.0347940740140196,0.452638540601604,"NM_001037178",-5.56508681519557,0.0347940740140196,0.250355028182509,FALSE,FALSE,TRUE,"Midbrain only",FALSE,FALSE
"Pdcd6ip","Pdcd6ip",3,0.0348370572991872,0.452687548555773,"NM_001164677",-1.61507703766084,0.0348370572991872,0.250518232559423,NA,NA,NA,NA,FALSE,FALSE
"Orc3","Orc3",2,0.0350468521838606,0.453353035358913,"NM_015824",-0.471251559738945,0.0350468521838606,0.251440788342349,TRUE,TRUE,FALSE,"Forebrain + Hindbrain",FALSE,FALSE
"Ppil2","Ppil2",3,0.0349313657231258,0.453377144911405,"NM_001252445",0.423153947271198,0.0349313657231258,0.251050118243082,FALSE,FALSE,TRUE,"Midbrain only",FALSE,FALSE
"Ola1","Ola1",2,0.0350189942581454,0.453493577937995,"NM_025942",-0.509802431877996,0.0350189942581454,0.251387079200416,TRUE,TRUE,TRUE,"Forebrain + Hindbrain + Midbrain",FALSE,FALSE
"Cflar","Cflar",4,0.0349916277507123,0.453640528777354,"NM_001289704",2.64781856031084,0.0349916277507123,0.251336837278108,TRUE,TRUE,TRUE,"Forebrain + Hindbrain + Midbrain",FALSE,FALSE
"Midn","Midn",2,0.0353309061931573,0.455906144163821,"NM_001305798",-0.924880180360259,0.0353309061931573,0.25274398981076,TRUE,TRUE,TRUE,"Forebrain + Hindbrain + Midbrain",FALSE,FALSE
"Arfrp1","Arfrp1",5,0.0352923998140336,0.455917091909707,"NR_028585",-0.98936925898556,0.0352923998140336,0.25274398981076,TRUE,TRUE,TRUE,"Forebrain + Hindbrain + Midbrain",FALSE,FALSE
"Hdgfrp2","Hdgfrp2",3,0.0355649982474857,0.457338866154154,"NM_001304785",-0.355833084148312,0.0355649982474857,0.253683000813123,NA,NA,NA,NA,FALSE,FALSE
"Sox6","Sox6",5,0.0355586144134368,0.457749014086404,"NM_001025560",1.40518047596509,0.0355586144134368,0.253683000813123,NA,NA,NA,NA,FALSE,FALSE
"Fgfr2","Fgfr2",2,0.0356792539586547,0.457772659313696,"NM_010207",-0.966048891798959,0.0356792539586547,0.254057699855626,FALSE,FALSE,TRUE,"Midbrain only",FALSE,FALSE
"Dram2","Dram2",4,0.0356408089889247,0.457786665485181,"NM_001025582",1.81089148996758,0.0356408089889247,0.253930475128944,NA,NA,NA,NA,FALSE,FALSE
"Cnbp","Cnbp",3,0.0355425101915569,0.458039640199965,"NM_013493",0.170846708491656,0.0355425101915569,0.253683000813123,NA,NA,NA,NA,FALSE,FALSE
"Rhpn1","Rhpn1",2,0.0363256688839727,0.465241137454395,"NM_001163465",-5.16558253695465,0.0363256688839727,0.257714227565425,NA,NA,NA,NA,FALSE,FALSE
"Lig1","Lig1",3,0.0365801137027367,0.467871422461268,"NM_010715",0.954940971178833,0.0365801137027367,0.259020645271894,FALSE,FALSE,TRUE,"Midbrain only",FALSE,FALSE
"Col6a3","Col6a3",2,0.0367865087015823,0.4699052797737,"NM_001243009",-1.38783146125304,0.0367865087015823,0.260140697637551,NA,NA,NA,NA,FALSE,FALSE
"Syncrip","Syncrip",3,0.0368796812239542,0.470048454187803,"NM_019666",0.322922044994062,0.0368796812239542,0.260501011049568,NA,NA,NA,NA,FALSE,FALSE
"March1","March1",4,0.0368446253734021,0.470118173425101,"NM_001166375",4.36373596631474,0.0368446253734021,0.260402449660815,NA,NA,NA,NA,FALSE,FALSE
"Cept1","Cept1",2,0.0370064197198588,0.470600394019196,"NM_133869",-3.53315851890681,0.0370064197198588,0.261097323809639,NA,NA,NA,NA,FALSE,FALSE
"Xlr4b","Xlr4b",6,0.0369846589057574,0.470833086011184,"NM_001293680",-6.98687110681404,0.0369846589057574,0.261093072595564,NA,NA,NA,NA,FALSE,FALSE
"Plscr3","Plscr3",3,0.0372544986711218,0.473126098882106,"NR_033133",-0.954117734718661,0.0372544986711218,0.262397553425595,TRUE,TRUE,TRUE,"Forebrain + Hindbrain + Midbrain",FALSE,FALSE
"Stoml1","Stoml1",2,0.0373819437451902,0.473177974690034,"NM_026942",-0.632789532809168,0.0373819437451902,0.262845120122876,TRUE,TRUE,TRUE,"Forebrain + Hindbrain + Midbrain",FALSE,FALSE
"Gp1bb","Gp1bb",2,0.037452024715741,0.473529786068145,"NM_001001999",-6.99392740017872,0.037452024715741,0.263038124639866,TRUE,TRUE,TRUE,"Forebrain + Hindbrain + Midbrain",FALSE,FALSE
"Nacc2","Nacc2",2,0.037335936189246,0.473617507362626,"NM_001037098",-3.43248559525346,0.037335936189246,0.262821136665884,NA,NA,NA,NA,FALSE,FALSE
"Phactr2","Phactr2",4,0.0373773185537031,0.473620893471644,"NM_001195066",-1.14759665026666,0.0373773185537031,0.262845120122876,NA,NA,NA,NA,FALSE,FALSE
"C2cd5","C2cd5",4,0.0376780064584071,0.475268871847004,"NM_029081",1.09233177547126,0.0376780064584071,0.26417420437315,TRUE,TRUE,TRUE,"Forebrain + Hindbrain + Midbrain",FALSE,FALSE
"Dctn6","Dctn6",4,0.037656369427716,0.475506651001415,"NM_001293757",-0.92311155657097,0.037656369427716,0.264172597349639,TRUE,TRUE,TRUE,"Forebrain + Hindbrain + Midbrain",FALSE,FALSE
"Lzts2","Lzts2",3,0.0379738527866679,0.478343451433993,"NM_001130526",-1.44049572266982,0.0379738527866679,0.265511458621667,TRUE,TRUE,TRUE,"Forebrain + Hindbrain + Midbrain",FALSE,FALSE
"Hdhd2","Hdhd2",3,0.0381539071144578,0.47850860527434,"NM_001039202",-0.967144114908158,0.0381539071144578,0.26599955581492,FALSE,FALSE,TRUE,"Midbrain only",FALSE,FALSE
"Zfp78","Zfp78",2,0.0381970188768936,0.478526711721796,"NM_001025163",-1.5634535330038,0.0381970188768936,0.266149753213363,NA,NA,NA,NA,FALSE,FALSE
"Myb","Myb",2,0.038035549211494,0.478586148504881,"NM_001198914",-2.28754044644184,0.038035549211494,0.265775015441583,NA,NA,NA,NA,FALSE,FALSE
"Pigq","Pigq",2,0.0381426594562053,0.478873808899252,"NM_001291025",-1.18581384045717,0.0381426594562053,0.26599955581492,NA,NA,NA,NA,FALSE,FALSE
"Ewsr1","Ewsr1",4,0.0381259103991831,0.479173510635268,"NM_007968",-0.219342297204707,0.0381259103991831,0.26599955581492,NA,NA,NA,NA,FALSE,FALSE
"Tacc1","Tacc1",2,0.0383809896080394,0.480233594471636,"NM_177089",-0.877283100882747,0.0383809896080394,0.267280706412645,TRUE,TRUE,TRUE,"Forebrain + Hindbrain + Midbrain",FALSE,FALSE
"Zfp639","Zfp639",2,0.0386288022307079,0.481696655147484,"NM_001161818",-0.9359546410294,0.0386288022307079,0.268202035940021,TRUE,TRUE,TRUE,"Forebrain + Hindbrain + Midbrain",FALSE,FALSE
"C030006K11Rik","C030006K11Rik",2,0.0386003655172771,0.481857889914588,"NM_176828",-1.70554902619193,0.0386003655172771,0.268202035940021,TRUE,TRUE,TRUE,"Forebrain + Hindbrain + Midbrain",FALSE,FALSE
"Smtn","Smtn",3,0.0385775677483349,0.482086938746347,"NM_001284427",3.49694791347755,0.0385775677483349,0.268202035940021,FALSE,FALSE,TRUE,"Midbrain only",FALSE,FALSE
"Lekr1","Lekr1",2,0.0387347702861396,0.482460664088168,"NM_001166659",-0.953214981946002,0.0387347702861396,0.268532059174698,TRUE,TRUE,TRUE,"Forebrain + Hindbrain + Midbrain",FALSE,FALSE
"Rbmx","Rbmx",3,0.0389010266686393,0.483940992584813,"NM_011252",0.393933236411204,0.0389010266686393,0.269381969186874,TRUE,TRUE,TRUE,"Forebrain + Hindbrain + Midbrain",FALSE,FALSE
"Nfasc","Nfasc",4,0.0396249162183063,0.492046617125574,"NM_182716",-2.37886169658414,0.0396249162183063,0.273473974347819,TRUE,TRUE,FALSE,"Forebrain + Hindbrain",FALSE,FALSE
"Sorcs1","Sorcs1",3,0.0398085147891693,0.492187275149656,"NM_001290356",2.44844183118807,0.0398085147891693,0.27397494283232,TRUE,TRUE,TRUE,"Forebrain + Hindbrain + Midbrain",FALSE,FALSE
"Cyth1","Cyth1",3,0.0397753067857634,0.492302571163211,"NM_001112699",-1.68898594165967,0.0397753067857634,0.273899154986786,TRUE,TRUE,TRUE,"Forebrain + Hindbrain + Midbrain",FALSE,FALSE
"Eya3","Eya3",2,0.0397735187323707,0.492790481989599,"NM_010166",-4.08000374200072,0.0397735187323707,0.273899154986786,FALSE,FALSE,TRUE,"Midbrain only",FALSE,FALSE
"Rora","Rora",3,0.0397435892385245,0.492945510779072,"NM_001289916",-0.958112765345641,0.0397435892385245,0.273899154986786,TRUE,TRUE,TRUE,"Forebrain + Hindbrain + Midbrain",FALSE,FALSE
"Abi1","Abi1",5,0.0401027701416347,0.494645277388697,"NM_001077192",-0.697617839069608,0.0401027701416347,0.275232582618338,TRUE,TRUE,TRUE,"Forebrain + Hindbrain + Midbrain",FALSE,FALSE
"Mov10","Mov10",3,0.0400644800443569,0.494703117093623,"NM_001163440",-1.26408519226661,0.0400644800443569,0.275122806759802,TRUE,TRUE,TRUE,"Forebrain + Hindbrain + Midbrain",FALSE,FALSE
"Postn","Postn",3,0.0402346034375942,0.495689487088491,"NM_015784",2.29903525591111,0.0402346034375942,0.275685535299428,TRUE,TRUE,TRUE,"Forebrain + Hindbrain + Midbrain",FALSE,FALSE
"Brat1","Brat1",3,0.0403472751821877,0.496505684764019,"NR_074085",-2.99193825421869,0.0403472751821877,0.276295990981241,TRUE,TRUE,TRUE,"Forebrain + Hindbrain + Midbrain",FALSE,FALSE
"Nqo2","Nqo2",3,0.040676218453892,0.499860252109818,"NM_001163241",-1.9493088513452,0.040676218453892,0.27808561535791,TRUE,TRUE,TRUE,"Forebrain + Hindbrain + Midbrain",FALSE,FALSE
"Rbms1","Rbms1",3,0.0412791354343845,0.50025886984459,"NM_020296",-0.348133988099114,0.0412791354343845,0.280189511144282,TRUE,TRUE,TRUE,"Forebrain + Hindbrain + Midbrain",FALSE,FALSE
"Banf1","Banf1",4,0.0407940434100543,0.500729643633572,"NM_001286608",-0.752967293724005,0.0407940434100543,0.278736708571467,NA,NA,NA,NA,FALSE,FALSE
"Cd36","Cd36",5,0.0412762681566018,0.500733014197717,"NM_001159557",-3.12485136502384,0.0412762681566018,0.280189511144282,TRUE,TRUE,TRUE,"Forebrain + Hindbrain + Midbrain",FALSE,FALSE
"Zfp428","Zfp428",4,0.0408389411686979,0.500742610433711,"NM_146183",-0.539870936018938,0.0408389411686979,0.278889061439807,TRUE,TRUE,TRUE,"Forebrain + Hindbrain + Midbrain",FALSE,FALSE
"Taf9","Taf9",2,0.0412657412568824,0.501119292205402,"NM_001015889",-0.755273158257076,0.0412657412568824,0.280189511144282,FALSE,FALSE,TRUE,"Midbrain only",FALSE,FALSE
"Mgat4c","Mgat4c",3,0.0415788224554898,0.50118714068902,"NM_001162369",5.51953308319202,0.0415788224554898,0.280987222946738,TRUE,TRUE,TRUE,"Forebrain + Hindbrain + Midbrain",FALSE,FALSE
"Acy1","Acy1",2,0.0414962124080077,0.501247012701342,"NM_001276442",-0.719985816469905,0.0414962124080077,0.280887335927075,FALSE,FALSE,TRUE,"Midbrain only",FALSE,FALSE
"Numb","Numb",5,0.0414644424837321,0.501387059344262,"NM_010949",5.60064694274408,0.0414644424837321,0.280887335927075,TRUE,TRUE,TRUE,"Forebrain + Hindbrain + Midbrain",FALSE,FALSE
"Arrdc1","Arrdc1",3,0.0412495971981499,0.501441141441624,"NM_001162485",0.725143846651699,0.0412495971981499,0.280189511144282,TRUE,TRUE,TRUE,"Forebrain + Hindbrain + Midbrain",FALSE,FALSE
"Ebf3","Ebf3",2,0.0415639968184502,0.501522101274045,"NM_010096",-2.54641266027401,0.0415639968184502,0.280987222946738,FALSE,FALSE,TRUE,"Midbrain only",FALSE,FALSE
"Pkd2l2","Pkd2l2",2,0.0411295579154004,0.501576577586472,"NM_001163004",-0.654332013714502,0.0411295579154004,0.280098644964703,NA,NA,NA,NA,FALSE,FALSE
"Wdr36","Wdr36",3,0.041441315284847,0.5016272522167,"NM_144863",-1.10484430539728,0.041441315284847,0.280887335927075,TRUE,TRUE,TRUE,"Forebrain + Hindbrain + Midbrain",FALSE,FALSE
"Spast","Spast",2,0.0412412042284912,0.501853717732018,"NM_001162870",-1.32629047664143,0.0412412042284912,0.280189511144282,TRUE,TRUE,TRUE,"Forebrain + Hindbrain + Midbrain",FALSE,FALSE
"Tfap2b","Tfap2b",3,0.0411189285664565,0.501964452744056,"NM_009334",1.85805675751525,0.0411189285664565,0.280098644964703,TRUE,TRUE,TRUE,"Forebrain + Hindbrain + Midbrain",FALSE,FALSE
"Fgfr1","Fgfr1",3,0.0412079017513999,0.501977342091981,"NM_001079909",5.53676750175488,0.0412079017513999,0.280189511144282,TRUE,TRUE,TRUE,"Forebrain + Hindbrain + Midbrain",FALSE,FALSE
"Polr2k","Polr2k",2,0.0410437722543387,0.502112770609531,"NM_001039368",-0.480109898104233,0.0410437722543387,0.279977971043969,NA,NA,NA,NA,FALSE,FALSE
"Ube2w","Ube2w",4,0.0410891484998036,0.502129580244438,"NM_001271016",-1.90862398527131,0.0410891484998036,0.280098644964703,TRUE,TRUE,TRUE,"Forebrain + Hindbrain + Midbrain",FALSE,FALSE
"Zfp945","Zfp945",2,0.0410223706629107,0.502376345573068,"NM_177358",-0.931334293418358,0.0410223706629107,0.279977971043969,FALSE,FALSE,TRUE,"Midbrain only",FALSE,FALSE
"Bcs1l","Bcs1l",2,0.0418947872236002,0.504313394168501,"NM_025784",-0.728584876092924,0.0418947872236002,0.282503647179905,TRUE,TRUE,TRUE,"Forebrain + Hindbrain + Midbrain",FALSE,FALSE
"Orc4","Orc4",3,0.041977596883613,0.504756283728246,"NR_033442",-1.18553501367573,0.041977596883613,0.28275302704355,TRUE,TRUE,TRUE,"Forebrain + Hindbrain + Midbrain",FALSE,FALSE
"Cdkn1a","Cdkn1a",2,0.0420810520501559,0.505434709154802,"NM_007669",-6.00270476525423,0.0420810520501559,0.283140775517407,FALSE,FALSE,TRUE,"Midbrain only",FALSE,FALSE
"Zbtb25","Zbtb25",2,0.0422493560545194,0.50583795161475,"NM_001172104",-1.76255293033667,0.0422493560545194,0.283808956838742,TRUE,TRUE,TRUE,"Forebrain + Hindbrain + Midbrain",FALSE,FALSE
"March8","March8",4,0.0422486397502,0.506337122407745,"NM_001302384",1.21883095688167,0.0422486397502,0.283808956838742,TRUE,TRUE,TRUE,"Forebrain + Hindbrain + Midbrain",FALSE,FALSE
"Myh6","Myh6",2,0.0422202400223407,0.506520473107421,"NM_010856",-5.62885417194009,0.0422202400223407,0.283808956838742,NA,NA,NA,NA,FALSE,FALSE
"Ctsa","Ctsa",2,0.0423841276211608,0.506869084795245,"NM_008906",-0.444444212258639,0.0423841276211608,0.284404641025081,FALSE,FALSE,TRUE,"Midbrain only",FALSE,FALSE
"Lmo2","Lmo2",4,0.0424941854983819,0.507616163293645,"NM_001142335",0.781509313433735,0.0424941854983819,0.284833378082582,TRUE,TRUE,TRUE,"Forebrain + Hindbrain + Midbrain",FALSE,FALSE
"Arf2","Arf2",2,0.0426705795736878,0.509116160812774,"NM_001304574",-0.60356644527429,0.0426705795736878,0.285117994301563,NA,NA,NA,NA,FALSE,FALSE
"Slc4a4","Slc4a4",3,0.0427415780891091,0.509414892835835,"NM_018760",3.10117562352354,0.0427415780891091,0.285117994301563,TRUE,TRUE,FALSE,"Forebrain + Hindbrain",FALSE,FALSE
"Rnf126","Rnf126",2,0.0429405025110941,0.511164663738377,"NR_027505",-0.784000928293533,0.0429405025110941,0.285806796648814,NA,NA,NA,NA,FALSE,FALSE
"Nrap","Nrap",2,0.0430683257879057,0.512104277069033,"NM_001286552",-3.59186498633515,0.0430683257879057,0.286503040551351,NA,NA,NA,NA,FALSE,FALSE
"Tbrg4","Tbrg4",2,0.043132564208823,0.512321915945598,"NM_134011",-0.48120373636926,0.043132564208823,0.286775777121161,TRUE,TRUE,TRUE,"Forebrain + Hindbrain + Midbrain",FALSE,FALSE
"Ggta1","Ggta1",4,0.0432044952876894,0.51262599580424,"NM_001145821",2.76884055108245,0.0432044952876894,0.286944818003276,TRUE,TRUE,TRUE,"Forebrain + Hindbrain + Midbrain",FALSE,FALSE
"Tnpo1","Tnpo1",2,0.0432750287178989,0.512913558131636,"NM_178716",-1.65568325800179,0.0432750287178989,0.287258662925698,TRUE,TRUE,TRUE,"Forebrain + Hindbrain + Midbrain",FALSE,FALSE
"Sort1","Sort1",2,0.0434899427443298,0.514828842010674,"NM_001271599",-1.59910535832551,0.0434899427443298,0.288375009922101,TRUE,TRUE,TRUE,"Forebrain + Hindbrain + Midbrain",FALSE,FALSE
"Ipcef1","Ipcef1",4,0.0435612061629097,0.515121371287365,"NM_001170801",4.27165544616951,0.0435612061629097,0.288547945549886,NA,NA,NA,NA,FALSE,FALSE
"Slit2","Slit2",4,0.0437457462054214,0.516176439111213,"NM_178804",1.64682921304939,0.0437457462054214,0.289293948646784,TRUE,TRUE,TRUE,"Forebrain + Hindbrain + Midbrain",FALSE,FALSE
"Sec16b","Sec16b",3,0.0438107364061536,0.5163959044499,"NM_001159986",-8.1219303089402,0.0438107364061536,0.28941353707277,NA,NA,NA,NA,FALSE,FALSE
"Faap20","Faap20",2,0.0437273438234803,0.516480508269267,"NR_033802",-0.411611799105919,0.0437273438234803,0.289293948646784,TRUE,TRUE,TRUE,"Forebrain + Hindbrain + Midbrain",FALSE,FALSE
"Map4k4","Map4k4",4,0.0438997018248629,0.516883624855275,"NM_001252200",-2.43188292013755,0.0438997018248629,0.289846078394226,TRUE,TRUE,TRUE,"Forebrain + Hindbrain + Midbrain",FALSE,FALSE
"Sgip1","Sgip1",3,0.0440839825624549,0.517926614291702,"NM_144906",2.40118611461126,0.0440839825624549,0.290441187838064,TRUE,TRUE,TRUE,"Forebrain + Hindbrain + Midbrain",FALSE,FALSE
"Dnajb2","Dnajb2",5,0.0440620163868634,0.518191464562313,"NM_178055",-0.577152663987362,0.0440620163868634,0.290441187838064,TRUE,TRUE,TRUE,"Forebrain + Hindbrain + Midbrain",FALSE,FALSE
"Plekhb2","Plekhb2",2,0.0443264978547986,0.520125820842735,"NM_175421",-1.04095534284633,0.0443264978547986,0.291727457881715,NA,NA,NA,NA,FALSE,FALSE
"Taf9b","Taf9b",2,0.0445032211740518,0.521585591631241,"NM_001001176",-2.570863718721,0.0445032211740518,0.292734407935927,TRUE,TRUE,TRUE,"Forebrain + Hindbrain + Midbrain",FALSE,FALSE
"Mfsd4","Mfsd4",2,0.0446836626124353,0.523083131351027,"NM_001114662",-1.23839862818095,0.0446836626124353,0.293764729162201,TRUE,TRUE,TRUE,"Forebrain + Hindbrain + Midbrain",FALSE,FALSE
"Cacna1d","Cacna1d",3,0.044797775446794,0.523839221155074,"NM_001302637",-2.72854753322539,0.044797775446794,0.294358119815462,NA,NA,NA,NA,FALSE,FALSE
"Ubap2l","Ubap2l",8,0.0448703320183678,0.524131832768294,"NM_028475",1.36864904033133,0.0448703320183678,0.294364644926453,TRUE,TRUE,TRUE,"Forebrain + Hindbrain + Midbrain",FALSE,FALSE
"Apoe","Apoe",4,0.0451232128645124,0.526424489117403,"NM_001305819",-0.97339243258606,0.0451232128645124,0.295552254112571,FALSE,FALSE,TRUE,"Midbrain only",FALSE,FALSE
"Arpp19","Arpp19",2,0.045393040851736,0.528898792616465,"NM_021548",-0.55299518823165,0.045393040851736,0.296846912618136,FALSE,FALSE,TRUE,"Midbrain only",FALSE,FALSE
"Ndrg3","Ndrg3",2,0.0454934620666711,0.529492798016982,"NM_180956",-0.887086449872694,0.0454934620666711,0.297188629911446,TRUE,TRUE,TRUE,"Forebrain + Hindbrain + Midbrain",FALSE,FALSE
"Dlg3","Dlg3",4,0.0455481690033498,0.529580272073686,"NM_001177779",3.03603430488129,0.0455481690033498,0.297388574339332,TRUE,TRUE,TRUE,"Forebrain + Hindbrain + Midbrain",FALSE,FALSE
"Cables1","Cables1",2,0.0456947988489756,0.530682047717029,"NM_022021",-2.3043549175617,0.0456947988489756,0.298188163826737,TRUE,TRUE,TRUE,"Forebrain + Hindbrain + Midbrain",FALSE,FALSE
"Cpne8","Cpne8",2,0.046106565582328,0.534702488071241,"NM_025815",-0.923250093661032,0.046106565582328,0.300284146661942,FALSE,FALSE,TRUE,"Midbrain only",FALSE,FALSE
"Eif5a","Eif5a",9,0.0462336292097055,0.535579887929094,"NM_001166589",-0.528836082012373,0.0462336292097055,0.300750123588701,NA,NA,NA,NA,FALSE,FALSE
"Mpv17","Mpv17",3,0.0464884433370985,0.537335931576366,"NM_001294322",-1.10223591609219,0.0464884433370985,0.301771378632191,TRUE,TRUE,TRUE,"Forebrain + Hindbrain + Midbrain",FALSE,FALSE
"Hnrnpa3","Hnrnpa3",3,0.0464638116907842,0.537588063952664,"NM_146130",-0.575421355741941,0.0464638116907842,0.301770229612777,TRUE,TRUE,TRUE,"Forebrain + Hindbrain + Midbrain",FALSE,FALSE
"Hs6st2","Hs6st2",4,0.0465849236572193,0.537871840980744,"NM_015819",9.335343298157,0.0465849236572193,0.302079851776188,TRUE,TRUE,TRUE,"Forebrain + Hindbrain + Midbrain",FALSE,FALSE
"Ccdc23","Ccdc23",2,0.0469912581616449,0.541797489299562,"NM_001038998",-0.416563388432186,0.0469912581616449,0.304394816648136,NA,NA,NA,NA,FALSE,FALSE
"Smc5","Smc5",3,0.0472929777125509,0.544569039054821,"NM_153808",0.898606968677796,0.0472929777125509,0.305867581222682,TRUE,TRUE,TRUE,"Forebrain + Hindbrain + Midbrain",FALSE,FALSE
"Scarb1","Scarb1",3,0.0473716032990905,0.544899726357158,"NM_001205083",-0.54009677825108,0.0473716032990905,0.306215602258134,TRUE,TRUE,TRUE,"Forebrain + Hindbrain + Midbrain",FALSE,FALSE
"Prrc2b","Prrc2b",2,0.0474648381001645,0.545388823177249,"NM_001159634",-0.657591533216649,0.0474648381001645,0.306657645107869,TRUE,TRUE,TRUE,"Forebrain + Hindbrain + Midbrain",FALSE,FALSE
"Slc5a6","Slc5a6",3,0.0476240951991829,0.546595310502717,"NM_177870",3.46376299519367,0.0476240951991829,0.307364714831546,TRUE,TRUE,TRUE,"Forebrain + Hindbrain + Midbrain",FALSE,FALSE
"Rdx","Rdx",3,0.0478894270132378,0.547893857789454,"NM_001104617",-0.49732023298598,0.0478894270132378,0.308431904667721,TRUE,TRUE,TRUE,"Forebrain + Hindbrain + Midbrain",FALSE,FALSE
"Fibp","Fibp",2,0.0478167103993872,0.548161388485219,"NM_021438",-0.669645292565253,0.0478167103993872,0.308285374257282,TRUE,TRUE,TRUE,"Forebrain + Hindbrain + Midbrain",FALSE,FALSE
"Ppm1h","Ppm1h",2,0.0478756033174739,0.548272141499765,"NM_001110218",-1.02873437878012,0.0478756033174739,0.308431904667721,TRUE,TRUE,TRUE,"Forebrain + Hindbrain + Midbrain",FALSE,FALSE
"Prkcsh","Prkcsh",3,0.0480614043864771,0.548701326241474,"NM_001293650",-0.461117426901384,0.0480614043864771,0.309055617576408,TRUE,TRUE,TRUE,"Forebrain + Hindbrain + Midbrain",FALSE,FALSE
"Rnps1","Rnps1",3,0.0480248123229803,0.548833116531969,"NM_001080128",0.450665079137639,0.0480248123229803,0.308981326415838,TRUE,TRUE,TRUE,"Forebrain + Hindbrain + Midbrain",FALSE,FALSE
"Cngb1","Cngb1",2,0.0484891220929192,0.552795409799727,"NM_001195413",-2.38071882728781,0.0484891220929192,0.311157444943642,NA,NA,NA,NA,FALSE,FALSE
"Arfgap2","Arfgap2",2,0.0485959799023918,0.5534176252428,"NM_023854",-3.11765245300577,0.0485959799023918,0.311519164672995,NA,NA,NA,NA,FALSE,FALSE
"Exosc5","Exosc5",2,0.0488175363603733,0.55421118039861,"NR_104358",-1.07932500763228,0.0488175363603733,0.312290512538625,NA,NA,NA,NA,FALSE,FALSE
"Gpank1","Gpank1",2,0.0487911640342855,0.554458251957852,"NM_001128597",-1.32478541247943,0.0487911640342855,0.312283695115707,TRUE,TRUE,TRUE,"Forebrain + Hindbrain + Midbrain",FALSE,FALSE
"Cenpm","Cenpm",3,0.0489983298462151,0.554562274628079,"NM_001080158",-0.949049625545762,0.0489983298462151,0.312960346947358,TRUE,TRUE,TRUE,"Forebrain + Hindbrain + Midbrain",FALSE,FALSE
"Zfp655","Zfp655",2,0.0489597479784181,0.554678128139544,"NM_028298",-0.443380373997169,0.0489597479784181,0.312875862275339,TRUE,TRUE,TRUE,"Forebrain + Hindbrain + Midbrain",FALSE,FALSE
"Rnf146","Rnf146",5,0.0487682070173686,0.554742569795382,"NM_001284279",0.540179067886175,0.0487682070173686,0.312283695115707,TRUE,TRUE,FALSE,"Forebrain + Hindbrain",FALSE,FALSE
"Tmem9","Tmem9",3,0.0489269270213071,0.554856023709426,"NM_025439",0.987108687768269,0.0489269270213071,0.312828124063694,FALSE,FALSE,TRUE,"Midbrain only",FALSE,FALSE
"Rps6ka1","Rps6ka1",3,0.0491854454040251,0.555506661421616,"NM_001285506",3.3826936529408,0.0491854454040251,0.313182867020469,FALSE,FALSE,TRUE,"Midbrain only",FALSE,FALSE
"Plcd1","Plcd1",3,0.0491483329985753,0.555639090395347,"NR_121571",-1.22379149228522,0.0491483329985753,0.313182867020469,TRUE,TRUE,TRUE,"Forebrain + Hindbrain + Midbrain",FALSE,FALSE
"Phc2","Phc2",3,0.0493062412052,0.556268027171472,"NM_001195083",1.25968396173472,0.0493062412052,0.313570131368725,TRUE,TRUE,TRUE,"Forebrain + Hindbrain + Midbrain",FALSE,FALSE
"Nfib","Nfib",5,0.0495584506721911,0.556840850422534,"NM_008687",0.881289712416296,0.0495584506721911,0.313616041689661,FALSE,FALSE,TRUE,"Midbrain only",FALSE,FALSE
"Mdm1","Mdm1",4,0.0495257849301171,0.557021562713677,"NM_148922",-0.955313240054826,0.0495257849301171,0.313570131368725,TRUE,TRUE,TRUE,"Forebrain + Hindbrain + Midbrain",FALSE,FALSE
"Galnt7","Galnt7",2,0.0494935860696454,0.557207566462483,"NM_001167981",-1.30182114394041,0.0494935860696454,0.313570131368725,FALSE,FALSE,TRUE,"Midbrain only",FALSE,FALSE
"Tbc1d7","Tbc1d7",3,0.0496451574705138,0.557234326311762,"NM_001252640",-3.27130519426772,0.0496451574705138,0.314003712550559,NA,NA,NA,NA,FALSE,FALSE
"Fign","Fign",3,0.0494548070349055,0.557323732829719,"NM_001267847",3.06728785375619,0.0494548070349055,0.313570131368725,NA,NA,NA,NA,FALSE,FALSE
"Pcsk7","Pcsk7",3,0.0497619672314028,0.557946155980525,"NR_104055",-0.943537599789379,0.0497619672314028,0.314420212819002,TRUE,TRUE,TRUE,"Forebrain + Hindbrain + Midbrain",FALSE,FALSE
"Mapk7","Mapk7",6,0.0502767625871151,0.562870315186745,"NM_001291035",-0.954569788050856,0.0502767625871151,0.316538393022959,TRUE,TRUE,TRUE,"Forebrain + Hindbrain + Midbrain",FALSE,FALSE
"Tnnt3","Tnnt3",5,0.05063561820168,0.566131711175814,"NM_001163670",-6.18950058601443,0.05063561820168,0.318310508715604,TRUE,TRUE,TRUE,"Forebrain + Hindbrain + Midbrain",FALSE,FALSE
"Lyn","Lyn",2,0.0506981973514109,0.566258119688913,"NM_010747",-1.44337362700165,0.0506981973514109,0.318541626943182,TRUE,TRUE,TRUE,"Forebrain + Hindbrain + Midbrain",FALSE,FALSE
"Pus7","Pus7",2,0.0507690569175691,0.566471493267557,"NM_001289780",-6.25960425341503,0.0507690569175691,0.318824510108297,TRUE,TRUE,TRUE,"Forebrain + Hindbrain + Midbrain",FALSE,FALSE
"Limk1","Limk1",3,0.0508371318261786,0.566655023581982,"NM_010717",-1.37451423889015,0.0508371318261786,0.319089627026981,NA,NA,NA,NA,FALSE,FALSE
"Tbc1d31","Tbc1d31",2,0.0509310336698518,0.567109771930424,"NM_001167679",-0.744020133825015,0.0509310336698518,0.31935414404775,TRUE,TRUE,TRUE,"Forebrain + Hindbrain + Midbrain",FALSE,FALSE
"Slc3a2","Slc3a2",2,0.051106963163839,0.568425208997609,"NM_001161413",-0.354189956816728,0.051106963163839,0.320106053290832,TRUE,TRUE,TRUE,"Forebrain + Hindbrain + Midbrain",FALSE,FALSE
"Cdc14b","Cdc14b",2,0.0511993138318816,0.568860576369109,"NM_172587",-3.45264989457261,0.0511993138318816,0.320385158562586,NA,NA,NA,NA,FALSE,FALSE
"Eri3","Eri3",4,0.0515911376866947,0.572432558423361,"NM_080469",-0.363339789594593,0.0515911376866947,0.321821185391484,TRUE,TRUE,TRUE,"Forebrain + Hindbrain + Midbrain",FALSE,FALSE
"Ncoa7","Ncoa7",2,0.0518180792767422,0.574270162051891,"NM_172495",-2.0317554403244,0.0518180792767422,0.322432394124625,TRUE,TRUE,TRUE,"Forebrain + Hindbrain + Midbrain",FALSE,FALSE
"Otof","Otof",3,0.0519385688328519,0.574991262063927,"NM_001100395",6.6308655438173,0.0519385688328519,0.322882589117074,NA,NA,NA,NA,FALSE,FALSE
"Nek6","Nek6",2,0.0520134285159878,0.575234575032049,"NM_021606",-5.05996622016332,0.0520134285159878,0.3231851499936,NA,NA,NA,NA,FALSE,FALSE
"Zfp131","Zfp131",5,0.0521336577048673,0.575950168900073,"NM_001302548",0.702917979235703,0.0521336577048673,0.323769167628617,TRUE,TRUE,TRUE,"Forebrain + Hindbrain + Midbrain",FALSE,FALSE
"Rtn4","Rtn4",5,0.0521931646803882,0.576031962527158,"NM_194052",1.80669590328794,0.0521931646803882,0.323812796458517,TRUE,TRUE,TRUE,"Forebrain + Hindbrain + Midbrain",FALSE,FALSE
"Ppp1r12b","Ppp1r12b",2,0.0523825694967102,0.577464242087687,"NM_001081307",-0.572189391804509,0.0523825694967102,0.32441661261072,NA,NA,NA,NA,FALSE,FALSE
"9930012K11Rik","9930012K11Rik",2,0.0525784320307489,0.578960075395981,"NM_001004155",-1.77229593193923,0.0525784320307489,0.325310958295095,TRUE,TRUE,TRUE,"Forebrain + Hindbrain + Midbrain",FALSE,FALSE
"Mbnl1","Mbnl1",5,0.0528135417388478,0.58085915745201,"NM_001253708",3.72043203006626,0.0528135417388478,0.326349076142906,TRUE,TRUE,TRUE,"Forebrain + Hindbrain + Midbrain",FALSE,FALSE
"Lck","Lck",2,0.0529407029828184,0.581635764641885,"NM_001162432",-7.9902281376515,0.0529407029828184,0.326959940016501,FALSE,FALSE,TRUE,"Midbrain only",FALSE,FALSE
"Hyi","Hyi",2,0.0530726760326287,0.582460323571356,"NR_003946",-3.18168247014774,0.0530726760326287,0.327458411121319,NA,NA,NA,NA,FALSE,FALSE
"Amot","Amot",2,0.0534295421348062,0.584520001559061,"NM_153319",-1.16840392575982,0.0534295421348062,0.328838179522947,TRUE,TRUE,TRUE,"Forebrain + Hindbrain + Midbrain",FALSE,FALSE
"Reep6","Reep6",2,0.0533772031226289,0.584522318690058,"NM_139292",-4.19343031733832,0.0533772031226289,0.32867998330002,TRUE,TRUE,TRUE,"Forebrain + Hindbrain + Midbrain",FALSE,FALSE
"Cep112","Cep112",3,0.0536562068796459,0.584687782498585,"NM_029606",4.36832688325752,0.0536562068796459,0.328955710562616,TRUE,TRUE,TRUE,"Forebrain + Hindbrain + Midbrain",FALSE,FALSE
"Sntg1","Sntg1",3,0.0535724175061568,0.58490799819622,"NM_001290390",2.72630917909829,0.0535724175061568,0.328955710562616,NA,NA,NA,NA,FALSE,FALSE
"Aftph","Aftph",2,0.0533768883549251,0.585061800420474,"NM_001290545",-5.92951461766562,0.0533768883549251,0.32867998330002,TRUE,TRUE,TRUE,"Forebrain + Hindbrain + Midbrain",FALSE,FALSE
"Tanc1","Tanc1",2,0.0536547737402503,0.585213438534333,"NM_001290659",-0.918679690608207,0.0536547737402503,0.328955710562616,NA,NA,NA,NA,FALSE,FALSE
"Clasrp","Clasrp",6,0.0535688270554682,0.585412624239738,"NR_125832",-0.843486263967757,0.0535688270554682,0.328955710562616,TRUE,TRUE,TRUE,"Forebrain + Hindbrain + Midbrain",FALSE,FALSE
"Ano1","Ano1",2,0.0538138383819397,0.585764281268289,"NM_001242349",-4.28236073426515,0.0538138383819397,0.329396213111675,FALSE,FALSE,TRUE,"Midbrain only",FALSE,FALSE
"Uspl1","Uspl1",7,0.0538820568798783,0.585922894134087,"NM_001115151",0.541457700680356,0.0538820568798783,0.329650263707337,TRUE,TRUE,TRUE,"Forebrain + Hindbrain + Midbrain",FALSE,FALSE
"Mtbp","Mtbp",2,0.0541778807756436,0.588408296373543,"NM_001168250",-0.771205098284086,0.0541778807756436,0.33080408152966,NA,NA,NA,NA,FALSE,FALSE
"Ager","Ager",7,0.0543162484396518,0.589279869944644,"NM_001271424",-4.76865939690213,0.0543162484396518,0.331234969370693,TRUE,TRUE,TRUE,"Forebrain + Hindbrain + Midbrain",FALSE,FALSE
"Comt","Comt",3,0.0546071480884981,0.591704520562002,"NM_007744",-0.410201720095298,0.0546071480884981,0.332602274142185,TRUE,TRUE,TRUE,"Forebrain + Hindbrain + Midbrain",FALSE,FALSE
"Plekhb1","Plekhb1",6,0.054851109205655,0.593645059687442,"NM_001163182",3.01513615486989,0.054851109205655,0.333758721695159,TRUE,TRUE,TRUE,"Forebrain + Hindbrain + Midbrain",FALSE,FALSE
"Hspa5","Hspa5",2,0.0550399356295514,0.595020280004467,"NM_022310",-0.266945008995909,0.0550399356295514,0.334742634632166,TRUE,TRUE,TRUE,"Forebrain + Hindbrain + Midbrain",FALSE,FALSE
"Pla2g12a","Pla2g12a",3,0.0552353266666512,0.595367402097513,"NM_023196",1.22211325417477,0.0552353266666512,0.335105177515475,NA,NA,NA,NA,FALSE,FALSE
"Bicd1","Bicd1",2,0.0553164652117486,0.595644530426244,"NM_009753",-3.9678925559751,0.0553164652117486,0.335291936829321,FALSE,FALSE,TRUE,"Midbrain only",FALSE,FALSE
"Tomm5","Tomm5",2,0.0552256780707123,0.595814751934534,"NM_001099675",-0.868647426816838,0.0552256780707123,0.335105177515475,NA,NA,NA,NA,FALSE,FALSE
"Kif2a","Kif2a",2,0.0551720632130617,0.59581655847258,"NM_008442",-1.38884077410151,0.0551720632130617,0.335074293222953,TRUE,TRUE,TRUE,"Forebrain + Hindbrain + Midbrain",FALSE,FALSE
"Gpm6a","Gpm6a",3,0.0558421556295875,0.600413530019256,"NM_153581",-6.00759725818529,0.0558421556295875,0.337790294347603,TRUE,TRUE,TRUE,"Forebrain + Hindbrain + Midbrain",FALSE,FALSE
"Rnls","Rnls",2,0.0559430184409547,0.600883455711125,"NM_001146342",-1.2573468203955,0.0559430184409547,0.337903498561616,TRUE,TRUE,TRUE,"Forebrain + Hindbrain + Midbrain",FALSE,FALSE
"Elf2","Elf2",4,0.0560713383544369,0.601628997567563,"NM_001291059",-0.664731817439265,0.0560713383544369,0.338347342441932,TRUE,TRUE,TRUE,"Forebrain + Hindbrain + Midbrain",FALSE,FALSE
"Tbata","Tbata",4,0.0562399416795858,0.602229777693065,"NM_001017419",-6.17794037019506,0.0562399416795858,0.338867617346723,NA,NA,NA,NA,FALSE,FALSE
"Cyld","Cyld",4,0.0561898603153614,0.602274194903048,"NM_001128170",-4.87831322220569,0.0561898603153614,0.338802010480251,TRUE,TRUE,TRUE,"Forebrain + Hindbrain + Midbrain",FALSE,FALSE
"Asnsd1","Asnsd1",2,0.0566021281451116,0.605319361496882,"NM_133728",-0.590452107595864,0.0566021281451116,0.340385117597796,TRUE,TRUE,TRUE,"Forebrain + Hindbrain + Midbrain",FALSE,FALSE
"Rpf2","Rpf2",2,0.0567420232904629,0.606172337628301,"NM_001042556",-0.923103926667269,0.0567420232904629,0.341060188701565,NA,NA,NA,NA,FALSE,FALSE
"6430548M08Rik","6430548M08Rik",4,0.0571972257107171,0.609626364400473,"NM_001163761",2.94305471586775,0.0571972257107171,0.342953774856083,TRUE,TRUE,TRUE,"Forebrain + Hindbrain + Midbrain",FALSE,FALSE
"Rbfox1","Rbfox1",2,0.0572801798705992,0.609902669798473,"NM_021477",-1.91119958343848,0.0572801798705992,0.343124960972424,TRUE,TRUE,TRUE,"Forebrain + Hindbrain + Midbrain",FALSE,FALSE
"Kcnip2","Kcnip2",4,0.057192852830788,0.610135806813304,"NM_145704",1.40846280327788,0.057192852830788,0.342953774856083,TRUE,TRUE,TRUE,"Forebrain + Hindbrain + Midbrain",FALSE,FALSE
"Map3k12","Map3k12",2,0.0575756137365734,0.612297456915885,"NM_001163643",-2.19485809638119,0.0575756137365734,0.344560171440017,TRUE,TRUE,TRUE,"Forebrain + Hindbrain + Midbrain",FALSE,FALSE
"Meis2","Meis2",6,0.0580807987208334,0.616216515725611,"NM_001159570",1.38281265255995,0.0580807987208334,0.346407470379451,TRUE,TRUE,TRUE,"Forebrain + Hindbrain + Midbrain",FALSE,FALSE
"BC003331","BC003331",2,0.0580713768367855,0.61667991682868,"NM_145511",-2.43038696082513,0.0580713768367855,0.346407470379451,NA,NA,NA,NA,FALSE,FALSE
"Ankrd40","Ankrd40",2,0.0583858354920999,0.618689234996073,"NM_027799",-2.41617179196171,0.0583858354920999,0.347890492502421,TRUE,TRUE,TRUE,"Forebrain + Hindbrain + Midbrain",FALSE,FALSE
"Dnlz","Dnlz",3,0.0587498974208545,0.62006302606655,"NM_026828",0.568251234872195,0.0587498974208545,0.348712714850094,TRUE,TRUE,TRUE,"Forebrain + Hindbrain + Midbrain",FALSE,FALSE
"Slc35a2","Slc35a2",2,0.0587184732426867,0.620310298911823,"NM_001083937",-0.58175897362911,0.0587184732426867,0.348712714850094,TRUE,TRUE,TRUE,"Forebrain + Hindbrain + Midbrain",FALSE,FALSE
"Nrep","Nrep",4,0.0587009180594159,0.620695319901762,"NM_053078",-0.366878836332401,0.0587009180594159,0.348712714850094,TRUE,TRUE,TRUE,"Forebrain + Hindbrain + Midbrain",FALSE,FALSE
"A830018L16Rik","A830018L16Rik",4,0.0586712196600481,0.620960679202624,"NM_001160371",3.2375785808475,0.0586712196600481,0.348712714850094,NA,NA,NA,NA,FALSE,FALSE
"Gcnt1","Gcnt1",2,0.0589204079841546,0.621189154719664,"NM_001136484",-9.97201810986227,0.0589204079841546,0.349556651213686,NA,NA,NA,NA,FALSE,FALSE
"Gpr68","Gpr68",3,0.0592865482805279,0.621451312301423,"NM_001177674",-2.89966928134565,0.0592865482805279,0.350549116330481,FALSE,FALSE,TRUE,"Midbrain only",FALSE,FALSE
"Ispd","Ispd",4,0.0592674149612876,0.621819321380338,"NM_001289503",4.32832603021492,0.0592674149612876,0.350549116330481,NA,NA,NA,NA,FALSE,FALSE
"Ralgapa1","Ralgapa1",2,0.0592600388914922,0.622303523175347,"NM_001286263",-1.10180067990996,0.0592600388914922,0.350549116330481,TRUE,TRUE,TRUE,"Forebrain + Hindbrain + Midbrain",FALSE,FALSE
"Irf9","Irf9",3,0.0591222885366107,0.622621839441119,"NM_008394",1.94800603755592,0.0591222885366107,0.350417406600277,TRUE,TRUE,TRUE,"Forebrain + Hindbrain + Midbrain",FALSE,FALSE
"Limk2","Limk2",2,0.0592405049181154,0.622669003363364,"NM_173053",-0.799883228894024,0.0592405049181154,0.350549116330481,TRUE,TRUE,TRUE,"Forebrain + Hindbrain + Midbrain",FALSE,FALSE
"Cln3","Cln3",2,0.059189775555219,0.622727981948924,"NM_009907",-1.33883128144627,0.059189775555219,0.350549116330481,TRUE,TRUE,TRUE,"Forebrain + Hindbrain + Midbrain",FALSE,FALSE
"Ntrk3","Ntrk3",2,0.0595059377762766,0.623045995087874,"NM_008746",-0.982910842517061,0.0595059377762766,0.351509464891936,TRUE,TRUE,FALSE,"Forebrain + Hindbrain",FALSE,FALSE
"Rbfox3","Rbfox3",6,0.0598670830560856,0.626023226541609,"NM_001285438",5.30456809973261,0.0598670830560856,0.352858369939468,NA,NA,NA,NA,FALSE,FALSE
"Ifnar2","Ifnar2",2,0.0599820404543418,0.62658828869316,"NM_010509",-0.425094485030667,0.0599820404543418,0.352901879086669,TRUE,TRUE,TRUE,"Forebrain + Hindbrain + Midbrain",FALSE,FALSE
"Dcaf4","Dcaf4",2,0.0602024138312448,0.627621554760786,"NM_030246",-2.45508137374791,0.0602024138312448,0.353592473430538,TRUE,TRUE,TRUE,"Forebrain + Hindbrain + Midbrain",FALSE,FALSE
"Rbm10","Rbm10",2,0.060198143150602,0.628138776608355,"NM_001167775",-0.360085994107385,0.060198143150602,0.353592473430538,NA,NA,NA,NA,FALSE,FALSE
"Pdxdc1","Pdxdc1",3,0.0606290613971674,0.62897956921873,"NM_053181",-0.308305449479184,0.0606290613971674,0.354946939272668,TRUE,TRUE,TRUE,"Forebrain + Hindbrain + Midbrain",FALSE,FALSE
"Wdr73","Wdr73",2,0.0605917592531111,0.629175260320156,"NR_027976",-0.541006550414821,0.0605917592531111,0.354946939272668,TRUE,TRUE,TRUE,"Forebrain + Hindbrain + Midbrain",FALSE,FALSE
"Txnrd1","Txnrd1",4,0.06054857115603,0.62931410362447,"NM_001042514",-0.457365010257123,0.06054857115603,0.354946939272668,FALSE,FALSE,TRUE,"Midbrain only",FALSE,FALSE
"Luc7l2","Luc7l2",3,0.0605105072886106,0.629502969573099,"NM_138680",0.782635479109345,0.0605105072886106,0.354946939272668,TRUE,TRUE,TRUE,"Forebrain + Hindbrain + Midbrain",FALSE,FALSE
"Rcbtb2","Rcbtb2",3,0.0604602661283243,0.629573639995228,"NM_001170694",0.43364066497883,0.0604602661283243,0.35493800381709,NA,NA,NA,NA,FALSE,FALSE
"Ndufs8","Ndufs8",3,0.0607711864178624,0.629799169176837,"NM_144870",-0.344464592067083,0.0607711864178624,0.35557915618607,NA,NA,NA,NA,FALSE,FALSE
"Ccpg1","Ccpg1",5,0.0610006708177589,0.63090374475108,"NM_001114328",0.348496189633288,0.0610006708177589,0.356246227113651,NA,NA,NA,NA,FALSE,FALSE
"Ube2i","Ube2i",3,0.0609527097562853,0.630997853246257,"NM_001177610",-0.284755758513267,0.0609527097562853,0.356134677269205,NA,NA,NA,NA,FALSE,FALSE
"Rpl31","Rpl31",3,0.0610745987187597,0.631060327718443,"NM_001252218",-0.30029954596036,0.0610745987187597,0.356509247014898,NA,NA,NA,NA,FALSE,FALSE
"Srrt","Srrt",3,0.0613578869416504,0.633234162687164,"NM_031405",-0.441697016145888,0.0613578869416504,0.357655325866776,TRUE,TRUE,TRUE,"Forebrain + Hindbrain + Midbrain",FALSE,FALSE
"Sigmar1","Sigmar1",6,0.0615954315542184,0.634962360518441,"NM_011014",1.21575404975774,0.0615954315542184,0.358870455797477,NA,NA,NA,NA,FALSE,FALSE
"Dynlt1f","Dynlt1f",3,0.0617744449429811,0.635564441335318,"NM_001199948",-0.498273175094554,0.0617744449429811,0.359573891790748,TRUE,TRUE,TRUE,"Forebrain + Hindbrain + Midbrain",FALSE,FALSE
"Socs2","Socs2",4,0.0617238807337856,0.635638012292607,"NM_007706",1.1987205849626,0.0617238807337856,0.359449121403924,NA,NA,NA,NA,FALSE,FALSE
"Hk1","Hk1",2,0.0618480388275199,0.635711820978102,"NM_001146100",-1.19691954435519,0.0618480388275199,0.359797444345042,NA,NA,NA,NA,FALSE,FALSE
"Ralgps2","Ralgps2",6,0.0620251155098243,0.636291509035055,"NR_027640",-0.606661712407511,0.0620251155098243,0.360353072218094,TRUE,TRUE,TRUE,"Forebrain + Hindbrain + Midbrain",FALSE,FALSE
"Camta2","Camta2",4,0.062012504977052,0.636729357957489,"NM_001190376",-7.14669053217779,0.062012504977052,0.360353072218094,TRUE,TRUE,TRUE,"Forebrain + Hindbrain + Midbrain",FALSE,FALSE
"Pcdh10","Pcdh10",4,0.0625009588482142,0.640281322459594,"NM_011043",1.84190565577211,0.0625009588482142,0.362358486080666,TRUE,TRUE,TRUE,"Forebrain + Hindbrain + Midbrain",FALSE,FALSE
"Dgkh","Dgkh",4,0.062827366918821,0.642272118291945,"NM_001081336",1.85917228807035,0.062827366918821,0.363644328226197,NA,NA,NA,NA,FALSE,FALSE
"Slx1b","Slx1b",2,0.0627885872494462,0.642464695204512,"NR_033446",-1.10412390674533,0.0627885872494462,0.363590411383466,TRUE,TRUE,TRUE,"Forebrain + Hindbrain + Midbrain",FALSE,FALSE
"C77080","C77080",3,0.0632435257789866,0.645670570972511,"NM_001033189",2.92274231271498,0.0632435257789866,0.365538692324447,NA,NA,NA,NA,FALSE,FALSE
"Zfp120","Zfp120",2,0.0637451769539745,0.649871016810216,"NM_181266",-2.21113190015525,0.0637451769539745,0.367921180361106,TRUE,TRUE,FALSE,"Forebrain + Hindbrain",FALSE,FALSE
"Henmt1","Henmt1",2,0.0641041450847032,0.652137904129728,"NM_025723",-8.01930100099039,0.0641041450847032,0.368957626093861,NA,NA,NA,NA,FALSE,FALSE
"Dda1","Dda1",5,0.0640989816946315,0.652658030093885,"NR_122114",-0.721324895296912,0.0640989816946315,0.368957626093861,NA,NA,NA,NA,FALSE,FALSE
"Alg13","Alg13",2,0.0647207014930128,0.657398315381718,"NM_026247",-0.543299870637776,0.0647207014930128,0.371639579536425,TRUE,TRUE,TRUE,"Forebrain + Hindbrain + Midbrain",FALSE,FALSE
"Wdr13","Wdr13",3,0.0648812545594996,0.657768822484272,"NM_028542",0.916752531689762,0.0648812545594996,0.37169669510874,TRUE,TRUE,TRUE,"Forebrain + Hindbrain + Midbrain",FALSE,FALSE
"Sftpb","Sftpb",2,0.0648301604251801,0.657859180512288,"NM_001282071",-5.64319053415264,0.0648301604251801,0.37169669510874,NA,NA,NA,NA,FALSE,FALSE
"Vsig8","Vsig8",2,0.0649657603811581,0.657993219202279,"NR_027644",-5.13650307398193,0.0649657603811581,0.372008112809045,NA,NA,NA,NA,FALSE,FALSE
"Jmjd4","Jmjd4",3,0.0651024633359398,0.658708075101271,"NR_037992",0.673188612032053,0.0651024633359398,0.372445246901018,TRUE,TRUE,TRUE,"Forebrain + Hindbrain + Midbrain",FALSE,FALSE
"Tfpt","Tfpt",2,0.065260655106393,0.659623185685714,"NM_023524",-0.745497502030592,0.065260655106393,0.373177240043045,TRUE,TRUE,TRUE,"Forebrain + Hindbrain + Midbrain",FALSE,FALSE
"Phldb2","Phldb2",2,0.0655617682396917,0.661303980232712,"NM_153412",-1.56023781278716,0.0655617682396917,0.374083983812608,TRUE,TRUE,TRUE,"Forebrain + Hindbrain + Midbrain",FALSE,FALSE
"Fdps","Fdps",2,0.0656547000267216,0.661602039499002,"NM_001253751",-0.440580533002057,0.0656547000267216,0.37426137658491,NA,NA,NA,NA,FALSE,FALSE
"Tnik","Tnik",4,0.0655361364103976,0.661636595284129,"NM_026910",-2.34404358030683,0.0655361364103976,0.374083983812608,TRUE,TRUE,TRUE,"Forebrain + Hindbrain + Midbrain",FALSE,FALSE
"9530080O11Rik","9530080O11Rik",2,0.0657781044661362,0.662184376153324,"NR_045776",-2.28173064101027,0.0657781044661362,0.374746910947424,NA,NA,NA,NA,FALSE,FALSE
"Smim10l1","Smim10l1",4,0.0664699550574727,0.668071774778921,"NM_001163445",-1.11098593777539,0.0664699550574727,0.37719018493243,TRUE,TRUE,TRUE,"Forebrain + Hindbrain + Midbrain",FALSE,FALSE
"Prr13","Prr13",2,0.0665753731817345,0.668477837807398,"NM_001170911",-0.45123808485355,0.0665753731817345,0.377225983849826,TRUE,TRUE,TRUE,"Forebrain + Hindbrain + Midbrain",FALSE,FALSE
"Cnot7","Cnot7",3,0.0668088313616306,0.670074673548988,"NM_011135",1.62102396244006,0.0668088313616306,0.378174761010331,TRUE,TRUE,TRUE,"Forebrain + Hindbrain + Midbrain",FALSE,FALSE
"Cnpy3","Cnpy3",3,0.0669723142343708,0.671017296623456,"NM_028065",1.97186557463388,0.0669723142343708,0.378579183532816,FALSE,FALSE,TRUE,"Midbrain only",FALSE,FALSE
"Efna1","Efna1",2,0.0670668710459997,0.671317844428724,"NM_001162425",-4.0201848808969,0.0670668710459997,0.378940104719614,NA,NA,NA,NA,FALSE,FALSE
"Trpm7","Trpm7",2,0.067197062361364,0.671948177402817,"NM_021450",-1.2389022056993,0.067197062361364,0.379501944869214,TRUE,TRUE,TRUE,"Forebrain + Hindbrain + Midbrain",FALSE,FALSE
"Fbxw7","Fbxw7",3,0.0672691631543753,0.67203893395614,"NM_080428",-0.832257800148189,0.0672691631543753,0.379658661652451,TRUE,TRUE,TRUE,"Forebrain + Hindbrain + Midbrain",FALSE,FALSE
"Yif1b","Yif1b",2,0.0673963315479293,0.672062174384914,"NM_001110201",-0.701092565194866,0.0673963315479293,0.379760851842359,TRUE,TRUE,TRUE,"Forebrain + Hindbrain + Midbrain",FALSE,FALSE
"Rab11fip3","Rab11fip3",3,0.0674861382528667,0.672315845233693,"NM_001162869",-1.28893568054092,0.0674861382528667,0.380090801478948,TRUE,TRUE,TRUE,"Forebrain + Hindbrain + Midbrain",FALSE,FALSE
"Hspb2","Hspb2",2,0.0673815540206107,0.67250229910581,"NM_001164708",-3.44086884146395,0.0673815540206107,0.379760851842359,TRUE,TRUE,TRUE,"Forebrain + Hindbrain + Midbrain",FALSE,FALSE
"Synj2","Synj2",4,0.0677913986696733,0.674556327099025,"NM_001113352",-4.94001340018855,0.0677913986696733,0.381461860275316,NA,NA,NA,NA,FALSE,FALSE
"Dars","Dars",2,0.0683202613046281,0.678849488549283,"NM_177445",-2.53116926816343,0.0683202613046281,0.383563250454554,NA,NA,NA,NA,FALSE,FALSE
"Clip2","Clip2",2,0.0687493932160828,0.682213505762258,"NM_009990",-3.13395111648702,0.0687493932160828,0.38561541214691,TRUE,TRUE,TRUE,"Forebrain + Hindbrain + Midbrain",FALSE,FALSE
"Wash1","Wash1",2,0.0689175850198245,0.682591541694841,"NM_001037757",-0.861987690678579,0.0689175850198245,0.385863429738945,TRUE,TRUE,TRUE,"Forebrain + Hindbrain + Midbrain",FALSE,FALSE
"Foxred1","Foxred1",3,0.0690180738575487,0.682929987932405,"NM_001291449",-2.59986804480507,0.0690180738575487,0.386234785924862,NA,NA,NA,NA,FALSE,FALSE
"Ambra1","Ambra1",2,0.0689062690072529,0.683070623118614,"NM_172669",-0.814049350306906,0.0689062690072529,0.385863429738945,FALSE,FALSE,TRUE,"Midbrain only",FALSE,FALSE
"Cd40","Cd40",5,0.0691188303993444,0.683270101818926,"NM_170702",3.87074531022649,0.0691188303993444,0.386464144598056,TRUE,TRUE,TRUE,"Forebrain + Hindbrain + Midbrain",FALSE,FALSE
"Yipf2","Yipf2",4,0.0699910414041448,0.68482481457919,"NM_001205158",1.6410614036091,0.0699910414041448,0.388874133690746,TRUE,TRUE,TRUE,"Forebrain + Hindbrain + Midbrain",FALSE,FALSE
"Extl2","Extl2",3,0.0699837224598145,0.685336953194979,"NM_001163514",-0.549807932955453,0.0699837224598145,0.388874133690746,TRUE,TRUE,TRUE,"Forebrain + Hindbrain + Midbrain",FALSE,FALSE
"Usp29","Usp29",2,0.0694262879984151,0.685497873422297,"NM_021323",-2.16886459192692,0.0694262879984151,0.388007424773751,NA,NA,NA,NA,FALSE,FALSE
"Ceacam1","Ceacam1",4,0.0699445045004825,0.685560903314019,"NM_001039186",-5.88940730600862,0.0699445045004825,0.388874133690746,NA,NA,NA,NA,FALSE,FALSE
"Dynlrb1","Dynlrb1",4,0.0698844167688466,0.685595902288732,"NM_025947",-0.18492823040114,0.0698844167688466,0.388806899426315,NA,NA,NA,NA,FALSE,FALSE
"Lrrc56","Lrrc56",3,0.0698360990440931,0.685737753390003,"NM_153777",-4.21500047692518,0.0698360990440931,0.388713334327519,FALSE,FALSE,TRUE,"Midbrain only",FALSE,FALSE
"Cep97","Cep97",4,0.0697892336069849,0.685892996309674,"NM_001159366",0.978906672820762,0.0697892336069849,0.388627771981134,FALSE,FALSE,TRUE,"Midbrain only",FALSE,FALSE
"Ppfibp2","Ppfibp2",2,0.0697448224963818,0.686070784390369,"NM_008905",-1.69819831581037,0.0697448224963818,0.388555805690904,FALSE,FALSE,TRUE,"Midbrain only",FALSE,FALSE
"Cd320","Cd320",2,0.0702094425283841,0.686220817235511,"NM_001305169",-1.88002434801084,0.0702094425283841,0.389561385251915,NA,NA,NA,NA,FALSE,FALSE
"Znfx1","Znfx1",2,0.0697365177235816,0.68657757741934,"NM_001291162",-2.16373452345924,0.0697365177235816,0.388555805690904,NA,NA,NA,NA,FALSE,FALSE
"Ezh2","Ezh2",2,0.0697029652085214,0.68685515646399,"NM_007971",-0.633067101789548,0.0697029652085214,0.388555805690904,TRUE,TRUE,TRUE,"Forebrain + Hindbrain + Midbrain",FALSE,FALSE
"Tmco4","Tmco4",2,0.0696985499786037,0.687398947004896,"NM_001305423",-1.96373103017881,0.0696985499786037,0.388555805690904,NA,NA,NA,NA,FALSE,FALSE
"Wnk1","Wnk1",5,0.070546937852579,0.688108091592119,"NM_001199083",-0.819420554945627,0.070546937852579,0.390380813049697,TRUE,TRUE,TRUE,"Forebrain + Hindbrain + Midbrain",FALSE,FALSE
"Pde10a","Pde10a",2,0.0705318782251021,0.688551966393901,"NM_011866",-2.03679855991749,0.0705318782251021,0.390380813049697,NA,NA,NA,NA,FALSE,FALSE
"Hbp1","Hbp1",2,0.0706709187262576,0.68864554271272,"NM_177993",-0.726448472714491,0.0706709187262576,0.390891589906776,NA,NA,NA,NA,FALSE,FALSE
"Tjap1","Tjap1",3,0.0709635427140135,0.690117935261684,"NM_028751",-0.841277718299937,0.0709635427140135,0.391983042565321,FALSE,FALSE,TRUE,"Midbrain only",FALSE,FALSE
"Cdc25b","Cdc25b",2,0.0709184665357279,0.690292692144472,"NM_001111075",-0.699848326494605,0.0709184665357279,0.391983042565321,TRUE,TRUE,TRUE,"Forebrain + Hindbrain + Midbrain",FALSE,FALSE
"Airn","Airn",4,0.071123843998611,0.690977125068179,"NR_027773",-1.71695007838533,0.071123843998611,0.392477502135612,TRUE,TRUE,TRUE,"Forebrain + Hindbrain + Midbrain",FALSE,FALSE
"A930004D18Rik","A930004D18Rik",2,0.0716942875567921,0.694924753444642,"NR_028377",-1.68589244400266,0.0716942875567921,0.394079068352256,TRUE,TRUE,TRUE,"Forebrain + Hindbrain + Midbrain",FALSE,FALSE
"Pja2","Pja2",2,0.0716768087127636,0.695350797520441,"NM_144859",-0.353210437731201,0.0716768087127636,0.394079068352256,TRUE,TRUE,TRUE,"Forebrain + Hindbrain + Midbrain",FALSE,FALSE
"Slain2","Slain2",2,0.0718881064497252,0.696074842135458,"NM_001113423",-2.03926742835285,0.0718881064497252,0.394968492248268,TRUE,TRUE,TRUE,"Forebrain + Hindbrain + Midbrain",FALSE,FALSE
"Mylk3","Mylk3",2,0.0723501524036025,0.698446429546412,"NM_001297612",-4.91229130974829,0.0723501524036025,0.396272028699714,NA,NA,NA,NA,FALSE,FALSE
"Slc25a40","Slc25a40",3,0.072313862008681,0.698706631005776,"NM_178766",2.52605461325069,0.072313862008681,0.396272028699714,TRUE,TRUE,TRUE,"Forebrain + Hindbrain + Midbrain",FALSE,FALSE
"Calu","Calu",3,0.0722947280785139,0.699120224679544,"NM_001285412",-0.655810104735917,0.0722947280785139,0.396272028699714,NA,NA,NA,NA,FALSE,FALSE
"Lsm6","Lsm6",2,0.0725629670337765,0.69975609726645,"NM_001191004",-0.283554575449721,0.0725629670337765,0.396733280104919,NA,NA,NA,NA,FALSE,FALSE
"C8g","C8g",2,0.072917178379133,0.702317753908301,"NM_001271777",-1.05001475693566,0.072917178379133,0.398140699645355,TRUE,TRUE,FALSE,"Forebrain + Hindbrain",FALSE,FALSE
"Egfl7","Egfl7",4,0.073469036046791,0.702528856748972,"NM_198724",0.839337589975762,0.073469036046791,0.39885961496586,FALSE,FALSE,TRUE,"Midbrain only",FALSE,FALSE
"Ablim3","Ablim3",2,0.0730221804245324,0.702663963610367,"NM_001164491",-0.683657248579454,0.0730221804245324,0.39835696453897,TRUE,TRUE,TRUE,"Forebrain + Hindbrain + Midbrain",FALSE,FALSE
"Elmo1","Elmo1",2,0.0732231601119213,0.70269005768646,"NM_198093",-6.17300567157546,0.0732231601119213,0.398401144524298,TRUE,TRUE,TRUE,"Forebrain + Hindbrain + Midbrain",FALSE,FALSE
"Rbm4","Rbm4",4,0.0734307655424468,0.702773627625263,"NM_001290125",-0.584867869917862,0.0734307655424468,0.398827309328254,TRUE,TRUE,TRUE,"Forebrain + Hindbrain + Midbrain",FALSE,FALSE
"Cdk10","Cdk10",2,0.0731106909898955,0.702863331167844,"NM_194444",-1.21708223380841,0.0731106909898955,0.39835696453897,TRUE,TRUE,TRUE,"Forebrain + Hindbrain + Midbrain",FALSE,FALSE
"Gjc1","Gjc1",3,0.0731871494651535,0.702955585796194,"NM_001159383",-0.865487287708011,0.0731871494651535,0.398380866519627,TRUE,TRUE,TRUE,"Forebrain + Hindbrain + Midbrain",FALSE,FALSE
"Aplf","Aplf",2,0.0734068561703405,0.703145458224494,"NM_024251",-0.611349296293983,0.0734068561703405,0.398827309328254,NA,NA,NA,NA,FALSE,FALSE
"Tmem205","Tmem205",6,0.0733500337361017,0.70322729972822,"NM_001253867",-0.905252504841424,0.0733500337361017,0.398739830970702,TRUE,TRUE,TRUE,"Forebrain + Hindbrain + Midbrain",FALSE,FALSE
"Mtf2","Mtf2",6,0.0736272659639327,0.703339630484212,"NM_001253877",-0.345187079046786,0.0736272659639327,0.399383913319033,TRUE,TRUE,TRUE,"Forebrain + Hindbrain + Midbrain",FALSE,FALSE
"Gria1","Gria1",3,0.0736950705532771,0.703354153307571,"NM_008165",-4.28922473326208,0.0736950705532771,0.399383913319033,TRUE,TRUE,TRUE,"Forebrain + Hindbrain + Midbrain",FALSE,FALSE
"Cbwd1","Cbwd1",2,0.074199071454731,0.706612022690441,"NR_033744",-1.29533411335328,0.074199071454731,0.400532170494917,TRUE,FALSE,TRUE,"Forebrain + Midbrain",FALSE,FALSE
"Mitf","Mitf",2,0.0741443650804132,0.706715755590584,"NM_001113198",-3.24161320535947,0.0741443650804132,0.400532170494917,NA,NA,NA,NA,FALSE,FALSE
"Gstz1","Gstz1",3,0.0745462663149636,0.709067931599941,"NM_001252555",-1.68499423239636,0.0745462663149636,0.401528121486971,TRUE,TRUE,TRUE,"Forebrain + Hindbrain + Midbrain",FALSE,FALSE
"Isg20","Isg20",3,0.0746528071617447,0.709415001133038,"NM_020583",-3.01981218792207,0.0746528071617447,0.401576129196133,TRUE,TRUE,FALSE,"Forebrain + Hindbrain",FALSE,FALSE
"Ciz1","Ciz1",4,0.0747286539582725,0.709493326534062,"NM_001252534",0.47956536745589,0.0747286539582725,0.401808971610058,TRUE,TRUE,TRUE,"Forebrain + Hindbrain + Midbrain",FALSE,FALSE
"Cuedc2","Cuedc2",7,0.0756651036274058,0.717069968534769,"NM_001164291",0.485138211115337,0.0756651036274058,0.405959729896603,NA,NA,NA,NA,FALSE,FALSE
"Vezt","Vezt",4,0.0760702481369113,0.71941185819878,"NM_172538",1.18429040230759,0.0760702481369113,0.407601763790484,NA,NA,NA,NA,FALSE,FALSE
"Slc29a1","Slc29a1",4,0.0760346889685254,0.719693976788594,"NM_001199115",4.55827704568832,0.0760346889685254,0.407588211064988,FALSE,FALSE,TRUE,"Midbrain only",FALSE,FALSE
"Nox4","Nox4",3,0.0762804551129887,0.720644942878398,"NM_001285833",-4.21471571268481,0.0762804551129887,0.408550701429809,NA,NA,NA,NA,FALSE,FALSE
"Diap1","Diap1",3,0.0765762796047448,0.722024747891358,"NM_007858",3.78084623247902,0.0765762796047448,0.409424302566097,NA,NA,NA,NA,FALSE,FALSE
"Megf11","Megf11",2,0.0767312496526349,0.722182335274163,"NM_001134399",-1.55489916763072,0.0767312496526349,0.409720303207925,TRUE,TRUE,TRUE,"Forebrain + Hindbrain + Midbrain",FALSE,FALSE
"Art5","Art5",3,0.0766663874076521,0.722212762375415,"NM_001291354",-5.88691320716473,0.0766663874076521,0.409682991613627,NA,NA,NA,NA,FALSE,FALSE
"Arhgdib","Arhgdib",6,0.0765500284448811,0.722389261661312,"NM_007486",-1.47081195932636,0.0765500284448811,0.409424302566097,TRUE,TRUE,TRUE,"Forebrain + Hindbrain + Midbrain",FALSE,FALSE
"Sun2","Sun2",3,0.0772218065582943,0.725229800220977,"NM_001205346",-2.46382229639412,0.0772218065582943,0.411627253965162,NA,NA,NA,NA,FALSE,FALSE
"Ddr1","Ddr1",4,0.0772178629725669,0.725788321679062,"NM_001198833",-0.609130023362669,0.0772178629725669,0.411627253965162,TRUE,TRUE,TRUE,"Forebrain + Hindbrain + Midbrain",FALSE,FALSE
"Celf3","Celf3",4,0.0776930372653427,0.728690651802127,"NR_110353",2.63384104125519,0.0776930372653427,0.413781648620772,TRUE,TRUE,TRUE,"Forebrain + Hindbrain + Midbrain",FALSE,FALSE
"Dock7","Dock7",2,0.0781678887326817,0.732172696774097,"NM_001290636",-1.22727889509781,0.0781678887326817,0.416131038378469,TRUE,TRUE,TRUE,"Forebrain + Hindbrain + Midbrain",FALSE,FALSE
"Set","Set",2,0.0786650608893674,0.734639432371135,"NM_001204875",-0.658870387192348,0.0786650608893674,0.418164611320261,TRUE,TRUE,TRUE,"Forebrain + Hindbrain + Midbrain",FALSE,FALSE
"Nphp3","Nphp3",2,0.078626197891641,0.734904673147191,"NM_028721",-0.915513746887989,0.078626197891641,0.418164611320261,TRUE,TRUE,FALSE,"Forebrain + Hindbrain",FALSE,FALSE
"Abhd14a","Abhd14a",3,0.0785746067042135,0.735061310130833,"NM_001110271",-0.336555656375942,0.0785746067042135,0.418115845937902,TRUE,TRUE,TRUE,"Forebrain + Hindbrain + Midbrain",FALSE,FALSE
"Snrpn","Snrpn",3,0.0791538871866109,0.738215825800459,"NM_013670",3.51995381647359,0.0791538871866109,0.420111384035603,FALSE,FALSE,TRUE,"Midbrain only",FALSE,FALSE
"Slc44a2","Slc44a2",2,0.0794482759292843,0.738926086022145,"NM_001199186",-4.18640615747929,0.0794482759292843,0.420575782717699,TRUE,TRUE,TRUE,"Forebrain + Hindbrain + Midbrain",FALSE,FALSE
"Lrrc40","Lrrc40",3,0.0793649952691965,0.739416022976916,"NM_001289524",3.07753438863644,0.0793649952691965,0.420575782717699,NA,NA,NA,NA,FALSE,FALSE
"Kit","Kit",2,0.0794442588167596,0.739491178980048,"NM_001122733",-0.896745937671628,0.0794442588167596,0.420575782717699,FALSE,FALSE,TRUE,"Midbrain only",FALSE,FALSE
"Rprd1b","Rprd1b",4,0.0797554432547562,0.740937590752519,"NM_027434",0.697059456008835,0.0797554432547562,0.421491293260682,TRUE,TRUE,TRUE,"Forebrain + Hindbrain + Midbrain",FALSE,FALSE
"Cdk5rap3","Cdk5rap3",2,0.0798473410944569,0.741117953318871,"NM_001308183",-1.42477841636253,0.0798473410944569,0.42177510698669,NA,NA,NA,NA,FALSE,FALSE
"Clk2","Clk2",2,0.0803814165805046,0.745044080079464,"NM_001163432",-2.59024279269773,0.0803814165805046,0.423710670911331,TRUE,TRUE,TRUE,"Forebrain + Hindbrain + Midbrain",FALSE,FALSE
"Dmc1","Dmc1",3,0.0809142186497696,0.748947750085494,"NR_103477",-1.99588568541001,0.0809142186497696,0.425973318318326,NA,NA,NA,NA,FALSE,FALSE
"Fn3k","Fn3k",2,0.0809947401448127,0.749023166477902,"NM_001038699",-0.881762343415261,0.0809947401448127,0.426215391636242,NA,NA,NA,NA,FALSE,FALSE
"Lmo1","Lmo1",3,0.081234807066007,0.750443798063316,"NM_057173",-1.90146372390908,0.081234807066007,0.426750753169232,TRUE,TRUE,TRUE,"Forebrain + Hindbrain + Midbrain",FALSE,FALSE
"Uckl1os","Uckl1os",2,0.0813763997427214,0.751031789895439,"NR_027290",-2.75139215211978,0.0813763997427214,0.42698716180031,TRUE,TRUE,TRUE,"Forebrain + Hindbrain + Midbrain",FALSE,FALSE
"Hnrnpr","Hnrnpr",4,0.0816277348231414,0.752541580229485,"NM_001277122",0.631117865123661,0.0816277348231414,0.427904098435669,NA,NA,NA,NA,FALSE,FALSE
"Ttc23","Ttc23",3,0.0818807266773323,0.75406167947787,"NM_001168477",-1.10115962289671,0.0818807266773323,0.428683991174493,NA,NA,NA,NA,FALSE,FALSE
"Dhx32","Dhx32",3,0.0821082245398,0.755364300694448,"NM_133941",0.902598069058657,0.0821082245398,0.429328597805564,TRUE,TRUE,TRUE,"Forebrain + Hindbrain + Midbrain",FALSE,FALSE
"Prom1","Prom1",6,0.0824226386896583,0.755571261908338,"NM_001163577",-6.049168007927,0.0824226386896583,0.429879696293484,TRUE,TRUE,TRUE,"Forebrain + Hindbrain + Midbrain",FALSE,FALSE
"Atf2","Atf2",6,0.0824184340141596,0.756142012641853,"NM_001025093",-0.492130447733669,0.0824184340141596,0.429879696293484,TRUE,TRUE,TRUE,"Forebrain + Hindbrain + Midbrain",FALSE,FALSE
"Nrp2","Nrp2",6,0.0823001879218894,0.756366174664806,"NM_001077407",0.842316998652588,0.0823001879218894,0.429786000404619,TRUE,TRUE,TRUE,"Forebrain + Hindbrain + Midbrain",FALSE,FALSE
"Wipf3","Wipf3",2,0.082411507566112,0.756690900438461,"NM_001167861",-5.42577909954839,0.082411507566112,0.429879696293484,NA,NA,NA,NA,FALSE,FALSE
"Myo1c","Myo1c",3,0.0827173752613465,0.757426213668355,"NM_001080775",1.1021050630421,0.0827173752613465,0.431051975420884,TRUE,TRUE,TRUE,"Forebrain + Hindbrain + Midbrain",FALSE,FALSE
"Gpr137","Gpr137",4,0.0830440595900085,0.758935597093571,"NM_001177361",0.666392380274423,0.0830440595900085,0.432025166669774,NA,NA,NA,NA,FALSE,FALSE
"Taz","Taz",5,0.0829984795621213,0.759163015980828,"NM_001242616",-1.56049112792859,0.0829984795621213,0.432025166669774,TRUE,TRUE,TRUE,"Forebrain + Hindbrain + Midbrain",FALSE,FALSE
"Lin7a","Lin7a",3,0.0834304310978141,0.761541618570412,"NM_001284329",1.21633258811757,0.0834304310978141,0.433122221180911,NA,NA,NA,NA,FALSE,FALSE
"Cpsf7","Cpsf7",2,0.0839451830525455,0.763986230040498,"NM_001164272",-0.528210523866488,0.0839451830525455,0.434754823539012,TRUE,TRUE,TRUE,"Forebrain + Hindbrain + Midbrain",FALSE,FALSE
"P2rx7","P2rx7",4,0.0838781212534256,0.764039655088463,"NM_011027",-1.63806927086383,0.0838781212534256,0.434714832535603,TRUE,TRUE,FALSE,"Forebrain + Hindbrain",FALSE,FALSE
"Dach2","Dach2",4,0.0840458694851464,0.764210975356449,"NM_001289732",1.35939804581807,0.0840458694851464,0.43503608617731,TRUE,TRUE,TRUE,"Forebrain + Hindbrain + Midbrain",FALSE,FALSE
"Ctnnd1","Ctnnd1",5,0.0843067276316274,0.7645421464629,"NM_001085448",-1.96547912854217,0.0843067276316274,0.435655368079683,TRUE,TRUE,TRUE,"Forebrain + Hindbrain + Midbrain",FALSE,FALSE
"Msra","Msra",5,0.0841604709768688,0.764550169521895,"NM_026322",-4.03780449861386,0.0841604709768688,0.435446629708411,TRUE,TRUE,TRUE,"Forebrain + Hindbrain + Midbrain",FALSE,FALSE
"Cacul1","Cacul1",3,0.0838678877807649,0.764564532436554,"NM_001172096",-1.72963934708138,0.0838678877807649,0.434714832535603,TRUE,TRUE,TRUE,"Forebrain + Hindbrain + Midbrain",FALSE,FALSE
"Kif21a","Kif21a",4,0.0842441031301061,0.764632920675627,"NM_001109040",-2.16865039241455,0.0842441031301061,0.435655368079683,TRUE,TRUE,TRUE,"Forebrain + Hindbrain + Midbrain",FALSE,FALSE
"Ncoa6","Ncoa6",2,0.0844312064155479,0.764961104671559,"NM_019825",-1.11024328490946,0.0844312064155479,0.436095988233694,TRUE,TRUE,TRUE,"Forebrain + Hindbrain + Midbrain",FALSE,FALSE
"Mrpl15","Mrpl15",3,0.0847875825992863,0.765466120495222,"NM_025300",0.270986885652683,0.0847875825992863,0.436762568441062,TRUE,TRUE,TRUE,"Forebrain + Hindbrain + Midbrain",FALSE,FALSE
"Sct","Sct",4,0.084726136090598,0.765567492171361,"NM_001287171",4.45342441226235,0.084726136090598,0.436725363140342,TRUE,TRUE,TRUE,"Forebrain + Hindbrain + Midbrain",FALSE,FALSE
"4930447F24Rik","4930447F24Rik",2,0.0846634820816686,0.765659027795005,"NR_126077",-5.81066546448606,0.0846634820816686,0.436584775966482,NA,NA,NA,NA,FALSE,FALSE
"Arhgap32","Arhgap32",2,0.0846182317211943,0.765893857368173,"NM_001195632",-1.7525176258571,0.0846182317211943,0.436533854280743,NA,NA,NA,NA,FALSE,FALSE
"Elmsan1","Elmsan1",2,0.0851055501865969,0.767467446699829,"NM_001163502",-1.61200782641368,0.0851055501865969,0.437766773364988,NA,NA,NA,NA,FALSE,FALSE
"5730507C01Rik","5730507C01Rik",2,0.0854565659507036,0.769734166401849,"NM_001033157",-4.42261025609518,0.0854565659507036,0.438792496935145,TRUE,TRUE,FALSE,"Forebrain + Hindbrain",FALSE,FALSE
"Osbpl6","Osbpl6",4,0.0855668841210537,0.770028380553201,"NM_001290734",1.69867675746524,0.0855668841210537,0.43885924773641,TRUE,TRUE,FALSE,"Forebrain + Hindbrain",FALSE,FALSE
"Hcrtr1","Hcrtr1",3,0.0857790865295922,0.77115365419445,"NM_001305392",4.25341962055318,0.0857790865295922,0.43958219591992,NA,NA,NA,NA,FALSE,FALSE
"Wdr37","Wdr37",3,0.086039301055464,0.772059334001631,"NM_172445",-0.514683954776454,0.086039301055464,0.440184483840972,TRUE,TRUE,TRUE,"Forebrain + Hindbrain + Midbrain",FALSE,FALSE
"Cwc22","Cwc22",3,0.0865849133536777,0.7722442677505,"NM_030560",-0.641007468670628,0.0865849133536777,0.44132913291383,TRUE,TRUE,TRUE,"Forebrain + Hindbrain + Midbrain",FALSE,FALSE
"Slc25a13","Slc25a13",2,0.0862142548806396,0.772267910456855,"NM_015829",-2.41692406707551,0.0862142548806396,0.440531637775193,TRUE,TRUE,TRUE,"Forebrain + Hindbrain + Midbrain",FALSE,FALSE
"Arhgef9","Arhgef9",3,0.0860244914785788,0.772547010714571,"NM_001290385",1.4943963359771,0.0860244914785788,0.440184483840972,TRUE,TRUE,TRUE,"Forebrain + Hindbrain + Midbrain",FALSE,FALSE
"Endov","Endov",2,0.0861878166672897,0.772660420744845,"NM_177394",-1.34337196715825,0.0861878166672897,0.440531637775193,TRUE,TRUE,TRUE,"Forebrain + Hindbrain + Midbrain",FALSE,FALSE
"Slc16a3","Slc16a3",3,0.0865832179279992,0.77283574691995,"NM_001038653",1.74467088567185,0.0865832179279992,0.44132913291383,TRUE,TRUE,TRUE,"Forebrain + Hindbrain + Midbrain",FALSE,FALSE
"Ednrb","Ednrb",3,0.0865576877270575,0.773235005052506,"NM_001136061",0.396535628828327,0.0865576877270575,0.44132913291383,TRUE,TRUE,TRUE,"Forebrain + Hindbrain + Midbrain",FALSE,FALSE
"Pi4kb","Pi4kb",3,0.0865186646883635,0.773525440376534,"NM_001293715",-2.02274425008396,0.0865186646883635,0.44132913291383,TRUE,TRUE,TRUE,"Forebrain + Hindbrain + Midbrain",FALSE,FALSE
"Casp8","Casp8",2,0.0864752232402693,0.773780435720283,"NM_001080126",-3.37177340475207,0.0864752232402693,0.44132913291383,NA,NA,NA,NA,FALSE,FALSE
"2210408F21Rik","2210408F21Rik",6,0.0869673557981946,0.774730497822238,"NR_040261",4.22900537404311,0.0869673557981946,0.443095446139439,TRUE,TRUE,TRUE,"Forebrain + Hindbrain + Midbrain",FALSE,FALSE
"Oprl1","Oprl1",5,0.0871814391327954,0.775246127619317,"NR_045542",3.888420502901,0.0871814391327954,0.443453816528728,TRUE,TRUE,TRUE,"Forebrain + Hindbrain + Midbrain",FALSE,FALSE
"Terf2","Terf2",4,0.087129459568083,0.775432900592806,"NM_001083118",0.517810554183486,0.087129459568083,0.443372177760884,NA,NA,NA,NA,FALSE,FALSE
"Dpp6","Dpp6",4,0.0873233423644596,0.775783755378671,"NM_001198886",2.45835882867871,0.0873233423644596,0.443970764984339,FALSE,FALSE,TRUE,"Midbrain only",FALSE,FALSE
"Aes","Aes",3,0.0875473257682031,0.776980328924494,"NM_010347",-0.317210602766389,0.0875473257682031,0.444581892995731,NA,NA,NA,NA,FALSE,FALSE
"Mier1","Mier1",4,0.0883317171232726,0.782672362377506,"NM_001039081",0.89677740171085,0.0883317171232726,0.44798916096292,TRUE,TRUE,TRUE,"Forebrain + Hindbrain + Midbrain",FALSE,FALSE
"3110062M04Rik","3110062M04Rik",2,0.0884331769740121,0.782875959314437,"NM_199145",-1.12528611247778,0.0884331769740121,0.448158276738936,TRUE,TRUE,TRUE,"Forebrain + Hindbrain + Midbrain",FALSE,FALSE
"Il1r1","Il1r1",2,0.0885646097120648,0.783318999606502,"NM_001123382",-3.67830193646005,0.0885646097120648,0.448640100101346,NA,NA,NA,NA,FALSE,FALSE
"Mrpl55","Mrpl55",5,0.0892712908998067,0.787745538070384,"NM_001302336",-0.403216580404957,0.0892712908998067,0.451478577747383,TRUE,TRUE,FALSE,"Forebrain + Hindbrain",FALSE,FALSE
"Usp19","Usp19",3,0.0891985419829183,0.787777050315211,"NM_027804",-0.323712060848942,0.0891985419829183,0.451295616264539,TRUE,TRUE,TRUE,"Forebrain + Hindbrain + Midbrain",FALSE,FALSE
"Chn2","Chn2",2,0.089378695724122,0.78799026904383,"NM_001163640",-2.25216354117929,0.089378695724122,0.451651558245563,TRUE,TRUE,TRUE,"Forebrain + Hindbrain + Midbrain",FALSE,FALSE
"Unkl","Unkl",3,0.0902225330988393,0.791637926765699,"NM_028789",-0.572235062621986,0.0902225330988393,0.45442696262844,TRUE,TRUE,TRUE,"Forebrain + Hindbrain + Midbrain",FALSE,FALSE
"Xbp1","Xbp1",2,0.0901991242897124,0.792064955345883,"NM_013842",-1.7368780983945,0.0901991242897124,0.45442696262844,NA,NA,NA,NA,FALSE,FALSE
"Ncald","Ncald",4,0.0903644308813803,0.792149832772085,"NM_134094",-2.07686049064456,0.0903644308813803,0.454585029382892,TRUE,TRUE,TRUE,"Forebrain + Hindbrain + Midbrain",FALSE,FALSE
"Pip5k1a","Pip5k1a",2,0.0899819974072312,0.79218153115289,"NM_001293707",-0.954829614904357,0.0899819974072312,0.454142269122795,NA,NA,NA,NA,FALSE,FALSE
"Mcf2","Mcf2",3,0.0901739215455463,0.79247839296726,"NM_001289731",3.32012991709005,0.0901739215455463,0.45442696262844,NA,NA,NA,NA,FALSE,FALSE
"Dgcr6","Dgcr6",4,0.0901626054219134,0.79300280260094,"NM_001289814",0.452571276796676,0.0901626054219134,0.45442696262844,FALSE,FALSE,TRUE,"Midbrain only",FALSE,FALSE
"Fsd1l","Fsd1l",2,0.0907818888573449,0.793613703128198,"NM_001195284",-0.94152220323016,0.0907818888573449,0.455756105980324,TRUE,TRUE,TRUE,"Forebrain + Hindbrain + Midbrain",FALSE,FALSE
"Ncam2","Ncam2",2,0.0917064768501188,0.794167714153993,"NM_001113208",-1.39274220286406,0.0917064768501188,0.456880873223063,TRUE,TRUE,TRUE,"Forebrain + Hindbrain + Midbrain",FALSE,FALSE
"Zbtb24","Zbtb24",4,0.0907745542000027,0.794168128575856,"NM_153398",-0.746590957391969,0.0907745542000027,0.455756105980324,TRUE,TRUE,TRUE,"Forebrain + Hindbrain + Midbrain",FALSE,FALSE
"Tbce","Tbce",2,0.0907629909761209,0.794689984384151,"NR_130788",-1.18611764618236,0.0907629909761209,0.455756105980324,TRUE,TRUE,TRUE,"Forebrain + Hindbrain + Midbrain",FALSE,FALSE
"Max","Max",2,0.0917028578352307,0.794747055550447,"NM_001146176",-1.42051842623574,0.0917028578352307,0.456880873223063,FALSE,FALSE,TRUE,"Midbrain only",FALSE,FALSE
"1300002E11Rik","1300002E11Rik",2,0.0916943665478417,0.795289174042723,"NR_037958",-0.529146068374397,0.0916943665478417,0.456880873223063,NA,NA,NA,NA,FALSE,FALSE
"Gria4","Gria4",3,0.0916495133812174,0.795547470914039,"NM_001113181",-2.35923232136795,0.0916495133812174,0.456880873223063,FALSE,FALSE,TRUE,"Midbrain only",FALSE,FALSE
"Ddit3","Ddit3",2,0.0913531181601605,0.795665167507842,"NM_007837",-1.39642331582512,0.0913531181601605,0.456880873223063,TRUE,TRUE,TRUE,"Forebrain + Hindbrain + Midbrain",FALSE,FALSE
"Ackr2","Ackr2",2,0.0914427854924553,0.795758037901358,"NM_001276719",-6.39695850738122,0.0914427854924553,0.456880873223063,NA,NA,NA,NA,FALSE,FALSE
"Pdik1l","Pdik1l",2,0.0916085060443455,0.795836262387373,"NM_146156",-1.16827462583602,0.0916085060443455,0.456880873223063,TRUE,TRUE,TRUE,"Forebrain + Hindbrain + Midbrain",FALSE,FALSE
"Hipk2","Hipk2",4,0.0913448209425107,0.796211968671714,"NM_010433",1.31106815046883,0.0913448209425107,0.456880873223063,TRUE,TRUE,TRUE,"Forebrain + Hindbrain + Midbrain",FALSE,FALSE
"Brcc3","Brcc3",3,0.0916005729233269,0.796384827867071,"NM_001166457",-0.608961233049308,0.0916005729233269,0.456880873223063,NA,NA,NA,NA,FALSE,FALSE
"Sema4a","Sema4a",4,0.091227885615564,0.796517678237407,"NM_001163489",10.5336361953974,0.091227885615564,0.456880873223063,TRUE,TRUE,TRUE,"Forebrain + Hindbrain + Midbrain",FALSE,FALSE
"Fbxo9","Fbxo9",2,0.0913139602028841,0.796582025990575,"NM_023605",-2.38011413717841,0.0913139602028841,0.456880873223063,NA,NA,NA,NA,FALSE,FALSE
"Nxt2","Nxt2",4,0.0922171302293393,0.797543740353923,"NM_001290532",3.21975631636949,0.0922171302293393,0.458749381979543,TRUE,TRUE,TRUE,"Forebrain + Hindbrain + Midbrain",FALSE,FALSE
"Atf5","Atf5",2,0.0929145297389027,0.798098054792791,"NM_030693",-1.78978947016664,0.0929145297389027,0.459361096545697,TRUE,TRUE,TRUE,"Forebrain + Hindbrain + Midbrain",FALSE,FALSE
"Mat2b","Mat2b",2,0.092839403545841,0.798122882357074,"NM_001199274",-0.354582468415087,0.092839403545841,0.459173643188649,TRUE,TRUE,TRUE,"Forebrain + Hindbrain + Midbrain",FALSE,FALSE
"Tcp1","Tcp1",2,0.093115606179794,0.79844062330248,"NM_013686",-0.783045891907283,0.093115606179794,0.459986621400584,NA,NA,NA,NA,FALSE,FALSE
"Inadl","Inadl",4,0.0924110144739583,0.798444748528899,"NM_172696",0.881883276449489,0.0924110144739583,0.459071124028715,TRUE,TRUE,TRUE,"Forebrain + Hindbrain + Midbrain",FALSE,FALSE
"Tfe3","Tfe3",6,0.0925170003847059,0.798660145709448,"NM_172472",-1.18864103868703,0.0925170003847059,0.459071124028715,TRUE,TRUE,TRUE,"Forebrain + Hindbrain + Midbrain",FALSE,FALSE
"Skap1","Skap1",3,0.0928313612525614,0.798667503059069,"NM_001033186",3.681585617734,0.0928313612525614,0.459173643188649,TRUE,TRUE,FALSE,"Forebrain + Hindbrain",FALSE,FALSE
"Zfp318","Zfp318",2,0.0930816551323355,0.798784098098587,"NM_021346",-0.76848204056628,0.0930816551323355,0.459986621400584,TRUE,TRUE,TRUE,"Forebrain + Hindbrain + Midbrain",FALSE,FALSE
"Fam46a","Fam46a",2,0.0927013140843192,0.798874678146875,"NM_001160378",-1.40940511404276,0.0927013140843192,0.459173643188649,NA,NA,NA,NA,FALSE,FALSE
"Neurl1a","Neurl1a",2,0.0926326660317261,0.798950231682696,"NM_021360",-3.03938112445171,0.0926326660317261,0.459071124028715,TRUE,TRUE,FALSE,"Forebrain + Hindbrain",FALSE,FALSE
"Adgre5","Adgre5",4,0.092821158238461,0.799196195715601,"NM_011925",-1.08926212778082,0.092821158238461,0.459173643188649,TRUE,TRUE,TRUE,"Forebrain + Hindbrain + Midbrain",FALSE,FALSE
"Rangrf","Rangrf",4,0.0936085743907179,0.801636661703339,"NM_021329",0.687615057644302,0.0936085743907179,0.461973321474576,NA,NA,NA,NA,FALSE,FALSE
"Slc6a15","Slc6a15",2,0.0945238286947956,0.807459072391671,"NM_001252330",-3.1629469746987,0.0945238286947956,0.464525705334041,NA,NA,NA,NA,FALSE,FALSE
"Trub2","Trub2",4,0.0944713148255718,0.807666750025375,"NM_145520",1.25043566961332,0.0944713148255718,0.4644525995807,TRUE,TRUE,TRUE,"Forebrain + Hindbrain + Midbrain",FALSE,FALSE
"Tmtc3","Tmtc3",2,0.0948658459755233,0.809472038734614,"NM_001110013",-3.80660589198718,0.0948658459755233,0.465650174756546,TRUE,TRUE,TRUE,"Forebrain + Hindbrain + Midbrain",FALSE,FALSE
"Cant1","Cant1",5,0.0950122374512272,0.809982029011758,"NM_001025617",1.17674051272657,0.0950122374512272,0.466095172426485,TRUE,TRUE,TRUE,"Forebrain + Hindbrain + Midbrain",FALSE,FALSE
"Phyhd1","Phyhd1",4,0.0952191552894233,0.810953916611857,"NM_001252571",-6.57682093958223,0.0952191552894233,0.466641928622511,TRUE,TRUE,TRUE,"Forebrain + Hindbrain + Midbrain",FALSE,FALSE
"Fam168b","Fam168b",3,0.0955379209844793,0.812165561710641,"NM_001160235",1.27619432227743,0.0955379209844793,0.467017652571868,NA,NA,NA,NA,FALSE,FALSE
"Ddx24","Ddx24",2,0.0954971016520985,0.812466246692544,"NM_001159502",-0.667063056545076,0.0954971016520985,0.467017652571868,TRUE,TRUE,TRUE,"Forebrain + Hindbrain + Midbrain",FALSE,FALSE
"Mark3","Mark3",2,0.09568756769617,0.812695139302942,"NM_021516",-1.87710463898399,0.09568756769617,0.467452329917157,TRUE,TRUE,TRUE,"Forebrain + Hindbrain + Midbrain",FALSE,FALSE
"BC068281","BC068281",2,0.0958968861394933,0.813066187522803,"NM_001170858",-0.762738398330771,0.0958968861394933,0.467493808640226,TRUE,TRUE,TRUE,"Forebrain + Hindbrain + Midbrain",FALSE,FALSE
"Tsr2","Tsr2",3,0.0958730900180927,0.813496761582828,"NR_028392",1.95301759695319,0.0958730900180927,0.467493808640226,TRUE,TRUE,TRUE,"Forebrain + Hindbrain + Midbrain",FALSE,FALSE
"Zbtb46","Zbtb46",2,0.0961129747911165,0.814097981979542,"NM_027656",-0.487822877279108,0.0961129747911165,0.468048188209304,TRUE,TRUE,TRUE,"Forebrain + Hindbrain + Midbrain",FALSE,FALSE
"Senp7","Senp7",4,0.0966043535484453,0.814769669906068,"NM_001304503",-0.999840586409415,0.0966043535484453,0.468958213023184,TRUE,TRUE,TRUE,"Forebrain + Hindbrain + Midbrain",FALSE,FALSE
"Tcf4","Tcf4",2,0.0966011378264496,0.815355644568608,"NM_013685",-0.336389752996888,0.0966011378264496,0.468958213023184,TRUE,TRUE,TRUE,"Forebrain + Hindbrain + Midbrain",FALSE,FALSE
"Gpr19","Gpr19",7,0.0967980011812834,0.815623468774438,"NR_072990",1.17607118086772,0.0967980011812834,0.46953118497525,TRUE,TRUE,TRUE,"Forebrain + Hindbrain + Midbrain",FALSE,FALSE
"Eif3k","Eif3k",2,0.0963949853442226,0.815627791592682,"NM_001285943",-0.47977499818894,0.0963949853442226,0.468958213023184,NA,NA,NA,NA,FALSE,FALSE
"Rnf6","Rnf6",4,0.0965933797391069,0.815908090246766,"NM_028774",0.869816645432633,0.0965933797391069,0.468958213023184,TRUE,TRUE,TRUE,"Forebrain + Hindbrain + Midbrain",FALSE,FALSE
"Galnt1","Galnt1",2,0.0969678325188788,0.816295652595147,"NM_013814",-0.901316106522362,0.0969678325188788,0.469985488327951,TRUE,TRUE,TRUE,"Forebrain + Hindbrain + Midbrain",FALSE,FALSE
"Cdk2","Cdk2",2,0.0965889623662698,0.81648668835588,"NM_016756",-0.635418870596494,0.0965889623662698,0.468958213023184,TRUE,TRUE,TRUE,"Forebrain + Hindbrain + Midbrain",FALSE,FALSE
"Meis1","Meis1",2,0.097201809773689,0.81744980805802,"NM_001193271",-2.60177185152259,0.097201809773689,0.470749738071948,FALSE,FALSE,TRUE,"Midbrain only",FALSE,FALSE
"Fam220a","Fam220a",2,0.0973879076905921,0.81824092846276,"NM_133703",-0.31592424440221,0.0973879076905921,0.471281090549767,TRUE,TRUE,TRUE,"Forebrain + Hindbrain + Midbrain",FALSE,FALSE
"Tbx20","Tbx20",3,0.0978574170460508,0.81993767646073,"NM_001205085",-3.95311298064169,0.0978574170460508,0.472280328238621,NA,NA,NA,NA,FALSE,FALSE
"Bcl2l1","Bcl2l1",4,0.0979457263245471,0.819989625138065,"NM_001289716",0.398081156603352,0.0979457263245471,0.472313506387226,TRUE,TRUE,TRUE,"Forebrain + Hindbrain + Midbrain",FALSE,FALSE
"Gaa","Gaa",2,0.0977964182706851,0.820090616069004,"NM_008064",-0.563123423503604,0.0977964182706851,0.472280328238621,NA,NA,NA,NA,FALSE,FALSE
"Ubqln1","Ubqln1",2,0.0981480187940233,0.820284983875517,"NM_152234",-0.355498449098504,0.0981480187940233,0.47264733807022,TRUE,TRUE,TRUE,"Forebrain + Hindbrain + Midbrain",FALSE,FALSE
"Aamdc","Aamdc",3,0.0980941421571796,0.820491465417827,"NM_183251",0.706780989400948,0.0980941421571796,0.47264733807022,TRUE,TRUE,TRUE,"Forebrain + Hindbrain + Midbrain",FALSE,FALSE
"Prpf19","Prpf19",2,0.0977744125893826,0.820536787590975,"NM_001253843",-0.44358522835538,0.0977744125893826,0.472280328238621,TRUE,TRUE,TRUE,"Forebrain + Hindbrain + Midbrain",FALSE,FALSE
"Scfd2","Scfd2",3,0.0982832011909421,0.820686461309278,"NM_178672",0.448151220651232,0.0982832011909421,0.473016654717716,TRUE,TRUE,TRUE,"Forebrain + Hindbrain + Midbrain",FALSE,FALSE
"Steap2","Steap2",4,0.0999009273490294,0.821773593750662,"NM_001103157",1.63557862765307,0.0999009273490294,0.473935849179701,NA,NA,NA,NA,FALSE,FALSE
"Lrrfip2","Lrrfip2",2,0.100010449859315,0.821976149772872,"NM_027742",-2.94343017587022,0.100010449859315,0.473935849179701,NA,NA,NA,NA,FALSE,FALSE
"Cd160","Cd160",2,0.0985381992285511,0.821981440558377,"NM_001163497",-5.73377998184249,0.0985381992285511,0.473689668282166,NA,NA,NA,NA,FALSE,FALSE
"Mynn","Mynn",3,0.0998902965413323,0.822297887585067,"NM_001289622",-0.807222381867042,0.0998902965413323,0.473935849179701,TRUE,TRUE,TRUE,"Forebrain + Hindbrain + Midbrain",FALSE,FALSE
"Hnrnpd","Hnrnpd",4,0.0998305761338284,0.82246164423085,"NM_001077266",0.560572835162795,0.0998305761338284,0.473935849179701,FALSE,FALSE,TRUE,"Midbrain only",FALSE,FALSE
"Xkr5","Xkr5",3,0.0996074161364209,0.822629295482285,"NM_176951",-2.00719758497899,0.0996074161364209,0.473935849179701,TRUE,TRUE,TRUE,"Forebrain + Hindbrain + Midbrain",FALSE,FALSE
"2700097O09Rik","2700097O09Rik",2,0.0987214396241599,0.822738494270338,"NR_030764",-0.697622310226792,0.0987214396241599,0.473868888254628,TRUE,TRUE,TRUE,"Forebrain + Hindbrain + Midbrain",FALSE,FALSE
"Lmf1","Lmf1",2,0.0994600134781085,0.822751154494921,"NM_029624",-1.78935334676088,0.0994600134781085,0.473935849179701,FALSE,FALSE,TRUE,"Midbrain only",FALSE,FALSE
"Gtf2ird1","Gtf2ird1",7,0.099714163116891,0.822812028916716,"NM_001081466",-1.41507617920443,0.099714163116891,0.473935849179701,TRUE,TRUE,TRUE,"Forebrain + Hindbrain + Midbrain",FALSE,FALSE
"Shprh","Shprh",3,0.0998077007852901,0.822897005325155,"NM_172937",1.17183880860831,0.0998077007852901,0.473935849179701,NA,NA,NA,NA,FALSE,FALSE
"Fam219b","Fam219b",2,0.0994236610758832,0.823088468559179,"NM_175273",-1.10675241426645,0.0994236610758832,0.473935849179701,TRUE,TRUE,TRUE,"Forebrain + Hindbrain + Midbrain",FALSE,FALSE
"Fam166b","Fam166b",2,0.100494378784626,0.823116662017181,"NM_177377",-5.44996196041571,0.100494378784626,0.47458883819452,TRUE,TRUE,FALSE,"Forebrain + Hindbrain",FALSE,FALSE
"Nfkbib","Nfkbib",2,0.0996025595486268,0.823198744909883,"NM_010908",-1.03519468792791,0.0996025595486268,0.473935849179701,NA,NA,NA,NA,FALSE,FALSE
"Tsc2","Tsc2",7,0.0992843522038101,0.823270828557002,"NM_001286720",1.32669684402458,0.0992843522038101,0.473935849179701,TRUE,TRUE,TRUE,"Forebrain + Hindbrain + Midbrain",FALSE,FALSE
"Mphosph9","Mphosph9",3,0.100619443750733,0.823429979379859,"NR_102690",-1.39013192597242,0.100619443750733,0.474634532065768,NA,NA,NA,NA,FALSE,FALSE
"Crlf3","Crlf3",2,0.0993962151732532,0.823492217449526,"NM_018776",-2.0249853442474,0.0993962151732532,0.473935849179701,TRUE,TRUE,TRUE,"Forebrain + Hindbrain + Midbrain",FALSE,FALSE
"D130020L05Rik","D130020L05Rik",3,0.100299181155397,0.823492314620644,"NR_038050",1.41542749518214,0.100299181155397,0.47458883819452,FALSE,FALSE,TRUE,"Midbrain only",FALSE,FALSE
"Tjp2","Tjp2",2,0.100471726307246,0.823552153505349,"NM_011597",-1.33434585007669,0.100471726307246,0.47458883819452,FALSE,FALSE,TRUE,"Midbrain only",FALSE,FALSE
"Rbm43","Rbm43",3,0.0990917674301393,0.823666516523957,"NM_001141981",1.71442651127629,0.0990917674301393,0.473935849179701,TRUE,TRUE,TRUE,"Forebrain + Hindbrain + Midbrain",FALSE,FALSE
"Phyhipl","Phyhipl",2,0.0992633713809774,0.823723208822495,"NM_178621",-4.42916347222659,0.0992633713809774,0.473935849179701,NA,NA,NA,NA,FALSE,FALSE
"Zfp239","Zfp239",2,0.0991839183814956,0.823742089457834,"NM_008616",-2.87710563254036,0.0991839183814956,0.473935849179701,TRUE,TRUE,TRUE,"Forebrain + Hindbrain + Midbrain",FALSE,FALSE
"0610010B08Rik","0610010B08Rik",5,0.0990230424547028,0.823764966945437,"NM_001177543",-4.09268658952253,0.0990230424547028,0.473935849179701,TRUE,TRUE,FALSE,"Forebrain + Hindbrain",FALSE,FALSE
"Lnx1","Lnx1",5,0.100428363713934,0.823836598621605,"NM_001159578",2.48291275367845,0.100428363713934,0.47458883819452,TRUE,TRUE,TRUE,"Forebrain + Hindbrain + Midbrain",FALSE,FALSE
"Lmtk3","Lmtk3",2,0.0989710354463013,0.823987962581391,"NM_001290990",-4.21777349663106,0.0989710354463013,0.473935849179701,NA,NA,NA,NA,FALSE,FALSE
"Slc9a8","Slc9a8",4,0.100785515951277,0.824041818395457,"NM_001304542",3.4783141656258,0.100785515951277,0.475236250224973,TRUE,TRUE,TRUE,"Forebrain + Hindbrain + Midbrain",FALSE,FALSE
"Lrrc49","Lrrc49",3,0.101166107054481,0.825614193281143,"NM_001146046",-0.922562691584323,0.101166107054481,0.476302846643379,FALSE,FALSE,TRUE,"Midbrain only",FALSE,FALSE
"Olfm1","Olfm1",3,0.101145029230147,0.826061953906198,"NM_019498",1.09612677556103,0.101145029230147,0.476302846643379,TRUE,TRUE,TRUE,"Forebrain + Hindbrain + Midbrain",FALSE,FALSE
"Cysltr1","Cysltr1",2,0.101593181463983,0.828119088744087,"NM_001281859",-4.18381245174847,0.101593181463983,0.477766714659128,NA,NA,NA,NA,FALSE,FALSE
"Htatip2","Htatip2",5,0.101701389750135,0.828303022402245,"NM_016865",-1.50145223277412,0.101701389750135,0.478093390292063,TRUE,TRUE,TRUE,"Forebrain + Hindbrain + Midbrain",FALSE,FALSE
"Egfr","Egfr",2,0.102240617492208,0.831007997572539,"NM_207655",-0.963813095122935,0.102240617492208,0.479966768741549,TRUE,TRUE,FALSE,"Forebrain + Hindbrain",FALSE,FALSE
"Rab34","Rab34",2,0.102226522328131,0.831509343416018,"NM_033475",-0.45962051691679,0.102226522328131,0.479966768741549,TRUE,TRUE,TRUE,"Forebrain + Hindbrain + Midbrain",FALSE,FALSE
"Pkp3","Pkp3",2,0.102575317493275,0.832826451706693,"NM_001162924",-4.62337638704309,0.102575317493275,0.480642346922989,NA,NA,NA,NA,FALSE,FALSE
"4933434E20Rik","4933434E20Rik",4,0.102831688184806,0.834074864723983,"NM_025762",-0.407356222683323,0.102831688184806,0.481207065680889,NA,NA,NA,NA,FALSE,FALSE
"Pttg1","Pttg1",2,0.103075133441303,0.835227193719473,"NM_013917",-0.304719224329331,0.103075133441303,0.481980730074147,NA,NA,NA,NA,FALSE,FALSE
"B3gnt9","B3gnt9",2,0.10352569177259,0.835450359907921,"NM_178879",-1.19146899703823,0.10352569177259,0.482270652426744,TRUE,TRUE,TRUE,"Forebrain + Hindbrain + Midbrain",FALSE,FALSE
"Fuom","Fuom",3,0.103461919479403,0.835595378554898,"NR_104415",-0.694082471316259,0.103461919479403,0.482270652426744,TRUE,TRUE,TRUE,"Forebrain + Hindbrain + Midbrain",FALSE,FALSE
"Fnbp1l","Fnbp1l",2,0.103645200181177,0.835705254120117,"NM_001114665",-2.66335118583606,0.103645200181177,0.482270652426744,TRUE,TRUE,TRUE,"Forebrain + Hindbrain + Midbrain",FALSE,FALSE
"Angpt1","Angpt1",2,0.103412922163293,0.835846795358847,"NM_001286062",-3.69481560863725,0.103412922163293,0.482270652426744,TRUE,TRUE,TRUE,"Forebrain + Hindbrain + Midbrain",FALSE,FALSE
"Etl4","Etl4",5,0.103382165332124,0.836229817317633,"NM_001081006",-3.40446342640371,0.103382165332124,0.482270652426744,FALSE,FALSE,TRUE,"Midbrain only",FALSE,FALSE
"Btbd6","Btbd6",2,0.103352346105765,0.836620131738861,"NM_201646",-2.34640364855494,0.103352346105765,0.482270652426744,FALSE,FALSE,TRUE,"Midbrain only",FALSE,FALSE
"Fgfr3","Fgfr3",5,0.104011519073058,0.837727467569136,"NM_001163217",1.50287538351119,0.104011519073058,0.483064413007729,TRUE,TRUE,TRUE,"Forebrain + Hindbrain + Midbrain",FALSE,FALSE
"D17Wsu92e","D17Wsu92e",3,0.104679777144888,0.84129711877785,"NM_001033279",1.25632346254756,0.104679777144888,0.484345125597271,TRUE,TRUE,TRUE,"Forebrain + Hindbrain + Midbrain",FALSE,FALSE
"C230072F16Rik","C230072F16Rik",2,0.104673210199141,0.841855881119978,"NR_131128",-1.86720091254738,0.104673210199141,0.484345125597271,TRUE,TRUE,FALSE,"Forebrain + Hindbrain",FALSE,FALSE
"Map1a","Map1a",2,0.104845098949547,0.84187166255143,"NM_032393",-1.25714831356729,0.104845098949547,0.484928231273394,TRUE,TRUE,FALSE,"Forebrain + Hindbrain",FALSE,FALSE
"Kdm3a","Kdm3a",2,0.105097870286098,0.843067935236717,"NM_001038695",-1.91403616349187,0.105097870286098,0.485915218932352,TRUE,TRUE,FALSE,"Forebrain + Hindbrain",FALSE,FALSE
"Camsap1","Camsap1",3,0.10608043958897,0.848231320183262,"NM_001276360",-6.0702470195817,0.10608043958897,0.489175121273501,TRUE,TRUE,TRUE,"Forebrain + Hindbrain + Midbrain",FALSE,FALSE
"Cars","Cars",2,0.106024500955459,0.848442756708902,"NM_013742",-0.583501180749972,0.106024500955459,0.48909994085621,TRUE,TRUE,TRUE,"Forebrain + Hindbrain + Midbrain",FALSE,FALSE
"Hk3","Hk3",3,0.106011889117603,0.84896224307973,"NM_001206392",5.84833700628487,0.106011889117603,0.48909994085621,NA,NA,NA,NA,FALSE,FALSE
"Armcx1","Armcx1",5,0.106445593214012,0.85021062968559,"NM_001166380",-0.845992243775093,0.106445593214012,0.48976085766626,TRUE,TRUE,TRUE,"Forebrain + Hindbrain + Midbrain",FALSE,FALSE
"Zfp960","Zfp960",2,0.106727520203509,0.850987320788246,"NM_001163919",-3.53830706308274,0.106727520203509,0.490509347974414,NA,NA,NA,NA,FALSE,FALSE
"Aptx","Aptx",3,0.106669857509024,0.851188651527833,"NM_001025444",2.88805190320557,0.106669857509024,0.490426990186796,TRUE,TRUE,TRUE,"Forebrain + Hindbrain + Midbrain",FALSE,FALSE
"Mpdz","Mpdz",3,0.106974524270193,0.851514240940272,"NM_001305284",-3.76916585027888,0.106974524270193,0.491095844305872,FALSE,FALSE,TRUE,"Midbrain only",FALSE,FALSE
"Spata7","Spata7",4,0.107364317290646,0.851828492472809,"NM_178914",-1.17485707771679,0.107364317290646,0.491970172806005,TRUE,TRUE,TRUE,"Forebrain + Hindbrain + Midbrain",FALSE,FALSE
"Rtn1","Rtn1",4,0.106974027634235,0.852119394839277,"NM_153457",1.14091157925307,0.106974027634235,0.491095844305872,NA,NA,NA,NA,FALSE,FALSE
"Tmem141","Tmem141",2,0.107330578484413,0.852198383803951,"NM_001109993",-0.532792992737539,0.107330578484413,0.491970172806005,FALSE,FALSE,TRUE,"Midbrain only",FALSE,FALSE
"6820408C15Rik","6820408C15Rik",3,0.107315403631592,0.852699434724549,"NR_110368",-2.93752650807002,0.107315403631592,0.491970172806005,TRUE,TRUE,FALSE,"Forebrain + Hindbrain",FALSE,FALSE
"Ttyh1","Ttyh1",3,0.107614550917036,0.852978831120199,"NM_001001454",2.14118567584602,0.107614550917036,0.492768323890635,TRUE,TRUE,FALSE,"Forebrain + Hindbrain",FALSE,FALSE
"Chrdl1","Chrdl1",2,0.107716880006156,0.853089711147865,"NM_001114385",-1.43866562720811,0.107716880006156,0.493036461155774,NA,NA,NA,NA,FALSE,FALSE
"Pkn1","Pkn1",2,0.107313183311056,0.853292433925615,"NM_177262",-3.49518303871226,0.107313183311056,0.491970172806005,NA,NA,NA,NA,FALSE,FALSE
"Tfdp1","Tfdp1",4,0.108182304727273,0.855134887725529,"NM_009361",0.575820060565276,0.108182304727273,0.494067224402127,TRUE,TRUE,TRUE,"Forebrain + Hindbrain + Midbrain",FALSE,FALSE
"Itfg3","Itfg3",2,0.108169814890579,0.855655239985807,"NM_207217",-0.69289993579007,0.108169814890579,0.494067224402127,TRUE,TRUE,TRUE,"Forebrain + Hindbrain + Midbrain",FALSE,FALSE
"Sh2b2","Sh2b2",3,0.10836432958092,0.855799932841791,"NM_001302938",4.39765816157025,0.10836432958092,0.49422078638027,TRUE,TRUE,TRUE,"Forebrain + Hindbrain + Midbrain",FALSE,FALSE
"Fxyd2","Fxyd2",3,0.108547080231678,0.856468585109074,"NM_007503",-4.07357989809294,0.108547080231678,0.494661108078132,TRUE,TRUE,FALSE,"Forebrain + Hindbrain",FALSE,FALSE
"Glo1","Glo1",2,0.109168672783768,0.858368344172984,"NM_025374",-0.313974174377297,0.109168672783768,0.49600072561833,NA,NA,NA,NA,FALSE,FALSE
"Ncmap","Ncmap",6,0.109263462232835,0.8584199031366,"NM_001168500",-5.67578991745791,0.109263462232835,0.49600072561833,TRUE,TRUE,FALSE,"Forebrain + Hindbrain",FALSE,FALSE
"Pacsin3","Pacsin3",4,0.109139707443077,0.858774387491716,"NM_001289678",-1.20290060667286,0.109139707443077,0.49600072561833,TRUE,TRUE,TRUE,"Forebrain + Hindbrain + Midbrain",FALSE,FALSE
"Echdc2","Echdc2",2,0.109089890122769,0.859035860223579,"NM_001254754",-1.57669744057879,0.109089890122769,0.49600072561833,TRUE,TRUE,TRUE,"Forebrain + Hindbrain + Midbrain",FALSE,FALSE
"Ctbp1","Ctbp1",4,0.109020760264496,0.859163130937351,"NM_001198860",0.268147273163046,0.109020760264496,0.49600072561833,FALSE,TRUE,FALSE,"Hindbrain only",FALSE,FALSE
"Clcn3","Clcn3",4,0.110052760635657,0.860853201964304,"NM_173874",1.39767477368721,0.110052760635657,0.498001857808585,TRUE,TRUE,FALSE,"Forebrain + Hindbrain",FALSE,FALSE
"Prrg1","Prrg1",3,0.109703054791065,0.860862059615789,"NM_001164275",-2.8969632760481,0.109703054791065,0.49733126235185,TRUE,TRUE,TRUE,"Forebrain + Hindbrain + Midbrain",FALSE,FALSE
"1110017D15Rik","1110017D15Rik",6,0.109810542189816,0.860998934843413,"NR_045551",5.75578870883833,0.109810542189816,0.497453043547109,FALSE,FALSE,TRUE,"Midbrain only",FALSE,FALSE
"Tssc4","Tssc4",3,0.110046445171368,0.861416216439771,"NM_001115085",-0.676219850029581,0.110046445171368,0.498001857808585,TRUE,TRUE,TRUE,"Forebrain + Hindbrain + Midbrain",FALSE,FALSE
"Cttnbp2nl","Cttnbp2nl",3,0.109981059555361,0.861571455742097,"NM_001163332",-0.858715128834025,0.109981059555361,0.498001857808585,TRUE,TRUE,FALSE,"Forebrain + Hindbrain",FALSE,FALSE
"Arrb1","Arrb1",2,0.110266713204332,0.861723618744487,"NM_177231",-10.9236740425931,0.110266713204332,0.498421699978558,TRUE,TRUE,TRUE,"Forebrain + Hindbrain + Midbrain",FALSE,FALSE
"Gng12","Gng12",6,0.110417472162691,0.862156674475161,"NM_001177558",2.16794321136924,0.110417472162691,0.498920397835082,TRUE,TRUE,TRUE,"Forebrain + Hindbrain + Midbrain",FALSE,FALSE
"Cntrl","Cntrl",2,0.110796546431877,0.864160055240403,"NM_012018",-1.2673483456475,0.110796546431877,0.500449993766238,TRUE,TRUE,TRUE,"Forebrain + Hindbrain + Midbrain",FALSE,FALSE
"Zmym6","Zmym6",5,0.110918939837097,0.864394601335006,"NM_001285885",1.11434113373513,0.110918939837097,0.50081950881441,TRUE,TRUE,TRUE,"Forebrain + Hindbrain + Midbrain",FALSE,FALSE
"Crem","Crem",15,0.111370333885315,0.865672006415314,"NM_001110859",-5.83991787037284,0.111370333885315,0.50157296355649,TRUE,TRUE,TRUE,"Forebrain + Hindbrain + Midbrain",FALSE,FALSE
"Dnmt1","Dnmt1",3,0.111253237539482,0.866083376828129,"NM_001199433",-0.743245138442227,0.111253237539482,0.50157296355649,FALSE,FALSE,TRUE,"Midbrain only",FALSE,FALSE
"Rpl34","Rpl34",3,0.11135239741967,0.866156075197691,"NM_001287581",-0.61399473986905,0.11135239741967,0.50157296355649,NA,NA,NA,NA,FALSE,FALSE
"Mlx","Mlx",3,0.11167779594562,0.866563577026117,"NM_001159385",-0.552629292538762,0.11167779594562,0.502448150518159,TRUE,TRUE,TRUE,"Forebrain + Hindbrain + Midbrain",FALSE,FALSE
"Azi2","Azi2",4,0.111766828839427,0.86656591026326,"NM_001286508",4.46662761073009,0.111766828839427,0.502448150518159,TRUE,TRUE,TRUE,"Forebrain + Hindbrain + Midbrain",FALSE,FALSE
"Puf60","Puf60",3,0.111656238354418,0.867022896485848,"NM_133691",0.371578073793299,0.111656238354418,0.502448150518159,TRUE,TRUE,TRUE,"Forebrain + Hindbrain + Midbrain",FALSE,FALSE
"Serpinh1","Serpinh1",4,0.112012549600928,0.867031552964722,"NM_001285776",-1.06691300476354,0.112012549600928,0.502448150518159,NA,NA,NA,NA,FALSE,FALSE
"Tbc1d5","Tbc1d5",2,0.111985311306052,0.867451582524514,"NM_001285991",-2.68389780511629,0.111985311306052,0.502448150518159,TRUE,TRUE,TRUE,"Forebrain + Hindbrain + Midbrain",FALSE,FALSE
"Armcx2","Armcx2",3,0.112175446609238,0.867536260068727,"NM_026139",-0.601636812072802,0.112175446609238,0.502996006961483,TRUE,TRUE,TRUE,"Forebrain + Hindbrain + Midbrain",FALSE,FALSE
"Kcnt1","Kcnt1",2,0.11249400964799,0.867888409670688,"NM_001302351",-3.64906541532792,0.11249400964799,0.503875164811687,TRUE,TRUE,FALSE,"Forebrain + Hindbrain",FALSE,FALSE
"1810009A15Rik","1810009A15Rik",2,0.112316769219513,0.867893062147314,"NR_104416",-0.547488152529424,0.112316769219513,0.503446760686083,NA,NA,NA,NA,FALSE,FALSE
"A330009N23Rik","A330009N23Rik",3,0.112434277926394,0.868087182922938,"NR_045328",2.8932420038685,0.112434277926394,0.503790482792922,TRUE,TRUE,TRUE,"Forebrain + Hindbrain + Midbrain",FALSE,FALSE
"D16Ertd472e","D16Ertd472e",4,0.112994164765741,0.870677414471051,"NM_001252438",-1.17124786349589,0.112994164765741,0.50574827464971,NA,NA,NA,NA,FALSE,FALSE
"Rnft2","Rnft2",2,0.113198019106726,0.87145280383944,"NM_001109902",-1.64960134025241,0.113198019106726,0.506293423623412,NA,NA,NA,NA,FALSE,FALSE
"Ints3","Ints3",2,0.113343987643795,0.871834896820852,"NM_145540",-1.01395530203153,0.113343987643795,0.506762611421895,FALSE,FALSE,TRUE,"Midbrain only",FALSE,FALSE
"Txnip","Txnip",2,0.113684361047613,0.873529731282455,"NM_001009935",-0.461605743602589,0.113684361047613,0.507548847803017,FALSE,FALSE,TRUE,"Midbrain only",FALSE,FALSE
"Glb1","Glb1",3,0.113836083887342,0.87394761886201,"NM_009752",1.34350675077887,0.113836083887342,0.507901300158809,TRUE,TRUE,TRUE,"Forebrain + Hindbrain + Midbrain",FALSE,FALSE
"Uhrf1","Uhrf1",4,0.114054936664729,0.874210862262442,"NM_001111078",-0.490461109671593,0.114054936664729,0.508100331567784,TRUE,TRUE,TRUE,"Forebrain + Hindbrain + Midbrain",FALSE,FALSE
"Ppp1r1c","Ppp1r1c",3,0.114188622572426,0.874505194362841,"NR_110979",3.71710710232569,0.114188622572426,0.508328860946515,TRUE,TRUE,FALSE,"Forebrain + Hindbrain",FALSE,FALSE
"Ccdc106","Ccdc106",3,0.114009081384651,0.874508003228445,"NM_146178",-1.01960689590088,0.114009081384651,0.508079474281906,TRUE,TRUE,TRUE,"Forebrain + Hindbrain + Midbrain",FALSE,FALSE
"Tgfb1i1","Tgfb1i1",4,0.1144975290124,0.875976559835187,"NM_001289550",0.784491156583853,0.1144975290124,0.509152975860548,TRUE,TRUE,TRUE,"Forebrain + Hindbrain + Midbrain",FALSE,FALSE
"Srgap1","Srgap1",2,0.11499200393954,0.877475844124338,"NM_001242411",-3.54691186801783,0.11499200393954,0.510065179228583,TRUE,TRUE,FALSE,"Forebrain + Hindbrain",FALSE,FALSE
"Tpm2","Tpm2",3,0.114904911610429,0.877498391191754,"NM_009416",1.26339190429362,0.114904911610429,0.510019784448111,TRUE,TRUE,TRUE,"Forebrain + Hindbrain + Midbrain",FALSE,FALSE
"Btbd9","Btbd9",2,0.114870075118789,0.877871500933928,"NM_027060",-1.09420079121691,0.114870075118789,0.510019784448111,NA,NA,NA,NA,FALSE,FALSE
"Xpo1","Xpo1",2,0.11543588535543,0.879840169695899,"NM_001035226",-1.32071044059439,0.11543588535543,0.511666244714803,TRUE,TRUE,TRUE,"Forebrain + Hindbrain + Midbrain",FALSE,FALSE
"Ctf1","Ctf1",3,0.11556782983675,0.880115016431881,"NM_001301282",8.12702014957757,0.11556782983675,0.512067152669837,TRUE,TRUE,TRUE,"Forebrain + Hindbrain + Midbrain",FALSE,FALSE
"Nrcam","Nrcam",2,0.115741111895246,0.880665112243991,"NM_176930",-1.79378908980552,0.115741111895246,0.512650868911464,TRUE,TRUE,TRUE,"Forebrain + Hindbrain + Midbrain",FALSE,FALSE
"Pigx","Pigx",2,0.11603763565606,0.881428440254258,"NM_001111025",-0.432437534489127,0.11603763565606,0.5134114105399,TRUE,TRUE,TRUE,"Forebrain + Hindbrain + Midbrain",FALSE,FALSE
"Naa60","Naa60",2,0.116600756534229,0.881536326437471,"NM_029090",-0.962584721034522,0.116600756534229,0.51428478098186,TRUE,TRUE,TRUE,"Forebrain + Hindbrain + Midbrain",FALSE,FALSE
"P3h1","P3h1",2,0.115968369567265,0.881573812146251,"NM_001286148",-4.1583504581692,0.115968369567265,0.51330992248038,NA,NA,NA,NA,FALSE,FALSE
"Vasp","Vasp",4,0.116269729125628,0.881760097136376,"NM_001282022",3.59560221764775,0.116269729125628,0.51388555064837,TRUE,TRUE,TRUE,"Forebrain + Hindbrain + Midbrain",FALSE,FALSE
"Cenpk","Cenpk",3,0.117205452551423,0.881912595212538,"NM_181061",-2.58629981494461,0.117205452551423,0.514336872149561,TRUE,TRUE,TRUE,"Forebrain + Hindbrain + Midbrain",FALSE,FALSE
"Whsc1l1","Whsc1l1",4,0.116567194186416,0.881918455503815,"NM_001308481",0.745388283200839,0.116567194186416,0.51428478098186,TRUE,TRUE,TRUE,"Forebrain + Hindbrain + Midbrain",FALSE,FALSE
"Trpm3","Trpm3",6,0.117115102275505,0.881919265273327,"NM_001035244",2.16595581080961,0.117115102275505,0.514295229499401,TRUE,TRUE,TRUE,"Forebrain + Hindbrain + Midbrain",FALSE,FALSE
"Nkain4","Nkain4",2,0.116484159524109,0.881972851111063,"NM_001141933",-4.56183731528594,0.116484159524109,0.51428478098186,TRUE,TRUE,TRUE,"Forebrain + Hindbrain + Midbrain",FALSE,FALSE
"Sgsm1","Sgsm1",6,0.117594829068774,0.882068468645844,"NM_001254731",3.15376812911943,0.117594829068774,0.51496656085,TRUE,TRUE,TRUE,"Forebrain + Hindbrain + Midbrain",FALSE,FALSE
"Hap1","Hap1",2,0.117053683174693,0.882116765547623,"NM_177981",-0.980139079543706,0.117053683174693,0.514295229499401,TRUE,TRUE,TRUE,"Forebrain + Hindbrain + Midbrain",FALSE,FALSE
"Mea1","Mea1",6,0.117328074080748,0.882118234661424,"NM_010787",-0.813948427839018,0.117328074080748,0.514691942465849,TRUE,TRUE,TRUE,"Forebrain + Hindbrain + Midbrain",FALSE,FALSE
"Cadps2","Cadps2",4,0.116415614588457,0.88212344419982,"NM_001252107",1.1221440790076,0.116415614588457,0.51428478098186,TRUE,TRUE,FALSE,"Forebrain + Hindbrain",FALSE,FALSE
"Fam172a","Fam172a",4,0.117513749838148,0.88213665699488,"NM_001163419",1.04440427638179,0.117513749838148,0.514957270242451,FALSE,FALSE,TRUE,"Midbrain only",FALSE,FALSE
"Irak1","Irak1",5,0.116255706127223,0.882273251033834,"NM_001177973",1.49329752959124,0.116255706127223,0.51388555064837,TRUE,TRUE,TRUE,"Forebrain + Hindbrain + Midbrain",FALSE,FALSE
"Nasp","Nasp",3,0.11682767999955,0.882434356806726,"NM_001081475",-0.501764485150576,0.11682767999955,0.514295229499401,TRUE,TRUE,TRUE,"Forebrain + Hindbrain + Midbrain",FALSE,FALSE
"Tmem138","Tmem138",3,0.117020842470418,0.882503236050735,"NM_001302218",-0.38247083453752,0.117020842470418,0.514295229499401,TRUE,TRUE,TRUE,"Forebrain + Hindbrain + Midbrain",FALSE,FALSE
"Adarb1","Adarb1",4,0.116930227562893,0.882508329215176,"NM_001024837",-1.70050437133259,0.116930227562893,0.514295229499401,NA,NA,NA,NA,FALSE,FALSE
"Ric8b","Ric8b",2,0.11749494033365,0.882614304140019,"NM_183172",-0.675056695750249,0.11749494033365,0.514957270242451,TRUE,TRUE,TRUE,"Forebrain + Hindbrain + Midbrain",FALSE,FALSE
"Sesn1","Sesn1",2,0.117780886559503,0.882688759555465,"NM_001013370",-0.430692930131133,0.117780886559503,0.515395794377398,TRUE,TRUE,TRUE,"Forebrain + Hindbrain + Midbrain",FALSE,FALSE
"l7Rn6","l7Rn6",6,0.11829319483765,0.885443996576495,"NM_026304",0.326904394115502,0.11829319483765,0.517087504178748,TRUE,TRUE,TRUE,"Forebrain + Hindbrain + Midbrain",FALSE,FALSE
"Ppara","Ppara",2,0.118528474707274,0.885779326471793,"NM_001113418",-2.8590888161029,0.118528474707274,0.517565951128013,NA,NA,NA,NA,FALSE,FALSE
"Rbm3","Rbm3",5,0.118510371569829,0.886262722372141,"NM_001293658",0.297749846374059,0.118510371569829,0.517565951128013,NA,NA,NA,NA,FALSE,FALSE
"Nsmce2","Nsmce2",2,0.118784447580496,0.886849132837449,"NM_026746",-0.303780549156375,0.118784447580496,0.518316861083209,NA,NA,NA,NA,FALSE,FALSE
"Cbfa2t3","Cbfa2t3",3,0.11936851745125,0.889450954088188,"NM_009824",5.51113408037796,0.11936851745125,0.519762704780674,TRUE,TRUE,FALSE,"Forebrain + Hindbrain",FALSE,FALSE
"Nhs","Nhs",2,0.119282723394193,0.889495204849973,"NM_001081052",-6.02379458447503,0.119282723394193,0.519572469708556,NA,NA,NA,NA,FALSE,FALSE
"Cpeb3","Cpeb3",5,0.12005909461639,0.891525612262248,"NM_198300",7.52828045244943,0.12005909461639,0.520931514615418,NA,NA,NA,NA,FALSE,FALSE
"Adora1","Adora1",4,0.120013132331069,0.891830336522533,"NM_001291930",-2.00043585919268,0.120013132331069,0.520915249020538,TRUE,TRUE,TRUE,"Forebrain + Hindbrain + Midbrain",FALSE,FALSE
"Trim3","Trim3",4,0.119835455303205,0.891883878070155,"NM_001285873",2.82546461956869,0.119835455303205,0.520863713123268,TRUE,TRUE,TRUE,"Forebrain + Hindbrain + Midbrain",FALSE,FALSE
"Fbxw11","Fbxw11",4,0.120217549663643,0.891949595659134,"NM_001271347",-0.679922875886486,0.120217549663643,0.52125248167581,TRUE,TRUE,TRUE,"Forebrain + Hindbrain + Midbrain",FALSE,FALSE
"Htra3","Htra3",2,0.119991638921389,0.892294250548642,"NM_001042615",-0.71179734498933,0.119991638921389,0.520915249020538,TRUE,TRUE,TRUE,"Forebrain + Hindbrain + Midbrain",FALSE,FALSE
"Vwa5a","Vwa5a",2,0.120999368415765,0.892786597866108,"NM_172767",-4.20245064472617,0.120999368415765,0.523171761124926,FALSE,FALSE,TRUE,"Midbrain only",FALSE,FALSE
"Serbp1","Serbp1",4,0.120638053760074,0.892861870944344,"NM_001113565",0.283597097769897,0.120638053760074,0.522341608210284,NA,NA,NA,NA,FALSE,FALSE
"Swi5","Swi5",3,0.120607236129294,0.893264882816222,"NM_175190",0.949017704380642,0.120607236129294,0.522341608210284,NA,NA,NA,NA,FALSE,FALSE
"1700001O22Rik","1700001O22Rik",2,0.120981468026389,0.893271778243107,"NR_028486",-2.33220146968114,0.120981468026389,0.523171761124926,FALSE,FALSE,TRUE,"Midbrain only",FALSE,FALSE
"Ttc19","Ttc19",2,0.120942694164362,0.89362315537069,"NM_029704",-1.27708672353862,0.120942694164362,0.523171761124926,TRUE,TRUE,TRUE,"Forebrain + Hindbrain + Midbrain",FALSE,FALSE
"Flrt3","Flrt3",2,0.120852470923153,0.893643306288899,"NM_001172160",-0.742056556775494,0.120852470923153,0.52308645780137,TRUE,TRUE,TRUE,"Forebrain + Hindbrain + Midbrain",FALSE,FALSE
"Syce2","Syce2",4,0.120576885038325,0.893671440631036,"NM_001168246",-3.97695064918997,0.120576885038325,0.522341608210284,TRUE,TRUE,TRUE,"Forebrain + Hindbrain + Midbrain",FALSE,FALSE
"Tsga10","Tsga10",3,0.121392915743816,0.894715476822204,"NM_207228",-1.06418275795855,0.121392915743816,0.524322219208503,TRUE,TRUE,TRUE,"Forebrain + Hindbrain + Midbrain",FALSE,FALSE
"Galnt9","Galnt9",3,0.121708719427524,0.894939749932382,"NR_104449",4.69480116658892,0.121708719427524,0.52476785385592,TRUE,TRUE,TRUE,"Forebrain + Hindbrain + Midbrain",FALSE,FALSE
"Chpt1","Chpt1",3,0.121845591685836,0.895216213302871,"NM_001146690",1.39689199324839,0.121845591685836,0.525174502760467,TRUE,TRUE,TRUE,"Forebrain + Hindbrain + Midbrain",FALSE,FALSE
"Arhgap33","Arhgap33",3,0.121703359107052,0.895505624021591,"NM_178252",1.7596590497915,0.121703359107052,0.52476785385592,TRUE,TRUE,TRUE,"Forebrain + Hindbrain + Midbrain",FALSE,FALSE
"Gba","Gba",3,0.121654545736711,0.895793565452799,"NM_001077411",0.767040797395592,0.121654545736711,0.52476785385592,FALSE,FALSE,TRUE,"Midbrain only",FALSE,FALSE
"Ccl27a","Ccl27a",4,0.122057912952448,0.895974276174386,"NM_001164045",-0.55374823106287,0.122057912952448,0.525377928384305,NA,NA,NA,NA,FALSE,FALSE
"Dnajc6","Dnajc6",4,0.122282390672055,0.896808285433405,"NM_001164585",2.24988688377444,0.122282390672055,0.525771672785075,TRUE,TRUE,TRUE,"Forebrain + Hindbrain + Midbrain",FALSE,FALSE
"Als2","Als2",3,0.122764363314761,0.897482039318635,"NM_146109",1.13704104482032,0.122764363314761,0.526134889833659,TRUE,TRUE,TRUE,"Forebrain + Hindbrain + Midbrain",FALSE,FALSE
"Depdc5","Depdc5",3,0.123006085010496,0.897821003916707,"NM_177786",0.400769324449864,0.123006085010496,0.526681155110867,FALSE,FALSE,TRUE,"Midbrain only",FALSE,FALSE
"Zfp691","Zfp691",3,0.122736684617107,0.897905008969782,"NM_001145935",1.91292900764985,0.122736684617107,0.526134889833659,TRUE,TRUE,FALSE,"Forebrain + Hindbrain",FALSE,FALSE
"Syt6","Syt6",5,0.122940158738658,0.898000755907582,"NM_001276680",3.58506833330386,0.122940158738658,0.52658158932143,TRUE,TRUE,TRUE,"Forebrain + Hindbrain + Midbrain",FALSE,FALSE
"Hdac10","Hdac10",4,0.122728754425155,0.898454307508953,"NM_199198",0.882254345753012,0.122728754425155,0.526134889833659,TRUE,TRUE,TRUE,"Forebrain + Hindbrain + Midbrain",FALSE,FALSE
"Tnfrsf19","Tnfrsf19",2,0.122696588408462,0.898849879226652,"NM_001164155",-0.679918062421502,0.122696588408462,0.526134889833659,TRUE,TRUE,TRUE,"Forebrain + Hindbrain + Midbrain",FALSE,FALSE
"Iffo1","Iffo1",5,0.123450166389686,0.900038914186052,"NR_126495",1.05275118017191,0.123450166389686,0.527484436720471,TRUE,TRUE,TRUE,"Forebrain + Hindbrain + Midbrain",FALSE,FALSE
"Adam17","Adam17",3,0.123567247029248,0.90018146792856,"NM_009615",-2.35890446678377,0.123567247029248,0.527720081351434,NA,NA,NA,NA,FALSE,FALSE
"Kctd9","Kctd9",3,0.123718988920532,0.900542881581981,"NM_001285933",2.06772133745349,0.123718988920532,0.528084511684318,TRUE,TRUE,TRUE,"Forebrain + Hindbrain + Midbrain",FALSE,FALSE
"Tmem29","Tmem29",3,0.124009222109013,0.900581656240596,"NM_001164684",-1.71222271169636,0.124009222109013,0.528227062763281,NA,NA,NA,NA,FALSE,FALSE
"Tm6sf1","Tm6sf1",2,0.123934968710684,0.900710883394759,"NM_145375",-6.93616187921172,0.123934968710684,0.52809306418848,TRUE,TRUE,TRUE,"Forebrain + Hindbrain + Midbrain",FALSE,FALSE
"Amigo2","Amigo2",3,0.1238864539061,0.901002838434598,"NM_178114",-0.809580482925072,0.1238864539061,0.52809306418848,TRUE,TRUE,TRUE,"Forebrain + Hindbrain + Midbrain",FALSE,FALSE
"Grsf1","Grsf1",2,0.124664921501166,0.90232002551909,"NM_001098476",-0.58812529530414,0.124664921501166,0.529922539209229,TRUE,TRUE,TRUE,"Forebrain + Hindbrain + Midbrain",FALSE,FALSE
"Filip1l","Filip1l",2,0.124387487087101,0.902368105556808,"NM_001177871",-3.17356331296748,0.124387487087101,0.529290203674078,TRUE,TRUE,TRUE,"Forebrain + Hindbrain + Midbrain",FALSE,FALSE
"Fxyd5","Fxyd5",4,0.124640376375007,0.902763277637504,"NM_001287217",-0.972949516846422,0.124640376375007,0.529922539209229,TRUE,TRUE,TRUE,"Forebrain + Hindbrain + Midbrain",FALSE,FALSE
"Dmpk","Dmpk",4,0.12460692791209,0.903151092848169,"NM_032418",1.95939681289365,0.12460692791209,0.529922539209229,FALSE,FALSE,TRUE,"Midbrain only",FALSE,FALSE
"Angel2","Angel2",4,0.12497890753237,0.903693871842103,"NR_037579",-0.754400866695852,0.12497890753237,0.531074283384795,TRUE,TRUE,TRUE,"Forebrain + Hindbrain + Midbrain",FALSE,FALSE
"Brd8","Brd8",3,0.125252807105393,0.904813354445213,"NM_001289606",-0.387654068095566,0.125252807105393,0.531871864996749,TRUE,TRUE,TRUE,"Forebrain + Hindbrain + Midbrain",FALSE,FALSE
"Kbtbd3","Kbtbd3",2,0.12553053437474,0.905356274384489,"NM_001164574",-0.796025344730993,0.12553053437474,0.532083574755541,TRUE,TRUE,TRUE,"Forebrain + Hindbrain + Midbrain",FALSE,FALSE
"9130024F11Rik","9130024F11Rik",2,0.125462264917544,0.905527004924767,"NR_024326",-2.95798063532735,0.125462264917544,0.532082498461505,NA,NA,NA,NA,FALSE,FALSE
"Tyro3","Tyro3",2,0.12565865349275,0.905559663992871,"NM_019392",-1.77445199469566,0.12565865349275,0.532313005183845,NA,NA,NA,NA,FALSE,FALSE
"Adhfe1","Adhfe1",2,0.12587652288339,0.906322722048745,"NR_027664",-1.35424913174869,0.12587652288339,0.532504728275979,TRUE,TRUE,TRUE,"Forebrain + Hindbrain + Midbrain",FALSE,FALSE
"Ccdc58","Ccdc58",3,0.126455975995833,0.909337177362702,"NM_001159421",-2.83448973097889,0.126455975995833,0.533675356972837,TRUE,TRUE,TRUE,"Forebrain + Hindbrain + Midbrain",FALSE,FALSE
"Fen1","Fen1",3,0.126566973015871,0.909429348896397,"NM_001271614",1.60814082167373,0.126566973015871,0.533820737239246,TRUE,TRUE,TRUE,"Forebrain + Hindbrain + Midbrain",FALSE,FALSE
"Kcnrg","Kcnrg",2,0.126753709548475,0.909992084293868,"NM_001039105",-5.45466892625971,0.126753709548475,0.533836442262178,NA,NA,NA,NA,FALSE,FALSE
"Stxbp1","Stxbp1",2,0.127928310380705,0.91307917551654,"NM_009295",-0.800931512874318,0.127928310380705,0.536108828918121,NA,NA,NA,NA,FALSE,FALSE
"Trmt61a","Trmt61a",3,0.127566577304891,0.913238056375314,"NM_001099792",4.90718775954781,0.127566577304891,0.535796992492293,TRUE,TRUE,TRUE,"Forebrain + Hindbrain + Midbrain",FALSE,FALSE
"Tmbim6","Tmbim6",4,0.127866076183353,0.913293162857543,"NM_001171034",0.709964660721744,0.127866076183353,0.536108828918121,NA,NA,NA,NA,FALSE,FALSE
"Zbtb21","Zbtb21",3,0.127777022599976,0.913341591775371,"NM_001081685",-0.755352704445289,0.127777022599976,0.536108828918121,TRUE,TRUE,FALSE,"Forebrain + Hindbrain",FALSE,FALSE
"4632428N05Rik","4632428N05Rik",2,0.127432456240259,0.913607097809238,"NM_028732",-2.88722248272414,0.127432456240259,0.535780752982893,NA,NA,NA,NA,FALSE,FALSE
"Cdadc1","Cdadc1",5,0.128986675498455,0.913620131160601,"NM_001168536",0.446597996140553,0.128986675498455,0.537439694689714,TRUE,TRUE,FALSE,"Forebrain + Hindbrain",FALSE,FALSE
"Gabpb1","Gabpb1",7,0.127536885690984,0.913654081128846,"NM_001271469",4.15838470802955,0.127536885690984,0.535796992492293,TRUE,TRUE,TRUE,"Forebrain + Hindbrain + Midbrain",FALSE,FALSE
"Pear1","Pear1",6,0.127744876642301,0.913742041644771,"NM_028460",-4.09776927955426,0.127744876642301,0.536108828918121,TRUE,TRUE,TRUE,"Forebrain + Hindbrain + Midbrain",FALSE,FALSE
"Zkscan17","Zkscan17",3,0.128927037323966,0.913849870675381,"NM_001291014",-1.86265523656402,0.128927037323966,0.537439694689714,TRUE,TRUE,TRUE,"Forebrain + Hindbrain + Midbrain",FALSE,FALSE
"Kirrel3","Kirrel3",4,0.129133605733793,0.913924132460169,"NM_001190913",1.03525167616592,0.129133605733793,0.537439694689714,TRUE,TRUE,FALSE,"Forebrain + Hindbrain",FALSE,FALSE
"Cck","Cck",2,0.128886280866512,0.91419553816985,"NM_031161",-3.32427781857751,0.128886280866512,0.537439694689714,NA,NA,NA,NA,FALSE,FALSE
"Slx4ip","Slx4ip",3,0.128266312959607,0.914565464105757,"NM_001038641",-0.702310592953964,0.128266312959607,0.537273014908876,NA,NA,NA,NA,FALSE,FALSE
"Rgs19","Rgs19",7,0.128862658438865,0.914646677586836,"NM_001291210",-2.87023247408366,0.128862658438865,0.537439694689714,TRUE,TRUE,FALSE,"Forebrain + Hindbrain",FALSE,FALSE
"Cryab","Cryab",4,0.128828634644254,0.915034585561395,"NM_001289785",3.87994268818793,0.128828634644254,0.537439694689714,TRUE,TRUE,TRUE,"Forebrain + Hindbrain + Midbrain",FALSE,FALSE
"Zfp217","Zfp217",2,0.128455291926846,0.915130964599588,"NM_001033299",-6.2093461701309,0.128455291926846,0.537375735403463,NA,NA,NA,NA,FALSE,FALSE
"Ino80d","Ino80d",2,0.128677422764278,0.915300863831024,"NM_001114609",-1.56754067680871,0.128677422764278,0.537439694689714,NA,NA,NA,NA,FALSE,FALSE
"Shtn1","Shtn1",2,0.129571431642966,0.915407976275232,"NM_175172",-5.12374826958207,0.129571431642966,0.538535354150962,TRUE,TRUE,TRUE,"Forebrain + Hindbrain + Midbrain",FALSE,FALSE
"R3hdm2","R3hdm2",3,0.128613945522269,0.915508739406991,"NM_001168292",0.936197864280763,0.128613945522269,0.537439694689714,NA,NA,NA,NA,FALSE,FALSE
"E030030I06Rik","E030030I06Rik",2,0.128825659334383,0.915613600912849,"NM_001254745",-0.814920314066402,0.128825659334383,0.537439694689714,TRUE,TRUE,TRUE,"Forebrain + Hindbrain + Midbrain",FALSE,FALSE
"Fam149b","Fam149b",3,0.129508232581211,0.915617176861233,"NM_001024512",0.389144984815005,0.129508232581211,0.538535354150962,TRUE,TRUE,TRUE,"Forebrain + Hindbrain + Midbrain",FALSE,FALSE
"Lepr","Lepr",3,0.130399561657807,0.918662872176123,"NM_010704",3.81816863748011,0.130399561657807,0.539976708341388,NA,NA,NA,NA,FALSE,FALSE
"Apoo","Apoo",4,0.130253291668293,0.918965428481632,"NM_001199339",-0.780544283348473,0.130253291668293,0.539976708341388,NA,NA,NA,NA,FALSE,FALSE
"Ccr9","Ccr9",2,0.130359412157685,0.91901459677155,"NM_009913",-4.24683006621201,0.130359412157685,0.539976708341388,NA,NA,NA,NA,FALSE,FALSE
"Tmem107","Tmem107",2,0.130881354442814,0.920394700845723,"NM_028336",-0.894907349187228,0.130881354442814,0.541245279431744,NA,NA,NA,NA,FALSE,FALSE
"Rnf4","Rnf4",3,0.131067148493469,0.920924235156043,"NM_011278",0.344013490733292,0.131067148493469,0.541469237498963,TRUE,TRUE,TRUE,"Forebrain + Hindbrain + Midbrain",FALSE,FALSE
"Wtap","Wtap",2,0.130880534819362,0.92098584160216,"NM_001113533",-0.278847633748228,0.130880534819362,0.541245279431744,NA,NA,NA,NA,FALSE,FALSE
"Nos1ap","Nos1ap",2,0.132564042456282,0.921624155756593,"NM_001109985",-0.80930465022628,0.132564042456282,0.543468532860639,FALSE,FALSE,TRUE,"Midbrain only",FALSE,FALSE
"Sptssb","Sptssb",2,0.132467754836801,0.921639202539071,"NM_001164210",-3.83995741569869,0.132467754836801,0.543254268755772,NA,NA,NA,NA,FALSE,FALSE
"Smkr-ps","Smkr-ps",2,0.132453996505862,0.922148372237078,"NR_040263",-6.50482031729498,0.132453996505862,0.543254268755772,NA,NA,NA,NA,FALSE,FALSE
"Nadk","Nadk",2,0.132362028604373,0.922189521581758,"NM_001159637",-3.88685995336971,0.132362028604373,0.543181720311928,NA,NA,NA,NA,FALSE,FALSE
"Kansl2","Kansl2",5,0.131979206347607,0.922263607732221,"NM_001289437",-0.395687557427462,0.131979206347607,0.542935583073124,TRUE,TRUE,TRUE,"Forebrain + Hindbrain + Midbrain",FALSE,FALSE
"Rasgrf1","Rasgrf1",2,0.131611686144236,0.922428438770535,"NM_001039655",-2.29172107524234,0.131611686144236,0.542447630935161,TRUE,TRUE,TRUE,"Forebrain + Hindbrain + Midbrain",FALSE,FALSE
"Gramd1c","Gramd1c",2,0.131829673763252,0.922552317236252,"NM_001172107",-5.23256493012064,0.131829673763252,0.542831511734613,NA,NA,NA,NA,FALSE,FALSE
"Ldb1","Ldb1",2,0.132227390709121,0.92256756835214,"NM_010697",-0.811501779709576,0.132227390709121,0.542990349867072,FALSE,FALSE,TRUE,"Midbrain only",FALSE,FALSE
"Lyrm1","Lyrm1",5,0.131936553459605,0.922601174350021,"NM_029610",-1.03273070209077,0.131936553459605,0.542935583073124,TRUE,TRUE,TRUE,"Forebrain + Hindbrain + Midbrain",FALSE,FALSE
"Rpap2","Rpap2",5,0.132335381450707,0.922622383622052,"NM_001163462",-1.51915311591018,0.132335381450707,0.543181720311928,TRUE,TRUE,TRUE,"Forebrain + Hindbrain + Midbrain",FALSE,FALSE
"Mfsd6","Mfsd6",2,0.131567814121469,0.922759411004087,"NM_178081",-1.44835523290392,0.131567814121469,0.542447630935161,TRUE,TRUE,TRUE,"Forebrain + Hindbrain + Midbrain",FALSE,FALSE
"Stau1","Stau1",5,0.132185099443795,0.9229072104275,"NR_111895",-1.18681507206934,0.132185099443795,0.542990349867072,NA,NA,NA,NA,FALSE,FALSE
"Carf","Carf",4,0.131806525404739,0.923007987421263,"NR_104344",-2.7976315296924,0.131806525404739,0.542831511734613,TRUE,TRUE,FALSE,"Forebrain + Hindbrain",FALSE,FALSE
"Ctnnb1","Ctnnb1",2,0.13154909781569,0.923242798796961,"NM_001165902",-0.362573345060855,0.13154909781569,0.542447630935161,TRUE,TRUE,TRUE,"Forebrain + Hindbrain + Midbrain",FALSE,FALSE
"Thoc7","Thoc7",2,0.132946908747165,0.923320391170185,"NM_001285780",-0.250739123220474,0.132946908747165,0.544134279913768,NA,NA,NA,NA,FALSE,FALSE
"Smpd4","Smpd4",4,0.133366019212951,0.924636585487114,"NM_001164610",0.876197579699064,0.133366019212951,0.545307050062233,TRUE,TRUE,TRUE,"Forebrain + Hindbrain + Midbrain",FALSE,FALSE
"Ctnnbip1","Ctnnbip1",2,0.133338835746487,0.925066511155039,"NM_023465",-1.86387274699616,0.133338835746487,0.545307050062233,NA,NA,NA,NA,FALSE,FALSE
"Dync1i1","Dync1i1",5,0.133824360265934,0.926772424136007,"NM_010063",-3.90846733426965,0.133824360265934,0.545914910969131,TRUE,TRUE,TRUE,"Forebrain + Hindbrain + Midbrain",FALSE,FALSE
"Zfp661","Zfp661",2,0.13433815236532,0.929231929570052,"NM_028141",-1.96986449878377,0.13433815236532,0.5474678996658,TRUE,TRUE,TRUE,"Forebrain + Hindbrain + Midbrain",FALSE,FALSE
"Adamtsl5","Adamtsl5",3,0.13444481961962,0.929271262162623,"NR_104339",-3.42276592595346,0.13444481961962,0.547721714792377,NA,NA,NA,NA,FALSE,FALSE
"Morf4l1","Morf4l1",2,0.134662216515243,0.92996646741874,"NM_001039147",-0.265916936409552,0.134662216515243,0.548245381655594,TRUE,TRUE,TRUE,"Forebrain + Hindbrain + Midbrain",FALSE,FALSE
"Zfp280c","Zfp280c",4,0.13542890097382,0.930348632702334,"NM_001166650",4.2636173835675,0.13542890097382,0.549438210192881,TRUE,TRUE,TRUE,"Forebrain + Hindbrain + Midbrain",FALSE,FALSE
"Zfp185","Zfp185",2,0.135560704096144,0.930533362358074,"NM_001109043",-4.20361117410463,0.135560704096144,0.549641713494783,NA,NA,NA,NA,FALSE,FALSE
"Tspan8","Tspan8",3,0.135075106971325,0.930629736419229,"NM_001168679",3.60446866264428,0.135075106971325,0.549201588147,FALSE,FALSE,TRUE,"Midbrain only",FALSE,FALSE
"Gm13139","Gm13139",2,0.135299292207297,0.930768086672969,"NM_001083918",-0.706403514970051,0.135299292207297,0.549438210192881,TRUE,TRUE,TRUE,"Forebrain + Hindbrain + Midbrain",FALSE,FALSE
"Idua","Idua",2,0.135412653918951,0.930844358874969,"NM_172997",-2.3920631766964,0.135412653918951,0.549438210192881,NA,NA,NA,NA,FALSE,FALSE
"Zkscan6","Zkscan6",3,0.135031253059093,0.930963627301886,"NM_001302374",1.21046904896351,0.135031253059093,0.549201588147,TRUE,TRUE,TRUE,"Forebrain + Hindbrain + Midbrain",FALSE,FALSE
"Pank4","Pank4",3,0.135266872830371,0.931169248664094,"NR_131230",-0.447804195484733,0.135266872830371,0.549438210192881,TRUE,TRUE,TRUE,"Forebrain + Hindbrain + Midbrain",FALSE,FALSE
"Eif2b3","Eif2b3",2,0.135030768556744,0.931554487975325,"NM_001111277",-0.706233177869382,0.135030768556744,0.549201588147,NA,NA,NA,NA,FALSE,FALSE
"Mrpl1","Mrpl1",2,0.136248576496869,0.933983559150653,"NM_053158",-0.604127824749866,0.136248576496869,0.551744556248391,TRUE,TRUE,TRUE,"Forebrain + Hindbrain + Midbrain",FALSE,FALSE
"Pla2g6","Pla2g6",3,0.136827166481711,0.936783046635842,"NM_016915",1.80091409941865,0.136827166481711,0.553107293767885,TRUE,TRUE,TRUE,"Forebrain + Hindbrain + Midbrain",FALSE,FALSE
"Fkbp6","Fkbp6",2,0.137204820168612,0.938399464313942,"NM_033571",-7.25091065866731,0.137204820168612,0.554390137812923,NA,NA,NA,NA,FALSE,FALSE
"Cldn7","Cldn7",2,0.137418364761052,0.939053233777643,"NM_001193619",-5.19576283621894,0.137418364761052,0.55494155274501,NA,NA,NA,NA,FALSE,FALSE
"Rbck1","Rbck1",2,0.137717453569418,0.939610134879315,"NM_001083921",-0.732551498046885,0.137717453569418,0.555007634567804,NA,NA,NA,NA,FALSE,FALSE
"Fabp5","Fabp5",3,0.137846480237586,0.939768076754533,"NM_010634",0.494508277289422,0.137846480237586,0.555346250777606,NA,NA,NA,NA,FALSE,FALSE
"Atp9a","Atp9a",3,0.137702297713207,0.940116380726055,"NM_001289445",1.63552390679855,0.137702297713207,0.555007634567804,TRUE,TRUE,TRUE,"Forebrain + Hindbrain + Midbrain",FALSE,FALSE
"P2ry2","P2ry2",3,0.138058154333722,0.940406658638914,"NM_008773",4.53802472346151,0.138058154333722,0.556017501461532,NA,NA,NA,NA,FALSE,FALSE
"Gls2","Gls2",3,0.138574230119795,0.941030669961086,"NM_001285779",4.52561582293291,0.138574230119795,0.556280416290913,NA,NA,NA,NA,FALSE,FALSE
"Thsd1","Thsd1",3,0.138514178446405,0.941275542340569,"NM_001205253",-2.95640237738283,0.138514178446405,0.556220293533562,TRUE,TRUE,TRUE,"Forebrain + Hindbrain + Midbrain",FALSE,FALSE
"Ubp1","Ubp1",2,0.138761960282778,0.941525754953863,"NM_001083319",-0.775376066851564,0.138761960282778,0.556490929440847,TRUE,TRUE,TRUE,"Forebrain + Hindbrain + Midbrain",FALSE,FALSE
"Pkm","Pkm",2,0.138864703514732,0.941527935057967,"NM_011099",-0.508629006498106,0.138864703514732,0.556642878798787,TRUE,TRUE,TRUE,"Forebrain + Hindbrain + Midbrain",FALSE,FALSE
"Tomm40","Tomm40",2,0.139105510631296,0.941735941457179,"NM_001109748",-0.297843950600456,0.139105510631296,0.556783003954005,NA,NA,NA,NA,FALSE,FALSE
"Ndrg2","Ndrg2",2,0.138491832711146,0.941739647068292,"NM_001145959",-0.528273784117144,0.138491832711146,0.556220293533562,NA,NA,NA,NA,FALSE,FALSE
"Cd226","Cd226",2,0.139084372012317,0.942206025756377,"NM_001039149",-5.74377735521275,0.139084372012317,0.556783003954005,NA,NA,NA,NA,FALSE,FALSE
"Dnajc28","Dnajc28",2,0.138485952761315,0.942300012622809,"NM_001099738",-0.860687020529932,0.138485952761315,0.556220293533562,TRUE,TRUE,TRUE,"Forebrain + Hindbrain + Midbrain",FALSE,FALSE
"Rdh13","Rdh13",3,0.139922826466488,0.943488373956365,"NM_001290409",-0.637294592853321,0.139922826466488,0.557874406878927,TRUE,TRUE,TRUE,"Forebrain + Hindbrain + Midbrain",FALSE,FALSE
"Cox6b2","Cox6b2",6,0.139526279427232,0.943572609177257,"NM_183405",1.08427325288254,0.139526279427232,0.557874406878927,TRUE,TRUE,TRUE,"Forebrain + Hindbrain + Midbrain",FALSE,FALSE
"Abhd10","Abhd10",3,0.139675136144531,0.943838234622301,"NM_172511",-0.781619113378722,0.139675136144531,0.557874406878927,NA,NA,NA,NA,FALSE,FALSE
"Fam114a2","Fam114a2",3,0.139915180169067,0.944035919146054,"NM_001168668",2.64687448239833,0.139915180169067,0.557874406878927,TRUE,TRUE,FALSE,"Forebrain + Hindbrain",FALSE,FALSE
"Fmnl1","Fmnl1",2,0.140146731063588,0.94418359976647,"NM_019679",-2.33441536096286,0.140146731063588,0.557874406878927,TRUE,TRUE,FALSE,"Forebrain + Hindbrain",FALSE,FALSE
"F10","F10",2,0.139838699348403,0.944187906718405,"NM_007972",-5.39351618604679,0.139838699348403,0.557874406878927,NA,NA,NA,NA,FALSE,FALSE
"N6amt1","N6amt1",2,0.140438893533427,0.945268786928851,"NM_001159331",-0.64186207391741,0.140438893533427,0.558137180741541,FALSE,FALSE,TRUE,"Midbrain only",FALSE,FALSE
"Lnp","Lnp",2,0.140655675926954,0.945919749053944,"NM_027133",-0.673851742843059,0.140655675926954,0.558802031005755,TRUE,TRUE,TRUE,"Forebrain + Hindbrain + Midbrain",FALSE,FALSE
"Adcy9","Adcy9",2,0.140840664343449,0.946387361542245,"NM_009624",-5.5893331937472,0.140840664343449,0.559193628699536,NA,NA,NA,NA,FALSE,FALSE
"Tmem216","Tmem216",3,0.140973985050138,0.946558574269335,"NM_001277860",0.861680046703033,0.140973985050138,0.55954293197771,TRUE,TRUE,TRUE,"Forebrain + Hindbrain + Midbrain",FALSE,FALSE
"Mroh1","Mroh1",2,0.141110212767493,0.946745950624711,"NM_001162489",-0.727593016773448,0.141110212767493,0.559777808453797,NA,NA,NA,NA,FALSE,FALSE
"Snrnp70","Snrnp70",3,0.141391515429792,0.947169732042338,"NR_126539",-0.293644320395635,0.141391515429792,0.560467791099316,NA,NA,NA,NA,FALSE,FALSE
"Rp2h","Rp2h",4,0.141498998753602,0.947191921761486,"NR_110966",-3.35640070669623,0.141498998753602,0.560544990247013,TRUE,TRUE,TRUE,"Forebrain + Hindbrain + Midbrain",FALSE,FALSE
"Tdrd7","Tdrd7",2,0.141308036417171,0.9472843347671,"NM_146142",-3.42882908633427,0.141308036417171,0.560328139263459,NA,NA,NA,NA,FALSE,FALSE
"Entpd5","Entpd5",2,0.142166173435968,0.950397339141343,"NM_007647",-1.16629557553304,0.142166173435968,0.562285442371745,TRUE,TRUE,TRUE,"Forebrain + Hindbrain + Midbrain",FALSE,FALSE
"Dnm1","Dnm1",3,0.142615015939069,0.952354380363985,"NM_010065",1.80964763365752,0.142615015939069,0.563518826989467,TRUE,TRUE,TRUE,"Forebrain + Hindbrain + Midbrain",FALSE,FALSE
"Myom1","Myom1",2,0.143039852297115,0.953577392887808,"NM_010867",-4.17092668080915,0.143039852297115,0.564655079125526,NA,NA,NA,NA,FALSE,FALSE
"Ptrh2","Ptrh2",2,0.143341729564269,0.95410025308254,"NM_001098810",-0.449319156050026,0.143341729564269,0.565304232286061,NA,NA,NA,NA,FALSE,FALSE
"Gbp3","Gbp3",3,0.143031816582388,0.954124882396418,"NM_001289492",-3.08443022019357,0.143031816582388,0.564655079125526,NA,NA,NA,NA,FALSE,FALSE
"Lhx6","Lhx6",4,0.143311340147348,0.954520997869012,"NM_001083127",-6.67904111824176,0.143311340147348,0.565304232286061,NA,NA,NA,NA,FALSE,FALSE
"Mospd2","Mospd2",3,0.143953726047393,0.956369399827351,"NM_001290523",1.94189570096191,0.143953726047393,0.566992971409139,TRUE,TRUE,TRUE,"Forebrain + Hindbrain + Midbrain",FALSE,FALSE
"Klhl7","Klhl7",2,0.143884838390024,0.956574093705616,"NM_026448",-3.92864078377328,0.143884838390024,0.566902588037323,NA,NA,NA,NA,FALSE,FALSE
"Tank","Tank",3,0.144402247768184,0.957116297502038,"NM_001164071",-0.560861967491202,0.144402247768184,0.567310963852083,NA,NA,NA,NA,FALSE,FALSE
"Hadhb","Hadhb",3,0.144224954796274,0.957304346533401,"NM_001289798",4.13408818059876,0.144224954796274,0.567310963852083,FALSE,FALSE,TRUE,"Midbrain only",FALSE,FALSE
"Mlxip","Mlxip",2,0.144570034110066,0.957466729088158,"NM_133917",-0.417375619983078,0.144570034110066,0.567789376485744,FALSE,FALSE,TRUE,"Midbrain only",FALSE,FALSE
"Med15","Med15",4,0.144397243211089,0.957680791772593,"NM_033609",0.540808998631329,0.144397243211089,0.567310963852083,TRUE,TRUE,TRUE,"Forebrain + Hindbrain + Midbrain",FALSE,FALSE
"D130043K22Rik","D130043K22Rik",2,0.145036301893428,0.957714461428784,"NM_001081051",-4.97168150064498,0.145036301893428,0.568450974105982,NA,NA,NA,NA,FALSE,FALSE
"Eldr","Eldr",4,0.145006740435652,0.95814012286021,"NR_110422",-1.69699499963897,0.145006740435652,0.568450974105982,TRUE,TRUE,TRUE,"Forebrain + Hindbrain + Midbrain",FALSE,FALSE
"Gabpb2","Gabpb2",2,0.144936488064383,0.958338289092738,"NM_029885",-5.88424281030734,0.144936488064383,0.568450974105982,NA,NA,NA,NA,FALSE,FALSE
"Hvcn1","Hvcn1",2,0.145291278146699,0.958549455557117,"NM_001042489",-3.92383157255143,0.145291278146699,0.568450974105982,NA,NA,NA,NA,FALSE,FALSE
"Coro6","Coro6",3,0.144886063462767,0.958647831257564,"NM_139130",3.45457818023399,0.144886063462767,0.568450974105982,NA,NA,NA,NA,FALSE,FALSE
"Tslp","Tslp",2,0.145426176483867,0.958712208776649,"NM_021367",-6.63117964658449,0.145426176483867,0.568798420859246,NA,NA,NA,NA,FALSE,FALSE
"Zeb2","Zeb2",2,0.145642524259575,0.959328871285973,"NM_015753",-0.853486687151249,0.145642524259575,0.569283734356402,TRUE,TRUE,TRUE,"Forebrain + Hindbrain + Midbrain",FALSE,FALSE
"Brinp3","Brinp3",2,0.146273815618476,0.962254978063021,"NM_153539",-3.97642475935039,0.146273815618476,0.57027378628859,TRUE,TRUE,FALSE,"Forebrain + Hindbrain",FALSE,FALSE
"Gm29683","Gm29683",2,0.146426304692185,0.962511323330222,"NR_131144",-2.56687531306427,0.146426304692185,0.570360037847714,NA,NA,NA,NA,FALSE,FALSE
"Slc14a2","Slc14a2",3,0.147067399434885,0.963112298522997,"NM_030683",5.95947410474687,0.147067399434885,0.571120220387718,NA,NA,NA,NA,FALSE,FALSE
"Slc25a44","Slc25a44",4,0.146643812678549,0.963128262850042,"NM_178696",0.831413543901407,0.146643812678549,0.570666871161555,TRUE,TRUE,TRUE,"Forebrain + Hindbrain + Midbrain",FALSE,FALSE
"Arid5a","Arid5a",6,0.146969388857163,0.963160185397545,"NM_001290726",3.51902505967834,0.146969388857163,0.571033456705729,NA,NA,NA,NA,FALSE,FALSE
"9330179D12Rik","9330179D12Rik",3,0.146880562795231,0.963258941549297,"NR_040275",-2.18706592859859,0.146880562795231,0.571033456705729,TRUE,TRUE,TRUE,"Forebrain + Hindbrain + Midbrain",FALSE,FALSE
"Sh3rf2","Sh3rf2",2,0.146878147273195,0.963837221316182,"NM_172966",-3.74119575515106,0.146878147273195,0.571033456705729,NA,NA,NA,NA,FALSE,FALSE
"Slc43a2","Slc43a2",3,0.147309454415432,0.963860989716683,"NM_001199284",1.81463084948183,0.147309454415432,0.571634801096361,NA,NA,NA,NA,FALSE,FALSE
"Aspn","Aspn",2,0.147777687362898,0.96467547893398,"NM_025711",-2.36096830102768,0.147777687362898,0.572371833665461,NA,NA,NA,NA,FALSE,FALSE
"Ret","Ret",2,0.14763642799648,0.965077019020696,"NM_001080780",-3.01278569103364,0.14763642799648,0.572363657391316,NA,NA,NA,NA,FALSE,FALSE
"Farsb","Farsb",4,0.147748854991545,0.965106780696504,"NM_011811",-0.524132226944363,0.147748854991545,0.572371833665461,TRUE,TRUE,TRUE,"Forebrain + Hindbrain + Midbrain",FALSE,FALSE
"Thnsl1","Thnsl1",2,0.148267372462046,0.965602218127032,"NM_001001297",-2.10398304959138,0.148267372462046,0.573548393787351,TRUE,TRUE,FALSE,"Forebrain + Hindbrain",FALSE,FALSE
"Bcas3","Bcas3",3,0.148084347951282,0.965775038517191,"NM_138681",-3.87411182972171,0.148084347951282,0.573379621499471,TRUE,TRUE,TRUE,"Forebrain + Hindbrain + Midbrain",FALSE,FALSE
"Zmiz2","Zmiz2",2,0.148196863049147,0.965804182772943,"NM_028601",-0.758309343976021,0.148196863049147,0.573516300099442,TRUE,TRUE,TRUE,"Forebrain + Hindbrain + Midbrain",FALSE,FALSE
"Sat1","Sat1",2,0.14873648307162,0.967589106655297,"NM_009121",-1.25632920089453,0.14873648307162,0.574462660752358,NA,NA,NA,NA,FALSE,FALSE
"Mtif3","Mtif3",4,0.149058517516762,0.968764858388994,"NM_001256102",0.617425164663334,0.149058517516762,0.575166387165994,TRUE,TRUE,FALSE,"Forebrain + Hindbrain",FALSE,FALSE
"Irf3","Irf3",2,0.149487021528999,0.970520629945035,"NR_045611",-0.453262657027414,0.149487021528999,0.576099264730746,TRUE,TRUE,TRUE,"Forebrain + Hindbrain + Midbrain",FALSE,FALSE
"Egflam","Egflam",3,0.149642917749236,0.970782046016763,"NM_178748",3.81149307382443,0.149642917749236,0.576160251178026,TRUE,TRUE,TRUE,"Forebrain + Hindbrain + Midbrain",FALSE,FALSE
"Nagpa","Nagpa",2,0.15004656319127,0.97239568574335,"NR_027804",-1.47144181410365,0.15004656319127,0.577497366869167,TRUE,TRUE,TRUE,"Forebrain + Hindbrain + Midbrain",FALSE,FALSE
"Mtg2","Mtg2",4,0.150275536023221,0.972461565185377,"NM_001083329",-0.545190107550536,0.150275536023221,0.577771676808648,TRUE,TRUE,TRUE,"Forebrain + Hindbrain + Midbrain",FALSE,FALSE
"Ccdc50","Ccdc50",3,0.150269555884428,0.973020477601412,"NM_026202",-0.952154862279519,0.150269555884428,0.577771676808648,NA,NA,NA,NA,FALSE,FALSE
"Ptk2b","Ptk2b",2,0.150805012301252,0.974752715617144,"NM_001162366",-2.8656786151978,0.150805012301252,0.579141130326888,NA,NA,NA,NA,FALSE,FALSE
"Degs2","Degs2",2,0.150941883902616,0.974904867711377,"NM_001171002",-1.17083229773344,0.150941883902616,0.579173770944739,TRUE,TRUE,FALSE,"Forebrain + Hindbrain",FALSE,FALSE
"Myo7a","Myo7a",3,0.151246316684708,0.975966269950315,"NM_001256083",-0.829943188592809,0.151246316684708,0.579981214384492,FALSE,FALSE,TRUE,"Midbrain only",FALSE,FALSE
"Gtf2e2","Gtf2e2",3,0.151432944665784,0.976386573673038,"NM_026584",0.402543679333588,0.151432944665784,0.580336191669496,FALSE,FALSE,TRUE,"Midbrain only",FALSE,FALSE
"Smarca4","Smarca4",3,0.151725816732008,0.97678937551863,"NM_001174079",0.353840595665275,0.151725816732008,0.580964668768135,TRUE,TRUE,FALSE,"Forebrain + Hindbrain",FALSE,FALSE
"Als2cl","Als2cl",3,0.151686578061817,0.977168866032762,"NM_146228",-3.29850298374105,0.151686578061817,0.580964668768135,NA,NA,NA,NA,FALSE,FALSE
"Bri3","Bri3",2,0.152102770512768,0.977644332577776,"NM_018772",-2.76165381026873,0.152102770512768,0.581337641375594,NA,NA,NA,NA,FALSE,FALSE
"Vps39","Vps39",3,0.152075255904247,0.978087425501158,"NM_178851",-2.39236138154568,0.152075255904247,0.581337641375594,NA,NA,NA,NA,FALSE,FALSE
"Ppp2r1b","Ppp2r1b",3,0.152422214147069,0.978776914229835,"NM_001034085",-4.5317031882717,0.152422214147069,0.581598677357709,FALSE,FALSE,TRUE,"Midbrain only",FALSE,FALSE
"Lrrc27","Lrrc27",2,0.152773093045804,0.979484388366448,"NM_001143755",-0.792507281132546,0.152773093045804,0.582577246039934,NA,NA,NA,NA,FALSE,FALSE
"Slc43a1","Slc43a1",3,0.152745072117805,0.979925285520694,"NM_024497",-2.19087086212739,0.152745072117805,0.582577246039934,NA,NA,NA,NA,FALSE,FALSE
"Rnf38","Rnf38",2,0.153032953875118,0.980290883451656,"NM_001038993",-1.24311078723445,0.153032953875118,0.583207736509871,TRUE,TRUE,TRUE,"Forebrain + Hindbrain + Midbrain",FALSE,FALSE
"Adck1","Adck1",3,0.153568046407226,0.981980964765176,"NM_001277296",-0.509532043970929,0.153568046407226,0.58413123564806,TRUE,TRUE,TRUE,"Forebrain + Hindbrain + Midbrain",FALSE,FALSE
"Otud4","Otud4",2,0.15400969103195,0.981981050567733,"NM_001256033",-1.85725334327205,0.15400969103195,0.584223666564484,FALSE,FALSE,TRUE,"Midbrain only",FALSE,FALSE
"Slc9a3r2","Slc9a3r2",2,0.153913230957729,0.982055888142751,"NM_023055",-2.69491713463019,0.153913230957729,0.584216939408911,NA,NA,NA,NA,FALSE,FALSE
"Pik3r1","Pik3r1",2,0.153830525300149,0.982204349279905,"NM_001024955",-0.75509564957832,0.153830525300149,0.584131640357399,NA,NA,NA,NA,FALSE,FALSE
"Scap","Scap",2,0.153505712728696,0.982238661098642,"NM_001001144",-0.72168720877228,0.153505712728696,0.58413123564806,TRUE,TRUE,TRUE,"Forebrain + Hindbrain + Midbrain",FALSE,FALSE
"Slc8b1","Slc8b1",3,0.153748642899911,0.982357318425607,"NM_001177595",-4.34510412905028,0.153748642899911,0.58413123564806,NA,NA,NA,NA,FALSE,FALSE
"Slc39a8","Slc39a8",3,0.1548116526774,0.982718593916402,"NM_001135150",0.902175258959185,0.1548116526774,0.585466072338068,TRUE,TRUE,TRUE,"Forebrain + Hindbrain + Midbrain",FALSE,FALSE
"Gucy2c","Gucy2c",2,0.15430622409074,0.98297459250844,"NM_001127318",-7.34660177277245,0.15430622409074,0.584988880270269,NA,NA,NA,NA,FALSE,FALSE
"Tug1","Tug1",3,0.154654940348034,0.983063261255607,"NR_110490",0.188603722939979,0.154654940348034,0.585411645366485,NA,NA,NA,NA,FALSE,FALSE
"Cpt1c","Cpt1c",2,0.154577223910558,0.983239204371421,"NM_153679",-1.30636823580557,0.154577223910558,0.585411645366485,FALSE,FALSE,TRUE,"Midbrain only",FALSE,FALSE
"Lrp4","Lrp4",2,0.154800640759069,0.983249169423371,"NM_172668",-0.782049692693353,0.154800640759069,0.585466072338068,NA,NA,NA,NA,FALSE,FALSE
"Rgs20","Rgs20",3,0.154500225940017,0.983419118376433,"NM_001177795",3.20564673246202,0.154500225940017,0.585364687780109,TRUE,TRUE,TRUE,"Forebrain + Hindbrain + Midbrain",FALSE,FALSE
"Grid2ip","Grid2ip",2,0.155144080642141,0.983895885467469,"NM_133355",-2.61669786187651,0.155144080642141,0.586171544443876,NA,NA,NA,NA,FALSE,FALSE
"Adam23","Adam23",2,0.155267045098132,0.98395950037246,"NM_011780",-2.05629342308737,0.155267045098132,0.586171544443876,TRUE,TRUE,TRUE,"Forebrain + Hindbrain + Midbrain",FALSE,FALSE
"BC024978","BC024978",2,0.155473214340746,0.984463837155011,"NM_001290513",-1.23479513899545,0.155473214340746,0.586171544443876,TRUE,TRUE,TRUE,"Forebrain + Hindbrain + Midbrain",FALSE,FALSE
"Mef2a","Mef2a",5,0.156158550602751,0.98750231501484,"NM_001033713",-0.436768691628687,0.156158550602751,0.587773231751818,TRUE,TRUE,TRUE,"Forebrain + Hindbrain + Midbrain",FALSE,FALSE
"Lair1","Lair1",5,0.156363571080813,0.987995682245237,"NM_001113474",3.35480717286561,0.156363571080813,0.588090968344174,NA,NA,NA,NA,FALSE,FALSE
"Pigw","Pigw",2,0.156883297705826,0.989557277932528,"NM_027388",-1.34575559653132,0.156883297705826,0.588789505380139,NA,NA,NA,NA,FALSE,FALSE
"Tgif1","Tgif1",5,0.156802611833162,0.989722546772521,"NM_001164075",-1.88163836163359,0.156802611833162,0.588789505380139,TRUE,TRUE,TRUE,"Forebrain + Hindbrain + Midbrain",FALSE,FALSE
"Dyrk1b","Dyrk1b",3,0.157112942419641,0.990176409500913,"NM_001037957",1.13809600232605,0.157112942419641,0.589292920808014,TRUE,TRUE,TRUE,"Forebrain + Hindbrain + Midbrain",FALSE,FALSE
"Mrps10","Mrps10",3,0.157340347121354,0.990782401302288,"NM_001146212",0.393336531612257,0.157340347121354,0.589966540102556,NA,NA,NA,NA,FALSE,FALSE
"Sh3gl3","Sh3gl3",3,0.157617733966013,0.991649580532141,"NM_001277954",-2.07837722258957,0.157617733966013,0.590827107272358,TRUE,TRUE,TRUE,"Forebrain + Hindbrain + Midbrain",FALSE,FALSE
"Mettl5","Mettl5",2,0.157842778106809,0.992240236558757,"NR_110977",-1.18888826986951,0.157842778106809,0.591131982348412,FALSE,FALSE,TRUE,"Midbrain only",FALSE,FALSE
"Pja1","Pja1",4,0.158144648654968,0.993232161655251,"NM_001290556",-0.261502914235278,0.158144648654968,0.591703667885335,TRUE,TRUE,TRUE,"Forebrain + Hindbrain + Midbrain",FALSE,FALSE
"Dclk2","Dclk2",5,0.158738335957342,0.993385977553132,"NM_027539",3.54397223598797,0.158738335957342,0.591970705866907,TRUE,TRUE,TRUE,"Forebrain + Hindbrain + Midbrain",FALSE,FALSE
"Hecw2","Hecw2",2,0.158681870726712,0.993680750416523,"NM_001001883",-0.730283670029268,0.158681870726712,0.591970705866907,TRUE,TRUE,FALSE,"Forebrain + Hindbrain",FALSE,FALSE
"Golph3l","Golph3l",3,0.158520073188712,0.994015728568246,"NM_146133",-1.07887320437954,0.158520073188712,0.591872224855885,FALSE,FALSE,TRUE,"Midbrain only",FALSE,FALSE
"Bdnf","Bdnf",7,0.158670054495316,0.994209094753648,"NM_001048142",1.39195713796627,0.158670054495316,0.591970705866907,TRUE,TRUE,FALSE,"Forebrain + Hindbrain",FALSE,FALSE
"Lysmd4","Lysmd4",2,0.158450218718788,0.994241194459247,"NM_001191051",-0.742480731495804,0.158450218718788,0.591790465795956,TRUE,TRUE,TRUE,"Forebrain + Hindbrain + Midbrain",FALSE,FALSE
"Tsc22d4","Tsc22d4",2,0.159791953143356,0.997692715451522,"NM_029805",-0.576870600744797,0.159791953143356,0.594821327839824,NA,NA,NA,NA,FALSE,FALSE
"Espn","Espn",4,0.159760092444165,0.998118383484877,"NM_207687",-3.4714360113224,0.159760092444165,0.594821327839824,NA,NA,NA,NA,FALSE,FALSE
"Spef2","Spef2",3,0.160524888192469,1,"NM_001305044",1.41442163726688,0.160524888192469,0.595752517381976,NA,NA,NA,NA,FALSE,FALSE
"Wnk2","Wnk2",3,0.1606824922244,1,"NM_029361",1.74565094829069,0.1606824922244,0.595978946212533,TRUE,TRUE,TRUE,"Forebrain + Hindbrain + Midbrain",FALSE,FALSE
"Prr3","Prr3",4,0.160937255762913,1,"NM_145487",-0.462527841514931,0.160937255762913,0.596386106941243,TRUE,TRUE,TRUE,"Forebrain + Hindbrain + Midbrain",FALSE,FALSE
"Kif5a","Kif5a",2,0.161265173083038,1,"NM_001039000",-1.40703000999094,0.161265173083038,0.597111150820222,TRUE,TRUE,TRUE,"Forebrain + Hindbrain + Midbrain",FALSE,FALSE
"Btf3","Btf3",2,0.161360931869911,1,"NM_145455",-0.38290397689091,0.161360931869911,0.597111150820222,NA,NA,NA,NA,FALSE,FALSE
"Ercc6l2","Ercc6l2",2,0.161374853159274,1,"NM_001013608",-0.69557465811594,0.161374853159274,0.597111150820222,TRUE,TRUE,TRUE,"Forebrain + Hindbrain + Midbrain",FALSE,FALSE
"Sec14l1","Sec14l1",4,0.162125328030353,1,"NM_001166506",0.355151509948411,0.162125328030353,0.599182610949383,TRUE,TRUE,TRUE,"Forebrain + Hindbrain + Midbrain",FALSE,FALSE
"Gripap1","Gripap1",2,0.162128909072933,1,"NM_001290455",-0.973369074688621,0.162128909072933,0.599182610949383,TRUE,TRUE,TRUE,"Forebrain + Hindbrain + Midbrain",FALSE,FALSE
"Slc22a18","Slc22a18",2,0.162297964953302,1,"NM_001042760",-6.23214074064571,0.162297964953302,0.599448335086424,NA,NA,NA,NA,FALSE,FALSE
"Dgcr2","Dgcr2",2,0.163132916946764,1,"NM_010048",-0.529327612970541,0.163132916946764,0.601452104906802,FALSE,FALSE,TRUE,"Midbrain only",FALSE,FALSE
"Cdc27","Cdc27",4,0.163249164365756,1,"NM_001285990",-2.26849782695359,0.163249164365756,0.601700922423365,TRUE,TRUE,TRUE,"Forebrain + Hindbrain + Midbrain",FALSE,FALSE
"Chpf","Chpf",2,0.163416417835786,1,"NM_001001565",-0.764531607446573,0.163416417835786,0.602026511659096,NA,NA,NA,NA,FALSE,FALSE
"Prrg3","Prrg3",2,0.163483860662045,1,"NM_001303028",-1.1318659714754,0.163483860662045,0.602026511659096,FALSE,FALSE,TRUE,"Midbrain only",FALSE,FALSE
"Chka","Chka",3,0.163909673352487,1,"NM_001271496",0.70646686971183,0.163909673352487,0.602695282827677,TRUE,TRUE,TRUE,"Forebrain + Hindbrain + Midbrain",FALSE,FALSE
"Pln","Pln",2,0.163972251927871,1,"NM_001141927",-3.80188449959862,0.163972251927871,0.602745781587705,NA,NA,NA,NA,FALSE,FALSE
"Ankrd6","Ankrd6",3,0.16428163207614,1,"NM_001012451",1.98539466984629,0.16428163207614,0.603523471217496,TRUE,TRUE,TRUE,"Forebrain + Hindbrain + Midbrain",FALSE,FALSE
"Atp13a4","Atp13a4",2,0.164574217168086,1,"NM_001164612",-6.36253412226266,0.164574217168086,0.603782228256145,NA,NA,NA,NA,FALSE,FALSE
"Syn2","Syn2",2,0.164596711171286,1,"NM_013681",-0.780448947124025,0.164596711171286,0.603782228256145,TRUE,TRUE,TRUE,"Forebrain + Hindbrain + Midbrain",FALSE,FALSE
"Nip7","Nip7",2,0.164970408767017,1,"NR_028367",-0.547475518704876,0.164970408767017,0.604180079329396,TRUE,TRUE,FALSE,"Forebrain + Hindbrain",FALSE,FALSE
"Gtf2h1","Gtf2h1",2,0.165078728023851,1,"NM_001291075",-0.96987709343878,0.165078728023851,0.604292940911992,NA,NA,NA,NA,FALSE,FALSE
"Dapk3","Dapk3",3,0.165188156129779,1,"NM_001190473",1.65453125500172,0.165188156129779,0.604334967874731,NA,NA,NA,NA,FALSE,FALSE
"Agbl3","Agbl3",3,0.166326686759435,1,"NM_178630",2.54945978537493,0.166326686759435,0.607036782533326,NA,NA,NA,NA,FALSE,FALSE
"Fchsd2","Fchsd2",2,0.16644443951743,1,"NM_199012",-6.54381760305684,0.16644443951743,0.607036782533326,TRUE,TRUE,TRUE,"Forebrain + Hindbrain + Midbrain",FALSE,FALSE
"Ptprr","Ptprr",2,0.166566170636778,1,"NM_011217",-2.89452540051433,0.166566170636778,0.607036782533326,NA,NA,NA,NA,FALSE,FALSE
"Tatdn3","Tatdn3",2,0.16757886501531,1,"NM_001163422",-1.17358097844999,0.16757886501531,0.610006841973135,TRUE,TRUE,TRUE,"Forebrain + Hindbrain + Midbrain",FALSE,FALSE
"Trem2","Trem2",2,0.167899825051418,1,"NM_031254",-1.18841717480395,0.167899825051418,0.610857015308775,FALSE,FALSE,TRUE,"Midbrain only",FALSE,FALSE
"Dysf","Dysf",3,0.168410080561118,1,"NM_001077694",1.10583168443756,0.168410080561118,0.611949468234452,NA,NA,NA,NA,FALSE,FALSE
"Tyw5","Tyw5",4,0.168556837398911,1,"NM_001302962",4.06547822986953,0.168556837398911,0.612302435532104,TRUE,TRUE,TRUE,"Forebrain + Hindbrain + Midbrain",FALSE,FALSE
"Tle4","Tle4",4,0.168956056478327,1,"NM_001302947",4.36777056014468,0.168956056478327,0.613368509444916,TRUE,TRUE,TRUE,"Forebrain + Hindbrain + Midbrain",FALSE,FALSE
"Pgap2","Pgap2",3,0.16898428033389,1,"NM_001291358",0.615054704170445,0.16898428033389,0.613368509444916,FALSE,FALSE,TRUE,"Midbrain only",FALSE,FALSE
"Mink1","Mink1",4,0.169164467400145,1,"NM_176893",-1.70946212832867,0.169164467400145,0.613368509444916,TRUE,TRUE,TRUE,"Forebrain + Hindbrain + Midbrain",FALSE,FALSE
"Pnpla6","Pnpla6",2,0.16921913933337,1,"NM_015801",-0.816824859812552,0.16921913933337,0.613368509444916,TRUE,TRUE,TRUE,"Forebrain + Hindbrain + Midbrain",FALSE,FALSE
"Klhdc3","Klhdc3",2,0.169247955807126,1,"NM_027910",-0.681102250829932,0.169247955807126,0.613368509444916,NA,NA,NA,NA,FALSE,FALSE
"Zmym5","Zmym5",3,0.169370963314523,1,"NM_001253752",-3.08121756210008,0.169370963314523,0.613473747104414,TRUE,TRUE,TRUE,"Forebrain + Hindbrain + Midbrain",FALSE,FALSE
"Dnmt3a","Dnmt3a",3,0.16964797573372,1,"NM_001271753",2.62360759326552,0.16964797573372,0.614277001336298,TRUE,TRUE,TRUE,"Forebrain + Hindbrain + Midbrain",FALSE,FALSE
"Ghr","Ghr",3,0.169882655431772,1,"NM_010284",-1.63692391712727,0.169882655431772,0.614821145627961,TRUE,TRUE,TRUE,"Forebrain + Hindbrain + Midbrain",FALSE,FALSE
"Il17re","Il17re",3,0.170318605478265,1,"NM_001034029",-2.85855109897617,0.170318605478265,0.616162882322425,NA,NA,NA,NA,FALSE,FALSE
"Aebp1","Aebp1",2,0.170452715021684,1,"NM_001291857",-1.29976962045981,0.170452715021684,0.616202205729567,TRUE,TRUE,TRUE,"Forebrain + Hindbrain + Midbrain",FALSE,FALSE
"Fancc","Fancc",3,0.170562052999273,1,"NM_001042673",-0.828747393859065,0.170562052999273,0.616202205729567,TRUE,TRUE,TRUE,"Forebrain + Hindbrain + Midbrain",FALSE,FALSE
"Bcl2l11","Bcl2l11",4,0.170595496870472,1,"NM_207680",-0.670701287519192,0.170595496870472,0.616202205729567,TRUE,TRUE,TRUE,"Forebrain + Hindbrain + Midbrain",FALSE,FALSE
"Nfkbiz","Nfkbiz",3,0.171041961241121,1,"NM_001159395",-4.32044815665645,0.171041961241121,0.616790707690075,NA,NA,NA,NA,FALSE,FALSE
"Slc44a1","Slc44a1",2,0.17122359961693,1,"NM_001159633",-0.524830846698022,0.17122359961693,0.61691182225391,TRUE,TRUE,TRUE,"Forebrain + Hindbrain + Midbrain",FALSE,FALSE
"Inpp5e","Inpp5e",3,0.171254455243609,1,"NM_001290437",0.82138675033809,0.171254455243609,0.61691182225391,TRUE,TRUE,FALSE,"Forebrain + Hindbrain",FALSE,FALSE
"Snap23","Snap23",3,0.171295579711697,1,"NM_001177792",3.00286739006589,0.171295579711697,0.61691182225391,NA,NA,NA,NA,FALSE,FALSE
"Gprc5c","Gprc5c",3,0.171509392335725,1,"NM_147217",-0.923181157100804,0.171509392335725,0.617033790502289,TRUE,TRUE,TRUE,"Forebrain + Hindbrain + Midbrain",FALSE,FALSE
"Dpp4","Dpp4",2,0.171900681108357,1,"NM_001159543",-2.51175900683403,0.171900681108357,0.617038832881812,NA,NA,NA,NA,FALSE,FALSE
"Zfp57","Zfp57",4,0.172058977023559,1,"NR_033137",-0.271459612845184,0.172058977023559,0.617038832881812,FALSE,FALSE,TRUE,"Midbrain only",FALSE,FALSE
"Adam19","Adam19",2,0.172322504739346,1,"NM_001291891",-2.19570247836624,0.172322504739346,0.617618271415488,NA,NA,NA,NA,FALSE,FALSE
"Fam118b","Fam118b",3,0.17294908031228,1,"NM_194257",0.615524850376743,0.17294908031228,0.619504107707846,TRUE,TRUE,TRUE,"Forebrain + Hindbrain + Midbrain",FALSE,FALSE
"Clock","Clock",3,0.17336007417488,1,"NM_001289826",0.70501035559342,0.17336007417488,0.62041158851026,NA,NA,NA,NA,FALSE,FALSE
"Nfam1","Nfam1",3,0.173368422898571,1,"NM_001271414",-3.32679247794201,0.173368422898571,0.62041158851026,NA,NA,NA,NA,FALSE,FALSE
"Ecsit","Ecsit",3,0.173379285361799,1,"NM_012029",0.435656472867405,0.173379285361799,0.62041158851026,FALSE,FALSE,TRUE,"Midbrain only",FALSE,FALSE
"Lrrcc1","Lrrcc1",3,0.17374135014021,1,"NM_028915",0.452897058059054,0.17374135014021,0.621081606943154,FALSE,FALSE,TRUE,"Midbrain only",FALSE,FALSE
"Enpp5","Enpp5",2,0.174034683191353,1,"NM_032003",-0.589592302104145,0.174034683191353,0.62122884390094,TRUE,TRUE,TRUE,"Forebrain + Hindbrain + Midbrain",FALSE,FALSE
"Ngb","Ngb",2,0.174370358121409,1,"NM_022414",-2.75086591409013,0.174370358121409,0.622181419446902,NA,NA,NA,NA,FALSE,FALSE
"Myef2","Myef2",3,0.174402393020003,1,"NM_001162417",0.334869400453187,0.174402393020003,0.622181419446902,TRUE,TRUE,TRUE,"Forebrain + Hindbrain + Midbrain",FALSE,FALSE
"Shank2","Shank2",2,0.174497840814667,1,"NM_001081370",-1.55331197414307,0.174497840814667,0.62228251596234,NA,NA,NA,NA,FALSE,FALSE
"Fance","Fance",3,0.17461102950703,1,"NR_028296",-0.382094359959975,0.17461102950703,0.62228251596234,TRUE,TRUE,TRUE,"Forebrain + Hindbrain + Midbrain",FALSE,FALSE
"Nipa2","Nipa2",4,0.174632443498994,1,"NM_001256131",-1.09749920137827,0.174632443498994,0.62228251596234,TRUE,TRUE,FALSE,"Forebrain + Hindbrain",FALSE,FALSE
"Zfand4","Zfand4",3,0.174926573254592,1,"NM_001290339",1.55585206330493,0.174926573254592,0.622654308054065,TRUE,TRUE,TRUE,"Forebrain + Hindbrain + Midbrain",FALSE,FALSE
"Lsm10","Lsm10",2,0.174938613129939,1,"NM_001163266",-1.601368214858,0.174938613129939,0.622654308054065,FALSE,FALSE,TRUE,"Midbrain only",FALSE,FALSE
"P2ry14","P2ry14",6,0.175112324539108,1,"NM_001287123",2.4862789072879,0.175112324539108,0.622714138152923,FALSE,FALSE,TRUE,"Midbrain only",FALSE,FALSE
"2900079G21Rik","2900079G21Rik",3,0.175207738060531,1,"NR_033432",1.46528458612724,0.175207738060531,0.622714138152923,TRUE,TRUE,FALSE,"Forebrain + Hindbrain",FALSE,FALSE
"Def8","Def8",4,0.175341036893133,1,"NM_001281803",-0.64061701674784,0.175341036893133,0.62277844675648,TRUE,TRUE,TRUE,"Forebrain + Hindbrain + Midbrain",FALSE,FALSE
"Agfg2","Agfg2",3,0.175655234964571,1,"NM_178162",0.766970209431201,0.175655234964571,0.623021044820081,TRUE,TRUE,TRUE,"Forebrain + Hindbrain + Midbrain",FALSE,FALSE
"Dbn1","Dbn1",3,0.175697993190752,1,"NM_019813",0.2856053962262,0.175697993190752,0.623021044820081,NA,NA,NA,NA,FALSE,FALSE
"1700016H13Rik","1700016H13Rik",2,0.176079597446104,1,"NM_001163550",-6.19501056203675,0.176079597446104,0.62317768024439,NA,NA,NA,NA,FALSE,FALSE
"Camk2b","Camk2b",3,0.176171830074768,1,"NM_001174054",1.02362285211012,0.176171830074768,0.62317768024439,TRUE,TRUE,TRUE,"Forebrain + Hindbrain + Midbrain",FALSE,FALSE
"Gnao1","Gnao1",2,0.176412380652894,1,"NM_010308",-0.572020109586822,0.176412380652894,0.623398685352581,TRUE,TRUE,TRUE,"Forebrain + Hindbrain + Midbrain",FALSE,FALSE
"Gjc2","Gjc2",2,0.176671109772353,1,"NM_175452",-2.37294533705549,0.176671109772353,0.623961503889765,NA,NA,NA,NA,FALSE,FALSE
"Sun1","Sun1",5,0.177114663083629,1,"NM_024451",0.716015120533795,0.177114663083629,0.625170178046907,TRUE,TRUE,TRUE,"Forebrain + Hindbrain + Midbrain",FALSE,FALSE
"Mark2","Mark2",4,0.177199066689993,1,"NM_007928",-1.01780160335482,0.177199066689993,0.625289243052476,TRUE,TRUE,TRUE,"Forebrain + Hindbrain + Midbrain",FALSE,FALSE
"Lclat1","Lclat1",3,0.177410724709092,1,"NM_001177968",-1.59697299700539,0.177410724709092,0.625835575772157,FALSE,FALSE,TRUE,"Midbrain only",FALSE,FALSE
"Fbln2","Fbln2",2,0.177455322498118,1,"NM_001081437",-1.64181109299371,0.177455322498118,0.625835575772157,FALSE,FALSE,TRUE,"Midbrain only",FALSE,FALSE
"Cops5","Cops5",3,0.178007122308643,1,"NR_102282",-0.355910915179309,0.178007122308643,0.626866867420152,NA,NA,NA,NA,FALSE,FALSE
"Senp8","Senp8",5,0.178183716815216,1,"NM_001172070",-1.86647159107244,0.178183716815216,0.626866867420152,TRUE,TRUE,FALSE,"Forebrain + Hindbrain",FALSE,FALSE
"Alg9","Alg9",2,0.178185006413811,1,"NR_045601",-0.566705910964641,0.178185006413811,0.626866867420152,TRUE,TRUE,TRUE,"Forebrain + Hindbrain + Midbrain",FALSE,FALSE
"Nlrc3","Nlrc3",2,0.17819234455264,1,"NM_001081280",-2.14751370891978,0.17819234455264,0.626866867420152,NA,NA,NA,NA,FALSE,FALSE
"Edc4","Edc4",2,0.178515962344344,1,"NM_001301100",-0.731167511310066,0.178515962344344,0.627424373491656,FALSE,FALSE,TRUE,"Midbrain only",FALSE,FALSE
"Rgs9","Rgs9",2,0.179083368035999,1,"NM_011268",-0.796810500813991,0.179083368035999,0.628963869639844,TRUE,TRUE,FALSE,"Forebrain + Hindbrain",FALSE,FALSE
"Mthfsd","Mthfsd",2,0.179106891241038,1,"NM_172761",-0.302254389173139,0.179106891241038,0.628963869639844,TRUE,TRUE,TRUE,"Forebrain + Hindbrain + Midbrain",FALSE,FALSE
"Cmc4","Cmc4",2,0.179459865762984,1,"NM_010839",-0.425984341806739,0.179459865762984,0.629844921363829,TRUE,TRUE,TRUE,"Forebrain + Hindbrain + Midbrain",FALSE,FALSE
"Sstr2","Sstr2",2,0.179821222697547,1,"NM_001042606",-1.23394341640122,0.179821222697547,0.630542699453164,FALSE,FALSE,TRUE,"Midbrain only",FALSE,FALSE
"Scyl3","Scyl3",3,0.179925275156034,1,"NM_028776",0.542531340525305,0.179925275156034,0.630542699453164,FALSE,FALSE,TRUE,"Midbrain only",FALSE,FALSE
"Sall2","Sall2",2,0.179973930681185,1,"NM_015772",-2.54238409646021,0.179973930681185,0.630542699453164,TRUE,TRUE,TRUE,"Forebrain + Hindbrain + Midbrain",FALSE,FALSE
"Cox16","Cox16",4,0.180202040985998,1,"NM_001309809",0.572923349454023,0.180202040985998,0.63083494631694,NA,NA,NA,NA,FALSE,FALSE
"Trmt2a","Trmt2a",3,0.180273229450126,1,"NM_001195205",-2.86768913795912,0.180273229450126,0.63090517623782,FALSE,FALSE,TRUE,"Midbrain only",FALSE,FALSE
"Tmem67","Tmem67",2,0.18034347870243,1,"NR_110955",-0.662438386129062,0.18034347870243,0.630931083577175,TRUE,TRUE,TRUE,"Forebrain + Hindbrain + Midbrain",FALSE,FALSE
"Tsku","Tsku",4,0.180382890021092,1,"NM_001168539",2.51453103303566,0.180382890021092,0.630931083577175,TRUE,TRUE,TRUE,"Forebrain + Hindbrain + Midbrain",FALSE,FALSE
"Slc16a10","Slc16a10",2,0.180542133044669,1,"NM_028247",-1.09154870463534,0.180542133044669,0.631257594348332,TRUE,TRUE,FALSE,"Forebrain + Hindbrain",FALSE,FALSE
"Echdc1","Echdc1",2,0.180732016274932,1,"NM_025855",-0.579436747446739,0.180732016274932,0.631257594348332,TRUE,TRUE,TRUE,"Forebrain + Hindbrain + Midbrain",FALSE,FALSE
"Rhbdd1","Rhbdd1",2,0.180976531485435,1,"NM_001122685",-4.20047695397282,0.180976531485435,0.631635651852476,NA,NA,NA,NA,FALSE,FALSE
"Camk1d","Camk1d",4,0.181076390109152,1,"NM_001290374",-2.8582999394489,0.181076390109152,0.631635651852476,NA,NA,NA,NA,FALSE,FALSE
"Plch2","Plch2",2,0.181096186082177,1,"NM_175556",-1.45580303091102,0.181096186082177,0.631635651852476,TRUE,TRUE,FALSE,"Forebrain + Hindbrain",FALSE,FALSE
"Ehmt2","Ehmt2",4,0.181551701790484,1,"NM_001286575",-0.547124537645371,0.181551701790484,0.632669518644445,TRUE,TRUE,TRUE,"Forebrain + Hindbrain + Midbrain",FALSE,FALSE
"Tmem91","Tmem91",3,0.181632085412855,1,"NM_001290498",2.73960737343804,0.181632085412855,0.632669518644445,TRUE,TRUE,TRUE,"Forebrain + Hindbrain + Midbrain",FALSE,FALSE
"Siah1b","Siah1b",3,0.181729317439568,1,"NM_001308385",-1.45568876089326,0.181729317439568,0.632770817495561,TRUE,TRUE,TRUE,"Forebrain + Hindbrain + Midbrain",FALSE,FALSE
"Nfatc4","Nfatc4",2,0.181782781237218,1,"NM_001168346",-0.768210176425577,0.181782781237218,0.632778426083855,TRUE,TRUE,TRUE,"Forebrain + Hindbrain + Midbrain",FALSE,FALSE
"Mbp","Mbp",7,0.182200734516497,1,"NM_001025245",-0.689985933304685,0.182200734516497,0.633478649530745,TRUE,TRUE,TRUE,"Forebrain + Hindbrain + Midbrain",FALSE,FALSE
"Snx10","Snx10",3,0.182253218042637,1,"NM_001127349",-1.40252700715033,0.182253218042637,0.633478649530745,NA,NA,NA,NA,FALSE,FALSE
"Ttll7","Ttll7",2,0.182530528061667,1,"NM_001302957",-0.884138666924528,0.182530528061667,0.633798340408643,TRUE,TRUE,TRUE,"Forebrain + Hindbrain + Midbrain",FALSE,FALSE
"Rasal1","Rasal1",2,0.182877749666852,1,"NM_013832",-4.77694452190124,0.182877749666852,0.634620762342225,NA,NA,NA,NA,FALSE,FALSE
"Mme","Mme",3,0.183005581235538,1,"NM_001289463",2.94076157216884,0.183005581235538,0.63488582300999,TRUE,TRUE,FALSE,"Forebrain + Hindbrain",FALSE,FALSE
"Wnt7b","Wnt7b",3,0.183154354820915,1,"NM_009528",2.06871219413833,0.183154354820915,0.635044882969963,TRUE,TRUE,TRUE,"Forebrain + Hindbrain + Midbrain",FALSE,FALSE
"Trim33","Trim33",2,0.183308625824055,1,"NM_001079830",-1.43747065741096,0.183308625824055,0.635364219109092,NA,NA,NA,NA,FALSE,FALSE
"Rbak","Rbak",2,0.183933433208945,1,"NM_001045482",-1.5248358965733,0.183933433208945,0.636672809480611,NA,NA,NA,NA,FALSE,FALSE
"Scg3","Scg3",2,0.184201499088679,1,"NM_001164790",-3.77252146999937,0.184201499088679,0.637135360359198,TRUE,TRUE,FALSE,"Forebrain + Hindbrain",FALSE,FALSE
"Gapdhs","Gapdhs",2,0.1842735900423,1,"NM_001290631",-3.05882150049031,0.1842735900423,0.637135360359198,NA,NA,NA,NA,FALSE,FALSE
"Nfatc1","Nfatc1",6,0.18481003331372,1,"NM_001164111",-1.78133303376427,0.18481003331372,0.638096197843119,NA,NA,NA,NA,FALSE,FALSE
"Aph1a","Aph1a",2,0.185224186787353,1,"NM_146134",-0.442539102977788,0.185224186787353,0.638989786121314,TRUE,TRUE,TRUE,"Forebrain + Hindbrain + Midbrain",FALSE,FALSE
"Ica1","Ica1",2,0.18537593479917,1,"NM_010492",-0.433334321150047,0.18537593479917,0.639155919369029,TRUE,TRUE,TRUE,"Forebrain + Hindbrain + Midbrain",FALSE,FALSE
"Figf","Figf",2,0.185538482721173,1,"NM_001308489",-2.68186281177667,0.185538482721173,0.639180590948989,NA,NA,NA,NA,FALSE,FALSE
"Tmem134","Tmem134",2,0.185641501795061,1,"NM_025889",-0.409212208588242,0.185641501795061,0.639204064911713,TRUE,TRUE,TRUE,"Forebrain + Hindbrain + Midbrain",FALSE,FALSE
"Gm13275","Gm13275",2,0.185656562917417,1,"NM_001085533_1",-3.12141420237382,0.185656562917417,0.639204064911713,NA,NA,NA,NA,FALSE,FALSE
"Tuft1","Tuft1",2,0.185704479763021,1,"NM_001293728",-4.71261118395873,0.185704479763021,0.639204064911713,TRUE,TRUE,TRUE,"Forebrain + Hindbrain + Midbrain",FALSE,FALSE
"Coro2a","Coro2a",2,0.185972633671399,1,"NM_001164804",-2.03562272490872,0.185972633671399,0.639426664671236,NA,NA,NA,NA,FALSE,FALSE
"Mtmr2","Mtmr2",2,0.18629898988955,1,"NM_023858",-0.326299223059647,0.18629898988955,0.64019201760987,TRUE,TRUE,TRUE,"Forebrain + Hindbrain + Midbrain",FALSE,FALSE
"H2-Q7","H2-Q7",3,0.18688261145082,1,"NM_001198561",-2.8599515176004,0.18688261145082,0.641688018363026,TRUE,TRUE,TRUE,"Forebrain + Hindbrain + Midbrain",FALSE,FALSE
"Sapcd2","Sapcd2",2,0.187013933781365,1,"NM_001081085",-1.27296668913883,0.187013933781365,0.641688018363026,TRUE,TRUE,FALSE,"Forebrain + Hindbrain",FALSE,FALSE
"Scn10a","Scn10a",2,0.187296720099529,1,"NM_001205321",-4.40239887130134,0.187296720099529,0.641688018363026,NA,NA,NA,NA,FALSE,FALSE
"Zc3h11a","Zc3h11a",2,0.187358341180063,1,"NM_001276767",-0.611820078999399,0.187358341180063,0.641688018363026,TRUE,TRUE,TRUE,"Forebrain + Hindbrain + Midbrain",FALSE,FALSE
"Apbb2","Apbb2",5,0.187881503528863,1,"NM_009686",3.81104085997903,0.187881503528863,0.642453828334872,TRUE,TRUE,TRUE,"Forebrain + Hindbrain + Midbrain",FALSE,FALSE
"Cops2","Cops2",4,0.187971177043515,1,"NM_001285512",-1.35353082243442,0.187971177043515,0.642538594104424,TRUE,TRUE,TRUE,"Forebrain + Hindbrain + Midbrain",FALSE,FALSE
"Ppfibp1","Ppfibp1",2,0.188107865405782,1,"NM_001170433",-0.700685716520612,0.188107865405782,0.642640321586463,TRUE,TRUE,TRUE,"Forebrain + Hindbrain + Midbrain",FALSE,FALSE
"Armc3","Armc3",4,0.189579826573069,1,"NM_001271563",4.26753811822831,0.189579826573069,0.645656425320508,NA,NA,NA,NA,FALSE,FALSE
"Elp3","Elp3",3,0.189789714613568,1,"NM_028811",0.750749276581771,0.189789714613568,0.645892189280594,TRUE,TRUE,TRUE,"Forebrain + Hindbrain + Midbrain",FALSE,FALSE
"Nfe2","Nfe2",6,0.189859230600933,1,"NM_001302340",-4.64109387940044,0.189859230600933,0.645950621895649,TRUE,TRUE,FALSE,"Forebrain + Hindbrain",FALSE,FALSE
"Atp2b2","Atp2b2",2,0.190027772088966,1,"NM_001036684",-3.33688481053019,0.190027772088966,0.646345840015944,TRUE,TRUE,FALSE,"Forebrain + Hindbrain",FALSE,FALSE
"Dnajc24","Dnajc24",2,0.190131345863594,1,"NR_033993",-0.945436459842453,0.190131345863594,0.646519925036306,TRUE,TRUE,TRUE,"Forebrain + Hindbrain + Midbrain",FALSE,FALSE
"Aebp2","Aebp2",5,0.190425455525958,1,"NM_001005605",-0.791831348922611,0.190425455525958,0.647341631181908,TRUE,TRUE,TRUE,"Forebrain + Hindbrain + Midbrain",FALSE,FALSE
"Dcun1d1","Dcun1d1",3,0.190918329568269,1,"NM_033623",-1.3326831918141,0.190918329568269,0.64865974308162,NA,NA,NA,NA,FALSE,FALSE
"Szrd1","Szrd1",4,0.191007829221073,1,"NR_102343",0.454866185419746,0.191007829221073,0.648785194766869,TRUE,TRUE,TRUE,"Forebrain + Hindbrain + Midbrain",FALSE,FALSE
"Banp","Banp",4,0.191090633092028,1,"NM_016812",-0.640779510397028,0.191090633092028,0.648887840494117,TRUE,TRUE,TRUE,"Forebrain + Hindbrain + Midbrain",FALSE,FALSE
"Ptpro","Ptpro",2,0.191523179696665,1,"NM_011216",-6.84969564322793,0.191523179696665,0.650054285803292,NA,NA,NA,NA,FALSE,FALSE
"Myl1","Myl1",2,0.191649987364684,1,"NM_021285",-7.17938877842019,0.191649987364684,0.650054285803292,TRUE,TRUE,TRUE,"Forebrain + Hindbrain + Midbrain",FALSE,FALSE
"Lancl1","Lancl1",3,0.191697532093856,1,"NM_021295",0.418277800818218,0.191697532093856,0.650054285803292,NA,NA,NA,NA,FALSE,FALSE
"Rasl12","Rasl12",2,0.192219340301546,1,"NM_001162923",-1.21128431974544,0.192219340301546,0.651465712529821,TRUE,TRUE,FALSE,"Forebrain + Hindbrain",FALSE,FALSE
"Brd4","Brd4",3,0.1922914795345,1,"NM_020508",-0.525841824452087,0.1922914795345,0.651520600765109,FALSE,FALSE,TRUE,"Midbrain only",FALSE,FALSE
"Tm2d3","Tm2d3",2,0.192341130355534,1,"NM_026795",-0.512492689592592,0.192341130355534,0.651520600765109,NA,NA,NA,NA,FALSE,FALSE
"Fnbp1","Fnbp1",5,0.192507490022728,1,"NM_019406",0.469671432134983,0.192507490022728,0.651726317388331,TRUE,TRUE,TRUE,"Forebrain + Hindbrain + Midbrain",FALSE,FALSE
"Nedd9","Nedd9",2,0.192811880058068,1,"NM_017464",-1.08627608126999,0.192811880058068,0.652237650119849,FALSE,FALSE,TRUE,"Midbrain only",FALSE,FALSE
"Clhc1","Clhc1",2,0.1928228525185,1,"NM_028504",-3.1059444064264,0.1928228525185,0.652237650119849,NA,NA,NA,NA,FALSE,FALSE
"Clcc1","Clcc1",3,0.193016319460833,1,"NM_001177770",-0.4708921311379,0.193016319460833,0.652413378225005,FALSE,FALSE,TRUE,"Midbrain only",FALSE,FALSE
"Trafd1","Trafd1",2,0.193033201022277,1,"NM_001163470",-0.530246230787624,0.193033201022277,0.652413378225005,FALSE,FALSE,TRUE,"Midbrain only",FALSE,FALSE
"Furin","Furin",2,0.193103295092829,1,"NM_001081454",-1.35802551601664,0.193103295092829,0.652413378225005,FALSE,FALSE,TRUE,"Midbrain only",FALSE,FALSE
"Acrbp","Acrbp",2,0.193213391489029,1,"NM_016845",-0.656050177465801,0.193213391489029,0.652413378225005,NA,NA,NA,NA,FALSE,FALSE
"Sept8","Sept8",3,0.193365102450663,1,"NM_033144",0.677621507297749,0.193365102450663,0.652413378225005,TRUE,TRUE,TRUE,"Forebrain + Hindbrain + Midbrain",FALSE,FALSE
"Ypel3","Ypel3",2,0.193611479495278,1,"NM_025347",-0.758002158526859,0.193611479495278,0.652782548090091,NA,NA,NA,NA,FALSE,FALSE
"Dcaf17","Dcaf17",4,0.193676629849651,1,"NM_001165980",-0.235092177702138,0.193676629849651,0.652782548090091,TRUE,TRUE,TRUE,"Forebrain + Hindbrain + Midbrain",FALSE,FALSE
"Knop1","Knop1",4,0.193689107647805,1,"NM_001168220",-0.687703212758966,0.193689107647805,0.652782548090091,NA,NA,NA,NA,FALSE,FALSE
"Tfap2a","Tfap2a",3,0.193896895734393,1,"NM_001301674",3.787266526002,0.193896895734393,0.65293061853238,NA,NA,NA,NA,FALSE,FALSE
"Lrrc8d","Lrrc8d",2,0.194214450143587,1,"NM_001122768",-2.29476881995176,0.194214450143587,0.653382310461249,NA,NA,NA,NA,FALSE,FALSE
"Mdfi","Mdfi",3,0.194334861719854,1,"NM_001109973",2.45073442975019,0.194334861719854,0.653609210581358,TRUE,TRUE,TRUE,"Forebrain + Hindbrain + Midbrain",FALSE,FALSE
"Hnrnpul1","Hnrnpul1",2,0.194923187361215,1,"NM_178089",-1.12231159455436,0.194923187361215,0.65451758694895,TRUE,TRUE,TRUE,"Forebrain + Hindbrain + Midbrain",FALSE,FALSE
"Rnf20","Rnf20",2,0.194990158760049,1,"NM_001163263",-0.373026091473639,0.194990158760049,0.654519014117339,TRUE,TRUE,TRUE,"Forebrain + Hindbrain + Midbrain",FALSE,FALSE
"Rad52","Rad52",4,0.195029693266569,1,"NM_011236",-2.31269245321641,0.195029693266569,0.654519014117339,TRUE,TRUE,TRUE,"Forebrain + Hindbrain + Midbrain",FALSE,FALSE
"Tirap","Tirap",4,0.195125031576994,1,"NM_001177845",-2.26747782600785,0.195125031576994,0.654660927041898,TRUE,TRUE,FALSE,"Forebrain + Hindbrain",FALSE,FALSE
"Azin1","Azin1",4,0.19532364573949,1,"NM_001102458",-0.220255041161792,0.19532364573949,0.654688345461823,FALSE,FALSE,TRUE,"Midbrain only",FALSE,FALSE
"Brsk2","Brsk2",4,0.195499922275374,1,"NM_001009930",3.18411611744409,0.195499922275374,0.654850445406654,TRUE,TRUE,TRUE,"Forebrain + Hindbrain + Midbrain",FALSE,FALSE
"Cdh8","Cdh8",4,0.195663508356478,1,"NM_007667",-0.679768220609525,0.195663508356478,0.655083360680472,TRUE,TRUE,TRUE,"Forebrain + Hindbrain + Midbrain",FALSE,FALSE
"Dctn3","Dctn3",2,0.195724496151874,1,"NM_016890",-0.668327599081783,0.195724496151874,0.655083360680472,NA,NA,NA,NA,FALSE,FALSE
"Dnm3","Dnm3",2,0.196263441422544,1,"NM_001038619",-1.287007933928,0.196263441422544,0.656076756229575,TRUE,TRUE,TRUE,"Forebrain + Hindbrain + Midbrain",FALSE,FALSE
"Ranbp17","Ranbp17",2,0.196291360129626,1,"NR_110973",-1.75634377056694,0.196291360129626,0.656076756229575,NA,NA,NA,NA,FALSE,FALSE
"Trim36","Trim36",2,0.196402959114282,1,"NM_178872",-4.72079325901444,0.196402959114282,0.656272005272201,TRUE,TRUE,TRUE,"Forebrain + Hindbrain + Midbrain",FALSE,FALSE
"Cdc7","Cdc7",4,0.196668123261616,1,"NM_009863",0.787342025325051,0.196668123261616,0.656624632318275,TRUE,TRUE,TRUE,"Forebrain + Hindbrain + Midbrain",FALSE,FALSE
"Dbi","Dbi",2,0.196734902654718,1,"NM_001037999",-0.965508756186456,0.196734902654718,0.656669921222403,NA,NA,NA,NA,FALSE,FALSE
"Eomes","Eomes",2,0.196813175164057,1,"NM_010136",-5.32513136114193,0.196813175164057,0.656753537459293,NA,NA,NA,NA,FALSE,FALSE
"Shroom1","Shroom1",2,0.197272575902674,1,"NM_027917",-3.33382147351579,0.197272575902674,0.657786358594812,NA,NA,NA,NA,FALSE,FALSE
"Nek1","Nek1",4,0.197366807769011,1,"NM_001293638",4.60153378139982,0.197366807769011,0.657786358594812,TRUE,TRUE,TRUE,"Forebrain + Hindbrain + Midbrain",FALSE,FALSE
"Ppm1b","Ppm1b",4,0.197611789367345,1,"NM_001159497",0.798625858273836,0.197611789367345,0.657786358594812,TRUE,TRUE,TRUE,"Forebrain + Hindbrain + Midbrain",FALSE,FALSE
"Gprc5b","Gprc5b",2,0.19789767904679,1,"NM_022420",-1.518765095151,0.19789767904679,0.657786358594812,TRUE,TRUE,TRUE,"Forebrain + Hindbrain + Midbrain",FALSE,FALSE
"Klc2","Klc2",2,0.198082180594677,1,"NM_008451",-0.464938933443143,0.198082180594677,0.657786358594812,FALSE,FALSE,TRUE,"Midbrain only",FALSE,FALSE
"Cav1","Cav1",2,0.198224652740142,1,"NM_007616",-0.889181753808234,0.198224652740142,0.658074801554233,FALSE,FALSE,TRUE,"Midbrain only",FALSE,FALSE
"Zscan22","Zscan22",5,0.198347883652634,1,"NM_001001447",3.56830880464993,0.198347883652634,0.658118000076892,TRUE,TRUE,TRUE,"Forebrain + Hindbrain + Midbrain",FALSE,FALSE
"Synpr","Synpr",2,0.198707280785296,1,"NM_001163032",-1.67652018022704,0.198707280785296,0.658693224855119,TRUE,TRUE,TRUE,"Forebrain + Hindbrain + Midbrain",FALSE,FALSE
"Cpeb4","Cpeb4",3,0.198728920270309,1,"NM_001290676",3.38310414045121,0.198728920270309,0.658693224855119,TRUE,TRUE,TRUE,"Forebrain + Hindbrain + Midbrain",FALSE,FALSE
"Rtel1","Rtel1",5,0.199000678996371,1,"NM_001166666",3.45235071559256,0.199000678996371,0.659062903600436,TRUE,TRUE,TRUE,"Forebrain + Hindbrain + Midbrain",FALSE,FALSE
"Elavl2","Elavl2",4,0.199133584674995,1,"NM_001177883",-1.00859331679049,0.199133584674995,0.659326116149568,TRUE,TRUE,TRUE,"Forebrain + Hindbrain + Midbrain",FALSE,FALSE
"Gmeb1","Gmeb1",2,0.199353240580401,1,"NM_020273",-1.26903294993897,0.199353240580401,0.65937841663771,FALSE,FALSE,TRUE,"Midbrain only",FALSE,FALSE
"Tmem53","Tmem53",5,0.199405853726681,1,"NM_001285814",2.04090271390421,0.199405853726681,0.65937841663771,TRUE,TRUE,TRUE,"Forebrain + Hindbrain + Midbrain",FALSE,FALSE
"Prdm16","Prdm16",3,0.199698746345367,1,"NM_001291029",0.712128725368817,0.199698746345367,0.659423813642359,NA,NA,NA,NA,FALSE,FALSE
"A430046D13Rik","A430046D13Rik",2,0.199901366140281,1,"NR_131150",-1.80745376987478,0.199901366140281,0.659423813642359,FALSE,FALSE,TRUE,"Midbrain only",FALSE,FALSE
"Ube2t","Ube2t",2,0.199922278160892,1,"NM_001278115",-1.09984643758616,0.199922278160892,0.659423813642359,TRUE,TRUE,TRUE,"Forebrain + Hindbrain + Midbrain",FALSE,FALSE
"6430550D23Rik","6430550D23Rik",2,0.199941352976842,1,"NM_001145352",-4.8337459935727,0.199941352976842,0.659423813642359,NA,NA,NA,NA,FALSE,FALSE
"Rims1","Rims1",5,0.200250102645862,1,"NM_001012623",-1.41496802465106,0.200250102645862,0.660139388360053,TRUE,FALSE,TRUE,"Forebrain + Midbrain",FALSE,FALSE
"Yaf2","Yaf2",2,0.200346615337407,1,"NR_028315",-0.355906711294887,0.200346615337407,0.660139388360053,TRUE,TRUE,TRUE,"Forebrain + Hindbrain + Midbrain",FALSE,FALSE
"Acbd5","Acbd5",4,0.200605350597908,1,"NM_028793",0.511624433563129,0.200605350597908,0.660653863458284,TRUE,TRUE,TRUE,"Forebrain + Hindbrain + Midbrain",FALSE,FALSE
"Fkbp1a","Fkbp1a",5,0.200876842895573,1,"NM_001302079",-1.01755797574228,0.200876842895573,0.660828437123095,NA,NA,NA,NA,FALSE,FALSE
"Exog","Exog",2,0.200924183545475,1,"NM_001172136",-0.537333655301664,0.200924183545475,0.660828437123095,TRUE,TRUE,TRUE,"Forebrain + Hindbrain + Midbrain",FALSE,FALSE
"Krit1","Krit1",3,0.201007926142137,1,"NR_033173",-0.385510549953378,0.201007926142137,0.660828437123095,FALSE,FALSE,TRUE,"Midbrain only",FALSE,FALSE
"Rn4.5s","Rn4.5s",10,0.201012743641837,1,"NR_002841_9",-2482556865379398,0.201012743641837,0.660828437123095,TRUE,TRUE,TRUE,"Forebrain + Hindbrain + Midbrain",FALSE,FALSE
"Bdh2","Bdh2",2,0.201033221471645,1,"NM_001172055",-2.20548400993104,0.201033221471645,0.660828437123095,TRUE,TRUE,TRUE,"Forebrain + Hindbrain + Midbrain",FALSE,FALSE
"Med8","Med8",3,0.201144013491813,1,"NM_020000",-0.32129559672182,0.201144013491813,0.660840555508247,NA,NA,NA,NA,FALSE,FALSE
"Bbip1","Bbip1",2,0.201453001253799,1,"NM_001195338",-0.323297732704966,0.201453001253799,0.661352948870318,TRUE,TRUE,TRUE,"Forebrain + Hindbrain + Midbrain",FALSE,FALSE
"Wdfy1","Wdfy1",2,0.201469951267576,1,"NM_001111279",-0.605668941402478,0.201469951267576,0.661352948870318,TRUE,TRUE,TRUE,"Forebrain + Hindbrain + Midbrain",FALSE,FALSE
"Ahnak","Ahnak",4,0.201539261294524,1,"NM_001286518",5.94142668790397,0.201539261294524,0.661352948870318,TRUE,TRUE,TRUE,"Forebrain + Hindbrain + Midbrain",FALSE,FALSE
"Plcb2","Plcb2",2,0.201691570883826,1,"NM_177568",-4.52625731069397,0.201691570883826,0.661406852167528,NA,NA,NA,NA,FALSE,FALSE
"D3Ertd751e","D3Ertd751e",3,0.201798841519658,1,"NM_001291048",-0.500010550343024,0.201798841519658,0.661582811995905,TRUE,TRUE,TRUE,"Forebrain + Hindbrain + Midbrain",FALSE,FALSE
"Pou2f2","Pou2f2",3,0.202373101780134,1,"NM_001163554",2.52343667326753,0.202373101780134,0.662937105380104,FALSE,FALSE,TRUE,"Midbrain only",FALSE,FALSE
"Fgfr1op","Fgfr1op",2,0.203022240854178,1,"NM_201230",-2.31813973046864,0.203022240854178,0.664278760262732,TRUE,TRUE,FALSE,"Forebrain + Hindbrain",FALSE,FALSE
"Ndfip2","Ndfip2",2,0.203257349505287,1,"NM_029561",-0.516601499587077,0.203257349505287,0.664415482237403,TRUE,TRUE,TRUE,"Forebrain + Hindbrain + Midbrain",FALSE,FALSE
"Neurl4","Neurl4",3,0.203446674292977,1,"NM_001013414",1.83491110670998,0.203446674292977,0.664513488823542,FALSE,FALSE,TRUE,"Midbrain only",FALSE,FALSE
"Fcho1","Fcho1",3,0.203779734168685,1,"NM_028715",0.910706757515983,0.203779734168685,0.665141662841417,TRUE,TRUE,TRUE,"Forebrain + Hindbrain + Midbrain",FALSE,FALSE
"Vav1","Vav1",2,0.203808527952136,1,"NM_011691",-2.88086628926973,0.203808527952136,0.665141662841417,NA,NA,NA,NA,FALSE,FALSE
"Fkbp8","Fkbp8",3,0.20386554830483,1,"NM_010223",0.329879437801501,0.20386554830483,0.665141662841417,NA,NA,NA,NA,FALSE,FALSE
"Fst","Fst",3,0.204425952525282,1,"NM_001301373",-1.05640390628648,0.204425952525282,0.666609026296898,NA,NA,NA,NA,FALSE,FALSE
"Htatsf1","Htatsf1",2,0.204478454002992,1,"NM_029371",-0.501401716871956,0.204478454002992,0.666609026296898,TRUE,TRUE,TRUE,"Forebrain + Hindbrain + Midbrain",FALSE,FALSE
"Stx5a","Stx5a",2,0.204905401256158,1,"NM_019829",-0.188824575423268,0.204905401256158,0.667213220520202,TRUE,TRUE,TRUE,"Forebrain + Hindbrain + Midbrain",FALSE,FALSE
"AW209491","AW209491",2,0.204934856137964,1,"NM_134067",-1.2127491854912,0.204934856137964,0.667213220520202,FALSE,FALSE,TRUE,"Midbrain only",FALSE,FALSE
"Acp5","Acp5",3,0.204976119853492,1,"NM_001102404",4.86851604604218,0.204976119853492,0.667213220520202,TRUE,TRUE,TRUE,"Forebrain + Hindbrain + Midbrain",FALSE,FALSE
"U2surp","U2surp",2,0.205167193145142,1,"NM_001114977",-0.703814186759628,0.205167193145142,0.667374153348116,NA,NA,NA,NA,FALSE,FALSE
"Ssrp1","Ssrp1",2,0.2052274335686,1,"NM_001136081",-0.421288642440296,0.2052274335686,0.667374153348116,TRUE,TRUE,TRUE,"Forebrain + Hindbrain + Midbrain",FALSE,FALSE
"Prg4","Prg4",2,0.205375458535675,1,"NM_001110146",-1.36887174264098,0.205375458535675,0.667374153348116,NA,NA,NA,NA,FALSE,FALSE
"Pafah1b1","Pafah1b1",2,0.205428621192855,1,"NM_013625",-0.433227935615824,0.205428621192855,0.667374153348116,TRUE,TRUE,TRUE,"Forebrain + Hindbrain + Midbrain",FALSE,FALSE
"Prdx6","Prdx6",3,0.205480091569486,1,"NM_001303408",0.746785427476599,0.205480091569486,0.667374153348116,NA,NA,NA,NA,FALSE,FALSE
"Porcn","Porcn",5,0.205491248996057,1,"NR_131893",-0.871876539736448,0.205491248996057,0.667374153348116,TRUE,TRUE,TRUE,"Forebrain + Hindbrain + Midbrain",FALSE,FALSE
"Traf2","Traf2",2,0.205610454235321,1,"NM_009422",-1.28512028150215,0.205610454235321,0.667517233692151,TRUE,TRUE,FALSE,"Forebrain + Hindbrain",FALSE,FALSE
"Npnt","Npnt",3,0.20583397347083,1,"NM_033525",0.596247257251876,0.20583397347083,0.667917583102238,TRUE,TRUE,TRUE,"Forebrain + Hindbrain + Midbrain",FALSE,FALSE
"Fau","Fau",3,0.205842023382319,1,"NM_001190436",-0.532796812405387,0.205842023382319,0.667917583102238,NA,NA,NA,NA,FALSE,FALSE
"Oas1b","Oas1b",2,0.205918588076809,1,"NR_003507",-3.15162604644252,0.205918588076809,0.667990372467881,NA,NA,NA,NA,FALSE,FALSE
"Msh5","Msh5",4,0.206164598351222,1,"NR_130640",3.73179930011653,0.206164598351222,0.668095513801618,NA,NA,NA,NA,FALSE,FALSE
"Fer","Fer",3,0.206370561307056,1,"NM_001286415",-0.663828181539384,0.206370561307056,0.668402290427577,NA,NA,NA,NA,FALSE,FALSE
"Abat","Abat",2,0.206500235355469,1,"NM_001170978",-0.42015645354857,0.206500235355469,0.668626174340709,TRUE,TRUE,TRUE,"Forebrain + Hindbrain + Midbrain",FALSE,FALSE
"Uba3","Uba3",5,0.206846045894638,1,"NM_001111106",-0.487523526178801,0.206846045894638,0.668626174340709,TRUE,TRUE,TRUE,"Forebrain + Hindbrain + Midbrain",FALSE,FALSE
"Ttpal","Ttpal",4,0.207033604747435,1,"NR_131225",3.09629464948974,0.207033604747435,0.668626174340709,FALSE,FALSE,TRUE,"Midbrain only",FALSE,FALSE
"Csnk1e","Csnk1e",3,0.207144073298584,1,"NM_001289899",0.224668923949618,0.207144073298584,0.668626174340709,NA,NA,NA,NA,FALSE,FALSE
"L3mbtl2","L3mbtl2",4,0.207686284961089,1,"NR_110362",-0.761027931497312,0.207686284961089,0.669500720067877,TRUE,TRUE,FALSE,"Forebrain + Hindbrain",FALSE,FALSE
"Upp2","Upp2",2,0.207756691963352,1,"NM_001289660",-1.17893011521809,0.207756691963352,0.669552775875624,NA,NA,NA,NA,FALSE,FALSE
"Lrba","Lrba",3,0.207812102437664,1,"NM_030695",1.0266030795344,0.207812102437664,0.669556486705161,NA,NA,NA,NA,FALSE,FALSE
"Pvrl4","Pvrl4",2,0.208200611125856,1,"NM_027893",-3.11499579601899,0.208200611125856,0.669970292439061,NA,NA,NA,NA,FALSE,FALSE
"Ntn5","Ntn5",2,0.209190579166107,1,"NM_001033356",-2.66729152026541,0.209190579166107,0.672067624813788,NA,NA,NA,NA,FALSE,FALSE
"Slc14a1","Slc14a1",3,0.209483887640437,1,"NM_001171011",3.84376363885152,0.209483887640437,0.672661124845136,NA,NA,NA,NA,FALSE,FALSE
"Ptpra","Ptpra",2,0.2098461312722,1,"NM_001163688",-2.12798186545146,0.2098461312722,0.673569325458863,NA,NA,NA,NA,FALSE,FALSE
"Gm21119","Gm21119",2,0.210026461338514,1,"NM_001270553",-4.42737525045293,0.210026461338514,0.67370068440792,NA,NA,NA,NA,FALSE,FALSE
"Gm16938","Gm16938",4,0.210157564550593,1,"NR_045971",4.20692825162374,0.210157564550593,0.673845113213708,NA,NA,NA,NA,FALSE,FALSE
"Inpp5a","Inpp5a",2,0.210193118390877,1,"NM_183144",-1.55263411439316,0.210193118390877,0.673845113213708,FALSE,FALSE,TRUE,"Midbrain only",FALSE,FALSE
"1700020A23Rik","1700020A23Rik",2,0.210540223017297,1,"NM_001163483",-4.77062317825388,0.210540223017297,0.674566418082292,NA,NA,NA,NA,FALSE,FALSE
"Lgals9","Lgals9",2,0.210569679291166,1,"NM_010708",-0.971269141590742,0.210569679291166,0.674566418082292,NA,NA,NA,NA,FALSE,FALSE
"Acsl6","Acsl6",4,0.210831054115139,1,"NM_001033599",2.67307802875149,0.210831054115139,0.674737541123347,TRUE,TRUE,TRUE,"Forebrain + Hindbrain + Midbrain",FALSE,FALSE
"Rffl","Rffl",5,0.211169376401631,1,"NM_001164569",3.16163135910602,0.211169376401631,0.674737541123347,FALSE,FALSE,TRUE,"Midbrain only",FALSE,FALSE
"Adgrb2","Adgrb2",4,0.211186216283214,1,"NM_001199696",3.15129527010699,0.211186216283214,0.674737541123347,FALSE,FALSE,TRUE,"Midbrain only",FALSE,FALSE
"Abca6","Abca6",3,0.211223978243744,1,"NM_147218",-1.7566665308543,0.211223978243744,0.674737541123347,NA,NA,NA,NA,FALSE,FALSE
"Fam122b","Fam122b",3,0.211392012924206,1,"NM_001166583",-0.793297079431392,0.211392012924206,0.674737541123347,TRUE,TRUE,TRUE,"Forebrain + Hindbrain + Midbrain",FALSE,FALSE
"Anapc15","Anapc15",3,0.211492098751212,1,"NM_001291349",0.834294211548673,0.211492098751212,0.674737541123347,TRUE,TRUE,FALSE,"Forebrain + Hindbrain",FALSE,FALSE
"Papss1","Papss1",4,0.211523318971671,1,"NM_011863",-0.381696725621733,0.211523318971671,0.674737541123347,TRUE,TRUE,TRUE,"Forebrain + Hindbrain + Midbrain",FALSE,FALSE
"Ift74","Ift74",2,0.211833399804816,1,"NM_001290568",-0.713367849511384,0.211833399804816,0.674737541123347,TRUE,TRUE,TRUE,"Forebrain + Hindbrain + Midbrain",FALSE,FALSE
"Sipa1","Sipa1",4,0.211846741786629,1,"NM_001164568",-1.39056414608984,0.211846741786629,0.674737541123347,TRUE,TRUE,TRUE,"Forebrain + Hindbrain + Midbrain",FALSE,FALSE
"Slc7a2","Slc7a2",2,0.211849597304328,1,"NM_001044740",-1.95043055826366,0.211849597304328,0.674737541123347,NA,NA,NA,NA,FALSE,FALSE
"Mthfd1l","Mthfd1l",3,0.211894874932744,1,"NM_001170786",1.26935184910402,0.211894874932744,0.674737541123347,TRUE,FALSE,TRUE,"Forebrain + Midbrain",FALSE,FALSE
"Inca1","Inca1",5,0.213099148986769,1,"NM_001252482",5.36659328792485,0.213099148986769,0.676904058914625,TRUE,TRUE,TRUE,"Forebrain + Hindbrain + Midbrain",FALSE,FALSE
"Usp15","Usp15",2,0.213222711758733,1,"NM_001301628",-0.402502284635306,0.213222711758733,0.676904058914625,TRUE,TRUE,TRUE,"Forebrain + Hindbrain + Midbrain",FALSE,FALSE
"Rchy1","Rchy1",3,0.213748517171285,1,"NR_073442",0.39543303957458,0.213748517171285,0.677712410558493,NA,NA,NA,NA,FALSE,FALSE
"Cxcl12","Cxcl12",3,0.214228543633552,1,"NM_001012477",-0.384685474795466,0.214228543633552,0.679059909693817,TRUE,TRUE,TRUE,"Forebrain + Hindbrain + Midbrain",FALSE,FALSE
"Setdb1","Setdb1",3,0.214576398984905,1,"NM_001163641",-1.35417967495161,0.214576398984905,0.67949095611595,TRUE,TRUE,FALSE,"Forebrain + Hindbrain",FALSE,FALSE
"Tjp1","Tjp1",2,0.214614912112684,1,"NM_001163574",-0.794664366356505,0.214614912112684,0.67949095611595,NA,NA,NA,NA,FALSE,FALSE
"Rxrb","Rxrb",4,0.214632433883299,1,"NM_001205214",-0.471078792374521,0.214632433883299,0.67949095611595,TRUE,TRUE,TRUE,"Forebrain + Hindbrain + Midbrain",FALSE,FALSE
"Cass4","Cass4",3,0.214715195670707,1,"NM_001080820",3.82989902799099,0.214715195670707,0.67949095611595,NA,NA,NA,NA,FALSE,FALSE
"Klhl25","Klhl25",3,0.214734790421641,1,"NM_182782",1.13294238836076,0.214734790421641,0.67949095611595,TRUE,TRUE,TRUE,"Forebrain + Hindbrain + Midbrain",FALSE,FALSE
"Dzip1","Dzip1",2,0.214749978026921,1,"NM_025943",-0.781943390441711,0.214749978026921,0.67949095611595,NA,NA,NA,NA,FALSE,FALSE
"Mst1r","Mst1r",3,0.21554394371629,1,"NM_009074",2.20730159667131,0.21554394371629,0.6812137310857,NA,NA,NA,NA,FALSE,FALSE
"Kcnd3","Kcnd3",2,0.21575620401438,1,"NM_001039347",-1.69230789949974,0.21575620401438,0.6812137310857,TRUE,TRUE,TRUE,"Forebrain + Hindbrain + Midbrain",FALSE,FALSE
"4930526I15Rik","4930526I15Rik",3,0.215791286451702,1,"NR_102721",2.0140271373688,0.215791286451702,0.6812137310857,TRUE,TRUE,TRUE,"Forebrain + Hindbrain + Midbrain",FALSE,FALSE
"Tbc1d24","Tbc1d24",7,0.216250702876783,1,"NM_001163850",2.08571156327495,0.216250702876783,0.682489430562534,TRUE,TRUE,TRUE,"Forebrain + Hindbrain + Midbrain",FALSE,FALSE
"Ube2m","Ube2m",3,0.216779085235988,1,"NM_001168469",-0.43565014083528,0.216779085235988,0.683283246950724,TRUE,TRUE,TRUE,"Forebrain + Hindbrain + Midbrain",FALSE,FALSE
"Zfp180","Zfp180",5,0.216967775155971,1,"NM_001045486",-0.953833489930752,0.216967775155971,0.68360493683114,NA,NA,NA,NA,FALSE,FALSE
"Celf4","Celf4",5,0.217042988199408,1,"NM_001146295",1.02761385630755,0.217042988199408,0.68360493683114,TRUE,TRUE,TRUE,"Forebrain + Hindbrain + Midbrain",FALSE,FALSE
"Fam13c","Fam13c",2,0.217200146195434,1,"NM_001143776",-0.493922355526618,0.217200146195434,0.683911662171896,FALSE,FALSE,TRUE,"Midbrain only",FALSE,FALSE
"Med7","Med7",4,0.217358140764422,1,"NM_001104556",-0.915794208461138,0.217358140764422,0.684234555365553,TRUE,TRUE,TRUE,"Forebrain + Hindbrain + Midbrain",FALSE,FALSE
"Hras","Hras",3,0.217701210466245,1,"NM_001130444",0.457274029055333,0.217701210466245,0.684790450459717,NA,NA,NA,NA,FALSE,FALSE
"Gas2l1","Gas2l1",4,0.218092056042002,1,"NM_030228",-3.00220233760028,0.218092056042002,0.6858450488171,TRUE,TRUE,TRUE,"Forebrain + Hindbrain + Midbrain",FALSE,FALSE
"Cnot6l","Cnot6l",4,0.218228919678876,1,"NM_144910",-2.78061585157705,0.218228919678876,0.685925845348274,NA,NA,NA,NA,FALSE,FALSE
"1700065D16Rik","1700065D16Rik",2,0.218331734854936,1,"NR_073361",-1.81856221734148,0.218331734854936,0.686074257221775,TRUE,TRUE,TRUE,"Forebrain + Hindbrain + Midbrain",FALSE,FALSE
"R3hcc1","R3hcc1",2,0.21871937219765,1,"NM_001301652",-0.342930072525402,0.21871937219765,0.686745467270132,TRUE,TRUE,TRUE,"Forebrain + Hindbrain + Midbrain",FALSE,FALSE
"Zbtb20","Zbtb20",3,0.218736839402662,1,"NM_181058",0.223772966014139,0.218736839402662,0.686745467270132,TRUE,TRUE,TRUE,"Forebrain + Hindbrain + Midbrain",FALSE,FALSE
"Wdr31","Wdr31",3,0.218767944233297,1,"NM_001290522",2.34288642070887,0.218767944233297,0.686745467270132,TRUE,TRUE,TRUE,"Forebrain + Hindbrain + Midbrain",FALSE,FALSE
"Fbxl5","Fbxl5",2,0.219656450640572,1,"NM_001159963",-0.68330667613382,0.219656450640572,0.688483769597321,NA,NA,NA,NA,FALSE,FALSE
"Zfp513","Zfp513",2,0.22001629536397,1,"NM_175311",-0.8562790455055,0.22001629536397,0.689045519154823,TRUE,TRUE,FALSE,"Forebrain + Hindbrain",FALSE,FALSE
"Nudt3","Nudt3",2,0.220023898862444,1,"NM_001291046",-0.213802340070468,0.220023898862444,0.689045519154823,TRUE,TRUE,TRUE,"Forebrain + Hindbrain + Midbrain",FALSE,FALSE
"Pemt","Pemt",4,0.220257029752829,1,"NM_001290013",-2.6343020659194,0.220257029752829,0.689113138155373,FALSE,FALSE,TRUE,"Midbrain only",FALSE,FALSE
"Rasgef1b","Rasgef1b",2,0.22032970297061,1,"NM_145839",-0.459022126583859,0.22032970297061,0.689113138155373,TRUE,TRUE,FALSE,"Forebrain + Hindbrain",FALSE,FALSE
"Gm15417","Gm15417",2,0.220395788112304,1,"NR_040403",-1.48633849235087,0.220395788112304,0.689113138155373,FALSE,FALSE,TRUE,"Midbrain only",FALSE,FALSE
"Esd","Esd",2,0.22049683598545,1,"NM_001285423",-0.478692362733698,0.22049683598545,0.689113138155373,NA,NA,NA,NA,FALSE,FALSE
"Cipc","Cipc",4,0.22072286661709,1,"NM_001289430",5.16020669706442,0.22072286661709,0.689321951730748,NA,NA,NA,NA,FALSE,FALSE
"Ccdc167","Ccdc167",2,0.220999739399115,1,"NM_001163741",-0.625865227205429,0.220999739399115,0.689773112975959,TRUE,TRUE,TRUE,"Forebrain + Hindbrain + Midbrain",FALSE,FALSE
"Son","Son",2,0.221069904263035,1,"NM_178880",-0.202014852005429,0.221069904263035,0.689773112975959,TRUE,TRUE,TRUE,"Forebrain + Hindbrain + Midbrain",FALSE,FALSE
"Bhlhb9","Bhlhb9",2,0.221073959628842,1,"NM_198161",-0.657205636692008,0.221073959628842,0.689773112975959,NA,NA,NA,NA,FALSE,FALSE
"Ccdc90b","Ccdc90b",2,0.221775514600226,1,"NM_025515",-0.659217547873806,0.221775514600226,0.691403621883176,NA,NA,NA,NA,FALSE,FALSE
"Trpc4","Trpc4",4,0.221898303728863,1,"NM_001253683",1.35750754319062,0.221898303728863,0.691403621883176,NA,NA,NA,NA,FALSE,FALSE
"Ttc14","Ttc14",4,0.222340824261765,1,"NM_001290500",-0.570495063136478,0.222340824261765,0.691453067386639,NA,NA,NA,NA,FALSE,FALSE
"Negr1","Negr1",2,0.222497761881456,1,"NM_001039094",-1.28810598483999,0.222497761881456,0.691629465637772,TRUE,TRUE,TRUE,"Forebrain + Hindbrain + Midbrain",FALSE,FALSE
"Prpsap2","Prpsap2",4,0.222815217670529,1,"NM_144806",-0.613967687640769,0.222815217670529,0.691911124611009,TRUE,TRUE,TRUE,"Forebrain + Hindbrain + Midbrain",FALSE,FALSE
"Trmt1","Trmt1",3,0.223235618120107,1,"NM_001164560",1.06296718050055,0.223235618120107,0.692347406069621,TRUE,TRUE,TRUE,"Forebrain + Hindbrain + Midbrain",FALSE,FALSE
"Zfp410","Zfp410",5,0.223245569590845,1,"NR_045546",-1.11419413420051,0.223245569590845,0.692347406069621,NA,NA,NA,NA,FALSE,FALSE
"Nol4","Nol4",2,0.223515212469667,1,"NM_001161483",-1.87423483672013,0.223515212469667,0.692660028253016,TRUE,TRUE,TRUE,"Forebrain + Hindbrain + Midbrain",FALSE,FALSE
"Psmg4","Psmg4",2,0.223538845427162,1,"NM_001101430",-0.249390557295203,0.223538845427162,0.692660028253016,TRUE,TRUE,TRUE,"Forebrain + Hindbrain + Midbrain",FALSE,FALSE
"Ercc1","Ercc1",2,0.223627030191249,1,"NM_001127324",-0.511654915278115,0.223627030191249,0.692660028253016,NA,NA,NA,NA,FALSE,FALSE
"Aldh2","Aldh2",2,0.223833341250077,1,"NM_009656",-0.122269725754886,0.223833341250077,0.69303773970032,NA,NA,NA,NA,FALSE,FALSE
"Pls3","Pls3",3,0.224052105862983,1,"NM_001166453",-1.24301967499104,0.224052105862983,0.69303773970032,NA,NA,NA,NA,FALSE,FALSE
"Itgal","Itgal",4,0.224213765274756,1,"NM_001253873",2.83097992643952,0.224213765274756,0.69303773970032,NA,NA,NA,NA,FALSE,FALSE
"Rfesd","Rfesd",3,0.224234257065995,1,"NM_001131069",1.72479531731072,0.224234257065995,0.69303773970032,TRUE,TRUE,TRUE,"Forebrain + Hindbrain + Midbrain",FALSE,FALSE
"Tcf19","Tcf19",3,0.224304333994213,1,"NM_001163764",0.728558301414188,0.224304333994213,0.69303773970032,TRUE,TRUE,TRUE,"Forebrain + Hindbrain + Midbrain",FALSE,FALSE
"Fstl5","Fstl5",2,0.224357895158164,1,"NM_178673",-2.70231948489338,0.224357895158164,0.69303773970032,NA,NA,NA,NA,FALSE,FALSE
"Ifi27","Ifi27",4,0.224543997112288,1,"NM_194067",0.891051240713195,0.224543997112288,0.69303773970032,TRUE,TRUE,TRUE,"Forebrain + Hindbrain + Midbrain",FALSE,FALSE
"Asgr1","Asgr1",3,0.225488078861262,1,"NM_009714",5.42513365511907,0.225488078861262,0.694636687149916,TRUE,TRUE,FALSE,"Forebrain + Hindbrain",FALSE,FALSE
"Prr5l","Prr5l",2,0.225551384344775,1,"NM_175181",-1.24585858965033,0.225551384344775,0.694636687149916,NA,NA,NA,NA,FALSE,FALSE
"Arnt","Arnt",2,0.225625962101136,1,"NM_009709",-0.652648532574525,0.225625962101136,0.694636687149916,TRUE,TRUE,TRUE,"Forebrain + Hindbrain + Midbrain",FALSE,FALSE
"A930005H10Rik","A930005H10Rik",3,0.225861020269855,1,"NR_015487",0.441316280438263,0.225861020269855,0.694870354058841,TRUE,TRUE,TRUE,"Forebrain + Hindbrain + Midbrain",FALSE,FALSE
"Otud7b","Otud7b",2,0.226124981487151,1,"NM_001025614",-2.73155780992657,0.226124981487151,0.695169755566984,NA,NA,NA,NA,FALSE,FALSE
"Crebzf","Crebzf",4,0.226500290470216,1,"NM_145151",0.541903748050443,0.226500290470216,0.695860211733569,TRUE,TRUE,TRUE,"Forebrain + Hindbrain + Midbrain",FALSE,FALSE
"Xlr","Xlr",2,0.226559839147378,1,"NM_011725",-2.36506073593684,0.226559839147378,0.695860211733569,TRUE,TRUE,TRUE,"Forebrain + Hindbrain + Midbrain",FALSE,FALSE
"Wdr33","Wdr33",4,0.227200410533492,1,"NM_028866",-0.257332497677939,0.227200410533492,0.696081686420675,TRUE,FALSE,TRUE,"Forebrain + Midbrain",FALSE,FALSE
"4930520O04Rik","4930520O04Rik",2,0.227268089499978,1,"NR_040384",-2.37963397266634,0.227268089499978,0.696081686420675,NA,NA,NA,NA,FALSE,FALSE
"E130008D07Rik","E130008D07Rik",3,0.227552149353404,1,"NR_045153",2.60301728733937,0.227552149353404,0.696081686420675,NA,NA,NA,NA,FALSE,FALSE
"Cd63","Cd63",3,0.227668299498124,1,"NM_001042580",-3.29949908386339,0.227668299498124,0.696264390534537,NA,NA,NA,NA,FALSE,FALSE
"Ephb6","Ephb6",2,0.227742972582293,1,"NM_001146351",-1.29416011186309,0.227742972582293,0.696320188717911,NA,NA,NA,NA,FALSE,FALSE
"Kcne3","Kcne3",5,0.227939750467044,1,"NM_001190870",-2.11313232816578,0.227939750467044,0.696501468709627,TRUE,TRUE,TRUE,"Forebrain + Hindbrain + Midbrain",FALSE,FALSE
"Afg3l1","Afg3l1",2,0.228190851865001,1,"NR_028260",-1.53134267631043,0.228190851865001,0.696802623439418,NA,NA,NA,NA,FALSE,FALSE
"Repin1","Repin1",6,0.228565709289588,1,"NM_175099",-0.893385506576732,0.228565709289588,0.697146031324802,TRUE,TRUE,TRUE,"Forebrain + Hindbrain + Midbrain",FALSE,FALSE
"Erg","Erg",5,0.228879984614905,1,"NM_001302153",-2.215208800669,0.228879984614905,0.697705224397344,NA,NA,NA,NA,FALSE,FALSE
"Tcerg1","Tcerg1",3,0.22928218098215,1,"NR_110344",0.413042498926986,0.22928218098215,0.697815502076585,TRUE,TRUE,TRUE,"Forebrain + Hindbrain + Midbrain",FALSE,FALSE
"Prnp","Prnp",2,0.229417319863072,1,"NM_001278256",-0.498444024168184,0.229417319863072,0.697815502076585,NA,NA,NA,NA,FALSE,FALSE
"Nrde2","Nrde2",2,0.229681787156774,1,"NM_183155",-1.07993407988479,0.229681787156774,0.698096860471574,NA,NA,NA,NA,FALSE,FALSE
"Vps8","Vps8",2,0.229840327196327,1,"NM_001285894",-1.89607152124366,0.229840327196327,0.69811703486001,TRUE,TRUE,TRUE,"Forebrain + Hindbrain + Midbrain",FALSE,FALSE
"Plcd4","Plcd4",2,0.229982976904144,1,"NM_001081456",-2.76130352799154,0.229982976904144,0.69811703486001,NA,NA,NA,NA,FALSE,FALSE
"Enpp2","Enpp2",3,0.2300844392849,1,"NM_001285995",0.590880267255678,0.2300844392849,0.69811703486001,NA,NA,NA,NA,FALSE,FALSE
"Cox18","Cox18",2,0.230399169958236,1,"NR_028088",-0.445619993514003,0.230399169958236,0.698398973537452,FALSE,FALSE,TRUE,"Midbrain only",FALSE,FALSE
"2310010J17Rik","2310010J17Rik",2,0.230405123358823,1,"NR_046007",-3.27125012421613,0.230405123358823,0.698398973537452,NA,NA,NA,NA,FALSE,FALSE
"4931428F04Rik","4931428F04Rik",2,0.230423003052096,1,"NM_001166394",-0.645223471426942,0.230423003052096,0.698398973537452,TRUE,TRUE,TRUE,"Forebrain + Hindbrain + Midbrain",FALSE,FALSE
"Cbll1","Cbll1",3,0.230424038602508,1,"NM_001253848",-1.29892953916424,0.230424038602508,0.698398973537452,TRUE,TRUE,TRUE,"Forebrain + Hindbrain + Midbrain",FALSE,FALSE
"Yipf1","Yipf1",2,0.230460341997123,1,"NM_145550",-2.00965921270762,0.230460341997123,0.698398973537452,NA,NA,NA,NA,FALSE,FALSE
"Impdh1","Impdh1",3,0.230612399458036,1,"NM_011829",-0.570727873750687,0.230612399458036,0.698688192809271,FALSE,FALSE,TRUE,"Midbrain only",FALSE,FALSE
"Exo5","Exo5",2,0.230673118266548,1,"NM_028457",-0.897162917404372,0.230673118266548,0.698700608593324,FALSE,FALSE,TRUE,"Midbrain only",FALSE,FALSE
"Pcdh9","Pcdh9",4,0.230863673751305,1,"NM_001271800",7.15769191117418,0.230863673751305,0.698940107236778,NA,NA,NA,NA,FALSE,FALSE
"Csnk2b","Csnk2b",4,0.23097265892749,1,"NM_001303446",-0.738178039276332,0.23097265892749,0.698953529267171,NA,NA,NA,NA,FALSE,FALSE
"Dnajb11","Dnajb11",2,0.231162295642419,1,"NM_001190804",-2.27395398141194,0.231162295642419,0.699142655950359,NA,NA,NA,NA,FALSE,FALSE
"Tmem196","Tmem196",3,0.231412886372779,1,"NM_001160385",6.56310800839332,0.231412886372779,0.699235177203817,FALSE,FALSE,TRUE,"Midbrain only",FALSE,FALSE
"Htr1d","Htr1d",4,0.232447403193237,1,"NM_008309",3.27820761215533,0.232447403193237,0.700432859038378,NA,NA,NA,NA,FALSE,FALSE
"Agbl5","Agbl5",5,0.232550520541348,1,"NM_174849",-0.539102969281556,0.232550520541348,0.700432859038378,NA,NA,NA,NA,FALSE,FALSE
"Lrch1","Lrch1",2,0.232632099961322,1,"NM_001033439",-1.46535755935151,0.232632099961322,0.700507592367669,TRUE,TRUE,FALSE,"Forebrain + Hindbrain",FALSE,FALSE
"Anxa9","Anxa9",2,0.232755558605939,1,"NM_001085383",-4.97684936629691,0.232755558605939,0.700708366235006,NA,NA,NA,NA,FALSE,FALSE
"Plekhg5","Plekhg5",2,0.233367473221638,1,"NR_104381",-0.671341315715163,0.233367473221638,0.701931127114698,TRUE,TRUE,FALSE,"Forebrain + Hindbrain",FALSE,FALSE
"Pld2","Pld2",3,0.233389255636273,1,"NM_001302475",1.4029641705792,0.233389255636273,0.701931127114698,NA,NA,NA,NA,FALSE,FALSE
"Akap8","Akap8",3,0.233552398788367,1,"NR_131218",-0.757088119423159,0.233552398788367,0.702139442915024,TRUE,TRUE,FALSE,"Forebrain + Hindbrain",FALSE,FALSE
"Yes1","Yes1",2,0.233572318733077,1,"NM_001205132",-0.512396314348026,0.233572318733077,0.702139442915024,TRUE,TRUE,TRUE,"Forebrain + Hindbrain + Midbrain",FALSE,FALSE
"Sec23b","Sec23b",4,0.234116692758175,1,"NM_019787",0.421997187891971,0.234116692758175,0.702891128786293,TRUE,TRUE,TRUE,"Forebrain + Hindbrain + Midbrain",FALSE,FALSE
"Srr","Srr",2,0.234288593356837,1,"NM_001163311",-1.88358915280277,0.234288593356837,0.702891128786293,TRUE,TRUE,TRUE,"Forebrain + Hindbrain + Midbrain",FALSE,FALSE
"Slc12a6","Slc12a6",2,0.234407543701509,1,"NM_133648",-0.51063168326697,0.234407543701509,0.702891128786293,TRUE,TRUE,FALSE,"Forebrain + Hindbrain",FALSE,FALSE
"Oxsr1","Oxsr1",2,0.234502111662121,1,"NR_045693",-2.42650104494124,0.234502111662121,0.702891128786293,NA,NA,NA,NA,FALSE,FALSE
"Tfap2c","Tfap2c",2,0.234505897667194,1,"NM_001159696",-4.43938346310502,0.234505897667194,0.702891128786293,NA,NA,NA,NA,FALSE,FALSE
"Fam219a","Fam219a",2,0.234759445116261,1,"NM_001159583",-2.20504180402135,0.234759445116261,0.703015576108597,FALSE,FALSE,TRUE,"Midbrain only",FALSE,FALSE
"5430405H02Rik","5430405H02Rik",2,0.234828350572764,1,"NR_027914",-0.941465049148435,0.234828350572764,0.703015576108597,TRUE,TRUE,TRUE,"Forebrain + Hindbrain + Midbrain",FALSE,FALSE
"Eva1c","Eva1c",2,0.235059140725981,1,"NM_027627",-1.62862771649755,0.235059140725981,0.703153034281317,TRUE,TRUE,FALSE,"Forebrain + Hindbrain",FALSE,FALSE
"Awat2","Awat2",2,0.235206744128026,1,"NM_001290395",-4.70073588211148,0.235206744128026,0.703153034281317,NA,NA,NA,NA,FALSE,FALSE
"Pcgf2","Pcgf2",3,0.235224928487577,1,"NM_001163307",-0.831639712762018,0.235224928487577,0.703153034281317,TRUE,TRUE,TRUE,"Forebrain + Hindbrain + Midbrain",FALSE,FALSE
"Serpinb8","Serpinb8",2,0.235277056608392,1,"NM_001159748",-2.26434202309233,0.235277056608392,0.703153034281317,NA,NA,NA,NA,FALSE,FALSE
"Kif7","Kif7",2,0.235429621463701,1,"NM_001291222",-4.99063107333738,0.235429621463701,0.703332388214435,NA,NA,NA,NA,FALSE,FALSE
"Insig2","Insig2",4,0.235712172219216,1,"NM_001271531",-1.32075217791767,0.235712172219216,0.703831437494597,TRUE,TRUE,TRUE,"Forebrain + Hindbrain + Midbrain",FALSE,FALSE
"Ccne2","Ccne2",3,0.235855246264294,1,"NM_001037134",-1.04233882222027,0.235855246264294,0.703831437494597,TRUE,TRUE,TRUE,"Forebrain + Hindbrain + Midbrain",FALSE,FALSE
"Rsph14","Rsph14",4,0.235872553900471,1,"NM_001163535",5.61223914202412,0.235872553900471,0.703831437494597,NA,NA,NA,NA,FALSE,FALSE
"Prkd2","Prkd2",2,0.235903308385547,1,"NM_001252458",-0.723456952417755,0.235903308385547,0.703831437494597,TRUE,TRUE,TRUE,"Forebrain + Hindbrain + Midbrain",FALSE,FALSE
"Pan2","Pan2",3,0.236407366424698,1,"NM_001252327",2.71784224018184,0.236407366424698,0.703885551615324,TRUE,TRUE,TRUE,"Forebrain + Hindbrain + Midbrain",FALSE,FALSE
"Bcas1","Bcas1",2,0.23653168037796,1,"NM_001164369",-3.00006771418494,0.23653168037796,0.703885551615324,TRUE,TRUE,TRUE,"Forebrain + Hindbrain + Midbrain",FALSE,FALSE
"Ankrd17","Ankrd17",2,0.236720019384408,1,"NM_030886",-0.356518766473278,0.236720019384408,0.703885551615324,NA,NA,NA,NA,FALSE,FALSE
"Ggt1","Ggt1",2,0.236890694011477,1,"NM_001305992",-4.69024395971546,0.236890694011477,0.704219104712288,NA,NA,NA,NA,FALSE,FALSE
"Zdbf2","Zdbf2",3,0.237131889653782,1,"NM_001285937",0.665348418263947,0.237131889653782,0.704294578970022,NA,NA,NA,NA,FALSE,FALSE
"Tspan33","Tspan33",2,0.237210404408512,1,"NM_001301407",-0.922560479265382,0.237210404408512,0.704294578970022,TRUE,TRUE,FALSE,"Forebrain + Hindbrain",FALSE,FALSE
"Tomm6","Tomm6",2,0.23742844294963,1,"NM_001164729",-0.241593185902728,0.23742844294963,0.704294578970022,NA,NA,NA,NA,FALSE,FALSE
"Pcmtd2","Pcmtd2",2,0.237428784942287,1,"NM_153594",-0.914050842071447,0.237428784942287,0.704294578970022,NA,NA,NA,NA,FALSE,FALSE
"Rnpc3","Rnpc3",3,0.237865830561077,1,"NM_026043",0.408321102934943,0.237865830561077,0.704673506240603,TRUE,TRUE,TRUE,"Forebrain + Hindbrain + Midbrain",FALSE,FALSE
"Itga3","Itga3",3,0.237955794206207,1,"NM_001306162",-1.17653224837428,0.237955794206207,0.704673506240603,TRUE,TRUE,TRUE,"Forebrain + Hindbrain + Midbrain",FALSE,FALSE
"Limch1","Limch1",2,0.238244250793801,1,"NM_001256122",-0.820345226649755,0.238244250793801,0.705210600118256,TRUE,TRUE,TRUE,"Forebrain + Hindbrain + Midbrain",FALSE,FALSE
"Ctc1","Ctc1",4,0.238597546560203,1,"NM_001281465",-0.677444294831227,0.238597546560203,0.705210600118256,TRUE,TRUE,TRUE,"Forebrain + Hindbrain + Midbrain",FALSE,FALSE
"Znrf1","Znrf1",3,0.238718619775747,1,"NM_001168621",-0.442399968121232,0.238718619775747,0.705210600118256,TRUE,TRUE,TRUE,"Forebrain + Hindbrain + Midbrain",FALSE,FALSE
"Fyn","Fyn",2,0.238740222049914,1,"NM_001122893",-0.88174498637706,0.238740222049914,0.705210600118256,NA,NA,NA,NA,FALSE,FALSE
"Zfp326","Zfp326",2,0.238821551872142,1,"NM_018759",-0.384438336274516,0.238821551872142,0.705210600118256,NA,NA,NA,NA,FALSE,FALSE
"Nek4","Nek4",2,0.238987638547195,1,"NM_011849",-0.573996589835416,0.238987638547195,0.705227505865727,NA,NA,NA,NA,FALSE,FALSE
"Slc39a5","Slc39a5",3,0.239215936058521,1,"NM_001136237",4.39293735139925,0.239215936058521,0.705227505865727,NA,NA,NA,NA,FALSE,FALSE
"Ap1g2","Ap1g2",2,0.239288181158876,1,"NM_001303502",-1.93846125091179,0.239288181158876,0.705227505865727,TRUE,TRUE,TRUE,"Forebrain + Hindbrain + Midbrain",FALSE,FALSE
"Gnb1l","Gnb1l",5,0.239473969787185,1,"NR_104347",2.00180501135769,0.239473969787185,0.705444924128399,TRUE,TRUE,TRUE,"Forebrain + Hindbrain + Midbrain",FALSE,FALSE
"Clec4n","Clec4n",2,0.239649832495914,1,"NM_020001",-3.46734627115251,0.239649832495914,0.705794494749301,NA,NA,NA,NA,FALSE,FALSE
"Nrxn3","Nrxn3",3,0.239786365481984,1,"NM_172544",1.10678020068501,0.239786365481984,0.705877716947294,TRUE,TRUE,TRUE,"Forebrain + Hindbrain + Midbrain",FALSE,FALSE
"Chchd6","Chchd6",2,0.23979249509263,1,"NM_001167736",-0.361994402834138,0.23979249509263,0.705877716947294,TRUE,TRUE,TRUE,"Forebrain + Hindbrain + Midbrain",FALSE,FALSE
"Fam73b","Fam73b",2,0.240445448098696,1,"NM_001242407",-0.485420010707884,0.240445448098696,0.707293642321315,TRUE,TRUE,TRUE,"Forebrain + Hindbrain + Midbrain",FALSE,FALSE
"Mterf1a","Mterf1a",2,0.24065798640911,1,"NM_172135",-5.10352197509386,0.24065798640911,0.707412947186378,NA,NA,NA,NA,FALSE,FALSE
"Fyco1","Fyco1",2,0.240871257592699,1,"NM_148925",-0.689442333895354,0.240871257592699,0.707609908424035,NA,NA,NA,NA,FALSE,FALSE
"Hectd2","Hectd2",2,0.241203196612372,1,"NM_172637",-1.82500319739877,0.241203196612372,0.708172126147198,TRUE,TRUE,TRUE,"Forebrain + Hindbrain + Midbrain",FALSE,FALSE
"2700054A10Rik","2700054A10Rik",2,0.241615230131803,1,"NR_045437",-1.52336317709056,0.241615230131803,0.708725226647252,FALSE,FALSE,TRUE,"Midbrain only",FALSE,FALSE
"Brpf1","Brpf1",4,0.241621315113856,1,"NM_001282127",-0.93889591740421,0.241621315113856,0.708725226647252,TRUE,TRUE,TRUE,"Forebrain + Hindbrain + Midbrain",FALSE,FALSE
"Kcnq2","Kcnq2",6,0.242477360232,1,"NM_001003825",1.59289442054471,0.242477360232,0.710007379184897,TRUE,TRUE,TRUE,"Forebrain + Hindbrain + Midbrain",FALSE,FALSE
"Ranbp3","Ranbp3",4,0.242925806890758,1,"NM_027933",-0.266680425960154,0.242925806890758,0.710524877229663,NA,NA,NA,NA,FALSE,FALSE
"Rnf185","Rnf185",4,0.243244125267615,1,"NM_001290473",3.32359740224564,0.243244125267615,0.710773937223735,NA,NA,NA,NA,FALSE,FALSE
"Acvr1","Acvr1",3,0.243310377660173,1,"NM_001110204",2.6603666263375,0.243310377660173,0.710773937223735,TRUE,TRUE,TRUE,"Forebrain + Hindbrain + Midbrain",FALSE,FALSE
"Timeless","Timeless",3,0.243356554681546,1,"NM_001136082",-0.953760906887052,0.243356554681546,0.710773937223735,TRUE,TRUE,TRUE,"Forebrain + Hindbrain + Midbrain",FALSE,FALSE
"Arid4b","Arid4b",2,0.243444141503103,1,"NM_194262",-0.478401883493819,0.243444141503103,0.710803118094123,TRUE,TRUE,TRUE,"Forebrain + Hindbrain + Midbrain",FALSE,FALSE
"Hus1","Hus1",3,0.243490813665342,1,"NM_001303610",-0.504731709270023,0.243490813665342,0.710803118094123,TRUE,TRUE,TRUE,"Forebrain + Hindbrain + Midbrain",FALSE,FALSE
"Pecam1","Pecam1",4,0.244061837880698,1,"NM_001305158",1.30130237342038,0.244061837880698,0.711991271737071,TRUE,TRUE,TRUE,"Forebrain + Hindbrain + Midbrain",FALSE,FALSE
"Zhx1","Zhx1",2,0.244181801027713,1,"NM_001042438",-0.595596792349006,0.244181801027713,0.712053778030533,TRUE,TRUE,TRUE,"Forebrain + Hindbrain + Midbrain",FALSE,FALSE
"Wnt11","Wnt11",4,0.245063765328678,1,"NM_001285792",-2.88682339071364,0.245063765328678,0.713787170118138,NA,NA,NA,NA,FALSE,FALSE
"Slc10a7","Slc10a7",4,0.245213277866011,1,"NM_029736",1.61141132836785,0.245213277866011,0.713787170118138,FALSE,FALSE,TRUE,"Midbrain only",FALSE,FALSE
"Psmd10","Psmd10",2,0.245273062454872,1,"NM_001164177",-0.461366863916668,0.245273062454872,0.713787170118138,TRUE,TRUE,TRUE,"Forebrain + Hindbrain + Midbrain",FALSE,FALSE
"Csrnp3","Csrnp3",3,0.245372636727643,1,"NM_001290665",2.17838663304942,0.245372636727643,0.713787170118138,TRUE,TRUE,TRUE,"Forebrain + Hindbrain + Midbrain",FALSE,FALSE
"Syngr4","Syngr4",2,0.245422698793744,1,"NM_001291064",-4.91078098769625,0.245422698793744,0.713787170118138,NA,NA,NA,NA,FALSE,FALSE
"Adcy3","Adcy3",3,0.245873349901804,1,"NM_001159537",0.722040454784436,0.245873349901804,0.71453396156905,TRUE,TRUE,TRUE,"Forebrain + Hindbrain + Midbrain",FALSE,FALSE
"Lrrc43","Lrrc43",2,0.245937281621368,1,"NM_001289822",-6.00484965982976,0.245937281621368,0.71453396156905,NA,NA,NA,NA,FALSE,FALSE
"Cox4i1","Cox4i1",2,0.245975710595245,1,"NM_001293559",-0.352156967000428,0.245975710595245,0.71453396156905,NA,NA,NA,NA,FALSE,FALSE
"Disp1","Disp1",4,0.246231325806912,1,"NM_026866",-0.761015946786318,0.246231325806912,0.714603612525235,TRUE,TRUE,TRUE,"Forebrain + Hindbrain + Midbrain",FALSE,FALSE
"Sec24c","Sec24c",2,0.246479204636344,1,"NM_001168273",-0.239949909082167,0.246479204636344,0.714881377012182,TRUE,TRUE,TRUE,"Forebrain + Hindbrain + Midbrain",FALSE,FALSE
"Rnf145","Rnf145",2,0.246500831376567,1,"NM_028862",-0.487205312669641,0.246500831376567,0.714881377012182,NA,NA,NA,NA,FALSE,FALSE
"Jade3","Jade3",2,0.246601967456554,1,"NM_001289684",-5.53557619613413,0.246601967456554,0.715006644364161,TRUE,TRUE,TRUE,"Forebrain + Hindbrain + Midbrain",FALSE,FALSE
"Tsc1","Tsc1",3,0.246754544383413,1,"NM_001289576",-0.39065003399938,0.246754544383413,0.715280967275387,TRUE,TRUE,TRUE,"Forebrain + Hindbrain + Midbrain",FALSE,FALSE
"Scfd1","Scfd1",2,0.246845039135127,1,"NM_001306178",-0.29714393429414,0.246845039135127,0.715375242585125,NA,NA,NA,NA,FALSE,FALSE
"Hmbs","Hmbs",2,0.247209724869434,1,"NM_013551",-1.48637624256789,0.247209724869434,0.716118481568808,TRUE,TRUE,TRUE,"Forebrain + Hindbrain + Midbrain",FALSE,FALSE
"Samhd1","Samhd1",2,0.247486627657871,1,"NM_018851",-1.23661865030263,0.247486627657871,0.716344498488472,TRUE,TRUE,TRUE,"Forebrain + Hindbrain + Midbrain",FALSE,FALSE
"Rasgrp4","Rasgrp4",3,0.247659238556356,1,"NM_001174155",4.6672147790226,0.247659238556356,0.716556859035273,NA,NA,NA,NA,FALSE,FALSE
"4930481A15Rik","4930481A15Rik",2,0.247870059387022,1,"NR_027938",-0.781180681898197,0.247870059387022,0.716819001101896,NA,NA,NA,NA,FALSE,FALSE
"Fam105a","Fam105a",3,0.248320458666133,1,"NM_001242424",1.09146372578113,0.248320458666133,0.717628679142875,TRUE,TRUE,TRUE,"Forebrain + Hindbrain + Midbrain",FALSE,FALSE
"Drap1","Drap1",2,0.249172893692524,1,"NM_024176",-0.41733596954869,0.249172893692524,0.718913609578149,NA,NA,NA,NA,FALSE,FALSE
"Cpsf4l","Cpsf4l",3,0.249320163525906,1,"NM_026682",2.50917864141913,0.249320163525906,0.71917036416776,NA,NA,NA,NA,FALSE,FALSE
"Zfp790","Zfp790",2,0.249962595062281,1,"NM_001145880",-2.02833217663415,0.249962595062281,0.720181747155859,TRUE,TRUE,FALSE,"Forebrain + Hindbrain",FALSE,FALSE
"Inppl1","Inppl1",2,0.250717394737673,1,"NM_001122739",-0.643727478140472,0.250717394737673,0.722031471305706,TRUE,TRUE,TRUE,"Forebrain + Hindbrain + Midbrain",FALSE,FALSE
"Pdzd9","Pdzd9",2,0.251030132415697,1,"NM_001040137",-4.76523091538535,0.251030132415697,0.722031471305706,NA,NA,NA,NA,FALSE,FALSE
"Arhgap21","Arhgap21",2,0.25105355950713,1,"NM_001128084",-0.792870047293761,0.25105355950713,0.722031471305706,TRUE,TRUE,TRUE,"Forebrain + Hindbrain + Midbrain",FALSE,FALSE
"Cp","Cp",3,0.251170340860579,1,"NM_007752",1.26597688074954,0.251170340860579,0.722031471305706,TRUE,TRUE,TRUE,"Forebrain + Hindbrain + Midbrain",FALSE,FALSE
"AB124611","AB124611",2,0.251298646331672,1,"NM_206536",-1.66946273079987,0.251298646331672,0.722031471305706,TRUE,TRUE,TRUE,"Forebrain + Hindbrain + Midbrain",FALSE,FALSE
"Eif4enif1","Eif4enif1",4,0.251333248391513,1,"NM_001166549",1.57557027645464,0.251333248391513,0.722031471305706,TRUE,TRUE,TRUE,"Forebrain + Hindbrain + Midbrain",FALSE,FALSE
"1110020A21Rik","1110020A21Rik",2,0.251356565910948,1,"NR_027930",-2.60630518819642,0.251356565910948,0.722031471305706,TRUE,TRUE,TRUE,"Forebrain + Hindbrain + Midbrain",FALSE,FALSE
"Odf2l","Odf2l",3,0.251446316354896,1,"NM_025714",0.53725438175822,0.251446316354896,0.722031471305706,TRUE,TRUE,FALSE,"Forebrain + Hindbrain",FALSE,FALSE
"Kif1a","Kif1a",4,0.251499985661125,1,"NM_001294149",1.61853837910017,0.251499985661125,0.722031471305706,TRUE,TRUE,TRUE,"Forebrain + Hindbrain + Midbrain",FALSE,FALSE
"Fn1","Fn1",7,0.251566621557973,1,"NM_010233",0.489950259695908,0.251566621557973,0.722031471305706,TRUE,TRUE,TRUE,"Forebrain + Hindbrain + Midbrain",FALSE,FALSE
"Mgme1","Mgme1",3,0.251998059263655,1,"NM_028984",0.81757115678005,0.251998059263655,0.722406064752373,FALSE,FALSE,TRUE,"Midbrain only",FALSE,FALSE
"Apbb1","Apbb1",4,0.252022537176577,1,"NM_001253887",-1.52506591081898,0.252022537176577,0.722406064752373,TRUE,TRUE,TRUE,"Forebrain + Hindbrain + Midbrain",FALSE,FALSE
"Plekhg2","Plekhg2",3,0.25251441179508,1,"NM_001083912",1.05285687258998,0.25251441179508,0.722994439887652,NA,NA,NA,NA,FALSE,FALSE
"Zfp672","Zfp672",8,0.252563055325623,1,"NM_001256519",1.98471328292388,0.252563055325623,0.722994439887652,TRUE,TRUE,TRUE,"Forebrain + Hindbrain + Midbrain",FALSE,FALSE
"Gstm4","Gstm4",2,0.252564213288852,1,"NM_026764",-6.71216266028582,0.252564213288852,0.722994439887652,FALSE,FALSE,TRUE,"Midbrain only",FALSE,FALSE
"Mettl20","Mettl20",5,0.252812228977661,1,"NM_001252094",2.49727289602316,0.252812228977661,0.722994439887652,TRUE,TRUE,TRUE,"Forebrain + Hindbrain + Midbrain",FALSE,FALSE
"Hic1","Hic1",2,0.252844659802163,1,"NM_010430",-0.739695843275899,0.252844659802163,0.722994439887652,NA,NA,NA,NA,FALSE,FALSE
"Sh3d21","Sh3d21",2,0.252885141205882,1,"NM_025856",-1.05342752989915,0.252885141205882,0.722994439887652,NA,NA,NA,NA,FALSE,FALSE
"Srsf10","Srsf10",4,0.253036232971506,1,"NM_010178",-0.255299093632978,0.253036232971506,0.722994439887652,NA,NA,NA,NA,FALSE,FALSE
"Pars2","Pars2",4,0.253217849294908,1,"NM_001285784",1.81613701492102,0.253217849294908,0.723305887031382,TRUE,TRUE,TRUE,"Forebrain + Hindbrain + Midbrain",FALSE,FALSE
"Cnr2","Cnr2",2,0.253450134159133,1,"NM_001305278",-3.19507742640094,0.253450134159133,0.723305887031382,NA,NA,NA,NA,FALSE,FALSE
"Xist","Xist",2,0.253627492791381,1,"NR_001463",-1.35608623652945,0.253627492791381,0.723477406621739,TRUE,TRUE,TRUE,"Forebrain + Hindbrain + Midbrain",FALSE,FALSE
"Cep57","Cep57",2,0.254034241855043,1,"NR_037622",-0.37045964059558,0.254034241855043,0.723747149120677,NA,NA,NA,NA,FALSE,FALSE
"Nsun7","Nsun7",2,0.254118329829487,1,"NM_001302834",-2.11924565992054,0.254118329829487,0.723747149120677,NA,NA,NA,NA,FALSE,FALSE
"Tpgs2","Tpgs2",3,0.254119005051659,1,"NM_001142697",1.93293065508876,0.254119005051659,0.723747149120677,NA,NA,NA,NA,FALSE,FALSE
"Zfp82","Zfp82",3,0.254383765484859,1,"NM_001253385",0.753384947460356,0.254383765484859,0.723794250883826,NA,NA,NA,NA,FALSE,FALSE
"Lsp1","Lsp1",6,0.254668821666653,1,"NM_001271510",-1.65261158865717,0.254668821666653,0.723947096836034,TRUE,TRUE,TRUE,"Forebrain + Hindbrain + Midbrain",FALSE,FALSE
"Dock10","Dock10",2,0.254672151326193,1,"NM_175291",-1.94124452180219,0.254672151326193,0.723947096836034,NA,NA,NA,NA,FALSE,FALSE
"Cnih3","Cnih3",3,0.255021042636732,1,"NM_001160212",3.16562204977338,0.255021042636732,0.724271499686368,NA,NA,NA,NA,FALSE,FALSE
"Ssb","Ssb",2,0.255598524468512,1,"NM_009278",-0.605997466919005,0.255598524468512,0.725132306663928,NA,NA,NA,NA,FALSE,FALSE
"Cd151","Cd151",3,0.255723178934776,1,"NM_001111049",0.615966528475194,0.255723178934776,0.725223446107627,FALSE,FALSE,TRUE,"Midbrain only",FALSE,FALSE
"Golga7","Golga7",2,0.25576762053974,1,"NM_001042484",-0.244593654663795,0.25576762053974,0.725223446107627,TRUE,TRUE,TRUE,"Forebrain + Hindbrain + Midbrain",FALSE,FALSE
"Lrrc57","Lrrc57",5,0.256023733058065,1,"NR_027510",-0.478495903587489,0.256023733058065,0.72546117558211,TRUE,TRUE,TRUE,"Forebrain + Hindbrain + Midbrain",FALSE,FALSE
"Ehbp1","Ehbp1",2,0.256027829794172,1,"NM_153078",-0.436170001866154,0.256027829794172,0.72546117558211,TRUE,TRUE,TRUE,"Forebrain + Hindbrain + Midbrain",FALSE,FALSE
"Ano6","Ano6",2,0.256570464476172,1,"NM_175344",-0.602508253072965,0.256570464476172,0.725745812312803,FALSE,FALSE,TRUE,"Midbrain only",FALSE,FALSE
"Atp7a","Atp7a",2,0.256651364207942,1,"NM_009726",-0.620049761250931,0.256651364207942,0.725745812312803,NA,NA,NA,NA,FALSE,FALSE
"Trim45","Trim45",3,0.257876906687525,1,"NM_001165953",-1.95586504139542,0.257876906687525,0.727360235091213,TRUE,TRUE,FALSE,"Forebrain + Hindbrain",FALSE,FALSE
"Smoc1","Smoc1",2,0.257991117215456,1,"NM_001146217",-1.94626318501299,0.257991117215456,0.727378762015779,FALSE,FALSE,TRUE,"Midbrain only",FALSE,FALSE
"Efemp2","Efemp2",2,0.25808781477306,1,"NM_001164352",-0.463745386749223,0.25808781477306,0.727378762015779,NA,NA,NA,NA,FALSE,FALSE
"Plxnb2","Plxnb2",3,0.258135057926071,1,"NM_001159521",-1.50230944991039,0.258135057926071,0.727378762015779,TRUE,TRUE,FALSE,"Forebrain + Hindbrain",FALSE,FALSE
"Tmem184a","Tmem184a",2,0.258666758132293,1,"NM_144914",-4.95126468195632,0.258666758132293,0.7277272033092,NA,NA,NA,NA,FALSE,FALSE
"Ythdf3","Ythdf3",3,0.258801655340285,1,"NR_027375",-0.347426987807243,0.258801655340285,0.7277272033092,TRUE,TRUE,TRUE,"Forebrain + Hindbrain + Midbrain",FALSE,FALSE
"Lman1","Lman1",2,0.25920810079044,1,"NM_027400",-0.269605751729051,0.25920810079044,0.72819873677547,TRUE,TRUE,TRUE,"Forebrain + Hindbrain + Midbrain",FALSE,FALSE
"Kars","Kars",3,0.259236389842353,1,"NM_001130868",-0.2150725152877,0.259236389842353,0.72819873677547,NA,NA,NA,NA,FALSE,FALSE
"Slc35c2","Slc35c2",5,0.259820893120955,1,"NM_144893",0.597725016305086,0.259820893120955,0.729024737704512,TRUE,TRUE,TRUE,"Forebrain + Hindbrain + Midbrain",FALSE,FALSE
"Nfkb2","Nfkb2",3,0.259825834394201,1,"NM_001177369",1.23371505190853,0.259825834394201,0.729024737704512,NA,NA,NA,NA,FALSE,FALSE
"Rarg","Rarg",2,0.260047426134254,1,"NM_001042727",-0.68754605585044,0.260047426134254,0.72922641653432,TRUE,TRUE,TRUE,"Forebrain + Hindbrain + Midbrain",FALSE,FALSE
"Zfp169","Zfp169",3,0.260134091214269,1,"NM_001164576",2.80036285203803,0.260134091214269,0.72922641653432,TRUE,TRUE,TRUE,"Forebrain + Hindbrain + Midbrain",FALSE,FALSE
"6330415G19Rik","6330415G19Rik",2,0.260198078072324,1,"NR_126484",-2.47094397100949,0.260198078072324,0.729240127961044,TRUE,TRUE,TRUE,"Forebrain + Hindbrain + Midbrain",FALSE,FALSE
"Cacna1b","Cacna1b",2,0.260519211608675,1,"NM_001042528",-3.36763034897382,0.260519211608675,0.7296430030075,NA,NA,NA,NA,FALSE,FALSE
"Myof","Myof",2,0.260756021527456,1,"NM_001099634",-3.75792244292608,0.260756021527456,0.729974887851364,NA,NA,NA,NA,FALSE,FALSE
"3110039I08Rik","3110039I08Rik",6,0.261679464743817,1,"NR_131930",0.584069604519681,0.261679464743817,0.731730023779448,TRUE,TRUE,TRUE,"Forebrain + Hindbrain + Midbrain",FALSE,FALSE
"Liph","Liph",3,0.262075301599337,1,"NM_001289582",4.08210495089409,0.262075301599337,0.732082346994495,NA,NA,NA,NA,FALSE,FALSE
"Tlr7","Tlr7",3,0.262102091492843,1,"NM_133211",-3.72890763250529,0.262102091492843,0.732082346994495,NA,NA,NA,NA,FALSE,FALSE
"Pnkp","Pnkp",4,0.262354591578899,1,"NM_001290766",-1.07840189306792,0.262354591578899,0.732456031693125,TRUE,TRUE,TRUE,"Forebrain + Hindbrain + Midbrain",FALSE,FALSE
"Foxa2","Foxa2",3,0.262797754360863,1,"NM_010446",6.71328416544678,0.262797754360863,0.733178111760341,FALSE,FALSE,TRUE,"Midbrain only",FALSE,FALSE
"Scube1","Scube1",3,0.262981098868493,1,"NM_001271472",-1.23936248864616,0.262981098868493,0.733375538991459,TRUE,TRUE,FALSE,"Forebrain + Hindbrain",FALSE,FALSE
"Ttc16","Ttc16",5,0.26337880069213,1,"NM_001290566",-2.38696237488181,0.26337880069213,0.734291494687082,NA,NA,NA,NA,FALSE,FALSE
"Fbxo30","Fbxo30",2,0.263428561343575,1,"NM_001168297",-2.05456184374728,0.263428561343575,0.734291494687082,NA,NA,NA,NA,FALSE,FALSE
"Pcnt","Pcnt",2,0.26360199317728,1,"NM_008787",-2.12671323825243,0.26360199317728,0.734582060109535,NA,NA,NA,NA,FALSE,FALSE
"Adal","Adal",3,0.263686009038806,1,"NM_001290811",0.330514786016281,0.263686009038806,0.734582060109535,FALSE,FALSE,TRUE,"Midbrain only",FALSE,FALSE
"Plin5","Plin5",2,0.263801111328731,1,"NM_025874",-4.74174895778689,0.263801111328731,0.734582060109535,NA,NA,NA,NA,FALSE,FALSE
"Micu1","Micu1",3,0.263949501987494,1,"NM_001291443",2.19606533763402,0.263949501987494,0.734582060109535,NA,NA,NA,NA,FALSE,FALSE
"Uros","Uros",4,0.264333678752119,1,"NM_001302086",0.456845283444934,0.264333678752119,0.735319566231099,TRUE,TRUE,TRUE,"Forebrain + Hindbrain + Midbrain",FALSE,FALSE
"Morc4","Morc4",2,0.264719237356976,1,"NM_029413",-0.746954529106101,0.264719237356976,0.735728691212857,FALSE,FALSE,TRUE,"Midbrain only",FALSE,FALSE
"Axl","Axl",3,0.264837360403553,1,"NM_001190974",1.292057858804,0.264837360403553,0.735891246876795,TRUE,TRUE,TRUE,"Forebrain + Hindbrain + Midbrain",FALSE,FALSE
"Nmral1","Nmral1",4,0.265047252878111,1,"NM_001290762",0.519713543218487,0.265047252878111,0.735977295345609,NA,NA,NA,NA,FALSE,FALSE
"Cenpl","Cenpl",3,0.265476697858756,1,"NR_131030",1.31975420310216,0.265476697858756,0.736536018508598,TRUE,TRUE,TRUE,"Forebrain + Hindbrain + Midbrain",FALSE,FALSE
"Chfr","Chfr",5,0.265487213154477,1,"NM_001289579",0.957248273130942,0.265487213154477,0.736536018508598,NA,NA,NA,NA,FALSE,FALSE
"Tmem87a","Tmem87a",3,0.265723575560292,1,"NM_173734",1.21789516332908,0.265723575560292,0.7367045162694,TRUE,TRUE,FALSE,"Forebrain + Hindbrain",FALSE,FALSE
"Pomgnt2","Pomgnt2",4,0.265814001890023,1,"NM_001289559",1.140376711978,0.265814001890023,0.7367045162694,FALSE,FALSE,TRUE,"Midbrain only",FALSE,FALSE
"Folr1","Folr1",4,0.265835173511919,1,"NM_001252553",-3.33065663938684,0.265835173511919,0.7367045162694,TRUE,TRUE,TRUE,"Forebrain + Hindbrain + Midbrain",FALSE,FALSE
"Pwwp2b","Pwwp2b",2,0.26604042139689,1,"NM_001033206",-0.664224951542918,0.26604042139689,0.736962394121393,NA,NA,NA,NA,FALSE,FALSE
"Ntng2","Ntng2",3,0.266444774327676,1,"NM_001305805",2.82210280024239,0.266444774327676,0.737275541181565,TRUE,TRUE,FALSE,"Forebrain + Hindbrain",FALSE,FALSE
"Senp2","Senp2",2,0.266446816458417,1,"NM_029457",-1.15878291426506,0.266446816458417,0.737275541181565,TRUE,TRUE,TRUE,"Forebrain + Hindbrain + Midbrain",FALSE,FALSE
"Gck","Gck",2,0.266591838771663,1,"NM_010292",-3.83749254888329,0.266591838771663,0.737275541181565,FALSE,FALSE,TRUE,"Midbrain only",FALSE,FALSE
"Utp14b","Utp14b",2,0.26660917419066,1,"NM_001136226",-1.86525163399053,0.26660917419066,0.737275541181565,NA,NA,NA,NA,FALSE,FALSE
"Arhgap39","Arhgap39",2,0.266660255507445,1,"NM_198420",-1.56218305026949,0.266660255507445,0.737275541181565,TRUE,TRUE,TRUE,"Forebrain + Hindbrain + Midbrain",FALSE,FALSE
"Myt1","Myt1",4,0.266711519126657,1,"NM_001171680",3.54036882529303,0.266711519126657,0.737275541181565,TRUE,TRUE,TRUE,"Forebrain + Hindbrain + Midbrain",FALSE,FALSE
"Col13a1","Col13a1",2,0.266739291098577,1,"NM_001304757",-1.85579163115181,0.266739291098577,0.737275541181565,NA,NA,NA,NA,FALSE,FALSE
"Bag6","Bag6",2,0.266943020033033,1,"NM_057171",-0.207100495011909,0.266943020033033,0.737589983700767,TRUE,TRUE,TRUE,"Forebrain + Hindbrain + Midbrain",FALSE,FALSE
"Cd82","Cd82",4,0.267061415781282,1,"NM_001271431",-5.25408581217065,0.267061415781282,0.737751929872626,TRUE,TRUE,TRUE,"Forebrain + Hindbrain + Midbrain",FALSE,FALSE
"Ptgr2","Ptgr2",3,0.267303663826512,1,"NM_001252625",1.72738214849283,0.267303663826512,0.738255866521745,NA,NA,NA,NA,FALSE,FALSE
"Tmem179b","Tmem179b",3,0.268164678390778,1,"NR_028419",-0.635872931225673,0.268164678390778,0.739849929016201,TRUE,TRUE,TRUE,"Forebrain + Hindbrain + Midbrain",FALSE,FALSE
"Aga","Aga",2,0.268300521259927,1,"NM_001005847",-2.67332364237467,0.268300521259927,0.739849929016201,NA,NA,NA,NA,FALSE,FALSE
"Sema6c","Sema6c",5,0.269406644274836,1,"NR_073550",0.788222306747234,0.269406644274836,0.741574389995869,TRUE,TRUE,TRUE,"Forebrain + Hindbrain + Midbrain",FALSE,FALSE
"Ap2b1","Ap2b1",2,0.269637454120278,1,"NM_001035854",-0.389742595395355,0.269637454120278,0.741878747791355,TRUE,TRUE,TRUE,"Forebrain + Hindbrain + Midbrain",FALSE,FALSE
"Btn2a2","Btn2a2",3,0.270025178883862,1,"NM_001289614",3.60392001924245,0.270025178883862,0.742653480607164,NA,NA,NA,NA,FALSE,FALSE
"Ppt2","Ppt2",5,0.270547570512375,1,"NM_001302395",-1.89965685209296,0.270547570512375,0.74338833670067,TRUE,TRUE,TRUE,"Forebrain + Hindbrain + Midbrain",FALSE,FALSE
"Timm22","Timm22",4,0.270663489976803,1,"NM_019818",-0.421037301569005,0.270663489976803,0.743423014714304,NA,NA,NA,NA,FALSE,FALSE
"Tbx1","Tbx1",3,0.270901214804285,1,"NM_011532",5.63924231395185,0.270901214804285,0.743863148795032,NA,NA,NA,NA,FALSE,FALSE
"Nmi","Nmi",3,0.271221767004754,1,"NM_001141949",-0.976144079377184,0.271221767004754,0.744405181434563,TRUE,TRUE,TRUE,"Forebrain + Hindbrain + Midbrain",FALSE,FALSE
"Cdpf1","Cdpf1",3,0.27127958678373,1,"NM_001164625",1.48068768215022,0.27127958678373,0.744405181434563,FALSE,FALSE,TRUE,"Midbrain only",FALSE,FALSE
"Traf3","Traf3",2,0.27134367583513,1,"NM_001286122",-2.43260228919121,0.27134367583513,0.744415509071922,NA,NA,NA,NA,FALSE,FALSE
"Tmsb10","Tmsb10",3,0.271837191664705,1,"NM_001039392",0.161091086381457,0.271837191664705,0.745437987809435,NA,NA,NA,NA,FALSE,FALSE
"Mknk1","Mknk1",3,0.271917396162452,1,"NM_001285487",2.48326666105962,0.271917396162452,0.745492261418498,TRUE,TRUE,FALSE,"Forebrain + Hindbrain",FALSE,FALSE
"Osbp2","Osbp2",3,0.272136965731004,1,"NM_152818",2.99769741809406,0.272136965731004,0.745749781348505,TRUE,TRUE,TRUE,"Forebrain + Hindbrain + Midbrain",FALSE,FALSE
"Dcn","Dcn",2,0.272365770125404,1,"NM_001190451",-1.60792717924819,0.272365770125404,0.746058513506656,NA,NA,NA,NA,FALSE,FALSE
"Lifr","Lifr",2,0.27282270484569,1,"NM_013584",-0.672952512720487,0.27282270484569,0.746882181658122,TRUE,TRUE,FALSE,"Forebrain + Hindbrain",FALSE,FALSE
"Suds3","Suds3",2,0.273643314051536,1,"NM_001122666",-0.451572528597214,0.273643314051536,0.748105533219632,TRUE,TRUE,TRUE,"Forebrain + Hindbrain + Midbrain",FALSE,FALSE
"Arhgap12","Arhgap12",2,0.273719325971364,1,"NM_029277",-0.613791418314994,0.273719325971364,0.748105533219632,TRUE,TRUE,TRUE,"Forebrain + Hindbrain + Midbrain",FALSE,FALSE
"C130046K22Rik","C130046K22Rik",3,0.274166014639658,1,"NR_102396",0.39341749230129,0.274166014639658,0.74916045630057,TRUE,TRUE,TRUE,"Forebrain + Hindbrain + Midbrain",FALSE,FALSE
"Tmem80","Tmem80",3,0.274309400317514,1,"NM_001141950",-0.292800685519997,0.274309400317514,0.749275621925049,TRUE,TRUE,TRUE,"Forebrain + Hindbrain + Midbrain",FALSE,FALSE
"Pvrl3","Pvrl3",3,0.274510541267468,1,"NM_021496",-0.532280002982469,0.274510541267468,0.749397835180693,TRUE,TRUE,TRUE,"Forebrain + Hindbrain + Midbrain",FALSE,FALSE
"Neat1","Neat1",2,0.274693967531346,1,"NR_131212",-0.7362334370973,0.274693967531346,0.749572121567289,NA,NA,NA,NA,FALSE,FALSE
"Psmd4","Psmd4",2,0.274741872435077,1,"NM_008951",-0.209990779865748,0.274741872435077,0.749572121567289,NA,NA,NA,NA,FALSE,FALSE
"Npr3","Npr3",3,0.274984289089093,1,"NM_001286395",-1.2127849211285,0.274984289089093,0.749901906598763,NA,NA,NA,NA,FALSE,FALSE
"Ttyh3","Ttyh3",2,0.275138515621594,1,"NM_001308040",-1.89634820120048,0.275138515621594,0.75015671294089,NA,NA,NA,NA,FALSE,FALSE
"Smcr8","Smcr8",2,0.275212237734096,1,"NM_001085440",-0.642460084008776,0.275212237734096,0.750191962367738,FALSE,FALSE,TRUE,"Midbrain only",FALSE,FALSE
"Naa20","Naa20",2,0.276226162748789,1,"NM_026425",-0.276797289880431,0.276226162748789,0.751996140116614,TRUE,TRUE,TRUE,"Forebrain + Hindbrain + Midbrain",FALSE,FALSE
"Grk6","Grk6",7,0.276251957056255,1,"NM_001286063",-2.26564446580176,0.276251957056255,0.751996140116614,FALSE,FALSE,TRUE,"Midbrain only",FALSE,FALSE
"Proser2","Proser2",2,0.276500201276486,1,"NM_144883",-1.44621911844426,0.276500201276486,0.751996140116614,NA,NA,NA,NA,FALSE,FALSE
"Tpx2","Tpx2",5,0.276519789373402,1,"NM_001141976",0.902639002416381,0.276519789373402,0.751996140116614,TRUE,TRUE,TRUE,"Forebrain + Hindbrain + Midbrain",FALSE,FALSE
"Slc1a2","Slc1a2",3,0.276790523908672,1,"NM_011393",2.01644026560894,0.276790523908672,0.751996140116614,TRUE,TRUE,TRUE,"Forebrain + Hindbrain + Midbrain",FALSE,FALSE
"Rfxank","Rfxank",2,0.276920321727158,1,"NM_011266",-0.74444139306515,0.276920321727158,0.751996140116614,TRUE,TRUE,TRUE,"Forebrain + Hindbrain + Midbrain",FALSE,FALSE
"Ubr5","Ubr5",2,0.277005497998027,1,"NM_001081359",-1.30065572853883,0.277005497998027,0.751996140116614,NA,NA,NA,NA,FALSE,FALSE
"Prph","Prph",3,0.277107033962594,1,"NM_001163588",2.92549448642541,0.277107033962594,0.751996140116614,TRUE,TRUE,TRUE,"Forebrain + Hindbrain + Midbrain",FALSE,FALSE
"Canx","Canx",3,0.277289832263242,1,"NM_001110499",0.44541831268581,0.277289832263242,0.751996140116614,NA,NA,NA,NA,FALSE,FALSE
"Samd4","Samd4",3,0.277329226007599,1,"NM_001163433",-1.69954709873557,0.277329226007599,0.751996140116614,NA,NA,NA,NA,FALSE,FALSE
"4933431G14Rik","4933431G14Rik",2,0.278252333341563,1,"NR_045163",-2.58143044865888,0.278252333341563,0.753114420280827,NA,NA,NA,NA,FALSE,FALSE
"Zfp764","Zfp764",2,0.278404186595223,1,"NM_001167832",-3.35224261274624,0.278404186595223,0.753114420280827,TRUE,TRUE,TRUE,"Forebrain + Hindbrain + Midbrain",FALSE,FALSE
"Eda","Eda",8,0.278676651724987,1,"NM_001177944",-2.11815923504762,0.278676651724987,0.753293166083891,NA,NA,NA,NA,FALSE,FALSE
"Pex19","Pex19",2,0.278759704637965,1,"NM_023041",-2.01012030063834,0.278759704637965,0.753293166083891,NA,NA,NA,NA,FALSE,FALSE
"Slbp","Slbp",3,0.278791725243527,1,"NM_009193",0.597053909081081,0.278791725243527,0.753293166083891,NA,NA,NA,NA,FALSE,FALSE
"Rbl1","Rbl1",2,0.278924513245272,1,"NM_011249",-0.580552752895529,0.278924513245272,0.753446082620604,TRUE,TRUE,TRUE,"Forebrain + Hindbrain + Midbrain",FALSE,FALSE
"BC017643","BC017643",5,0.279141960118491,1,"NM_144832",0.459563265200512,0.279141960118491,0.753446082620604,TRUE,TRUE,TRUE,"Forebrain + Hindbrain + Midbrain",FALSE,FALSE
"Cinp","Cinp",2,0.279521871811074,1,"NM_026048",-0.754528000759583,0.279521871811074,0.754004327902035,NA,NA,NA,NA,FALSE,FALSE
"Sirt6","Sirt6",2,0.279558845645195,1,"NM_181586",-0.45210269525443,0.279558845645195,0.754004327902035,NA,NA,NA,NA,FALSE,FALSE
"Mtif2","Mtif2",4,0.280207861489224,1,"NM_133767",0.498993323049453,0.280207861489224,0.754506333510489,NA,NA,NA,NA,FALSE,FALSE
"Hbs1l","Hbs1l",3,0.280579291132962,1,"NM_019702",0.473283194214307,0.280579291132962,0.754506333510489,NA,NA,NA,NA,FALSE,FALSE
"Cdv3","Cdv3",4,0.280582913033774,1,"NM_175833",-0.204903642146072,0.280582913033774,0.754506333510489,NA,NA,NA,NA,FALSE,FALSE
"Snhg17","Snhg17",2,0.28060463780147,1,"NR_015463",-0.535744716867376,0.28060463780147,0.754506333510489,FALSE,FALSE,TRUE,"Midbrain only",FALSE,FALSE
"Lpin3","Lpin3",2,0.280625531523868,1,"NM_001199118",-3.87238603582094,0.280625531523868,0.754506333510489,NA,NA,NA,NA,FALSE,FALSE
"Fkbp2","Fkbp2",2,0.28097052085785,1,"NM_008020",-0.356513215504044,0.28097052085785,0.754506333510489,FALSE,FALSE,TRUE,"Midbrain only",FALSE,FALSE
"Bcl11a","Bcl11a",4,0.28098361973573,1,"NM_001159290",-3.09064903468919,0.28098361973573,0.754506333510489,TRUE,TRUE,TRUE,"Forebrain + Hindbrain + Midbrain",FALSE,FALSE
"Ergic2","Ergic2",2,0.281015579413102,1,"NM_026168",-0.236310772877344,0.281015579413102,0.754506333510489,TRUE,TRUE,TRUE,"Forebrain + Hindbrain + Midbrain",FALSE,FALSE
"Tenm3","Tenm3",2,0.281136152470116,1,"NM_011857",-5.04594028718189,0.281136152470116,0.754506333510489,TRUE,TRUE,TRUE,"Forebrain + Hindbrain + Midbrain",FALSE,FALSE
"1810058I24Rik","1810058I24Rik",2,0.281503247372518,1,"NR_015608",-0.210984500962638,0.281503247372518,0.754999220717437,NA,NA,NA,NA,FALSE,FALSE
"Arntl","Arntl",2,0.281514944645819,1,"NM_001243048",-2.18977682682059,0.281514944645819,0.754999220717437,NA,NA,NA,NA,FALSE,FALSE
"Gng2","Gng2",6,0.281653734106507,1,"NM_001038637",0.640630556724897,0.281653734106507,0.754999220717437,TRUE,TRUE,TRUE,"Forebrain + Hindbrain + Midbrain",FALSE,FALSE
"Pex2","Pex2",7,0.281775970478177,1,"NM_001267715",0.376534228830173,0.281775970478177,0.755073936091358,TRUE,TRUE,TRUE,"Forebrain + Hindbrain + Midbrain",FALSE,FALSE
"Jarid2","Jarid2",3,0.28186353588195,1,"NM_001205043",0.455342556191769,0.28186353588195,0.755144601125327,TRUE,TRUE,TRUE,"Forebrain + Hindbrain + Midbrain",FALSE,FALSE
"4930432K21Rik","4930432K21Rik",2,0.282337844856217,1,"NM_001163752",-3.20556141226833,0.282337844856217,0.755795213482044,TRUE,TRUE,FALSE,"Forebrain + Hindbrain",FALSE,FALSE
"Il11ra1","Il11ra1",2,0.282476624227537,1,"NM_001163401",-1.06173310514761,0.282476624227537,0.755966502487054,TRUE,TRUE,TRUE,"Forebrain + Hindbrain + Midbrain",FALSE,FALSE
"Tia1","Tia1",3,0.283150560286509,1,"NM_001164078",0.485955171885927,0.283150560286509,0.756328960577833,NA,NA,NA,NA,FALSE,FALSE
"Gtpbp8","Gtpbp8",2,0.28316367891974,1,"NM_025332",-0.812991660512083,0.28316367891974,0.756328960577833,FALSE,FALSE,TRUE,"Midbrain only",FALSE,FALSE
"Adam33","Adam33",2,0.283780572220143,1,"NM_001163529",-4.30218184062569,0.283780572220143,0.757157245664122,NA,NA,NA,NA,FALSE,FALSE
"Psmf1","Psmf1",2,0.284637285613232,1,"NM_001305244",-2.45874456308139,0.284637285613232,0.758786801569947,NA,NA,NA,NA,FALSE,FALSE
"Pex11b","Pex11b",5,0.285131840343494,1,"NM_001162388",0.237146218803752,0.285131840343494,0.759596305460891,NA,NA,NA,NA,FALSE,FALSE
"G6b","G6b",2,0.285271034663626,1,"NM_001033221",-4.84030571132619,0.285271034663626,0.759596305460891,NA,NA,NA,NA,FALSE,FALSE
"Wls","Wls",2,0.28559668965061,1,"NM_026582",-0.54691422457612,0.28559668965061,0.760030871315189,NA,NA,NA,NA,FALSE,FALSE
"Dbnl","Dbnl",3,0.285972804777924,1,"NM_013810",0.230486476588524,0.285972804777924,0.760324338560556,NA,NA,NA,NA,FALSE,FALSE
"Hpn","Hpn",3,0.285989708087786,1,"NM_001110252",4.11089409417056,0.285989708087786,0.760324338560556,NA,NA,NA,NA,FALSE,FALSE
"Shc1","Shc1",2,0.286006459978892,1,"NM_001113331",-0.441311024344189,0.286006459978892,0.760324338560556,NA,NA,NA,NA,FALSE,FALSE
"Sin3a","Sin3a",3,0.286244150965415,1,"NM_001110350",0.583248245387885,0.286244150965415,0.760441942500156,TRUE,TRUE,TRUE,"Forebrain + Hindbrain + Midbrain",FALSE,FALSE
"Rbm6","Rbm6",2,0.287011322366056,1,"NM_011251",-0.374945882905741,0.287011322366056,0.761660154407985,TRUE,TRUE,TRUE,"Forebrain + Hindbrain + Midbrain",FALSE,FALSE
"Zscan21","Zscan21",4,0.287429190091371,1,"NM_011757",-0.386171537745747,0.287429190091371,0.76232757595944,TRUE,TRUE,FALSE,"Forebrain + Hindbrain",FALSE,FALSE
"Tufm","Tufm",2,0.287507044902354,1,"NM_001163713",-0.480310881108512,0.287507044902354,0.76232757595944,NA,NA,NA,NA,FALSE,FALSE
"Ak4","Ak4",4,0.287608087419142,1,"NM_001177602",-1.19549391710541,0.287608087419142,0.76232757595944,TRUE,TRUE,TRUE,"Forebrain + Hindbrain + Midbrain",FALSE,FALSE
"Clpx","Clpx",2,0.287794716034888,1,"NM_011802",-0.45189974422434,0.287794716034888,0.76232757595944,TRUE,TRUE,TRUE,"Forebrain + Hindbrain + Midbrain",FALSE,FALSE
"2310022A10Rik","2310022A10Rik",2,0.288244842294426,1,"NM_175107",-0.273066906785363,0.288244842294426,0.762783061884322,TRUE,TRUE,TRUE,"Forebrain + Hindbrain + Midbrain",FALSE,FALSE
"Inpp4a","Inpp4a",4,0.288758639473512,1,"NM_030266",-0.613448759064045,0.288758639473512,0.763246131925707,TRUE,TRUE,TRUE,"Forebrain + Hindbrain + Midbrain",FALSE,FALSE
"Susd3","Susd3",2,0.289043529647852,1,"NM_025491",-1.91818753749416,0.289043529647852,0.763768127591969,NA,NA,NA,NA,FALSE,FALSE
"Cndp2","Cndp2",2,0.289498769190596,1,"NM_023149",-1.08471974133079,0.289498769190596,0.764043440959552,FALSE,FALSE,TRUE,"Midbrain only",FALSE,FALSE
"Brd9","Brd9",2,0.289519216363603,1,"NM_001024508",-0.894722339770068,0.289519216363603,0.764043440959552,FALSE,FALSE,TRUE,"Midbrain only",FALSE,FALSE
"Arpc4","Arpc4",3,0.289876836009343,1,"NM_001170486",0.909777805191966,0.289876836009343,0.76439750231061,NA,NA,NA,NA,FALSE,FALSE
"Gnl3","Gnl3",2,0.290499208487818,1,"NR_104298",-1.0882485479427,0.290499208487818,0.765320288800102,TRUE,TRUE,TRUE,"Forebrain + Hindbrain + Midbrain",FALSE,FALSE
"Pgf","Pgf",2,0.290708545022493,1,"NM_001271705",-6.67756814880669,0.290708545022493,0.765544909427563,TRUE,TRUE,TRUE,"Forebrain + Hindbrain + Midbrain",FALSE,FALSE
"Cnot4","Cnot4",5,0.291245621087803,1,"NM_001164413",0.6658073763932,0.291245621087803,0.766143424694738,TRUE,TRUE,TRUE,"Forebrain + Hindbrain + Midbrain",FALSE,FALSE
"Ccnd3","Ccnd3",3,0.291246256502675,1,"NM_007632",-0.859895765763613,0.291246256502675,0.766143424694738,NA,NA,NA,NA,FALSE,FALSE
"Hipk3","Hipk3",2,0.291621748245179,1,"NM_001145824",-1.15772811693181,0.291621748245179,0.76679135934999,FALSE,FALSE,TRUE,"Midbrain only",FALSE,FALSE
"A430078I02Rik","A430078I02Rik",2,0.291963283149039,1,"NR_131125",-3.01161017368296,0.291963283149039,0.767211864152287,NA,NA,NA,NA,FALSE,FALSE
"Icmt","Icmt",2,0.292059034554984,1,"NR_037908",-0.721114340372167,0.292059034554984,0.767300082267086,TRUE,TRUE,TRUE,"Forebrain + Hindbrain + Midbrain",FALSE,FALSE
"Urgcp","Urgcp",2,0.292151918793332,1,"NM_001077661",-0.456296329331685,0.292151918793332,0.767380731781549,TRUE,TRUE,TRUE,"Forebrain + Hindbrain + Midbrain",FALSE,FALSE
"Csnk1g2","Csnk1g2",2,0.292278885492523,1,"NM_134002",-0.241048520621582,0.292278885492523,0.767550850601774,FALSE,FALSE,TRUE,"Midbrain only",FALSE,FALSE
"Crkl","Crkl",2,0.293537772674188,1,"NM_007764",-0.988423622780138,0.293537772674188,0.769219816266613,NA,NA,NA,NA,FALSE,FALSE
"Poli","Poli",4,0.293916230377422,1,"NM_011972",0.684733703372599,0.293916230377422,0.769243837073358,TRUE,TRUE,TRUE,"Forebrain + Hindbrain + Midbrain",FALSE,FALSE
"Stra6l","Stra6l",2,0.294054040564344,1,"NM_028788",-1.84915218901149,0.294054040564344,0.769243837073358,NA,NA,NA,NA,FALSE,FALSE
"Pxk","Pxk",2,0.294121272631333,1,"NM_178279",-6.46404248241953,0.294121272631333,0.769243837073358,TRUE,TRUE,TRUE,"Forebrain + Hindbrain + Midbrain",FALSE,FALSE
"Itpr2","Itpr2",2,0.294215730535196,1,"NM_010586",-1.3871828389712,0.294215730535196,0.769243837073358,NA,NA,NA,NA,FALSE,FALSE
"Sepp1","Sepp1",3,0.294326314406301,1,"NM_009155",0.288195610275811,0.294326314406301,0.769243837073358,NA,NA,NA,NA,FALSE,FALSE
"Lpar1","Lpar1",3,0.294482000513334,1,"NM_001290486",-4.0848190073847,0.294482000513334,0.769243837073358,TRUE,TRUE,TRUE,"Forebrain + Hindbrain + Midbrain",FALSE,FALSE
"Trim32","Trim32",2,0.296074877290319,1,"NM_001161782",-0.394874465393492,0.296074877290319,0.771741309231594,FALSE,FALSE,TRUE,"Midbrain only",FALSE,FALSE
"Polr3e","Polr3e",2,0.296242339485167,1,"NM_025298",-2.46729981887282,0.296242339485167,0.771741309231594,NA,NA,NA,NA,FALSE,FALSE
"Ptpn21","Ptpn21",2,0.29645430764867,1,"NM_011877",-1.72930459511896,0.29645430764867,0.771741309231594,NA,NA,NA,NA,FALSE,FALSE
"Gzmm","Gzmm",4,0.296653322501329,1,"NR_126325",-4.80441229771864,0.296653322501329,0.771741309231594,TRUE,TRUE,FALSE,"Forebrain + Hindbrain",FALSE,FALSE
"Kctd6","Kctd6",3,0.296671422205698,1,"NM_001305936",0.495750720657445,0.296671422205698,0.771741309231594,TRUE,TRUE,TRUE,"Forebrain + Hindbrain + Midbrain",FALSE,FALSE
"Phc1","Phc1",4,0.29671546482694,1,"NR_073364",-1.81442838557231,0.29671546482694,0.771741309231594,TRUE,TRUE,TRUE,"Forebrain + Hindbrain + Midbrain",FALSE,FALSE
"Calr3","Calr3",2,0.29683398077033,1,"NM_028500",-1.5333824901564,0.29683398077033,0.771741309231594,FALSE,FALSE,TRUE,"Midbrain only",FALSE,FALSE
"Rnf216","Rnf216",2,0.29687649877815,1,"NM_080561",-0.330349986094808,0.29687649877815,0.771741309231594,TRUE,TRUE,TRUE,"Forebrain + Hindbrain + Midbrain",FALSE,FALSE
"Nr6a1","Nr6a1",3,0.297113119250182,1,"NM_010264",-1.35276285722653,0.297113119250182,0.772031141618708,NA,NA,NA,NA,FALSE,FALSE
"Gfra2","Gfra2",3,0.298046926758919,1,"NM_008115",4.34309200407143,0.298046926758919,0.773643053471825,FALSE,FALSE,TRUE,"Midbrain only",FALSE,FALSE
"Ltk","Ltk",2,0.29841975145985,1,"NM_008523",-3.22653602719426,0.29841975145985,0.774000577744004,NA,NA,NA,NA,FALSE,FALSE
"Tcea1","Tcea1",3,0.298498277916022,1,"NM_001159750",-0.234610277450914,0.298498277916022,0.774000577744004,NA,NA,NA,NA,FALSE,FALSE
"Cd163","Cd163",2,0.298886598172836,1,"NM_001170395",-3.48260305079674,0.298886598172836,0.774519240120284,NA,NA,NA,NA,FALSE,FALSE
"BC052040","BC052040",2,0.299345665387197,1,"NM_207264",-2.12158568765144,0.299345665387197,0.775105879174028,NA,NA,NA,NA,FALSE,FALSE
"1110038B12Rik","1110038B12Rik",2,0.299694642968136,1,"NR_027943",-0.321200492925266,0.299694642968136,0.77547324265607,TRUE,TRUE,TRUE,"Forebrain + Hindbrain + Midbrain",FALSE,FALSE
"Pih1d1","Pih1d1",3,0.299972049344684,1,"NM_001278207",0.459255659012017,0.299972049344684,0.7757213244508,TRUE,TRUE,TRUE,"Forebrain + Hindbrain + Midbrain",FALSE,FALSE
"Peg10","Peg10",2,0.299979105371087,1,"NM_001040611",-0.485953170108038,0.299979105371087,0.7757213244508,NA,NA,NA,NA,FALSE,FALSE
"Ube2h","Ube2h",3,0.300277075874538,1,"NM_009459",0.343198806301786,0.300277075874538,0.775974050611178,TRUE,TRUE,TRUE,"Forebrain + Hindbrain + Midbrain",FALSE,FALSE
"Pank1","Pank1",2,0.300496669417564,1,"NM_023792",-0.930670854574021,0.300496669417564,0.775974050611178,NA,NA,NA,NA,FALSE,FALSE
"Fbxl4","Fbxl4",4,0.300577730179576,1,"NR_104380",1.75697185160162,0.300577730179576,0.775974050611178,TRUE,TRUE,TRUE,"Forebrain + Hindbrain + Midbrain",FALSE,FALSE
"Iqsec1","Iqsec1",2,0.300903140446586,1,"NM_001134383",-0.237568866845572,0.300903140446586,0.776044518601226,TRUE,TRUE,TRUE,"Forebrain + Hindbrain + Midbrain",FALSE,FALSE
"Oprm1","Oprm1",4,0.300921638695856,1,"NM_001304937",4.02429886240887,0.300921638695856,0.776044518601226,NA,NA,NA,NA,FALSE,FALSE
"Spry1","Spry1",4,0.301235091462078,1,"NM_011896",-1.54778767499721,0.301235091462078,0.776372989061096,FALSE,FALSE,TRUE,"Midbrain only",FALSE,FALSE
"Prlr","Prlr",2,0.301237752967952,1,"NM_011169",-0.530604084855877,0.301237752967952,0.776372989061096,NA,NA,NA,NA,FALSE,FALSE
"Zbtb43","Zbtb43",2,0.301634774793718,1,"NM_027947",-0.563142286690336,0.301634774793718,0.776860532552235,TRUE,TRUE,TRUE,"Forebrain + Hindbrain + Midbrain",FALSE,FALSE
"Ddx6","Ddx6",3,0.301718466827974,1,"NM_181324",-0.654063351209598,0.301718466827974,0.776860532552235,FALSE,FALSE,TRUE,"Midbrain only",FALSE,FALSE
"Gpr160","Gpr160",5,0.301766328484026,1,"NM_001134385",-2.74703106262504,0.301766328484026,0.776860532552235,NA,NA,NA,NA,FALSE,FALSE
"Osgepl1","Osgepl1",3,0.302131083718158,1,"NR_104361",2.03895004356842,0.302131083718158,0.777319482179639,TRUE,TRUE,TRUE,"Forebrain + Hindbrain + Midbrain",FALSE,FALSE
"Maff","Maff",2,0.30223491697714,1,"NM_010755",-3.32201207997815,0.30223491697714,0.777319482179639,NA,NA,NA,NA,FALSE,FALSE
"Golga1","Golga1",3,0.302660827525884,1,"NM_029793",5.8640614458329,0.302660827525884,0.777861333051611,TRUE,TRUE,TRUE,"Forebrain + Hindbrain + Midbrain",FALSE,FALSE
"Birc5","Birc5",2,0.302885121378468,1,"NM_001012273",-0.356395527721017,0.302885121378468,0.777861333051611,NA,NA,NA,NA,FALSE,FALSE
"Fignl1","Fignl1",3,0.302978615151066,1,"NM_001163360",-2.28965338148764,0.302978615151066,0.777861333051611,NA,NA,NA,NA,FALSE,FALSE
"Mdm4","Mdm4",5,0.303075996059343,1,"NM_001302804",-1.23410405396196,0.303075996059343,0.777861333051611,TRUE,TRUE,TRUE,"Forebrain + Hindbrain + Midbrain",FALSE,FALSE
"Pxylp1","Pxylp1",4,0.303098023704269,1,"NM_001289646",-1.43697976897229,0.303098023704269,0.777861333051611,NA,NA,NA,NA,FALSE,FALSE
"Men1","Men1",4,0.303605244863943,1,"NM_008583",-0.294091543109486,0.303605244863943,0.778572053537209,TRUE,TRUE,FALSE,"Forebrain + Hindbrain",FALSE,FALSE
"2810474O19Rik","2810474O19Rik",3,0.303740734346025,1,"NM_001289662",1.46300938927867,0.303740734346025,0.778586092004602,NA,NA,NA,NA,FALSE,FALSE
"Gprasp2","Gprasp2",3,0.303969180207073,1,"NM_001163015",-0.584550909023463,0.303969180207073,0.778586092004602,FALSE,FALSE,TRUE,"Midbrain only",FALSE,FALSE
"Galns","Galns",2,0.304381800060497,1,"NM_001193645",-1.51958337130035,0.304381800060497,0.778586092004602,TRUE,TRUE,TRUE,"Forebrain + Hindbrain + Midbrain",FALSE,FALSE
"Tmem116","Tmem116",3,0.304494042140536,1,"NM_001161627",-3.24944596638953,0.304494042140536,0.778586092004602,NA,NA,NA,NA,FALSE,FALSE
"Trim68","Trim68",2,0.304682263608311,1,"NM_001307998",-1.03777575592334,0.304682263608311,0.778905973260111,TRUE,TRUE,FALSE,"Forebrain + Hindbrain",FALSE,FALSE
"Dhx15","Dhx15",3,0.304884482751017,1,"NM_007839",-0.683701526102801,0.304884482751017,0.779179221992938,NA,NA,NA,NA,FALSE,FALSE
"Kcnip4","Kcnip4",5,0.304981009285241,1,"NM_001199243",5.22464520396217,0.304981009285241,0.779185435730823,TRUE,TRUE,TRUE,"Forebrain + Hindbrain + Midbrain",FALSE,FALSE
"Pde1c","Pde1c",6,0.305372467681365,1,"NM_001025568",0.553718172374029,0.305372467681365,0.779306914160168,TRUE,TRUE,TRUE,"Forebrain + Hindbrain + Midbrain",FALSE,FALSE
"Gnb1","Gnb1",3,0.30556841142168,1,"NM_008142",0.211215474000758,0.30556841142168,0.779493557483985,TRUE,TRUE,TRUE,"Forebrain + Hindbrain + Midbrain",FALSE,FALSE
"Gsta3","Gsta3",3,0.305731188699835,1,"NM_001077353",2.621475730244,0.305731188699835,0.779649280544733,NA,NA,NA,NA,FALSE,FALSE
"Lppr5","Lppr5",2,0.306240658714674,1,"NM_029425",-0.610528573402956,0.306240658714674,0.780142388220288,TRUE,TRUE,TRUE,"Forebrain + Hindbrain + Midbrain",FALSE,FALSE
"Eda2r","Eda2r",3,0.306577429338299,1,"NM_001161433",0.849942995078994,0.306577429338299,0.780255015942379,NA,NA,NA,NA,FALSE,FALSE
"Raly","Raly",4,0.306647639094943,1,"NM_001139513",-0.695116702610679,0.306647639094943,0.780255015942379,TRUE,TRUE,TRUE,"Forebrain + Hindbrain + Midbrain",FALSE,FALSE
"Rnaset2b","Rnaset2b",2,0.306864934145677,1,"NM_026611",-0.197981408339546,0.306864934145677,0.780387954737862,NA,NA,NA,NA,FALSE,FALSE
"Tlk2","Tlk2",5,0.306969459667551,1,"NM_001294329",-2.927790365996,0.306969459667551,0.780387954737862,TRUE,TRUE,TRUE,"Forebrain + Hindbrain + Midbrain",FALSE,FALSE
"Bean1","Bean1",2,0.307388293736443,1,"NM_001141924",-2.05101688158087,0.307388293736443,0.780893713967943,FALSE,FALSE,TRUE,"Midbrain only",FALSE,FALSE
"Taf1d","Taf1d",3,0.307421528562096,1,"NR_028401",0.398780102148418,0.307421528562096,0.780893713967943,TRUE,TRUE,TRUE,"Forebrain + Hindbrain + Midbrain",FALSE,FALSE
"Tor2a","Tor2a",2,0.307603116123334,1,"NM_152800",-0.583353337167676,0.307603116123334,0.781194166075724,TRUE,TRUE,TRUE,"Forebrain + Hindbrain + Midbrain",FALSE,FALSE
"Fbxo27","Fbxo27",2,0.308209251275148,1,"NM_001163702",-1.50639576896345,0.308209251275148,0.781498234269105,NA,NA,NA,NA,FALSE,FALSE
"Fam73a","Fam73a",2,0.308359045051732,1,"NM_001162375",-1.40682370039717,0.308359045051732,0.781498234269105,FALSE,FALSE,TRUE,"Midbrain only",FALSE,FALSE
"Tmem254c","Tmem254c",6,0.309025742689598,1,"NM_001270498_1",-0.200071945405095,0.309025742689598,0.78207089105612,FALSE,FALSE,TRUE,"Midbrain only",FALSE,FALSE
"Mfap3l","Mfap3l",2,0.309219925879672,1,"NM_001177881",-1.86835279291469,0.309219925879672,0.782087822346877,NA,NA,NA,NA,FALSE,FALSE
"Akt1","Akt1",2,0.309732567898833,1,"NM_009652",-1.17218727336294,0.309732567898833,0.782414516466802,NA,NA,NA,NA,FALSE,FALSE
"Dis3l","Dis3l",3,0.309922378969994,1,"NM_172519",-2.8456459877114,0.309922378969994,0.782414516466802,FALSE,FALSE,TRUE,"Midbrain only",FALSE,FALSE
"Ccm2","Ccm2",3,0.310463483726364,1,"NM_001190344",2.42261900889879,0.310463483726364,0.782443744706829,TRUE,TRUE,TRUE,"Forebrain + Hindbrain + Midbrain",FALSE,FALSE
"Ddx17","Ddx17",4,0.31048367603315,1,"NM_199079",0.315388379322052,0.31048367603315,0.782443744706829,TRUE,TRUE,TRUE,"Forebrain + Hindbrain + Midbrain",FALSE,FALSE
"Timp1","Timp1",3,0.310510201373195,1,"NM_011593",-1.39804713795297,0.310510201373195,0.782443744706829,FALSE,FALSE,TRUE,"Midbrain only",FALSE,FALSE
"Hgf","Hgf",4,0.310532130333516,1,"NM_001289458",-2.82791231605909,0.310532130333516,0.782443744706829,NA,NA,NA,NA,FALSE,FALSE
"Cd300lg","Cd300lg",3,0.310874614561287,1,"NM_001160713",1.4854877227056,0.310874614561287,0.78287304078131,NA,NA,NA,NA,FALSE,FALSE
"Slc12a4","Slc12a4",3,0.310928749827326,1,"NM_001253804",-2.23638862880656,0.310928749827326,0.78287304078131,NA,NA,NA,NA,FALSE,FALSE
"Hmgcs1","Hmgcs1",2,0.311761045467198,1,"NM_145942",-0.235412585468598,0.311761045467198,0.784638981298028,NA,NA,NA,NA,FALSE,FALSE
"Nlrx1","Nlrx1",3,0.312697667009779,1,"NM_001163742",-1.57344269814262,0.312697667009779,0.785563764434176,TRUE,TRUE,FALSE,"Forebrain + Hindbrain",FALSE,FALSE
"Jph2","Jph2",2,0.312984872946828,1,"NM_001205076",-3.880783474949,0.312984872946828,0.785636991080046,NA,NA,NA,NA,FALSE,FALSE
"Rwdd3","Rwdd3",2,0.313465954880478,1,"NM_028456",-3.41847410538327,0.313465954880478,0.786306034556176,NA,NA,NA,NA,FALSE,FALSE
"Tpbg","Tpbg",2,0.313536453171206,1,"NM_011627",-1.06893340698981,0.313536453171206,0.786306034556176,TRUE,TRUE,TRUE,"Forebrain + Hindbrain + Midbrain",FALSE,FALSE
"Alpl","Alpl",2,0.313996820478919,1,"NM_007431",-3.5221361294136,0.313996820478919,0.786718639037981,NA,NA,NA,NA,FALSE,FALSE
"St5","St5",3,0.314598501186578,1,"NM_029811",-1.01541416497243,0.314598501186578,0.787453449217521,TRUE,TRUE,TRUE,"Forebrain + Hindbrain + Midbrain",FALSE,FALSE
"Emc1","Emc1",2,0.314771160413922,1,"NM_146157",-0.55633762791263,0.314771160413922,0.787725840500467,TRUE,TRUE,TRUE,"Forebrain + Hindbrain + Midbrain",FALSE,FALSE
"Dolpp1","Dolpp1",4,0.314954371429329,1,"NM_001290508",0.85708211078305,0.314954371429329,0.787864776695302,NA,NA,NA,NA,FALSE,FALSE
"B3gnt2","B3gnt2",2,0.315687592629085,1,"NM_016888",-2.55720664679471,0.315687592629085,0.788722855405979,FALSE,FALSE,TRUE,"Midbrain only",FALSE,FALSE
"Csde1","Csde1",2,0.315708770518109,1,"NM_144901",-0.121989440074478,0.315708770518109,0.788722855405979,TRUE,TRUE,TRUE,"Forebrain + Hindbrain + Midbrain",FALSE,FALSE
"Ankib1","Ankib1",3,0.316010169936895,1,"NM_001289528",-2.01749428407994,0.316010169936895,0.788753772167681,TRUE,TRUE,TRUE,"Forebrain + Hindbrain + Midbrain",FALSE,FALSE
"Sulf2","Sulf2",3,0.316114260644331,1,"NM_001252579",3.36674077887264,0.316114260644331,0.788753772167681,TRUE,TRUE,TRUE,"Forebrain + Hindbrain + Midbrain",FALSE,FALSE
"Nbr1","Nbr1",4,0.316476024862494,1,"NM_001252222",-0.319964013465157,0.316476024862494,0.78895235288953,TRUE,TRUE,TRUE,"Forebrain + Hindbrain + Midbrain",FALSE,FALSE
"4930444P10Rik","4930444P10Rik",2,0.316668411105923,1,"NM_001243238",-1.52701720592753,0.316668411105923,0.788967527037416,NA,NA,NA,NA,FALSE,FALSE
"Zfp37","Zfp37",4,0.316759998984372,1,"NM_001290351",0.978206692633476,0.316759998984372,0.788967527037416,TRUE,TRUE,TRUE,"Forebrain + Hindbrain + Midbrain",FALSE,FALSE
"Ghrl","Ghrl",3,0.316778456042892,1,"NM_001286406",6.84573662723124,0.316778456042892,0.788967527037416,TRUE,TRUE,FALSE,"Forebrain + Hindbrain",FALSE,FALSE
"Sybu","Sybu",8,0.316824852967074,1,"NM_001285843",2.92602636349976,0.316824852967074,0.788967527037416,TRUE,TRUE,FALSE,"Forebrain + Hindbrain",FALSE,FALSE
"Mospd1","Mospd1",3,0.316825423615222,1,"NM_001290514",1.0749243150596,0.316825423615222,0.788967527037416,TRUE,TRUE,TRUE,"Forebrain + Hindbrain + Midbrain",FALSE,FALSE
"Ankzf1","Ankzf1",4,0.316993458148072,1,"NR_051999",-0.451805272035086,0.316993458148072,0.788967527037416,TRUE,TRUE,TRUE,"Forebrain + Hindbrain + Midbrain",FALSE,FALSE
"Lsm2","Lsm2",4,0.317013833656716,1,"NM_001110101",-0.338478846242489,0.317013833656716,0.788967527037416,NA,NA,NA,NA,FALSE,FALSE
"Rpain","Rpain",4,0.317293018642944,1,"NM_001252413",-1.85111305330837,0.317293018642944,0.789235204606718,NA,NA,NA,NA,FALSE,FALSE
"Sh3pxd2a","Sh3pxd2a",2,0.317465361229056,1,"NM_001164717",-1.81475117555798,0.317465361229056,0.789388838290554,NA,NA,NA,NA,FALSE,FALSE
"Acvrl1","Acvrl1",3,0.317482723211995,1,"NM_001277257",1.09113209310886,0.317482723211995,0.789388838290554,TRUE,TRUE,TRUE,"Forebrain + Hindbrain + Midbrain",FALSE,FALSE
"Ctnna2","Ctnna2",3,0.31799390954998,1,"NM_145732",1.11115077694784,0.31799390954998,0.789710449508531,TRUE,TRUE,TRUE,"Forebrain + Hindbrain + Midbrain",FALSE,FALSE
"Cd37","Cd37",3,0.318031797666093,1,"NM_001290802",-3.30788531981033,0.318031797666093,0.789710449508531,FALSE,FALSE,TRUE,"Midbrain only",FALSE,FALSE
"Dnaja3","Dnaja3",2,0.318216517590046,1,"NM_001135112",-0.225354795970407,0.318216517590046,0.789781139795087,NA,NA,NA,NA,FALSE,FALSE
"Klhl26","Klhl26",2,0.318480254573838,1,"NM_178771",-1.1241710051409,0.318480254573838,0.790019472504619,TRUE,TRUE,TRUE,"Forebrain + Hindbrain + Midbrain",FALSE,FALSE
"Cobl","Cobl",2,0.318483765060011,1,"NM_001282993",-0.650646990701558,0.318483765060011,0.790019472504619,FALSE,FALSE,TRUE,"Midbrain only",FALSE,FALSE
"Lrriq1","Lrriq1",2,0.318780781602689,1,"NM_029134",-0.804844834807283,0.318780781602689,0.790545587816957,NA,NA,NA,NA,FALSE,FALSE
"Dido1","Dido1",6,0.319307775673055,1,"NM_175551",0.178490286458239,0.319307775673055,0.791168747008228,TRUE,TRUE,TRUE,"Forebrain + Hindbrain + Midbrain",FALSE,FALSE
"Suv39h1","Suv39h1",2,0.319480864371313,1,"NM_011514",-0.252914286019804,0.319480864371313,0.791168747008228,TRUE,TRUE,TRUE,"Forebrain + Hindbrain + Midbrain",FALSE,FALSE
"Cd44","Cd44",2,0.320169473926548,1,"NM_001177787",-1.78084060634701,0.320169473926548,0.791837084530693,NA,NA,NA,NA,FALSE,FALSE
"Dennd2d","Dennd2d",2,0.320191634607333,1,"NM_001093754",-2.50151298707506,0.320191634607333,0.791837084530693,NA,NA,NA,NA,FALSE,FALSE
"Sema4c","Sema4c",3,0.320287605041514,1,"NM_001126047",-0.738912611243912,0.320287605041514,0.791837084530693,TRUE,TRUE,TRUE,"Forebrain + Hindbrain + Midbrain",FALSE,FALSE
"Fgf8","Fgf8",4,0.320419733300494,1,"NM_001166361",3.00454321714019,0.320419733300494,0.791837084530693,TRUE,TRUE,FALSE,"Forebrain + Hindbrain",FALSE,FALSE
"Gfap","Gfap",2,0.321079000928929,1,"NM_010277",-1.10686113774542,0.321079000928929,0.792126547526724,NA,NA,NA,NA,FALSE,FALSE
"Fam214a","Fam214a",2,0.321204105224557,1,"NM_153584",-0.481007416294701,0.321204105224557,0.792126547526724,TRUE,TRUE,TRUE,"Forebrain + Hindbrain + Midbrain",FALSE,FALSE
"3830406C13Rik","3830406C13Rik",7,0.321303500447231,1,"NM_146051",-0.669427351070575,0.321303500447231,0.792126547526724,TRUE,TRUE,TRUE,"Forebrain + Hindbrain + Midbrain",FALSE,FALSE
"Tdrd1","Tdrd1",3,0.321504303809901,1,"NM_001002238",4.25309107500828,0.321504303809901,0.792126547526724,NA,NA,NA,NA,FALSE,FALSE
"Spock1","Spock1",4,0.321633536757818,1,"NM_001166463",4.15010172115408,0.321633536757818,0.792126547526724,FALSE,FALSE,TRUE,"Midbrain only",FALSE,FALSE
"Nt5c3b","Nt5c3b",2,0.321737500983581,1,"NM_001102650",-0.448402749092145,0.321737500983581,0.792126547526724,NA,NA,NA,NA,FALSE,FALSE
"Gatad2a","Gatad2a",3,0.321971310562809,1,"NM_001286450",-0.983922478706568,0.321971310562809,0.792126547526724,TRUE,TRUE,TRUE,"Forebrain + Hindbrain + Midbrain",FALSE,FALSE
"Tjp3","Tjp3",2,0.32211434485325,1,"NM_001282096",-1.31395105239198,0.32211434485325,0.792126547526724,TRUE,TRUE,TRUE,"Forebrain + Hindbrain + Midbrain",FALSE,FALSE
"St6galnac6","St6galnac6",7,0.322651946817696,1,"NM_016973",-0.785107885670963,0.322651946817696,0.792482191059673,TRUE,TRUE,TRUE,"Forebrain + Hindbrain + Midbrain",FALSE,FALSE
"6430710C18Rik","6430710C18Rik",2,0.322767399921318,1,"NR_102349",-0.977085009731198,0.322767399921318,0.792482191059673,NA,NA,NA,NA,FALSE,FALSE
"Adam5","Adam5",3,0.322822318063472,1,"NM_001272059",2.36236022908882,0.322822318063472,0.792482191059673,NA,NA,NA,NA,FALSE,FALSE
"Siva1","Siva1",2,0.323184024880829,1,"NM_013929",-0.546779316507839,0.323184024880829,0.792694343290423,FALSE,FALSE,TRUE,"Midbrain only",FALSE,FALSE
"Ccrl2","Ccrl2",3,0.323191272865929,1,"NM_001302376",-3.19232720773642,0.323191272865929,0.792694343290423,NA,NA,NA,NA,FALSE,FALSE
"Ephb4","Ephb4",2,0.324025926215642,1,"NM_001159571",-0.942124057035916,0.324025926215642,0.793467025429914,TRUE,TRUE,TRUE,"Forebrain + Hindbrain + Midbrain",FALSE,FALSE
"Ifit1bl1","Ifit1bl1",2,0.324639670479936,1,"NM_001110517",-4.61591286465302,0.324639670479936,0.793749461803529,NA,NA,NA,NA,FALSE,FALSE
"Cebpa","Cebpa",3,0.325035331263364,1,"NM_007678",6.53691666191873,0.325035331263364,0.794178766970661,NA,NA,NA,NA,FALSE,FALSE
"Ubox5","Ubox5",3,0.325191052537995,1,"NM_001255994",-0.918800691812836,0.325191052537995,0.794178766970661,TRUE,TRUE,TRUE,"Forebrain + Hindbrain + Midbrain",FALSE,FALSE
"Mdm2","Mdm2",2,0.325579960887186,1,"NM_001288586",-0.388163690747035,0.325579960887186,0.794474336038733,NA,NA,NA,NA,FALSE,FALSE
"Gm1661","Gm1661",2,0.325919031623337,1,"NM_001033774",-3.07365892902356,0.325919031623337,0.794987319674239,NA,NA,NA,NA,FALSE,FALSE
"Hfm1","Hfm1",2,0.326030000970976,1,"NM_177873",-0.958300986548847,0.326030000970976,0.795100832407478,TRUE,TRUE,FALSE,"Forebrain + Hindbrain",FALSE,FALSE
"Csk","Csk",2,0.326535959886116,1,"NM_007783",-0.878265764180919,0.326535959886116,0.795862876751861,NA,NA,NA,NA,FALSE,FALSE
"Adipor1","Adipor1",2,0.326769634555966,1,"NM_028320",-0.148161144958622,0.326769634555966,0.79607240882667,NA,NA,NA,NA,FALSE,FALSE
"Mtm1","Mtm1",3,0.326775311127638,1,"NM_019926",-2.70765818174985,0.326775311127638,0.79607240882667,TRUE,TRUE,FALSE,"Forebrain + Hindbrain",FALSE,FALSE
"Rnh1","Rnh1",3,0.327713060369426,1,"NM_145135",0.275731062781295,0.327713060369426,0.79731450413224,NA,NA,NA,NA,FALSE,FALSE
"Trim15","Trim15",2,0.328031719457372,1,"NM_001024134",-3.15553382060335,0.328031719457372,0.797618013419503,NA,NA,NA,NA,FALSE,FALSE
"Siglecf","Siglecf",2,0.328536770655104,1,"NM_145581",-2.87969004991146,0.328536770655104,0.79795129906212,NA,NA,NA,NA,FALSE,FALSE
"Gpcpd1","Gpcpd1",6,0.328556770707831,1,"NM_001042672",0.376969524452866,0.328556770707831,0.79795129906212,TRUE,TRUE,TRUE,"Forebrain + Hindbrain + Midbrain",FALSE,FALSE
"Wdr17","Wdr17",2,0.329044786097033,1,"NM_001172152",-1.86299524898852,0.329044786097033,0.798822085468697,NA,NA,NA,NA,FALSE,FALSE
"Rims2","Rims2",4,0.329205700946479,1,"NM_053271",2.4436552868364,0.329205700946479,0.798888185103058,TRUE,TRUE,TRUE,"Forebrain + Hindbrain + Midbrain",FALSE,FALSE
"Sugp2","Sugp2",2,0.329285830058969,1,"NM_172755",-0.300298645689486,0.329285830058969,0.798888185103058,TRUE,TRUE,TRUE,"Forebrain + Hindbrain + Midbrain",FALSE,FALSE
"Mtcl1","Mtcl1",2,0.329650343612738,1,"NM_001114098",-4.61463446268885,0.329650343612738,0.798888185103058,TRUE,TRUE,TRUE,"Forebrain + Hindbrain + Midbrain",FALSE,FALSE
"Cyfip2","Cyfip2",3,0.32976416772668,1,"NM_001252460",-1.15041914958195,0.32976416772668,0.798996628656437,NA,NA,NA,NA,FALSE,FALSE
"Stat1","Stat1",3,0.330376229122478,1,"NM_009283",0.575094402356094,0.330376229122478,0.799903752228867,TRUE,TRUE,FALSE,"Forebrain + Hindbrain",FALSE,FALSE
"2810006K23Rik","2810006K23Rik",2,0.331316108608356,1,"NM_028310",-0.613896433061107,0.331316108608356,0.801340803650942,NA,NA,NA,NA,FALSE,FALSE
"Endou","Endou",2,0.331675566562514,1,"NM_001168693",-1.99887137066318,0.331675566562514,0.801422747073421,NA,NA,NA,NA,FALSE,FALSE
"Ints9","Ints9",2,0.331739658999273,1,"NM_001253731",-1.61640861477573,0.331739658999273,0.801422747073421,NA,NA,NA,NA,FALSE,FALSE
"Ankrd33b","Ankrd33b",3,0.332242768114532,1,"NM_026153",-0.589586657774705,0.332242768114532,0.802010124908709,NA,NA,NA,NA,FALSE,FALSE
"Wdr59","Wdr59",3,0.332669040668904,1,"NM_001170742",-0.739233114355893,0.332669040668904,0.802254438509727,TRUE,TRUE,TRUE,"Forebrain + Hindbrain + Midbrain",FALSE,FALSE
"Dazap1","Dazap1",3,0.333205677075522,1,"NM_001122604",-0.548222093814472,0.333205677075522,0.802927045838093,NA,NA,NA,NA,FALSE,FALSE
"Tmem2","Tmem2",2,0.333573475848283,1,"NM_031997",-0.40705540541764,0.333573475848283,0.803136831387074,TRUE,TRUE,TRUE,"Forebrain + Hindbrain + Midbrain",FALSE,FALSE
"Alkbh7","Alkbh7",2,0.333697806181037,1,"NM_027372",-0.462170634936613,0.333697806181037,0.803136831387074,NA,NA,NA,NA,FALSE,FALSE
"Casp3","Casp3",2,0.33403574243099,1,"NM_001284409",-0.279438696328107,0.33403574243099,0.803209697810851,NA,NA,NA,NA,FALSE,FALSE
"Rab13","Rab13",2,0.334171684648372,1,"NM_001293741",-0.903875909040599,0.334171684648372,0.803209697810851,TRUE,TRUE,TRUE,"Forebrain + Hindbrain + Midbrain",FALSE,FALSE
"Hoxd8","Hoxd8",2,0.334370177592215,1,"NM_001290730",-3.27432452147802,0.334370177592215,0.803413556378227,NA,NA,NA,NA,FALSE,FALSE
"Blm","Blm",2,0.334765262457177,1,"NM_007550",-2.14655773036261,0.334765262457177,0.803915094041291,TRUE,TRUE,FALSE,"Forebrain + Hindbrain",FALSE,FALSE
"Slc6a5","Slc6a5",2,0.335213707340557,1,"NM_001146013",-3.09069150623425,0.335213707340557,0.804134448161589,NA,NA,NA,NA,FALSE,FALSE
"Ghitm","Ghitm",2,0.335292356984332,1,"NM_078478",-0.241776399880199,0.335292356984332,0.804134448161589,TRUE,TRUE,TRUE,"Forebrain + Hindbrain + Midbrain",FALSE,FALSE
"Thsd4","Thsd4",2,0.335323579958589,1,"NM_172444",-0.948694201943263,0.335323579958589,0.804134448161589,NA,NA,NA,NA,FALSE,FALSE
"Elmod3","Elmod3",2,0.335657795585817,1,"NM_001253692",-0.660425036557648,0.335657795585817,0.804494116639079,TRUE,TRUE,FALSE,"Forebrain + Hindbrain",FALSE,FALSE
"Sypl","Sypl",2,0.335721681292908,1,"NM_013635",-0.874658374784341,0.335721681292908,0.804494116639079,NA,NA,NA,NA,FALSE,FALSE
"Tbc1d1","Tbc1d1",2,0.336027603247525,1,"NM_019636",-0.378619220188447,0.336027603247525,0.804804654116488,TRUE,TRUE,TRUE,"Forebrain + Hindbrain + Midbrain",FALSE,FALSE
"Hpca","Hpca",4,0.336589164960366,1,"NM_001130419",1.45220804128121,0.336589164960366,0.804804654116488,NA,NA,NA,NA,FALSE,FALSE
"Bmpr1b","Bmpr1b",5,0.336833285784197,1,"NM_001277216",-2.77765644472813,0.336833285784197,0.804804654116488,NA,NA,NA,NA,FALSE,FALSE
"Sytl4","Sytl4",3,0.336873968684263,1,"NM_001290718",-2.46838676342493,0.336873968684263,0.804804654116488,NA,NA,NA,NA,FALSE,FALSE
"Bcor","Bcor",3,0.336875909711571,1,"NM_001168321",0.399914340853974,0.336875909711571,0.804804654116488,NA,NA,NA,NA,FALSE,FALSE
"Mlst8","Mlst8",4,0.336888860729255,1,"NM_019988",0.566150197434601,0.336888860729255,0.804804654116488,TRUE,TRUE,TRUE,"Forebrain + Hindbrain + Midbrain",FALSE,FALSE
"Eps8","Eps8",3,0.336987491719602,1,"NM_001271595",-1.32975400508751,0.336987491719602,0.804804654116488,NA,NA,NA,NA,FALSE,FALSE
"Fgfbp1","Fgfbp1",2,0.337256646676643,1,"NM_001271616",-1.7392022644294,0.337256646676643,0.804886575226443,TRUE,TRUE,FALSE,"Forebrain + Hindbrain",FALSE,FALSE
"Pou2f1","Pou2f1",4,0.338474184805927,1,"NM_198934",-1.47961082609076,0.338474184805927,0.80539364452471,NA,NA,NA,NA,FALSE,FALSE
"Pum2","Pum2",5,0.338737914237873,1,"NM_030723",2.17734980087537,0.338737914237873,0.805459228436295,TRUE,TRUE,TRUE,"Forebrain + Hindbrain + Midbrain",FALSE,FALSE
"Spopl","Spopl",3,0.338762835946869,1,"NM_029773",0.748780486499939,0.338762835946869,0.805459228436295,TRUE,TRUE,TRUE,"Forebrain + Hindbrain + Midbrain",FALSE,FALSE
"Mb","Mb",3,0.338904096021041,1,"NM_001164047",2.48577324750717,0.338904096021041,0.805484696629361,NA,NA,NA,NA,FALSE,FALSE
"0610010K14Rik","0610010K14Rik",6,0.339337826302357,1,"NM_001177601",0.198885470431033,0.339337826302357,0.80589720656826,NA,NA,NA,NA,FALSE,FALSE
"Satb1","Satb1",4,0.339387258623622,1,"NM_001163632",1.2944459353966,0.339387258623622,0.80589720656826,TRUE,TRUE,TRUE,"Forebrain + Hindbrain + Midbrain",FALSE,FALSE
"Cabyr","Cabyr",3,0.339664145639352,1,"NM_001042420",-3.50716786705376,0.339664145639352,0.80589720656826,FALSE,FALSE,TRUE,"Midbrain only",FALSE,FALSE
"Atp13a3","Atp13a3",2,0.339823694687367,1,"NM_001128096",-1.36131582651559,0.339823694687367,0.805901083859748,NA,NA,NA,NA,FALSE,FALSE
"Nucb1","Nucb1",2,0.339862985446202,1,"NM_001163662",-0.75054566708938,0.339862985446202,0.805901083859748,NA,NA,NA,NA,FALSE,FALSE
"1600020E01Rik","1600020E01Rik",2,0.340054488690227,1,"NR_037960",-0.535745801542791,0.340054488690227,0.805920089614219,TRUE,TRUE,TRUE,"Forebrain + Hindbrain + Midbrain",FALSE,FALSE
"Akna","Akna",2,0.340234495555089,1,"NM_001305432",-5.82540822344684,0.340234495555089,0.80600761665383,NA,NA,NA,NA,FALSE,FALSE
"Tdrd6","Tdrd6",3,0.340444484354589,1,"NM_001161367",4.03847267915869,0.340444484354589,0.806061887073001,NA,NA,NA,NA,FALSE,FALSE
"Exosc8","Exosc8",2,0.340726015259261,1,"NM_027148",-1.24476102691342,0.340726015259261,0.806061887073001,NA,NA,NA,NA,FALSE,FALSE
"Adcy8","Adcy8",2,0.340796858102586,1,"NM_009623",-3.37976312380612,0.340796858102586,0.806061887073001,FALSE,FALSE,TRUE,"Midbrain only",FALSE,FALSE
"Adam8","Adam8",2,0.341028910574145,1,"NM_001291066",-4.16800865414609,0.341028910574145,0.806061887073001,NA,NA,NA,NA,FALSE,FALSE
"Dis3l2","Dis3l2",2,0.34119875893054,1,"NM_001172157",-0.412614170645177,0.34119875893054,0.806061887073001,TRUE,TRUE,TRUE,"Forebrain + Hindbrain + Midbrain",FALSE,FALSE
"Dhx35","Dhx35",2,0.341391721689656,1,"NM_001291144",-0.455382152464019,0.341391721689656,0.806223542437866,TRUE,TRUE,FALSE,"Forebrain + Hindbrain",FALSE,FALSE
"Sp2","Sp2",2,0.341436323564043,1,"NM_030220",-0.895656422717914,0.341436323564043,0.806223542437866,FALSE,FALSE,TRUE,"Midbrain only",FALSE,FALSE
"Creb1","Creb1",3,0.341617975901493,1,"NM_009952",-0.857900496001945,0.341617975901493,0.806256174600801,FALSE,FALSE,TRUE,"Midbrain only",FALSE,FALSE
"Drd1","Drd1",2,0.341755189790309,1,"NM_010076",-4.8933732288056,0.341755189790309,0.806359281455528,NA,NA,NA,NA,FALSE,FALSE
"Foxj3","Foxj3",2,0.342084363440003,1,"NM_172699",-0.417067750568932,0.342084363440003,0.806831664172285,TRUE,TRUE,TRUE,"Forebrain + Hindbrain + Midbrain",FALSE,FALSE
"Ppp1r42","Ppp1r42",2,0.34208616425846,1,"NR_110971",-2.68056610057383,0.34208616425846,0.806831664172285,NA,NA,NA,NA,FALSE,FALSE
"Hars2","Hars2",2,0.34282434615019,1,"NM_080636",-1.1079005475287,0.34282434615019,0.8071842074973,TRUE,TRUE,FALSE,"Forebrain + Hindbrain",FALSE,FALSE
"Ikbkg","Ikbkg",5,0.343164531187381,1,"NM_001161423",1.4117511830086,0.343164531187381,0.807276605050093,FALSE,FALSE,TRUE,"Midbrain only",FALSE,FALSE
"Nploc4","Nploc4",2,0.343258885528266,1,"NM_199469",-2.07873797227197,0.343258885528266,0.807276605050093,NA,NA,NA,NA,FALSE,FALSE
"Ifi27l2a","Ifi27l2a",2,0.343694779030919,1,"NM_029803",-1.00236195499707,0.343694779030919,0.807692548703397,NA,NA,NA,NA,FALSE,FALSE
"Adgrg2","Adgrg2",6,0.344218082820997,1,"NM_001290445",1.82686838874282,0.344218082820997,0.808008792472679,NA,NA,NA,NA,FALSE,FALSE
"Fgd2","Fgd2",2,0.344653223952088,1,"NM_013710",-1.8518950764266,0.344653223952088,0.808008792472679,TRUE,TRUE,FALSE,"Forebrain + Hindbrain",FALSE,FALSE
"Tmem220","Tmem220",2,0.34474605286618,1,"NM_001291043",-5.65127913214236,0.34474605286618,0.808008792472679,NA,NA,NA,NA,FALSE,FALSE
"Otud5","Otud5",3,0.344849404827913,1,"NM_001290537",-0.566280373503741,0.344849404827913,0.808097541886906,TRUE,TRUE,TRUE,"Forebrain + Hindbrain + Midbrain",FALSE,FALSE
"Optc","Optc",4,0.345300220211336,1,"NM_054076",3.27876809543737,0.345300220211336,0.808846757290791,TRUE,TRUE,FALSE,"Forebrain + Hindbrain",FALSE,FALSE
"Ctla2a","Ctla2a",2,0.345761317200501,1,"NM_007796",-0.864762879065715,0.345761317200501,0.809465880146876,TRUE,TRUE,TRUE,"Forebrain + Hindbrain + Midbrain",FALSE,FALSE
"Ncor2","Ncor2",3,0.346017696660839,1,"NM_011424",-0.314246632256194,0.346017696660839,0.809605304663397,NA,NA,NA,NA,FALSE,FALSE
"Klhl4","Klhl4",3,0.346998112637721,1,"NM_172781",0.810426597772717,0.346998112637721,0.809617810267206,FALSE,TRUE,TRUE,"Hindbrain + Midbrain",FALSE,FALSE
"Acsl3","Acsl3",3,0.347042771452577,1,"NM_001136222",-2.17442635887659,0.347042771452577,0.809617810267206,TRUE,TRUE,TRUE,"Forebrain + Hindbrain + Midbrain",FALSE,FALSE
"Myocd","Myocd",2,0.347045441912789,1,"NM_146386",-3.26178138066348,0.347045441912789,0.809617810267206,NA,NA,NA,NA,FALSE,FALSE
"Sufu","Sufu",2,0.34710465496613,1,"NM_015752",-0.561727690252078,0.34710465496613,0.809617810267206,TRUE,TRUE,TRUE,"Forebrain + Hindbrain + Midbrain",FALSE,FALSE
"Trpc6","Trpc6",3,0.347207179000074,1,"NM_001282086",-2.39302819439238,0.347207179000074,0.809617810267206,NA,NA,NA,NA,FALSE,FALSE
"Rpgr","Rpgr",6,0.347272973480368,1,"NM_001177952",0.871200101302589,0.347272973480368,0.809617810267206,NA,NA,NA,NA,FALSE,FALSE
"Lypd6","Lypd6",2,0.347346271168184,1,"NR_033304",-2.40935893006348,0.347346271168184,0.809617810267206,NA,NA,NA,NA,FALSE,FALSE
"Nelfb","Nelfb",2,0.347480932504458,1,"NM_001310157",-0.313393451382652,0.347480932504458,0.809651568562124,NA,NA,NA,NA,FALSE,FALSE
"Magi3","Magi3",2,0.347758996359317,1,"NM_133853",-2.01691871202058,0.347758996359317,0.810146500863502,NA,NA,NA,NA,FALSE,FALSE
"Lrmp","Lrmp",3,0.348046504320097,1,"NM_001281980",-4.28038937596321,0.348046504320097,0.810418335381461,NA,NA,NA,NA,FALSE,FALSE
"Zfp869","Zfp869",3,0.348272397174066,1,"NM_181274",-0.478360695021288,0.348272397174066,0.810577401193508,TRUE,TRUE,TRUE,"Forebrain + Hindbrain + Midbrain",FALSE,FALSE
"Platr14","Platr14",2,0.348641268361582,1,"NR_040323",-2.38557481095508,0.348641268361582,0.811282906200627,FALSE,FALSE,TRUE,"Midbrain only",FALSE,FALSE
"Vipas39","Vipas39",3,0.348810455750711,1,"NM_001142580",1.06038161449341,0.348810455750711,0.811523571637212,NA,NA,NA,NA,FALSE,FALSE
"Kirrel","Kirrel",2,0.348998661652434,1,"NM_001170985",-0.661804334602663,0.348998661652434,0.811808385446002,NA,NA,NA,NA,FALSE,FALSE
"Atl3","Atl3",2,0.349600039726448,1,"NM_001163505",-0.568006249810662,0.349600039726448,0.812347261579678,NA,NA,NA,NA,FALSE,FALSE
"Tnnt1","Tnnt1",3,0.349699899804937,1,"NM_011618",4.45995953311859,0.349699899804937,0.812367613628185,TRUE,TRUE,TRUE,"Forebrain + Hindbrain + Midbrain",FALSE,FALSE
"Rbm7","Rbm7",2,0.349924081460569,1,"NR_037589",-0.352395126420456,0.349924081460569,0.812420606067786,TRUE,TRUE,TRUE,"Forebrain + Hindbrain + Midbrain",FALSE,FALSE
"Enah","Enah",4,0.350372010276441,1,"NM_008680",-3.71139837569536,0.350372010276441,0.812420606067786,TRUE,TRUE,TRUE,"Forebrain + Hindbrain + Midbrain",FALSE,FALSE
"1190007I07Rik","1190007I07Rik",3,0.350446911353227,1,"NM_001135568",0.875349202970647,0.350446911353227,0.812420606067786,TRUE,TRUE,TRUE,"Forebrain + Hindbrain + Midbrain",FALSE,FALSE
"Cbs","Cbs",3,0.350711423352245,1,"NM_001271353",2.44823166714686,0.350711423352245,0.812881097702236,FALSE,FALSE,TRUE,"Midbrain only",FALSE,FALSE
"Alad","Alad",2,0.350933641740919,1,"NM_008525",-1.06178858080805,0.350933641740919,0.813011428963995,NA,NA,NA,NA,FALSE,FALSE
"Zbtb18","Zbtb18",2,0.350968596439283,1,"NM_001012330",-0.781655352354432,0.350968596439283,0.813011428963995,TRUE,TRUE,TRUE,"Forebrain + Hindbrain + Midbrain",FALSE,FALSE
"Dcx","Dcx",4,0.351031190722866,1,"NM_001110224",2.22664166876971,0.351031190722866,0.813011428963995,TRUE,TRUE,TRUE,"Forebrain + Hindbrain + Midbrain",FALSE,FALSE
"Pqlc3","Pqlc3",2,0.351316101762524,1,"NM_001161111",-1.30273835189602,0.351316101762524,0.813098551891833,NA,NA,NA,NA,FALSE,FALSE
"Usf1","Usf1",4,0.351316629440061,1,"NM_001305676",-0.244127644938153,0.351316629440061,0.813098551891833,NA,NA,NA,NA,FALSE,FALSE
"Psrc1","Psrc1",2,0.352193162024088,1,"NM_019976",-1.25184174094536,0.352193162024088,0.81447968878884,TRUE,TRUE,TRUE,"Forebrain + Hindbrain + Midbrain",FALSE,FALSE
"Gid8","Gid8",3,0.352391513689377,1,"NM_029607",1.22709123586602,0.352391513689377,0.814633060870533,NA,NA,NA,NA,FALSE,FALSE
"Prnd","Prnd",4,0.352525348825505,1,"NM_001278257",-0.677913485552014,0.352525348825505,0.814789811670112,TRUE,TRUE,TRUE,"Forebrain + Hindbrain + Midbrain",FALSE,FALSE
"Bckdhb","Bckdhb",2,0.352604661835133,1,"NM_001305935",-1.97438262891963,0.352604661835133,0.814820510682687,NA,NA,NA,NA,FALSE,FALSE
"Dhrs7b","Dhrs7b",2,0.352913086751135,1,"NM_001172112",-0.44155740556539,0.352913086751135,0.815103858006718,TRUE,TRUE,FALSE,"Forebrain + Hindbrain",FALSE,FALSE
"Fut8","Fut8",5,0.352925608024744,1,"NM_001252614",1.40448918384386,0.352925608024744,0.815103858006718,TRUE,TRUE,TRUE,"Forebrain + Hindbrain + Midbrain",FALSE,FALSE
"Foxp4","Foxp4",3,0.353754021115634,1,"NM_001110824",-0.593965884510843,0.353754021115634,0.815529529188083,TRUE,TRUE,TRUE,"Forebrain + Hindbrain + Midbrain",FALSE,FALSE
"Ska1","Ska1",2,0.353886839130621,1,"NM_025581",-1.68618328923152,0.353886839130621,0.815529529188083,NA,NA,NA,NA,FALSE,FALSE
"Pik3r6","Pik3r6",2,0.354027328608051,1,"NM_001081566",-3.73351266420997,0.354027328608051,0.815529529188083,NA,NA,NA,NA,FALSE,FALSE
"Med1","Med1",3,0.354034982808797,1,"NM_134027",-0.163132247412918,0.354034982808797,0.815529529188083,NA,NA,NA,NA,FALSE,FALSE
"Slc33a1","Slc33a1",2,0.354267920176669,1,"NM_001272035",-1.70501750846799,0.354267920176669,0.815807437934909,NA,NA,NA,NA,FALSE,FALSE
"1810032O08Rik","1810032O08Rik",3,0.354287849262008,1,"NR_027821",0.300176737146379,0.354287849262008,0.815807437934909,TRUE,TRUE,TRUE,"Forebrain + Hindbrain + Midbrain",FALSE,FALSE
"Nfx1","Nfx1",3,0.354463401604843,1,"NM_001290449",-0.204435515580087,0.354463401604843,0.816059398470851,NA,NA,NA,NA,FALSE,FALSE
"2310007B03Rik","2310007B03Rik",2,0.354917314730194,1,"NM_172411",-4.48420868473492,0.354917314730194,0.816575488143863,NA,NA,NA,NA,FALSE,FALSE
"Fam78b","Fam78b",3,0.355276974642656,1,"NM_001160262",1.57432880592769,0.355276974642656,0.816865635753749,TRUE,TRUE,TRUE,"Forebrain + Hindbrain + Midbrain",FALSE,FALSE
"Adnp","Adnp",3,0.355742439086391,1,"NM_001310088",-1.35882002988694,0.355742439086391,0.817022463861169,NA,NA,NA,NA,FALSE,FALSE
"Ppm1m","Ppm1m",2,0.355975829970098,1,"NM_198931",-0.751590480587092,0.355975829970098,0.817226956836063,NA,NA,NA,NA,FALSE,FALSE
"Smad5","Smad5",3,0.356004110687189,1,"NM_001164042",-1.57110616657579,0.356004110687189,0.817226956836063,TRUE,TRUE,TRUE,"Forebrain + Hindbrain + Midbrain",FALSE,FALSE
"Psma7","Psma7",2,0.356588022850889,1,"NM_001289476",-0.316152878178956,0.356588022850889,0.817746924731456,NA,NA,NA,NA,FALSE,FALSE
"Thpo","Thpo",3,0.357225245922867,1,"NM_001289894",2.61680227308978,0.357225245922867,0.818448548247904,NA,NA,NA,NA,FALSE,FALSE
"Loxl4","Loxl4",2,0.357422061340709,1,"NM_001164311",-2.56092400349437,0.357422061340709,0.818448548247904,NA,NA,NA,NA,FALSE,FALSE
"Artn","Artn",3,0.358131468825157,1,"NM_001284191",-3.78843407381341,0.358131468825157,0.819003396090148,NA,NA,NA,NA,FALSE,FALSE
"Gak","Gak",3,0.358382461990797,1,"NM_153569",0.949614970824775,0.358382461990797,0.819015661804509,NA,NA,NA,NA,FALSE,FALSE
"Map1lc3a","Map1lc3a",2,0.358866724705182,1,"NM_025735",-2.8863484342113,0.358866724705182,0.819401149990155,NA,NA,NA,NA,FALSE,FALSE
"AI987944","AI987944",2,0.358903015858735,1,"NM_001199330",-3.12452482498848,0.358903015858735,0.819401149990155,TRUE,TRUE,TRUE,"Forebrain + Hindbrain + Midbrain",FALSE,FALSE
"Haus7","Haus7",2,0.359716485506007,1,"NM_028633",-0.422214796640396,0.359716485506007,0.820056973376479,TRUE,TRUE,TRUE,"Forebrain + Hindbrain + Midbrain",FALSE,FALSE
"Tmem229b","Tmem229b",2,0.359723126041654,1,"NM_178745",-0.591266827043523,0.359723126041654,0.820056973376479,TRUE,TRUE,TRUE,"Forebrain + Hindbrain + Midbrain",FALSE,FALSE
"Tro","Tro",5,0.359734443444799,1,"NM_019548",4.71624445191936,0.359734443444799,0.820056973376479,TRUE,TRUE,TRUE,"Forebrain + Hindbrain + Midbrain",FALSE,FALSE
"Agbl4","Agbl4",3,0.359856981306516,1,"NM_001284190",2.79898724579379,0.359856981306516,0.820056973376479,TRUE,TRUE,TRUE,"Forebrain + Hindbrain + Midbrain",FALSE,FALSE
"Rc3h2","Rc3h2",2,0.36027635078519,1,"NM_001290642",-1.01332196155595,0.36027635078519,0.820593529781455,TRUE,TRUE,TRUE,"Forebrain + Hindbrain + Midbrain",FALSE,FALSE
"Hps5","Hps5",3,0.360422765916976,1,"NM_001167864",-1.32738782490979,0.360422765916976,0.820593529781455,NA,NA,NA,NA,FALSE,FALSE
"Aqr","Aqr",2,0.360960905152615,1,"NM_009702",-0.622897995121953,0.360960905152615,0.821593075312851,TRUE,TRUE,TRUE,"Forebrain + Hindbrain + Midbrain",FALSE,FALSE
"Cuedc1","Cuedc1",2,0.361680390236447,1,"NM_198013",-0.977968374742665,0.361680390236447,0.822394696060025,FALSE,FALSE,TRUE,"Midbrain only",FALSE,FALSE
"SlcUbl4a","SlcUbl4a",3,0.362666767189113,1,"NM_001278272",2.24528774037617,0.362666767189113,0.823188767747386,TRUE,TRUE,TRUE,"Forebrain + Hindbrain + Midbrain",FALSE,FALSE
"Dpf2","Dpf2",2,0.36275908202302,1,"NM_011262",-0.322595538787095,0.36275908202302,0.823188767747386,TRUE,TRUE,TRUE,"Forebrain + Hindbrain + Midbrain",FALSE,FALSE
"Itgam","Itgam",2,0.362865259829316,1,"NM_001082960",-2.84462218342428,0.362865259829316,0.823188767747386,NA,NA,NA,NA,FALSE,FALSE
"A330102I10Rik","A330102I10Rik",4,0.362896831162543,1,"NR_045073",1.23637663964726,0.362896831162543,0.823188767747386,TRUE,TRUE,FALSE,"Forebrain + Hindbrain",FALSE,FALSE
"Abcc5","Abcc5",2,0.363375993010673,1,"NM_176839",-0.250873719275182,0.363375993010673,0.823895838873504,TRUE,TRUE,TRUE,"Forebrain + Hindbrain + Midbrain",FALSE,FALSE
"Polg2","Polg2",2,0.363428490020935,1,"NM_015810",-0.583625938589926,0.363428490020935,0.823895838873504,TRUE,TRUE,FALSE,"Forebrain + Hindbrain",FALSE,FALSE
"Adarb2","Adarb2",3,0.363441686847966,1,"NM_001289530",6.50588476749524,0.363441686847966,0.823895838873504,TRUE,TRUE,TRUE,"Forebrain + Hindbrain + Midbrain",FALSE,FALSE
"Rfx3","Rfx3",2,0.363740884391233,1,"NM_011265",-0.802890143470476,0.363740884391233,0.824043053678689,FALSE,FALSE,TRUE,"Midbrain only",FALSE,FALSE
"Rps27a","Rps27a",2,0.363991772704523,1,"NM_024277",-0.0886474057546388,0.363991772704523,0.824387601499846,NA,NA,NA,NA,FALSE,FALSE
"AI846148","AI846148",2,0.364026583514802,1,"NM_001033139",-0.297331142163947,0.364026583514802,0.824387601499846,TRUE,TRUE,TRUE,"Forebrain + Hindbrain + Midbrain",FALSE,FALSE
"Ikzf1","Ikzf1",5,0.364230067212956,1,"NM_001301866",-2.34625951689791,0.364230067212956,0.82454577681304,NA,NA,NA,NA,FALSE,FALSE
"Zfp467","Zfp467",4,0.36491263175997,1,"NM_001085416",-1.71336152842887,0.36491263175997,0.82481668008698,TRUE,TRUE,TRUE,"Forebrain + Hindbrain + Midbrain",FALSE,FALSE
"Ccdc53","Ccdc53",3,0.36493813953956,1,"NM_027487",1.10878148168019,0.36493813953956,0.82481668008698,FALSE,FALSE,TRUE,"Midbrain only",FALSE,FALSE
"Clec4a2","Clec4a2",3,0.364996031246094,1,"NM_011999",2.76033554444033,0.364996031246094,0.82481668008698,NA,NA,NA,NA,FALSE,FALSE
"Nol9","Nol9",3,0.365193527361761,1,"NM_001159599",1.19267891665043,0.365193527361761,0.82481668008698,FALSE,FALSE,TRUE,"Midbrain only",FALSE,FALSE
"Fam160a2","Fam160a2",3,0.365646793090993,1,"NM_001242363",0.592492650426075,0.365646793090993,0.82481668008698,NA,NA,NA,NA,FALSE,FALSE
"Fggy","Fggy",2,0.365741933471195,1,"NM_029347",-0.618173259548961,0.365741933471195,0.82481668008698,NA,NA,NA,NA,FALSE,FALSE
"Hmgb3","Hmgb3",4,0.365927653686118,1,"NM_001293625",0.50799896724624,0.365927653686118,0.82481668008698,TRUE,TRUE,TRUE,"Forebrain + Hindbrain + Midbrain",FALSE,FALSE
"Gjb1","Gjb1",3,0.366064768327549,1,"NM_001302497",-6.78906002720611,0.366064768327549,0.824838739707487,NA,NA,NA,NA,FALSE,FALSE
"Bclaf1","Bclaf1",3,0.366305082624626,1,"NM_153787",-0.27615392646929,0.366305082624626,0.824904722974669,TRUE,TRUE,TRUE,"Forebrain + Hindbrain + Midbrain",FALSE,FALSE
"Strip2","Strip2",3,0.366327218954715,1,"NR_104576",3.20646351793852,0.366327218954715,0.824904722974669,TRUE,TRUE,FALSE,"Forebrain + Hindbrain",FALSE,FALSE
"Ttc5","Ttc5",2,0.36663424814768,1,"NM_001080949",-0.255542438860707,0.36663424814768,0.824993913592702,TRUE,TRUE,FALSE,"Forebrain + Hindbrain",FALSE,FALSE
"Oard1","Oard1",3,0.367117572984298,1,"NM_001289491",0.437023761435092,0.367117572984298,0.825342743326828,NA,NA,NA,NA,FALSE,FALSE
"Ssx2ip","Ssx2ip",3,0.367123688664583,1,"NM_001253769",0.289723089138264,0.367123688664583,0.825342743326828,FALSE,FALSE,TRUE,"Midbrain only",FALSE,FALSE
"Ckap5","Ckap5",2,0.367474044059726,1,"NM_029437",-3.76622410932042,0.367474044059726,0.825679115749638,NA,NA,NA,NA,FALSE,FALSE
"Islr2","Islr2",7,0.367686472236503,1,"NM_001161541",3.89949109106691,0.367686472236503,0.825855672988431,TRUE,TRUE,TRUE,"Forebrain + Hindbrain + Midbrain",FALSE,FALSE
"Vamp5","Vamp5",2,0.36807093011646,1,"NM_016872",-1.00261488268801,0.36807093011646,0.82628049199599,NA,NA,NA,NA,FALSE,FALSE
"Ralgps1","Ralgps1",3,0.368073566165563,1,"NM_175211",-0.726750946479723,0.368073566165563,0.82628049199599,TRUE,TRUE,FALSE,"Forebrain + Hindbrain",FALSE,FALSE
"Nol4l","Nol4l",2,0.368200275259966,1,"NM_001134300",-0.412663678886066,0.368200275259966,0.82628049199599,NA,NA,NA,NA,FALSE,FALSE
"Ywhaz","Ywhaz",4,0.368567570802673,1,"NM_011740",0.105439835210925,0.368567570802673,0.826781280440825,TRUE,TRUE,FALSE,"Forebrain + Hindbrain",FALSE,FALSE
"Matn4","Matn4",2,0.368916591470567,1,"NM_001252563",-2.16912743333772,0.368916591470567,0.826819441472009,NA,NA,NA,NA,FALSE,FALSE
"9130015A21Rik","9130015A21Rik",2,0.368919598439618,1,"NR_045050",-4.65703793887634,0.368919598439618,0.826819441472009,NA,NA,NA,NA,FALSE,FALSE
"Syce1l","Syce1l",2,0.369130736910474,1,"NM_001048145",-3.17670557247297,0.369130736910474,0.826937981590507,NA,NA,NA,NA,FALSE,FALSE
"Prkcg","Prkcg",2,0.369303360611413,1,"NM_011102",-4.64238810576754,0.369303360611413,0.827063901913741,NA,NA,NA,NA,FALSE,FALSE
"Gm14204","Gm14204",2,0.369363789582385,1,"NR_040359",-1.670384005668,0.369363789582385,0.827063901913741,NA,NA,NA,NA,FALSE,FALSE
"9430065F17Rik","9430065F17Rik",3,0.36944397246451,1,"NR_131099",1.47245012110416,0.36944397246451,0.827093363608864,NA,NA,NA,NA,FALSE,FALSE
"Apaf1","Apaf1",2,0.370548270125268,1,"NM_001042558",-0.95692013666178,0.370548270125268,0.828663583426206,TRUE,TRUE,FALSE,"Forebrain + Hindbrain",FALSE,FALSE
"Pak6","Pak6",2,0.370863852671169,1,"NM_001033254",-1.53596546541479,0.370863852671169,0.82866829931887,NA,NA,NA,NA,FALSE,FALSE
"Lox","Lox",3,0.370916376801876,1,"NM_010728",-0.621411424061751,0.370916376801876,0.82866829931887,TRUE,TRUE,TRUE,"Forebrain + Hindbrain + Midbrain",FALSE,FALSE
"Mtfr1l","Mtfr1l",2,0.371007453463398,1,"NM_029759",-0.227950563933674,0.371007453463398,0.82866829931887,TRUE,TRUE,TRUE,"Forebrain + Hindbrain + Midbrain",FALSE,FALSE
"Ltbp1","Ltbp1",2,0.371013684478811,1,"NM_019919",-0.617747411413108,0.371013684478811,0.82866829931887,NA,NA,NA,NA,FALSE,FALSE
"Cbx5","Cbx5",3,0.371250252151874,1,"NM_007626",-0.257126313196308,0.371250252151874,0.828786399910959,NA,NA,NA,NA,FALSE,FALSE
"Phtf1","Phtf1",4,0.37146502710994,1,"NM_001163468",0.877555703232502,0.37146502710994,0.828786399910959,FALSE,FALSE,TRUE,"Midbrain only",FALSE,FALSE
"Ehmt1","Ehmt1",4,0.371772533239492,1,"NM_172545",0.422269228776955,0.371772533239492,0.828837642441763,TRUE,TRUE,TRUE,"Forebrain + Hindbrain + Midbrain",FALSE,FALSE
"Aldoc","Aldoc",2,0.372143615638024,1,"NM_009657",-3.89033863058102,0.372143615638024,0.828926392955453,NA,NA,NA,NA,FALSE,FALSE
"Folr2","Folr2",3,0.372246994884697,1,"NM_001303239",-2.30593529949381,0.372246994884697,0.8290070234393,TRUE,TRUE,TRUE,"Forebrain + Hindbrain + Midbrain",FALSE,FALSE
"Adamts10","Adamts10",3,0.372814568694986,1,"NR_037707",-0.319834283263055,0.372814568694986,0.829672096969546,TRUE,TRUE,TRUE,"Forebrain + Hindbrain + Midbrain",FALSE,FALSE
"Dopey2","Dopey2",2,0.37299088502638,1,"NM_027293",-0.642634904163383,0.37299088502638,0.829765192216609,TRUE,TRUE,TRUE,"Forebrain + Hindbrain + Midbrain",FALSE,FALSE
"Crmp1","Crmp1",2,0.373247060295548,1,"NM_001136058",-0.826399382150051,0.373247060295548,0.829771380524864,TRUE,TRUE,TRUE,"Forebrain + Hindbrain + Midbrain",FALSE,FALSE
"Eno3","Eno3",3,0.373638836540787,1,"NM_007933",0.770485345674309,0.373638836540787,0.829771380524864,TRUE,TRUE,TRUE,"Forebrain + Hindbrain + Midbrain",FALSE,FALSE
"Aatk","Aatk",3,0.373703064296783,1,"NM_001198787",2.13494763500211,0.373703064296783,0.829771380524864,TRUE,TRUE,TRUE,"Forebrain + Hindbrain + Midbrain",FALSE,FALSE
"Phf21b","Phf21b",2,0.373805715364271,1,"NM_001081166",-5.21883750503742,0.373805715364271,0.829771380524864,TRUE,TRUE,TRUE,"Forebrain + Hindbrain + Midbrain",FALSE,FALSE
"Agap1","Agap1",2,0.373916841330468,1,"NM_001037136",-0.845784383582308,0.373916841330468,0.829771380524864,TRUE,TRUE,TRUE,"Forebrain + Hindbrain + Midbrain",FALSE,FALSE
"Dlgap1","Dlgap1",3,0.373927067716181,1,"NM_001128180",1.57506080171948,0.373927067716181,0.829771380524864,TRUE,TRUE,TRUE,"Forebrain + Hindbrain + Midbrain",FALSE,FALSE
"Mapk1","Mapk1",2,0.373940178209303,1,"NM_011949",-0.138796332785544,0.373940178209303,0.829771380524864,NA,NA,NA,NA,FALSE,FALSE
"Eaf2","Eaf2",2,0.374036785032379,1,"NM_134111",-1.53306685776968,0.374036785032379,0.829771380524864,NA,NA,NA,NA,FALSE,FALSE
"Ncf1","Ncf1",3,0.374174639591253,1,"NM_001286037",-2.67796588383898,0.374174639591253,0.829771380524864,NA,NA,NA,NA,FALSE,FALSE
"Synm","Synm",2,0.374381078226617,1,"NM_201639",-0.747311917665943,0.374381078226617,0.829771380524864,NA,NA,NA,NA,FALSE,FALSE
"Pkp4","Pkp4",2,0.374386553203519,1,"NM_026361",-0.991935349680149,0.374386553203519,0.829771380524864,TRUE,TRUE,TRUE,"Forebrain + Hindbrain + Midbrain",FALSE,FALSE
"Cast","Cast",5,0.37647113398413,1,"NM_001301155",0.909953950974694,0.37647113398413,0.83075639752309,TRUE,TRUE,FALSE,"Forebrain + Hindbrain",FALSE,FALSE
"Fbxo6","Fbxo6",5,0.37668429363177,1,"NM_001163705",-0.65432188197969,0.37668429363177,0.83075639752309,TRUE,TRUE,TRUE,"Forebrain + Hindbrain + Midbrain",FALSE,FALSE
"Runx2","Runx2",4,0.377093067329875,1,"NM_001271627",1.33249635181915,0.377093067329875,0.831099919780436,NA,NA,NA,NA,FALSE,FALSE
"Grhl1","Grhl1",2,0.37722617988228,1,"NM_145890",-3.59452992204671,0.37722617988228,0.831244832097739,NA,NA,NA,NA,FALSE,FALSE
"Fbxw2","Fbxw2",5,0.377601758179655,1,"NM_001164768",1.14239447403272,0.377601758179655,0.831566859639952,TRUE,TRUE,TRUE,"Forebrain + Hindbrain + Midbrain",FALSE,FALSE
"Ache","Ache",2,0.377641870455615,1,"NM_009599",-0.502840322280876,0.377641870455615,0.831566859639952,TRUE,TRUE,TRUE,"Forebrain + Hindbrain + Midbrain",FALSE,FALSE
"Glmn","Glmn",2,0.378320389325056,1,"NM_001161738",-2.15306037616648,0.378320389325056,0.832379623658472,TRUE,TRUE,TRUE,"Forebrain + Hindbrain + Midbrain",FALSE,FALSE
"Msr1","Msr1",2,0.378453583391301,1,"NM_031195",-1.13059487767822,0.378453583391301,0.832379623658472,NA,NA,NA,NA,FALSE,FALSE
"Nkx2-1","Nkx2-1",2,0.378558342323502,1,"NM_009385",-2.47254100596853,0.378558342323502,0.832379623658472,FALSE,FALSE,TRUE,"Midbrain only",FALSE,FALSE
"Camsap3","Camsap3",2,0.379544213599417,1,"NM_027171",-0.958576347547322,0.379544213599417,0.833821541003525,TRUE,TRUE,TRUE,"Forebrain + Hindbrain + Midbrain",FALSE,FALSE
"Cul5","Cul5",2,0.379699499474118,1,"NM_027807",-2.84350225752473,0.379699499474118,0.83388298964405,NA,NA,NA,NA,FALSE,FALSE
"Ints7","Ints7",3,0.380184995154169,1,"NM_001306203",1.66057555210812,0.380184995154169,0.83390555894004,NA,NA,NA,NA,FALSE,FALSE
"Slc25a43","Slc25a43",3,0.381481897208285,1,"NR_075096",-3.17486695771513,0.381481897208285,0.835253053775568,NA,NA,NA,NA,FALSE,FALSE
"Yeats2","Yeats2",3,0.381875476185906,1,"NM_001033237",-0.946016316759587,0.381875476185906,0.83565253725014,TRUE,TRUE,TRUE,"Forebrain + Hindbrain + Midbrain",FALSE,FALSE
"Mybpc1","Mybpc1",2,0.382053966230131,1,"NM_001252372",-3.48319239904538,0.382053966230131,0.83565253725014,NA,NA,NA,NA,FALSE,FALSE
"Zbtb34","Zbtb34",2,0.382564348526554,1,"NM_001276332",-1.41020668025857,0.382564348526554,0.835847983041545,NA,NA,NA,NA,FALSE,FALSE
"Lmo4","Lmo4",3,0.382588615920323,1,"NM_001161770",-0.278554034168464,0.382588615920323,0.835847983041545,TRUE,TRUE,TRUE,"Forebrain + Hindbrain + Midbrain",FALSE,FALSE
"Col4a3bp","Col4a3bp",2,0.382610773114029,1,"NM_023420",-1.02004606293,0.382610773114029,0.835847983041545,NA,NA,NA,NA,FALSE,FALSE
"Dusp16","Dusp16",2,0.382634137455566,1,"NM_130447",-2.30549880906786,0.382634137455566,0.835847983041545,NA,NA,NA,NA,FALSE,FALSE
"Zfp386","Zfp386",3,0.382917672972918,1,"NM_001286214",0.758135758173621,0.382917672972918,0.836319306988638,FALSE,FALSE,TRUE,"Midbrain only",FALSE,FALSE
"Mpl","Mpl",4,0.383041187250587,1,"NM_001285497",-2.98303092238916,0.383041187250587,0.836441028255573,NA,NA,NA,NA,FALSE,FALSE
"Fam45a","Fam45a",2,0.383235246792108,1,"NM_001167829",-3.09188521774816,0.383235246792108,0.836620175724579,NA,NA,NA,NA,FALSE,FALSE
"Pcdh19","Pcdh19",2,0.383258821180798,1,"NM_001105246",-0.65156135571513,0.383258821180798,0.836620175724579,NA,NA,NA,NA,FALSE,FALSE
"Zbtb5","Zbtb5",3,0.3836598420831,1,"NM_173399",0.254187069367377,0.3836598420831,0.836755470361516,NA,NA,NA,NA,FALSE,FALSE
"Glyr1","Glyr1",2,0.383839533188114,1,"NM_028720",-0.200806875306702,0.383839533188114,0.83688988658772,TRUE,TRUE,TRUE,"Forebrain + Hindbrain + Midbrain",FALSE,FALSE
"D930028M14Rik","D930028M14Rik",2,0.383857111676377,1,"NR_045847",-3.98313820989587,0.383857111676377,0.83688988658772,NA,NA,NA,NA,FALSE,FALSE
"Gmfg","Gmfg",2,0.383983723898696,1,"NM_022024",-2.66655473428274,0.383983723898696,0.837010652912537,TRUE,TRUE,TRUE,"Forebrain + Hindbrain + Midbrain",FALSE,FALSE
"Sbsn","Sbsn",2,0.384048161814488,1,"NM_001083903",-0.503996737177217,0.384048161814488,0.837010652912537,NA,NA,NA,NA,FALSE,FALSE
"Gimap8","Gimap8",3,0.384342671867168,1,"NM_001286629",-1.86024439062978,0.384342671867168,0.837504603715496,NA,NA,NA,NA,FALSE,FALSE
"Mef2c","Mef2c",2,0.384571749449839,1,"NM_001170537",-0.300795063068401,0.384571749449839,0.837703251823117,NA,NA,NA,NA,FALSE,FALSE
"Rbmxl1","Rbmxl1",2,0.384705375047132,1,"NM_001252089",-0.175053375314175,0.384705375047132,0.837703251823117,TRUE,TRUE,FALSE,"Forebrain + Hindbrain",FALSE,FALSE
"Chrd","Chrd",2,0.384939017734967,1,"NM_009893",-1.68234068520413,0.384939017734967,0.838064128237384,TRUE,TRUE,FALSE,"Forebrain + Hindbrain",FALSE,FALSE
"Mfap3","Mfap3",2,0.385070715345549,1,"NM_145426",-0.353345805935297,0.385070715345549,0.838105386000227,NA,NA,NA,NA,FALSE,FALSE
"Pacs2","Pacs2",2,0.38611189887628,1,"NM_001291444",-1.46753103477327,0.38611189887628,0.838558499641176,FALSE,FALSE,TRUE,"Midbrain only",FALSE,FALSE
"Brip1os","Brip1os",2,0.387034681049677,1,"NR_130959",-0.362208410713866,0.387034681049677,0.838871800851134,TRUE,TRUE,TRUE,"Forebrain + Hindbrain + Midbrain",FALSE,FALSE
"Mospd3","Mospd3",2,0.387214757481219,1,"NM_001254762",-0.466172712037876,0.387214757481219,0.838871800851134,NA,NA,NA,NA,FALSE,FALSE
"Flii","Flii",2,0.387229877933111,1,"NM_022009",-0.366558314073418,0.387229877933111,0.838871800851134,NA,NA,NA,NA,FALSE,FALSE
"Scnm1","Scnm1",2,0.387360721059146,1,"NM_001163573",-0.265012373776812,0.387360721059146,0.838871800851134,TRUE,TRUE,TRUE,"Forebrain + Hindbrain + Midbrain",FALSE,FALSE
"Rbm47","Rbm47",4,0.388286204560609,1,"NM_001291226",2.39382770853433,0.388286204560609,0.83954450661377,TRUE,TRUE,FALSE,"Forebrain + Hindbrain",FALSE,FALSE
"Gimap4","Gimap4",3,0.388406988317152,1,"NM_174990",-2.30177915159967,0.388406988317152,0.83954450661377,FALSE,FALSE,TRUE,"Midbrain only",FALSE,FALSE
"Ttk","Ttk",2,0.388507864672495,1,"NM_009445",-2.27096921801219,0.388507864672495,0.83954450661377,NA,NA,NA,NA,FALSE,FALSE
"Atp11a","Atp11a",4,0.388628697900522,1,"NR_121603",-0.828561694085552,0.388628697900522,0.83954450661377,FALSE,FALSE,TRUE,"Midbrain only",FALSE,FALSE
"Zmym3","Zmym3",5,0.388726428123365,1,"NM_001177985",0.890374005414065,0.388726428123365,0.83954450661377,TRUE,TRUE,TRUE,"Forebrain + Hindbrain + Midbrain",FALSE,FALSE
"Sf1","Sf1",3,0.388798429889072,1,"NM_011750",-0.13645313725943,0.388798429889072,0.83954450661377,TRUE,TRUE,TRUE,"Forebrain + Hindbrain + Midbrain",FALSE,FALSE
"Rhoc","Rhoc",2,0.388816600915535,1,"NM_001291859",-0.24307019523288,0.388816600915535,0.83954450661377,TRUE,TRUE,FALSE,"Forebrain + Hindbrain",FALSE,FALSE
"Nkain3","Nkain3",2,0.38910566520884,1,"NM_001290410",-1.39513770978971,0.38910566520884,0.840021677515235,NA,NA,NA,NA,FALSE,FALSE
"Pomgnt1","Pomgnt1",3,0.389498600491571,1,"NM_001290658",-2.17125994332673,0.389498600491571,0.84046518476459,NA,NA,NA,NA,FALSE,FALSE
"Jak3","Jak3",2,0.389587356149198,1,"NM_010589",-0.678897054194774,0.389587356149198,0.84046518476459,FALSE,FALSE,TRUE,"Midbrain only",FALSE,FALSE
"Ftx","Ftx",2,0.389816985773738,1,"NR_028380",-0.366063579962653,0.389816985773738,0.84046518476459,NA,NA,NA,NA,FALSE,FALSE
"Calca","Calca",4,0.390175234119604,1,"NM_007587",0.910325395614676,0.390175234119604,0.840605201989629,TRUE,TRUE,TRUE,"Forebrain + Hindbrain + Midbrain",FALSE,FALSE
"Mcrs1","Mcrs1",2,0.390273568403487,1,"NM_001164156",-0.401777683528229,0.390273568403487,0.840631145766979,NA,NA,NA,NA,FALSE,FALSE
"Nlrp5-ps","Nlrp5-ps",2,0.39068572013815,1,"NR_045119",-0.720386182411066,0.39068572013815,0.841372039529628,NA,NA,NA,NA,FALSE,FALSE
"Txndc5","Txndc5",3,0.390786496321765,1,"NM_001289598",1.26775954116427,0.390786496321765,0.841442220312438,NA,NA,NA,NA,FALSE,FALSE
"Btrc","Btrc",3,0.391502189576509,1,"NM_001286465",1.10501464661165,0.391502189576509,0.842395295444484,FALSE,FALSE,TRUE,"Midbrain only",FALSE,FALSE
"Ecm1","Ecm1",2,0.391652874086945,1,"NM_007899",-0.666038882322568,0.391652874086945,0.842572605689139,TRUE,TRUE,TRUE,"Forebrain + Hindbrain + Midbrain",FALSE,FALSE
"Cdkl2","Cdkl2",2,0.391855306890372,1,"NM_001276315",-0.827304077160022,0.391855306890372,0.842655329921943,NA,NA,NA,NA,FALSE,FALSE
"Wdr12","Wdr12",3,0.391896186257863,1,"NM_021312",-0.458214356211705,0.391896186257863,0.842655329921943,TRUE,TRUE,TRUE,"Forebrain + Hindbrain + Midbrain",FALSE,FALSE
"Aqp4","Aqp4",2,0.392431741883217,1,"NM_001308647",-1.19317226485664,0.392431741883217,0.843119592203876,TRUE,TRUE,TRUE,"Forebrain + Hindbrain + Midbrain",FALSE,FALSE
"Mpped2","Mpped2",2,0.393051635819769,1,"NM_029837",-0.2266070519286,0.393051635819769,0.84350130979628,TRUE,TRUE,TRUE,"Forebrain + Hindbrain + Midbrain",FALSE,FALSE
"Fancg","Fancg",2,0.39310988919274,1,"NM_001163233",-4.23960603453445,0.39310988919274,0.84350130979628,FALSE,FALSE,TRUE,"Midbrain only",FALSE,FALSE
"Gabrq","Gabrq",2,0.393381170452824,1,"NM_001290435",-1.19039092478176,0.393381170452824,0.843747880065543,NA,NA,NA,NA,FALSE,FALSE
"Trpc4ap","Trpc4ap",2,0.393597880400666,1,"NM_001163452",-0.469756725949166,0.393597880400666,0.843901586333987,NA,NA,NA,NA,FALSE,FALSE
"Csgalnact1","Csgalnact1",2,0.393706761144632,1,"NM_172753",-0.932344516448106,0.393706761144632,0.843901586333987,NA,NA,NA,NA,FALSE,FALSE
"Tmem173","Tmem173",3,0.394032192205021,1,"NM_001289592",-1.11378417626077,0.394032192205021,0.844321987790221,NA,NA,NA,NA,FALSE,FALSE
"Rab23","Rab23",2,0.394039734820412,1,"NM_001159729",-1.28838076425511,0.394039734820412,0.844321987790221,FALSE,FALSE,TRUE,"Midbrain only",FALSE,FALSE
"Stil","Stil",4,0.39442031421062,1,"NM_001304553",-1.92433096638172,0.39442031421062,0.844429274892783,NA,NA,NA,NA,FALSE,FALSE
"Zfp41","Zfp41",2,0.394823421016635,1,"NM_011759",-0.482804986660223,0.394823421016635,0.844974161523635,NA,NA,NA,NA,FALSE,FALSE
"Dyrk1a","Dyrk1a",2,0.39553738294835,1,"NM_001113389",-0.756540307575863,0.39553738294835,0.845436902577687,TRUE,TRUE,FALSE,"Forebrain + Hindbrain",FALSE,FALSE
"Erlin1","Erlin1",3,0.395590979247282,1,"NM_001164360",0.415112096626577,0.395590979247282,0.845436902577687,TRUE,TRUE,TRUE,"Forebrain + Hindbrain + Midbrain",FALSE,FALSE
"Igf1","Igf1",4,0.395673359748155,1,"NM_010512",0.582605892272875,0.395673359748155,0.845436902577687,TRUE,TRUE,TRUE,"Forebrain + Hindbrain + Midbrain",FALSE,FALSE
"Rrp1b","Rrp1b",2,0.396518136274001,1,"NM_001163734",-0.427727777595258,0.396518136274001,0.845533086421815,NA,NA,NA,NA,FALSE,FALSE
"Tecpr2","Tecpr2",3,0.396523498470263,1,"NM_001289510",-2.59590549417841,0.396523498470263,0.845533086421815,NA,NA,NA,NA,FALSE,FALSE
"Papd7","Papd7",2,0.397018441007747,1,"NM_198600",-1.87444555996439,0.397018441007747,0.846149838002695,TRUE,TRUE,TRUE,"Forebrain + Hindbrain + Midbrain",FALSE,FALSE
"St8sia4","St8sia4",2,0.397322554530474,1,"NM_009183",-1.44614006687224,0.397322554530474,0.846651756675195,TRUE,TRUE,FALSE,"Forebrain + Hindbrain",FALSE,FALSE
"Tspan32","Tspan32",4,0.397865129395388,1,"NM_001128080",2.50898679364964,0.397865129395388,0.84679302462087,TRUE,TRUE,TRUE,"Forebrain + Hindbrain + Midbrain",FALSE,FALSE
"Frrs1","Frrs1",2,0.398062776499409,1,"NM_009146",-3.69356173181313,0.398062776499409,0.84679302462087,FALSE,FALSE,TRUE,"Midbrain only",FALSE,FALSE
"Sptbn4","Sptbn4",3,0.398126966647275,1,"NM_001199236",2.20016656335837,0.398126966647275,0.84679302462087,NA,NA,NA,NA,FALSE,FALSE
"Gpr108","Gpr108",3,0.398178720388163,1,"NM_030084",-0.445306054027696,0.398178720388163,0.84679302462087,TRUE,TRUE,TRUE,"Forebrain + Hindbrain + Midbrain",FALSE,FALSE
"Wibg","Wibg",4,0.398345257774774,1,"NM_001170869",-0.656212354401904,0.398345257774774,0.84679302462087,TRUE,TRUE,TRUE,"Forebrain + Hindbrain + Midbrain",FALSE,FALSE
"Gm4890","Gm4890",2,0.398496781917563,1,"NR_045822",-2.73076367601958,0.398496781917563,0.84679302462087,FALSE,FALSE,TRUE,"Midbrain only",FALSE,FALSE
"Lhx9","Lhx9",3,0.398560406532298,1,"NM_001025565",7.96407099842946,0.398560406532298,0.84679302462087,TRUE,TRUE,TRUE,"Forebrain + Hindbrain + Midbrain",FALSE,FALSE
"Eif5","Eif5",2,0.398793936773359,1,"NM_173363",-0.871844100339167,0.398793936773359,0.84679302462087,NA,NA,NA,NA,FALSE,FALSE
"Papd5","Papd5",3,0.398813058251232,1,"NM_001164499",-2.33610570863287,0.398813058251232,0.84679302462087,TRUE,TRUE,TRUE,"Forebrain + Hindbrain + Midbrain",FALSE,FALSE
"Rbm12","Rbm12",2,0.398866845123147,1,"NM_170598",-0.248240166520759,0.398866845123147,0.84679302462087,TRUE,TRUE,FALSE,"Forebrain + Hindbrain",FALSE,FALSE
"Ccdc136","Ccdc136",2,0.399030269044062,1,"NM_001201378",-0.440501589131794,0.399030269044062,0.84685283290859,NA,NA,NA,NA,FALSE,FALSE
"Nup88","Nup88",4,0.399195726917455,1,"NM_001083331",-1.56920745584137,0.399195726917455,0.84685283290859,TRUE,TRUE,TRUE,"Forebrain + Hindbrain + Midbrain",FALSE,FALSE
"Arhgap27","Arhgap27",3,0.399406002106579,1,"NM_183288",0.550496633464738,0.399406002106579,0.84685283290859,TRUE,TRUE,FALSE,"Forebrain + Hindbrain",FALSE,FALSE
"Moap1","Moap1",2,0.399568804510793,1,"NM_001142937",-0.627862369951916,0.399568804510793,0.84685283290859,TRUE,TRUE,FALSE,"Forebrain + Hindbrain",FALSE,FALSE
"Prpf31","Prpf31",2,0.39962574850941,1,"NM_027328",-1.94626847709999,0.39962574850941,0.84685283290859,NA,NA,NA,NA,FALSE,FALSE
"Eif2ak4","Eif2ak4",2,0.399678892169398,1,"NM_001177806",-1.54386674322808,0.399678892169398,0.84685283290859,TRUE,TRUE,FALSE,"Forebrain + Hindbrain",FALSE,FALSE
"Pgbd1","Pgbd1",3,0.399878288056236,1,"NM_001162919",-1.20227770625727,0.399878288056236,0.84685283290859,NA,NA,NA,NA,FALSE,FALSE
"Dynll2","Dynll2",2,0.400227246258582,1,"NM_001168472",-1.1166604769282,0.400227246258582,0.84685283290859,NA,NA,NA,NA,FALSE,FALSE
"Mak","Mak",3,0.400646946678417,1,"NM_001145802",2.55909902932791,0.400646946678417,0.84685283290859,NA,NA,NA,NA,FALSE,FALSE
"Cutc","Cutc",2,0.40069736818969,1,"NM_001113562",-2.03738276068915,0.40069736818969,0.84685283290859,TRUE,TRUE,TRUE,"Forebrain + Hindbrain + Midbrain",FALSE,FALSE
"C1s1","C1s1",2,0.401020445862769,1,"NM_001097617",-3.32417010370161,0.401020445862769,0.84685283290859,NA,NA,NA,NA,FALSE,FALSE
"Fmo5","Fmo5",3,0.401194069356035,1,"NM_001161765",-2.41213734533899,0.401194069356035,0.84685283290859,NA,NA,NA,NA,FALSE,FALSE
"Ggn","Ggn",2,0.401229310106956,1,"NM_182694",-1.43044694649257,0.401229310106956,0.84685283290859,NA,NA,NA,NA,FALSE,FALSE
"Lgals8","Lgals8",4,0.401309693914878,1,"NM_001199043",-0.326116725883294,0.401309693914878,0.84685283290859,TRUE,TRUE,TRUE,"Forebrain + Hindbrain + Midbrain",FALSE,FALSE
"Sel1l","Sel1l",2,0.401656656570506,1,"NM_011344",-0.420240414835802,0.401656656570506,0.84685283290859,TRUE,TRUE,TRUE,"Forebrain + Hindbrain + Midbrain",FALSE,FALSE
"Calr4","Calr4",5,0.401656835906078,1,"NM_001285895",3.09360777015447,0.401656835906078,0.84685283290859,NA,NA,NA,NA,FALSE,FALSE
"Agtpbp1","Agtpbp1",4,0.401707321199569,1,"NM_001284221",-0.813734485299776,0.401707321199569,0.84685283290859,TRUE,TRUE,FALSE,"Forebrain + Hindbrain",FALSE,FALSE
"Zc3h7a","Zc3h7a",2,0.401804423888061,1,"NM_145931",-0.482770297568198,0.401804423888061,0.84685283290859,TRUE,TRUE,FALSE,"Forebrain + Hindbrain",FALSE,FALSE
"Mapk10","Mapk10",2,0.401979786947126,1,"NM_009158",-1.23835122031454,0.401979786947126,0.84685283290859,NA,NA,NA,NA,FALSE,FALSE
"Pygo2","Pygo2",5,0.402140650559239,1,"NM_001293768",0.217761155631986,0.402140650559239,0.84685283290859,TRUE,TRUE,TRUE,"Forebrain + Hindbrain + Midbrain",FALSE,FALSE
"Tgm1","Tgm1",3,0.402216050394285,1,"NM_001161715",-2.0926979368439,0.402216050394285,0.84685283290859,NA,NA,NA,NA,FALSE,FALSE
"Ctdspl2","Ctdspl2",3,0.402231920925382,1,"NM_001290992",-0.820527904668735,0.402231920925382,0.84685283290859,NA,NA,NA,NA,FALSE,FALSE
"Renbp","Renbp",2,0.402358035603165,1,"NM_023132",-2.65941190416393,0.402358035603165,0.84685283290859,TRUE,TRUE,TRUE,"Forebrain + Hindbrain + Midbrain",FALSE,FALSE
"Gm19705","Gm19705",2,0.402871515068061,1,"NR_045325",-6.96245453988732,0.402871515068061,0.847232958355638,TRUE,TRUE,TRUE,"Forebrain + Hindbrain + Midbrain",FALSE,FALSE
"Cnot2","Cnot2",5,0.403523850797399,1,"NR_024327",-0.889614317379318,0.403523850797399,0.84749194665244,NA,NA,NA,NA,FALSE,FALSE
"Sapcd1","Sapcd1",2,0.403554512036445,1,"NR_028258",-1.12985064850557,0.403554512036445,0.84749194665244,TRUE,TRUE,FALSE,"Forebrain + Hindbrain",FALSE,FALSE
"Sqrdl","Sqrdl",2,0.403776128970399,1,"NM_021507",-2.39500726897137,0.403776128970399,0.84766883829444,NA,NA,NA,NA,FALSE,FALSE
"Gm9866","Gm9866",3,0.404045819985545,1,"NR_045868",2.13445627495071,0.404045819985545,0.847783080662479,TRUE,TRUE,FALSE,"Forebrain + Hindbrain",FALSE,FALSE
"Kcns3","Kcns3",2,0.40411061218227,1,"NM_001168564",-3.40345561418158,0.40411061218227,0.847783080662479,NA,NA,NA,NA,FALSE,FALSE
"Prrt3","Prrt3",3,0.40411085738596,1,"NM_001289700",2.18941652942556,0.40411085738596,0.847783080662479,FALSE,FALSE,TRUE,"Midbrain only",FALSE,FALSE
"Ncoa2","Ncoa2",2,0.40440350335935,1,"NM_001302702",-0.604864761949059,0.40440350335935,0.847877031749794,NA,NA,NA,NA,FALSE,FALSE
"Ano4","Ano4",2,0.404493686054379,1,"NR_102339",-0.792961319411266,0.404493686054379,0.847877031749794,TRUE,TRUE,FALSE,"Forebrain + Hindbrain",FALSE,FALSE
"Qars","Qars",2,0.404694265156047,1,"NM_001168270",-0.72545184069857,0.404694265156047,0.84800937884626,NA,NA,NA,NA,FALSE,FALSE
"Mkl2","Mkl2",3,0.404896399260391,1,"NM_001122667",0.385228154597858,0.404896399260391,0.848144893375187,TRUE,TRUE,FALSE,"Forebrain + Hindbrain",FALSE,FALSE
"Slc2a6","Slc2a6",2,0.40502515175493,1,"NM_172659",-2.61605757179902,0.40502515175493,0.848169334963525,TRUE,TRUE,FALSE,"Forebrain + Hindbrain",FALSE,FALSE
"Ddc","Ddc",2,0.405218966865001,1,"NM_001190448",-0.746545671618446,0.405218966865001,0.848388539381424,TRUE,TRUE,FALSE,"Forebrain + Hindbrain",FALSE,FALSE
"Shox2","Shox2",4,0.405410290077642,1,"NM_013665",0.322020837841615,0.405410290077642,0.84850118377851,TRUE,TRUE,TRUE,"Forebrain + Hindbrain + Midbrain",FALSE,FALSE
"Tnfrsf18","Tnfrsf18",2,0.405673192983402,1,"NM_021985",-5.09568892398772,0.405673192983402,0.848510188253265,TRUE,TRUE,TRUE,"Forebrain + Hindbrain + Midbrain",FALSE,FALSE
"4921524J17Rik","4921524J17Rik",2,0.405705720968954,1,"NR_033144",-0.734232617761191,0.405705720968954,0.848510188253265,NA,NA,NA,NA,FALSE,FALSE
"Slc10a3","Slc10a3",2,0.40582473972533,1,"NM_145406",-9.55771076699221,0.40582473972533,0.848510188253265,TRUE,TRUE,TRUE,"Forebrain + Hindbrain + Midbrain",FALSE,FALSE
"Tec","Tec",4,0.405951497234901,1,"NM_013689",2.02834894759986,0.405951497234901,0.848510188253265,TRUE,TRUE,TRUE,"Forebrain + Hindbrain + Midbrain",FALSE,FALSE
"Susd6","Susd6",2,0.406051337490312,1,"NM_178682",-0.801625073009133,0.406051337490312,0.848510188253265,TRUE,TRUE,TRUE,"Forebrain + Hindbrain + Midbrain",FALSE,FALSE
"Lins","Lins",3,0.406650815973603,1,"NM_152815",1.51428108088777,0.406650815973603,0.848510188253265,TRUE,TRUE,TRUE,"Forebrain + Hindbrain + Midbrain",FALSE,FALSE
"Dnajc5","Dnajc5",4,0.406767864537018,1,"NR_073369",-0.237241409690465,0.406767864537018,0.848510188253265,TRUE,TRUE,TRUE,"Forebrain + Hindbrain + Midbrain",FALSE,FALSE
"Vav3","Vav3",2,0.406870403785524,1,"NM_020505",-1.115648253432,0.406870403785524,0.848510188253265,NA,NA,NA,NA,FALSE,FALSE
"Enox1","Enox1",2,0.407433688677723,1,"NM_172813",-0.994627564741519,0.407433688677723,0.848992184782691,NA,NA,NA,NA,FALSE,FALSE
"Slc39a14","Slc39a14",3,0.407742680909531,1,"NM_001135152",2.09232079417609,0.407742680909531,0.849338642690632,NA,NA,NA,NA,FALSE,FALSE
"Pdzd4","Pdzd4",2,0.407968014627647,1,"NM_001029868",-3.35367250861419,0.407968014627647,0.849338642690632,TRUE,TRUE,FALSE,"Forebrain + Hindbrain",FALSE,FALSE
"Lin37","Lin37",2,0.408202028003983,1,"NM_001290569",-0.317788648833929,0.408202028003983,0.849448412948679,NA,NA,NA,NA,FALSE,FALSE
"G2e3","G2e3",3,0.408332392404223,1,"NM_001015099",1.38489603340125,0.408332392404223,0.849448412948679,NA,NA,NA,NA,FALSE,FALSE
"Clec10a","Clec10a",2,0.408727889566191,1,"NM_010796",-2.76962718302662,0.408727889566191,0.849733581421719,NA,NA,NA,NA,FALSE,FALSE
"Ntng1","Ntng1",5,0.409140401855289,1,"NM_001163349",3.69557647921641,0.409140401855289,0.850251357173166,TRUE,TRUE,FALSE,"Forebrain + Hindbrain",FALSE,FALSE
"Creb3l4","Creb3l4",3,0.409299754015323,1,"NM_001307934",1.15089737244637,0.409299754015323,0.850306183160749,TRUE,TRUE,TRUE,"Forebrain + Hindbrain + Midbrain",FALSE,FALSE
"Nr1h2","Nr1h2",4,0.409785864624166,1,"NM_001285517",-0.23807023637077,0.409785864624166,0.85059000327371,TRUE,TRUE,FALSE,"Forebrain + Hindbrain",FALSE,FALSE
"Gsn","Gsn",4,0.40995200282667,1,"NM_146120",1.71651460820404,0.40995200282667,0.85065689906857,TRUE,TRUE,TRUE,"Forebrain + Hindbrain + Midbrain",FALSE,FALSE
"Cldn12","Cldn12",4,0.410167336358856,1,"NM_001193659",-0.878030804363292,0.410167336358856,0.85065689906857,TRUE,TRUE,FALSE,"Forebrain + Hindbrain",FALSE,FALSE
"Nr2f2","Nr2f2",2,0.41019236703304,1,"NM_009697",-0.43431269067369,0.41019236703304,0.85065689906857,TRUE,TRUE,TRUE,"Forebrain + Hindbrain + Midbrain",FALSE,FALSE
"Rmi1","Rmi1",2,0.410339608524306,1,"NR_031761",-0.355633740149589,0.410339608524306,0.85065689906857,NA,NA,NA,NA,FALSE,FALSE
"Prrc2a","Prrc2a",2,0.41109667728978,1,"NM_020027",-0.181149959372537,0.41109667728978,0.851327528150771,TRUE,TRUE,FALSE,"Forebrain + Hindbrain",FALSE,FALSE
"Fam47e","Fam47e",2,0.411452274421755,1,"NM_001033478",-3.0929931028254,0.411452274421755,0.851357744915656,NA,NA,NA,NA,FALSE,FALSE
"2310040G24Rik","2310040G24Rik",2,0.411466579471391,1,"NR_040292",-4.38630441574864,0.411466579471391,0.851357744915656,FALSE,FALSE,TRUE,"Midbrain only",FALSE,FALSE
"Rab27a","Rab27a",3,0.411675010566069,1,"NM_023635",-1.47026758346715,0.411675010566069,0.851646207943889,TRUE,TRUE,FALSE,"Forebrain + Hindbrain",FALSE,FALSE
"Bcl2","Bcl2",2,0.412072760455879,1,"NM_009741",-0.179835208448065,0.412072760455879,0.852183318925012,TRUE,TRUE,TRUE,"Forebrain + Hindbrain + Midbrain",FALSE,FALSE
"Matk","Matk",4,0.412374420050961,1,"NM_001285854",1.57412390754114,0.412374420050961,0.852278305283579,TRUE,TRUE,TRUE,"Forebrain + Hindbrain + Midbrain",FALSE,FALSE
"Gpr50","Gpr50",2,0.412417028666015,1,"NM_010340",-1.7272046384913,0.412417028666015,0.852278305283579,NA,NA,NA,NA,FALSE,FALSE
"Cct6b","Cct6b",2,0.412598920665946,1,"NM_001291242",-2.3667568748302,0.412598920665946,0.852278305283579,NA,NA,NA,NA,FALSE,FALSE
"Stk35","Stk35",2,0.413557299349964,1,"NM_183262",-0.59150063438618,0.413557299349964,0.85282370888679,NA,NA,NA,NA,FALSE,FALSE
"Zzz3","Zzz3",2,0.41447170938682,1,"NM_001080755",-0.323548023688681,0.41447170938682,0.85385323770173,NA,NA,NA,NA,FALSE,FALSE
"Rbpj","Rbpj",4,0.41476692462191,1,"NM_001277116",-1.0265707032313,0.41476692462191,0.854241560525532,TRUE,TRUE,TRUE,"Forebrain + Hindbrain + Midbrain",FALSE,FALSE
"Clk1","Clk1",3,0.415149180479585,1,"NR_027853",0.450773516435318,0.415149180479585,0.854331326940093,TRUE,TRUE,TRUE,"Forebrain + Hindbrain + Midbrain",FALSE,FALSE
"Thg1l","Thg1l",2,0.41530189546765,1,"NM_001080969",-1.56643907191637,0.41530189546765,0.854331326940093,NA,NA,NA,NA,FALSE,FALSE
"Hipk1","Hipk1",3,0.415820139061113,1,"NM_001301306",-4.56173373531194,0.415820139061113,0.855060909184158,FALSE,FALSE,TRUE,"Midbrain only",FALSE,FALSE
"Fendrr","Fendrr",2,0.415987430412622,1,"NR_045471",-0.73886399477153,0.415987430412622,0.855105596829394,NA,NA,NA,NA,FALSE,FALSE
"Phc3","Phc3",4,0.416095351663272,1,"NM_001165955",-1.13981979118485,0.416095351663272,0.855105596829394,NA,NA,NA,NA,FALSE,FALSE
"Cys1","Cys1",3,0.416372465829075,1,"NM_001161807",2.09393824044043,0.416372465829075,0.855105596829394,NA,NA,NA,NA,FALSE,FALSE
"Secisbp2","Secisbp2",2,0.416378172977348,1,"NM_001308448",-0.813612854364827,0.416378172977348,0.855105596829394,NA,NA,NA,NA,FALSE,FALSE
"Scn8a","Scn8a",2,0.416502286049034,1,"NM_001077499",-1.49939586988967,0.416502286049034,0.855105596829394,NA,NA,NA,NA,FALSE,FALSE
"Jagn1","Jagn1",3,0.416635339352867,1,"NM_001243739",-0.552340037177268,0.416635339352867,0.855105596829394,NA,NA,NA,NA,FALSE,FALSE
"Acr","Acr",3,0.416646552195306,1,"NM_001277247",5.56277631663798,0.416646552195306,0.855105596829394,FALSE,FALSE,TRUE,"Midbrain only",FALSE,FALSE
"Gtpbp2","Gtpbp2",2,0.416727656668971,1,"NM_001145979",-3.55241779160791,0.416727656668971,0.855105596829394,NA,NA,NA,NA,FALSE,FALSE
"Capn3","Capn3",3,0.416918626892515,1,"NM_007601",1.25155855186514,0.416918626892515,0.855105596829394,NA,NA,NA,NA,FALSE,FALSE
"Skor1","Skor1",4,0.416940557497251,1,"NM_172446",3.45987781425807,0.416940557497251,0.855105596829394,TRUE,TRUE,FALSE,"Forebrain + Hindbrain",FALSE,FALSE
"Madd","Madd",3,0.417002374877988,1,"NM_001177720",0.366687007639413,0.417002374877988,0.855105596829394,TRUE,TRUE,TRUE,"Forebrain + Hindbrain + Midbrain",FALSE,FALSE
"Tmem215","Tmem215",2,0.417248193299471,1,"NM_177175",-0.971186184403642,0.417248193299471,0.855105596829394,NA,NA,NA,NA,FALSE,FALSE
"Prkaca","Prkaca",2,0.417259637218666,1,"NM_001277898",-1.32640724024936,0.417259637218666,0.855105596829394,NA,NA,NA,NA,FALSE,FALSE
"Tnfsfm13","Tnfsfm13",2,0.41730595265029,1,"NM_001159503",-2.85783012495112,0.41730595265029,0.855105596829394,NA,NA,NA,NA,FALSE,FALSE
"Klhl32","Klhl32",2,0.417366370316324,1,"NM_001033531",-1.71937087984307,0.417366370316324,0.855105596829394,NA,NA,NA,NA,FALSE,FALSE
"Rad1","Rad1",3,0.417871681528275,1,"NM_011232",2.6094993836596,0.417871681528275,0.855388202430456,TRUE,TRUE,TRUE,"Forebrain + Hindbrain + Midbrain",FALSE,FALSE
"Dlk2","Dlk2",2,0.418009269835381,1,"NM_001286013",-2.4389212471907,0.418009269835381,0.855388202430456,TRUE,TRUE,TRUE,"Forebrain + Hindbrain + Midbrain",FALSE,FALSE
"Nde1","Nde1",4,0.418058853229991,1,"NM_001285504",-1.63777990547477,0.418058853229991,0.855388202430456,FALSE,FALSE,TRUE,"Midbrain only",FALSE,FALSE
"Blzf1","Blzf1",3,0.418421265572716,1,"NM_001160209",-1.55315896837712,0.418421265572716,0.855441358086097,TRUE,TRUE,FALSE,"Forebrain + Hindbrain",FALSE,FALSE
"Cib1","Cib1",3,0.418500768133369,1,"NM_001291275",-1.42765867037411,0.418500768133369,0.855441358086097,FALSE,FALSE,TRUE,"Midbrain only",FALSE,FALSE
"Pus1","Pus1",3,0.418824609846018,1,"NM_001025561",-0.717194983608933,0.418824609846018,0.855671661656047,TRUE,TRUE,TRUE,"Forebrain + Hindbrain + Midbrain",FALSE,FALSE
"Acta1","Acta1",2,0.41905217600765,1,"NM_009606",-3.89594525343549,0.41905217600765,0.855671661656047,TRUE,TRUE,TRUE,"Forebrain + Hindbrain + Midbrain",FALSE,FALSE
"Per3","Per3",3,0.419086601052958,1,"NM_001289878",1.40820001024638,0.419086601052958,0.855671661656047,NA,NA,NA,NA,FALSE,FALSE
"Wrn","Wrn",2,0.419861626128953,1,"NM_011721",-1.91085881255703,0.419861626128953,0.855671661656047,NA,NA,NA,NA,FALSE,FALSE
"4933406I18Rik","4933406I18Rik",2,0.41996512308537,1,"NR_029437",-1.70589391307981,0.41996512308537,0.855671661656047,NA,NA,NA,NA,FALSE,FALSE
"Klrb1f","Klrb1f",2,0.420193285905892,1,"NM_153094",-2.60769906654429,0.420193285905892,0.855671661656047,NA,NA,NA,NA,FALSE,FALSE
"Epn1","Epn1",2,0.420421787170644,1,"NM_001252454",-1.29187840477935,0.420421787170644,0.855671661656047,NA,NA,NA,NA,FALSE,FALSE
"Rad51c","Rad51c",2,0.420551964227042,1,"NM_001291440",-1.25187685988202,0.420551964227042,0.855671661656047,NA,NA,NA,NA,FALSE,FALSE
"Tyw3","Tyw3",2,0.420669091060189,1,"NM_172474",-1.27571380151275,0.420669091060189,0.855671661656047,FALSE,FALSE,TRUE,"Midbrain only",FALSE,FALSE
"Recql","Recql",3,0.420681410214216,1,"NM_001204906",-0.283354438877129,0.420681410214216,0.855671661656047,TRUE,TRUE,TRUE,"Forebrain + Hindbrain + Midbrain",FALSE,FALSE
"Vash2","Vash2",2,0.42083210216951,1,"NM_144879",-0.190645097918036,0.42083210216951,0.855671661656047,NA,NA,NA,NA,FALSE,FALSE
"Palb2","Palb2",5,0.420943313247581,1,"NM_001289845",-1.86278783061548,0.420943313247581,0.855671661656047,TRUE,FALSE,TRUE,"Forebrain + Midbrain",FALSE,FALSE
"Prdm4","Prdm4",3,0.421335931095784,1,"NM_181650",-0.987130960671874,0.421335931095784,0.855671661656047,NA,NA,NA,NA,FALSE,FALSE
"Mapkap1","Mapkap1",3,0.421347133291358,1,"NM_001290625",0.799017867840136,0.421347133291358,0.855671661656047,NA,NA,NA,NA,FALSE,FALSE
"Zfp703","Zfp703",2,0.421738078808661,1,"NM_001101502",-1.21363263532034,0.421738078808661,0.855671661656047,NA,NA,NA,NA,FALSE,FALSE
"Tnfrsf25","Tnfrsf25",2,0.421833217598215,1,"NM_001291010",-1.8127463239767,0.421833217598215,0.855671661656047,NA,NA,NA,NA,FALSE,FALSE
"Suv39h2","Suv39h2",2,0.421936982013415,1,"NR_027509",-0.661574519362789,0.421936982013415,0.855671661656047,TRUE,TRUE,TRUE,"Forebrain + Hindbrain + Midbrain",FALSE,FALSE
"Gm6297","Gm6297",2,0.422137376841612,1,"NR_077226",-3.97261379133255,0.422137376841612,0.855671661656047,FALSE,FALSE,TRUE,"Midbrain only",FALSE,FALSE
"Slco1a5","Slco1a5",2,0.422209647895203,1,"NM_130861",-6.14964016755845,0.422209647895203,0.855671661656047,NA,NA,NA,NA,FALSE,FALSE
"R74862","R74862",3,0.422304799064319,1,"NR_110355",-0.63795555885748,0.422304799064319,0.855671661656047,TRUE,TRUE,TRUE,"Forebrain + Hindbrain + Midbrain",FALSE,FALSE
"Mocs1","Mocs1",2,0.422305528836108,1,"NM_020042",-1.29266307149046,0.422305528836108,0.855671661656047,TRUE,TRUE,FALSE,"Forebrain + Hindbrain",FALSE,FALSE
"S100a9","S100a9",2,0.422471723910794,1,"NM_001281852",-3.37219940589154,0.422471723910794,0.855671661656047,TRUE,TRUE,TRUE,"Forebrain + Hindbrain + Midbrain",FALSE,FALSE
"Mmp11","Mmp11",2,0.422652100383512,1,"NM_008606",-0.394402171763826,0.422652100383512,0.855671661656047,FALSE,FALSE,TRUE,"Midbrain only",FALSE,FALSE
"Gnb5","Gnb5",3,0.422804034227406,1,"NM_010313",2.80165860113378,0.422804034227406,0.855671661656047,NA,NA,NA,NA,FALSE,FALSE
"Gbp4","Gbp4",2,0.422862401416086,1,"NM_008620",-3.09421721670118,0.422862401416086,0.855671661656047,NA,NA,NA,NA,FALSE,FALSE
"Ift122","Ift122",2,0.422890282829031,1,"NM_031177",-0.271002677528838,0.422890282829031,0.855671661656047,FALSE,FALSE,TRUE,"Midbrain only",FALSE,FALSE
"Pcdh11x","Pcdh11x",3,0.422942073444168,1,"NM_001271810",4.7971171999149,0.422942073444168,0.855671661656047,FALSE,FALSE,TRUE,"Midbrain only",FALSE,FALSE
"Cutal","Cutal",2,0.422952371761225,1,"NM_001308024",-3.19987710735453,0.422952371761225,0.855671661656047,NA,NA,NA,NA,FALSE,FALSE
"Cdkn1c","Cdkn1c",2,0.423203116848307,1,"NM_001161624",-0.164967229985298,0.423203116848307,0.855671661656047,NA,NA,NA,NA,FALSE,FALSE
"Arc","Arc",2,0.423481710784264,1,"NM_018790",-3.87026729509864,0.423481710784264,0.855671661656047,NA,NA,NA,NA,FALSE,FALSE
"Fubp3","Fubp3",2,0.424182698529659,1,"NM_001033389",-0.267539180641026,0.424182698529659,0.856158551041355,TRUE,TRUE,TRUE,"Forebrain + Hindbrain + Midbrain",FALSE,FALSE
"Cnnm2","Cnnm2",2,0.424410277087074,1,"NM_033569",-2.8544355043333,0.424410277087074,0.856158551041355,TRUE,TRUE,TRUE,"Forebrain + Hindbrain + Midbrain",FALSE,FALSE
"Islr","Islr",2,0.425108024278277,1,"NM_001195431",-0.412514732431291,0.425108024278277,0.856158551041355,TRUE,TRUE,FALSE,"Forebrain + Hindbrain",FALSE,FALSE
"March10","March10",2,0.425140355091547,1,"NM_001039242",-1.30223965053405,0.425140355091547,0.856158551041355,NA,NA,NA,NA,FALSE,FALSE
"Ush1c","Ush1c",2,0.425212588794708,1,"NM_023649",-1.05005242424165,0.425212588794708,0.856158551041355,NA,NA,NA,NA,FALSE,FALSE
"Rbp4","Rbp4",2,0.425240297745112,1,"NM_001159487",-1.39426344742875,0.425240297745112,0.856158551041355,FALSE,FALSE,TRUE,"Midbrain only",FALSE,FALSE
"Fam19a2","Fam19a2",3,0.425446661188521,1,"NM_001252387",1.56166473826782,0.425446661188521,0.856158551041355,TRUE,TRUE,TRUE,"Forebrain + Hindbrain + Midbrain",FALSE,FALSE
"Smad2","Smad2",2,0.425546525054047,1,"NM_010754",-0.95453002756769,0.425546525054047,0.856158551041355,NA,NA,NA,NA,FALSE,FALSE
"Nucks1","Nucks1",2,0.426486429450021,1,"NM_001145804",-0.200678999366016,0.426486429450021,0.856861370793432,NA,NA,NA,NA,FALSE,FALSE
"BC035044","BC035044",2,0.426990553899999,1,"NM_001254946",-1.59485878875483,0.426990553899999,0.857030456138379,NA,NA,NA,NA,FALSE,FALSE
"Gspt1","Gspt1",2,0.427590641436249,1,"NM_001130008",-0.204294007967166,0.427590641436249,0.857030456138379,TRUE,TRUE,FALSE,"Forebrain + Hindbrain",FALSE,FALSE
"Bcap29","Bcap29",2,0.427684759681923,1,"NM_001164090",-0.41648721433419,0.427684759681923,0.857030456138379,TRUE,TRUE,TRUE,"Forebrain + Hindbrain + Midbrain",FALSE,FALSE
"Upf1","Upf1",2,0.428009359025014,1,"NM_001122829",-0.784832425938539,0.428009359025014,0.857030456138379,TRUE,TRUE,FALSE,"Forebrain + Hindbrain",FALSE,FALSE
"Acox1","Acox1",2,0.428130312984922,1,"NM_015729",-0.353973688343719,0.428130312984922,0.857030456138379,NA,NA,NA,NA,FALSE,FALSE
"Fgf5","Fgf5",2,0.428329273181069,1,"NM_010203",-2.80582662953969,0.428329273181069,0.857030456138379,NA,NA,NA,NA,FALSE,FALSE
"Rps27","Rps27",2,0.42843673829027,1,"NR_033727",-0.0600146557311725,0.42843673829027,0.857030456138379,NA,NA,NA,NA,FALSE,FALSE
"Sulf1","Sulf1",3,0.428445776654592,1,"NM_001198565",-0.369542082217752,0.428445776654592,0.857030456138379,FALSE,FALSE,TRUE,"Midbrain only",FALSE,FALSE
"Msi2","Msi2",2,0.429062376829717,1,"NM_054043",-1.38263554643188,0.429062376829717,0.857466028087111,TRUE,TRUE,TRUE,"Forebrain + Hindbrain + Midbrain",FALSE,FALSE
"Zfp27","Zfp27",4,0.429419460416097,1,"NM_001285798",-1.22577361055038,0.429419460416097,0.857466028087111,TRUE,TRUE,TRUE,"Forebrain + Hindbrain + Midbrain",FALSE,FALSE
"8430429K09Rik","8430429K09Rik",3,0.429794644169594,1,"NR_045275",0.91145529168664,0.429794644169594,0.857466028087111,TRUE,TRUE,FALSE,"Forebrain + Hindbrain",FALSE,FALSE
"Lrrc7","Lrrc7",3,0.429806092318189,1,"NM_001291452",3.91010944267089,0.429806092318189,0.857466028087111,NA,NA,NA,NA,FALSE,FALSE
"Hsf4","Hsf4",3,0.42991428815032,1,"NM_001256042",-2.8985731785225,0.42991428815032,0.857466028087111,NA,NA,NA,NA,FALSE,FALSE
"Tac2","Tac2",2,0.430395852153597,1,"NM_001199971",-2.74316793904461,0.430395852153597,0.857854031975603,NA,NA,NA,NA,FALSE,FALSE
"Fam134a","Fam134a",3,0.430523434563518,1,"NM_170755",0.339606103349365,0.430523434563518,0.857854031975603,FALSE,FALSE,TRUE,"Midbrain only",FALSE,FALSE
"Mcoln2","Mcoln2",2,0.430621295951422,1,"NM_001005846",-2.4592454077972,0.430621295951422,0.857854031975603,NA,NA,NA,NA,FALSE,FALSE
"Ttn","Ttn",2,0.430635961988241,1,"NM_011652",-0.744991485040603,0.430635961988241,0.857854031975603,NA,NA,NA,NA,FALSE,FALSE
"Cenpi","Cenpi",2,0.430919383776852,1,"NM_001305631",-0.62100287829822,0.430919383776852,0.857876341911722,FALSE,FALSE,TRUE,"Midbrain only",FALSE,FALSE
"Vkorc1l1","Vkorc1l1",3,0.430954249879316,1,"NM_027121",0.815522998516719,0.430954249879316,0.857876341911722,FALSE,FALSE,TRUE,"Midbrain only",FALSE,FALSE
"Hhatl","Hhatl",2,0.432301678392644,1,"NR_027967",-1.77780028913715,0.432301678392644,0.859449446006964,NA,NA,NA,NA,FALSE,FALSE
"Terf1","Terf1",2,0.432816249173531,1,"NM_009352",-1.05247553619541,0.432816249173531,0.859918292513503,TRUE,TRUE,TRUE,"Forebrain + Hindbrain + Midbrain",FALSE,FALSE
"Rpl35a","Rpl35a",3,0.432944382125734,1,"NM_001130485",0.0992347479138453,0.432944382125734,0.86003439720405,FALSE,FALSE,TRUE,"Midbrain only",FALSE,FALSE
"3632454L22Rik","3632454L22Rik",3,0.433065577169917,1,"NR_040282",2.26648480252321,0.433065577169917,0.860035960406704,NA,NA,NA,NA,FALSE,FALSE
"Rpl19","Rpl19",2,0.433217006632343,1,"NM_001159483",-0.31412611475033,0.433217006632343,0.860035960406704,NA,NA,NA,NA,FALSE,FALSE
"Fgfrl1","Fgfrl1",2,0.434057027288942,1,"NM_054071",-3.19833809974717,0.434057027288942,0.86042946183874,FALSE,FALSE,TRUE,"Midbrain only",FALSE,FALSE
"Prom2","Prom2",2,0.434102839124807,1,"NM_178047",-2.5933694703924,0.434102839124807,0.86042946183874,NA,NA,NA,NA,FALSE,FALSE
"Gyltl1b","Gyltl1b",5,0.434110182100745,1,"NM_172670",3.80009192896672,0.434110182100745,0.86042946183874,TRUE,TRUE,FALSE,"Forebrain + Hindbrain",FALSE,FALSE
"Phf23","Phf23",4,0.434258888843734,1,"NM_030064",0.355450381004117,0.434258888843734,0.86042946183874,TRUE,TRUE,TRUE,"Forebrain + Hindbrain + Midbrain",FALSE,FALSE
"Zkscan1","Zkscan1",2,0.434331456466216,1,"NM_029869",-0.31353935359787,0.434331456466216,0.860435089547778,NA,NA,NA,NA,FALSE,FALSE
"Scn3b","Scn3b",3,0.434605715837706,1,"NM_001083917",1.08151051071988,0.434605715837706,0.860473211220345,FALSE,FALSE,TRUE,"Midbrain only",FALSE,FALSE
"Pdss2","Pdss2",2,0.434699351600294,1,"NM_001168289",-2.43059685214611,0.434699351600294,0.860473211220345,NA,NA,NA,NA,FALSE,FALSE
"Rab5c","Rab5c",2,0.435959768790576,1,"NM_001305003",-2.3074153761985,0.435959768790576,0.861788522449896,NA,NA,NA,NA,FALSE,FALSE
"Ucma","Ucma",3,0.436062198879834,1,"NM_001165932",-3.43630929136307,0.436062198879834,0.861788522449896,TRUE,TRUE,TRUE,"Forebrain + Hindbrain + Midbrain",FALSE,FALSE
"Msantd3","Msantd3",3,0.436617797301469,1,"NM_001145925",-1.64368327040315,0.436617797301469,0.862113999998952,TRUE,TRUE,TRUE,"Forebrain + Hindbrain + Midbrain",FALSE,FALSE
"Zkscan3","Zkscan3",2,0.436740022817964,1,"NM_001145778",-0.405147302476315,0.436740022817964,0.862113999998952,TRUE,TRUE,FALSE,"Forebrain + Hindbrain",FALSE,FALSE
"Pus10","Pus10",3,0.436791451936059,1,"NM_028956",9.54524930398995,0.436791451936059,0.862113999998952,TRUE,TRUE,TRUE,"Forebrain + Hindbrain + Midbrain",FALSE,FALSE
"Usp43","Usp43",2,0.437596029906776,1,"NM_001291049",-4.30035478934436,0.437596029906776,0.862113999998952,NA,NA,NA,NA,FALSE,FALSE
"Esrp1","Esrp1",2,0.437602311851512,1,"NM_001290383",-8.14415905147826,0.437602311851512,0.862113999998952,NA,NA,NA,NA,FALSE,FALSE
"Taf1a","Taf1a",4,0.437854674793287,1,"NM_021466",-1.83656564478408,0.437854674793287,0.862292800342988,TRUE,TRUE,TRUE,"Forebrain + Hindbrain + Midbrain",FALSE,FALSE
"Eif2b4","Eif2b4",3,0.438075020166243,1,"NM_001127356",-0.168197456718202,0.438075020166243,0.862451459612547,TRUE,TRUE,TRUE,"Forebrain + Hindbrain + Midbrain",FALSE,FALSE
"Mavs","Mavs",4,0.438820746316691,1,"NM_144888",-0.470949479531046,0.438820746316691,0.863220979063607,NA,NA,NA,NA,FALSE,FALSE
"Fhdc1","Fhdc1",2,0.438885609614674,1,"NM_001033301",-1.65151500257139,0.438885609614674,0.863220979063607,NA,NA,NA,NA,FALSE,FALSE
"Mkks","Mkks",4,0.439408822299301,1,"NM_001286981",0.775198566348221,0.439408822299301,0.863974644227752,TRUE,TRUE,TRUE,"Forebrain + Hindbrain + Midbrain",FALSE,FALSE
"Nme7","Nme7",3,0.439910510926301,1,"NM_178071",-0.36326804992495,0.439910510926301,0.864272521068389,NA,NA,NA,NA,FALSE,FALSE
"Spsb2","Spsb2",5,0.440045318660673,1,"NM_001306052",3.10939536234523,0.440045318660673,0.864301100110134,TRUE,TRUE,TRUE,"Forebrain + Hindbrain + Midbrain",FALSE,FALSE
"Pitpnm3","Pitpnm3",2,0.440065138735168,1,"NM_001024927",-1.90154223059043,0.440065138735168,0.864301100110134,NA,NA,NA,NA,FALSE,FALSE
"Atxn3","Atxn3",2,0.441592676658635,1,"NM_029705",-0.439015702089296,0.441592676658635,0.86513247903633,TRUE,TRUE,TRUE,"Forebrain + Hindbrain + Midbrain",FALSE,FALSE
"Rad17","Rad17",3,0.441623365282544,1,"NM_001044371",0.395373096767993,0.441623365282544,0.86513247903633,NA,NA,NA,NA,FALSE,FALSE
"Zdhhc6","Zdhhc6",2,0.441930270753654,1,"NM_025883",-0.233942921072209,0.441930270753654,0.86513247903633,NA,NA,NA,NA,FALSE,FALSE
"Arhgef10","Arhgef10",2,0.442348246151334,1,"NM_172751",-0.707219257581517,0.442348246151334,0.865753744251779,NA,NA,NA,NA,FALSE,FALSE
"Zfat","Zfat",2,0.442591672656754,1,"NM_001145888",-0.807396204515889,0.442591672656754,0.866057695421443,NA,NA,NA,NA,FALSE,FALSE
"Gtf3c4","Gtf3c4",2,0.442714095844284,1,"NM_001166033",-1.48152962829868,0.442714095844284,0.866057695421443,NA,NA,NA,NA,FALSE,FALSE
"Ildr1","Ildr1",3,0.44280309327382,1,"NM_001285791",-2.53840997849275,0.44280309327382,0.866094495323973,NA,NA,NA,NA,FALSE,FALSE
"Jazf1","Jazf1",2,0.443999587828485,1,"NM_001168277",-1.57050220567069,0.443999587828485,0.867747056351521,NA,NA,NA,NA,FALSE,FALSE
"Tarbp2","Tarbp2",2,0.444230354172126,1,"NM_001253795",-1.60137125430868,0.444230354172126,0.86780802059684,TRUE,TRUE,TRUE,"Forebrain + Hindbrain + Midbrain",FALSE,FALSE
"Cartpt","Cartpt",2,0.44424175576258,1,"NM_001081493",-0.803540862970162,0.44424175576258,0.86780802059684,NA,NA,NA,NA,FALSE,FALSE
"Dcun1d4","Dcun1d4",3,0.44457158825042,1,"NM_001190734",-2.519705634662,0.44457158825042,0.868107439484871,NA,NA,NA,NA,FALSE,FALSE
"Rap1gap","Rap1gap",3,0.444720117755923,1,"NM_001256218",-0.744960302218186,0.444720117755923,0.868151326260594,TRUE,TRUE,FALSE,"Forebrain + Hindbrain",FALSE,FALSE
"Ttll3","Ttll3",2,0.445512530832966,1,"NM_001142732",-0.427989859262609,0.445512530832966,0.868724997896623,FALSE,FALSE,TRUE,"Midbrain only",FALSE,FALSE
"Scoc","Scoc",3,0.445515527887064,1,"NM_001039137",4.23112049417274,0.445515527887064,0.868724997896623,TRUE,TRUE,TRUE,"Forebrain + Hindbrain + Midbrain",FALSE,FALSE
"Spint2","Spint2",2,0.446084523734373,1,"NM_001082548",-0.275785088025699,0.446084523734373,0.869343496980759,NA,NA,NA,NA,FALSE,FALSE
"Gm6182","Gm6182",6,0.446450312360184,1,"NM_001305137",2.88337744520239,0.446450312360184,0.869662221304486,TRUE,TRUE,TRUE,"Forebrain + Hindbrain + Midbrain",FALSE,FALSE
"Trim46","Trim46",3,0.446609169830161,1,"NM_001039466",0.829891920240992,0.446609169830161,0.869816470281596,TRUE,TRUE,TRUE,"Forebrain + Hindbrain + Midbrain",FALSE,FALSE
"Zfp516","Zfp516",2,0.446914429269652,1,"NM_183033",-1.65654662670643,0.446914429269652,0.869927578526153,NA,NA,NA,NA,FALSE,FALSE
"Neu2","Neu2",2,0.447648038434879,1,"NM_015750",-5.61073472264903,0.447648038434879,0.870306460298059,NA,NA,NA,NA,FALSE,FALSE
"Nme2","Nme2",2,0.447739347794763,1,"NM_001077529",-0.0527367446377528,0.447739347794763,0.870306460298059,NA,NA,NA,NA,FALSE,FALSE
"Ctdsp2","Ctdsp2",2,0.447777610731959,1,"NM_146012",-0.268780828974199,0.447777610731959,0.870306460298059,TRUE,TRUE,TRUE,"Forebrain + Hindbrain + Midbrain",FALSE,FALSE
"Tifab","Tifab",2,0.448245113439231,1,"NM_001168615",-2.04675897610362,0.448245113439231,0.870666566951065,NA,NA,NA,NA,FALSE,FALSE
"Pogz","Pogz",2,0.448406473159259,1,"NM_001165948",-1.8224639787115,0.448406473159259,0.870705881791544,TRUE,TRUE,FALSE,"Forebrain + Hindbrain",FALSE,FALSE
"Kif17","Kif17",2,0.448933720048608,1,"NM_010623",-0.703798675709437,0.448933720048608,0.870879662715954,NA,NA,NA,NA,FALSE,FALSE
"E130218I03Rik","E130218I03Rik",2,0.449363400109037,1,"NR_040436",-2.01141018609739,0.449363400109037,0.871027708759444,TRUE,TRUE,FALSE,"Forebrain + Hindbrain",FALSE,FALSE
"1700110I01Rik","1700110I01Rik",3,0.449445895094906,1,"NR_038059_1",-2.80773974057421,0.449445895094906,0.871027708759444,NA,NA,NA,NA,FALSE,FALSE
"Hist1h2be","Hist1h2be",3,0.449489825719622,1,"NM_178194",-2.33008856036134,0.449489825719622,0.871027708759444,FALSE,FALSE,TRUE,"Midbrain only",FALSE,FALSE
"Cd34","Cd34",2,0.450353284510242,1,"NM_001111059",-0.236003052595252,0.450353284510242,0.871782037489058,TRUE,TRUE,TRUE,"Forebrain + Hindbrain + Midbrain",FALSE,FALSE
"Ermard","Ermard",2,0.450656208844627,1,"NM_001034891",-0.777167423645944,0.450656208844627,0.871782037489058,NA,NA,NA,NA,FALSE,FALSE
"Rabep1","Rabep1",4,0.450793901698797,1,"NM_001291143",-1.01652967519895,0.450793901698797,0.871879042046531,NA,NA,NA,NA,FALSE,FALSE
"Thap3","Thap3",2,0.450847663476411,1,"NM_175152",-2.9687750407149,0.450847663476411,0.871879042046531,TRUE,TRUE,TRUE,"Forebrain + Hindbrain + Midbrain",FALSE,FALSE
"Txlna","Txlna",2,0.451124393438279,1,"NM_001005506",-0.226211043111295,0.451124393438279,0.872140845218292,TRUE,TRUE,TRUE,"Forebrain + Hindbrain + Midbrain",FALSE,FALSE
"Fam63a","Fam63a",2,0.451465879981927,1,"NM_133858",-0.809896058229585,0.451465879981927,0.872195342019222,TRUE,TRUE,TRUE,"Forebrain + Hindbrain + Midbrain",FALSE,FALSE
"1700028E10Rik","1700028E10Rik",2,0.452834656228173,1,"NR_045700",-1.12359061119294,0.452834656228173,0.873546756144597,NA,NA,NA,NA,FALSE,FALSE
"Enox2","Enox2",4,0.453064196002762,1,"NM_001271448",1.15909204965271,0.453064196002762,0.873546756144597,TRUE,TRUE,TRUE,"Forebrain + Hindbrain + Midbrain",FALSE,FALSE
"Pex3","Pex3",2,0.453348637680614,1,"NM_019961",-0.376932350442198,0.453348637680614,0.873546756144597,TRUE,TRUE,TRUE,"Forebrain + Hindbrain + Midbrain",FALSE,FALSE
"4833420G17Rik","4833420G17Rik",2,0.453368601097339,1,"NM_026127",-0.344649857976743,0.453368601097339,0.873546756144597,NA,NA,NA,NA,FALSE,FALSE
"Ptpn6","Ptpn6",2,0.453478858416374,1,"NM_013545",-1.12071427827851,0.453478858416374,0.873546756144597,TRUE,TRUE,FALSE,"Forebrain + Hindbrain",FALSE,FALSE
"Ino80dos","Ino80dos",2,0.453667017760133,1,"NR_045915",-1.18638162621191,0.453667017760133,0.873546756144597,FALSE,FALSE,TRUE,"Midbrain only",FALSE,FALSE
"Bub1","Bub1",2,0.453731017457673,1,"NM_001113179",-0.477884365993909,0.453731017457673,0.873546756144597,TRUE,TRUE,TRUE,"Forebrain + Hindbrain + Midbrain",FALSE,FALSE
"Hist1h2bc","Hist1h2bc",2,0.453775050699474,1,"NM_001290380",-0.489732645952901,0.453775050699474,0.873546756144597,TRUE,TRUE,TRUE,"Forebrain + Hindbrain + Midbrain",FALSE,FALSE
"Trim47","Trim47",2,0.453815330168721,1,"NM_001205081",-0.538612809728338,0.453815330168721,0.873546756144597,TRUE,TRUE,FALSE,"Forebrain + Hindbrain",FALSE,FALSE
"Parp10","Parp10",2,0.453833732061832,1,"NM_001163575",-1.30514157316142,0.453833732061832,0.873546756144597,FALSE,FALSE,TRUE,"Midbrain only",FALSE,FALSE
"Eng","Eng",3,0.453993885910206,1,"NM_007932",0.253564732752665,0.453993885910206,0.873588002329812,FALSE,FALSE,TRUE,"Midbrain only",FALSE,FALSE
"Pfdn4","Pfdn4",2,0.454257454172024,1,"NM_001110152",-2.36332871196986,0.454257454172024,0.873953380804923,NA,NA,NA,NA,FALSE,FALSE
"Arntl2","Arntl2",3,0.454444508846385,1,"NM_172309",1.67551158289009,0.454444508846385,0.874040716827368,NA,NA,NA,NA,FALSE,FALSE
"Gapdh","Gapdh",2,0.455011696291822,1,"NM_001289726",-2.37798919877744,0.455011696291822,0.874708660725818,NA,NA,NA,NA,FALSE,FALSE
"Prrx1","Prrx1",3,0.455051530886321,1,"NM_001025570",-0.23394294752825,0.455051530886321,0.874708660725818,TRUE,TRUE,FALSE,"Forebrain + Hindbrain",FALSE,FALSE
"Cntln","Cntln",2,0.455389038302692,1,"NM_175275",-0.710379645401044,0.455389038302692,0.874708660725818,TRUE,TRUE,FALSE,"Forebrain + Hindbrain",FALSE,FALSE
"Rpl37rt","Rpl37rt",2,0.455861006019806,1,"NM_001271590",-2.55084326579033,0.455861006019806,0.874708660725818,TRUE,TRUE,TRUE,"Forebrain + Hindbrain + Midbrain",FALSE,FALSE
"Ldah","Ldah",3,0.456506087035907,1,"NM_001167768",0.353066505960476,0.456506087035907,0.874708660725818,TRUE,TRUE,TRUE,"Forebrain + Hindbrain + Midbrain",FALSE,FALSE
"Cldn19","Cldn19",2,0.456564206246917,1,"NM_001038590",-1.50129476592898,0.456564206246917,0.874708660725818,NA,NA,NA,NA,FALSE,FALSE
"Smim19","Smim19",2,0.456909400608586,1,"NM_001146117",-1.24315626610624,0.456909400608586,0.874708660725818,NA,NA,NA,NA,FALSE,FALSE
"Spo11","Spo11",3,0.457032375943166,1,"NM_001083959",-4.42795766239974,0.457032375943166,0.874708660725818,NA,NA,NA,NA,FALSE,FALSE
"Gm14326","Gm14326",2,0.457050510205896,1,"NM_001190302",-0.322121329687841,0.457050510205896,0.874708660725818,TRUE,TRUE,TRUE,"Forebrain + Hindbrain + Midbrain",FALSE,FALSE
"Smn1","Smn1",2,0.457201852648422,1,"NM_001252629",-1.8977933303684,0.457201852648422,0.874708660725818,NA,NA,NA,NA,FALSE,FALSE
"Amer2","Amer2",2,0.457325617593504,1,"NM_001164705",-0.67802178634996,0.457325617593504,0.874809815703587,TRUE,TRUE,TRUE,"Forebrain + Hindbrain + Midbrain",FALSE,FALSE
"Ppih","Ppih",3,0.457533981223649,1,"NM_028677",0.308537633559515,0.457533981223649,0.875072741521981,NA,NA,NA,NA,FALSE,FALSE
"Pex5l","Pex5l",2,0.457704779820541,1,"NM_001163516",-1.62724683548825,0.457704779820541,0.875263750656357,NA,NA,NA,NA,FALSE,FALSE
"4833422C13Rik","4833422C13Rik",3,0.458052479339724,1,"NR_015501",2.24649414582189,0.458052479339724,0.875483274621571,NA,NA,NA,NA,FALSE,FALSE
"Nit1","Nit1",2,0.458174310170673,1,"NM_001242580",-0.245364798415243,0.458174310170673,0.875483274621571,TRUE,TRUE,TRUE,"Forebrain + Hindbrain + Midbrain",FALSE,FALSE
"Zfp473","Zfp473",5,0.458373937387551,1,"NM_178734",-1.05043086476703,0.458373937387551,0.87555659052158,NA,NA,NA,NA,FALSE,FALSE
"Igsf5","Igsf5",3,0.458638395553606,1,"NM_001177886",0.920125936597787,0.458638395553606,0.87555659052158,NA,NA,NA,NA,FALSE,FALSE
"Gm10037","Gm10037",2,0.459564403127066,1,"NM_001309373",-3.39193868440708,0.459564403127066,0.875776597490375,FALSE,FALSE,TRUE,"Midbrain only",FALSE,FALSE
"Invs","Invs",3,0.459655627650846,1,"NM_010569",0.81340017667061,0.459655627650846,0.875776597490375,NA,NA,NA,NA,FALSE,FALSE
"Atf7ip2","Atf7ip2",2,0.460093052914111,1,"NM_153123",-2.52485514406789,0.460093052914111,0.875776597490375,NA,NA,NA,NA,FALSE,FALSE
"Unc5c","Unc5c",2,0.460283413349981,1,"NM_009472",-2.62780106213199,0.460283413349981,0.875776597490375,TRUE,TRUE,FALSE,"Forebrain + Hindbrain",FALSE,FALSE
"Olfm3","Olfm3",3,0.460528147671961,1,"NM_153157",3.19508830879439,0.460528147671961,0.875776597490375,TRUE,TRUE,FALSE,"Forebrain + Hindbrain",FALSE,FALSE
"Elp5","Elp5",2,0.460532246070918,1,"NM_001253700",-0.185997820179007,0.460532246070918,0.875776597490375,NA,NA,NA,NA,FALSE,FALSE
"Troap","Troap",2,0.460922548334111,1,"NM_001162506",-1.12464767751956,0.460922548334111,0.875776597490375,TRUE,TRUE,FALSE,"Forebrain + Hindbrain",FALSE,FALSE
"Ppp2r3d","Ppp2r3d",4,0.461119700564047,1,"NR_102716",-4.90804939672984,0.461119700564047,0.875776597490375,TRUE,TRUE,TRUE,"Forebrain + Hindbrain + Midbrain",FALSE,FALSE
"Stat3","Stat3",3,0.461608551796783,1,"NM_011486",0.519730834835526,0.461608551796783,0.876127241843398,TRUE,TRUE,TRUE,"Forebrain + Hindbrain + Midbrain",FALSE,FALSE
"Zfp811","Zfp811",2,0.461803009793456,1,"NM_183177",-2.48325243708943,0.461803009793456,0.87617606716655,NA,NA,NA,NA,FALSE,FALSE
"Gm14296","Gm14296",5,0.462427048102144,1,"NM_001305133",5.31140712121446,0.462427048102144,0.876896156205784,TRUE,TRUE,TRUE,"Forebrain + Hindbrain + Midbrain",FALSE,FALSE
"Fcer2a","Fcer2a",2,0.463007174306634,1,"NM_001253746",-2.58131051697384,0.463007174306634,0.877246818815271,NA,NA,NA,NA,FALSE,FALSE
"Cep57l1","Cep57l1",3,0.463265436981979,1,"NM_029132",0.809738331026526,0.463265436981979,0.877272081802816,TRUE,TRUE,TRUE,"Forebrain + Hindbrain + Midbrain",FALSE,FALSE
"Zkscan8","Zkscan8",3,0.463403264702656,1,"NM_001251833",-2.15941824249531,0.463403264702656,0.877272081802816,TRUE,TRUE,TRUE,"Forebrain + Hindbrain + Midbrain",FALSE,FALSE
"Mbd3","Mbd3",2,0.463423619387998,1,"NM_013595",-0.135722993492557,0.463423619387998,0.877272081802816,NA,NA,NA,NA,FALSE,FALSE
"Slc15a2","Slc15a2",2,0.463548350265582,1,"NM_021301",-0.377919005470662,0.463548350265582,0.877272081802816,TRUE,TRUE,FALSE,"Forebrain + Hindbrain",FALSE,FALSE
"Adam22","Adam22",2,0.463589276504398,1,"NM_001007220",-1.56233780171907,0.463589276504398,0.877272081802816,TRUE,TRUE,TRUE,"Forebrain + Hindbrain + Midbrain",FALSE,FALSE
"Ddah2","Ddah2",2,0.463949452188104,1,"NM_016765",-0.286558782906818,0.463949452188104,0.877272081802816,NA,NA,NA,NA,FALSE,FALSE
"Crip3","Crip3",2,0.463965708406567,1,"NM_053250",-2.40798387353909,0.463965708406567,0.877272081802816,FALSE,FALSE,TRUE,"Midbrain only",FALSE,FALSE
"Trp63","Trp63",6,0.464283479326881,1,"NM_001127259",-2.58031221625226,0.464283479326881,0.877272081802816,NA,NA,NA,NA,FALSE,FALSE
"Rabggtb","Rabggtb",6,0.46428893891021,1,"NR_028094",-0.386339061928983,0.46428893891021,0.877272081802816,TRUE,TRUE,TRUE,"Forebrain + Hindbrain + Midbrain",FALSE,FALSE
"Ntf3","Ntf3",3,0.464348815096785,1,"NM_001164034",-2.37381077679378,0.464348815096785,0.877272081802816,FALSE,FALSE,TRUE,"Midbrain only",FALSE,FALSE
"Rita1","Rita1",2,0.465155410294032,1,"NM_133908",-0.397502645391506,0.465155410294032,0.877784303003339,TRUE,TRUE,FALSE,"Forebrain + Hindbrain",FALSE,FALSE
"Vegfa","Vegfa",3,0.465404250010208,1,"NM_001110268",-0.592094922054762,0.465404250010208,0.877784303003339,TRUE,TRUE,TRUE,"Forebrain + Hindbrain + Midbrain",FALSE,FALSE
"Ttll9","Ttll9",2,0.46601264276345,1,"NM_029064",-1.70508714163905,0.46601264276345,0.878490097724377,NA,NA,NA,NA,FALSE,FALSE
"Wnt5a","Wnt5a",2,0.466191794188533,1,"NM_001256224",-1.00128037121526,0.466191794188533,0.878614378724566,FALSE,FALSE,TRUE,"Midbrain only",FALSE,FALSE
"Slc6a17","Slc6a17",3,0.466344762199101,1,"NM_172271",1.42855280482619,0.466344762199101,0.878614378724566,NA,NA,NA,NA,FALSE,FALSE
"Zfp799","Zfp799",2,0.466397887447856,1,"NM_001293229",-0.610854598022734,0.466397887447856,0.878614378724566,TRUE,TRUE,TRUE,"Forebrain + Hindbrain + Midbrain",FALSE,FALSE
"Cadps","Cadps",2,0.466694062128329,1,"NM_012061",-1.74712730856533,0.466694062128329,0.87874655374678,TRUE,TRUE,TRUE,"Forebrain + Hindbrain + Midbrain",FALSE,FALSE
"Atf7","Atf7",4,0.466932022116502,1,"NM_146065",-0.462266826666437,0.466932022116502,0.87874655374678,TRUE,TRUE,TRUE,"Forebrain + Hindbrain + Midbrain",FALSE,FALSE
"Phf1","Phf1",3,0.46799198737003,1,"NM_001302397",-1.26150309307171,0.46799198737003,0.879181163629902,TRUE,TRUE,TRUE,"Forebrain + Hindbrain + Midbrain",FALSE,FALSE
"Stx16","Stx16",4,0.468058252382455,1,"NM_001102423",-2.29542916479225,0.468058252382455,0.879181163629902,TRUE,TRUE,TRUE,"Forebrain + Hindbrain + Midbrain",FALSE,FALSE
"Rnf144a","Rnf144a",2,0.468332081153663,1,"NM_080563",-0.469364896542432,0.468332081153663,0.879369732415734,TRUE,TRUE,TRUE,"Forebrain + Hindbrain + Midbrain",FALSE,FALSE
"Tmem241","Tmem241",3,0.468546402467746,1,"NM_001289666",-0.334116234482874,0.468546402467746,0.879638309212229,TRUE,TRUE,TRUE,"Forebrain + Hindbrain + Midbrain",FALSE,FALSE
"Spag7","Spag7",2,0.46917829531005,1,"NM_001167669",-0.76773538265459,0.46917829531005,0.8797600422411,NA,NA,NA,NA,FALSE,FALSE
"Ubr2","Ubr2",2,0.469228643672284,1,"NM_001177374",-0.271362294421279,0.469228643672284,0.8797600422411,TRUE,TRUE,FALSE,"Forebrain + Hindbrain",FALSE,FALSE
"Esr2","Esr2",2,0.469746352147484,1,"NR_104386",-3.16759550466282,0.469746352147484,0.880283976537579,NA,NA,NA,NA,FALSE,FALSE
"Adck5","Adck5",2,0.470407969193227,1,"NR_073123",-0.499296228456554,0.470407969193227,0.881202938029662,TRUE,TRUE,TRUE,"Forebrain + Hindbrain + Midbrain",FALSE,FALSE
"Zcchc4","Zcchc4",2,0.470450968860568,1,"NM_030185",-0.335579713521458,0.470450968860568,0.881202938029662,NA,NA,NA,NA,FALSE,FALSE
"Pclo","Pclo",2,0.470696612993389,1,"NM_011995",-0.60179532757172,0.470696612993389,0.881261751530635,NA,NA,NA,NA,FALSE,FALSE
"Sltm","Sltm",2,0.471269177775388,1,"NM_026337",-0.138728976992646,0.471269177775388,0.88179858282764,TRUE,TRUE,FALSE,"Forebrain + Hindbrain",FALSE,FALSE
"E130310I04Rik","E130310I04Rik",2,0.471350625167385,1,"NR_045723",-1.39393988803946,0.471350625167385,0.881803081942922,NA,NA,NA,NA,FALSE,FALSE
"Car7","Car7",2,0.471414500127833,1,"NM_053070",-1.1996381645666,0.471414500127833,0.881803081942922,NA,NA,NA,NA,FALSE,FALSE
"Vwa9","Vwa9",2,0.471760129131467,1,"NM_001077631",-0.354196318122712,0.471760129131467,0.882010968472927,NA,NA,NA,NA,FALSE,FALSE
"Zkscan5","Zkscan5",2,0.471838617128103,1,"NM_016683",-1.38871600687889,0.471838617128103,0.882010968472927,NA,NA,NA,NA,FALSE,FALSE
"Atp5f1","Atp5f1",2,0.472577101824671,1,"NM_001304719",-0.423748939198969,0.472577101824671,0.88229092379864,NA,NA,NA,NA,FALSE,FALSE
"Derl2","Derl2",4,0.472890701162704,1,"NM_001291147",-0.73255775844533,0.472890701162704,0.88229092379864,TRUE,TRUE,FALSE,"Forebrain + Hindbrain",FALSE,FALSE
"Pgam5","Pgam5",2,0.473094514354937,1,"NM_028273",-0.139428863028885,0.473094514354937,0.88229092379864,NA,NA,NA,NA,FALSE,FALSE
"Nipbl","Nipbl",2,0.473175593132427,1,"NM_027707",-0.213657318553372,0.473175593132427,0.88229092379864,TRUE,TRUE,TRUE,"Forebrain + Hindbrain + Midbrain",FALSE,FALSE
"Vill","Vill",2,0.473294461530394,1,"NM_011700",-1.63687390549845,0.473294461530394,0.88229092379864,TRUE,TRUE,FALSE,"Forebrain + Hindbrain",FALSE,FALSE
"Dhrs4","Dhrs4",2,0.473386293242379,1,"NM_001037938",-0.253344707769129,0.473386293242379,0.88229092379864,TRUE,TRUE,TRUE,"Forebrain + Hindbrain + Midbrain",FALSE,FALSE
"Fmr1","Fmr1",2,0.474646698891001,1,"NM_008031",-0.225433438319196,0.474646698891001,0.88231984570325,FALSE,FALSE,TRUE,"Midbrain only",FALSE,FALSE
"Synj1","Synj1",2,0.474942879657933,1,"NM_001045515",-0.363148782283735,0.474942879657933,0.88231984570325,TRUE,TRUE,TRUE,"Forebrain + Hindbrain + Midbrain",FALSE,FALSE
"Deaf1","Deaf1",3,0.475200462012908,1,"NM_001282076",0.216148483726862,0.475200462012908,0.882464063391916,NA,NA,NA,NA,FALSE,FALSE
"Ypel1","Ypel1",3,0.475730682336343,1,"NM_001291047",0.62107893916954,0.475730682336343,0.882480305344768,NA,NA,NA,NA,FALSE,FALSE
"Suv420h2","Suv420h2",2,0.475995357404749,1,"NM_146177",-3.47137599183946,0.475995357404749,0.882480305344768,NA,NA,NA,NA,FALSE,FALSE
"Scgb3a1","Scgb3a1",2,0.476135713440344,1,"NM_170727",-3.41394020213579,0.476135713440344,0.882480305344768,NA,NA,NA,NA,FALSE,FALSE
"Gm5795","Gm5795",3,0.476277171933946,1,"NM_001270806_2",2.59266529153484,0.476277171933946,0.882480305344768,NA,NA,NA,NA,FALSE,FALSE
"Pcyt1a","Pcyt1a",3,0.47631171451301,1,"NM_009981",0.407589010444141,0.47631171451301,0.882480305344768,NA,NA,NA,NA,FALSE,FALSE
"Coq10b","Coq10b",2,0.476353429003363,1,"NM_026424",-1.57074958759426,0.476353429003363,0.882480305344768,NA,NA,NA,NA,FALSE,FALSE
"Cpeb1","Cpeb1",3,0.476765752017291,1,"NM_001252525",1.48344164211497,0.476765752017291,0.882916095141807,NA,NA,NA,NA,FALSE,FALSE
"Zfp827","Zfp827",2,0.476866206649767,1,"NM_001294279",-5.03071340552669,0.476866206649767,0.882916095141807,TRUE,TRUE,TRUE,"Forebrain + Hindbrain + Midbrain",FALSE,FALSE
"Nrn1l","Nrn1l",2,0.4768978216178,1,"NM_001301174",-4.44067718661967,0.4768978216178,0.882916095141807,TRUE,TRUE,TRUE,"Forebrain + Hindbrain + Midbrain",FALSE,FALSE
"6030458C11Rik","6030458C11Rik",2,0.477765906545569,1,"NM_001166360",-0.12210973110436,0.477765906545569,0.88311616937295,TRUE,TRUE,TRUE,"Forebrain + Hindbrain + Midbrain",FALSE,FALSE
"Tspan2","Tspan2",2,0.477840343937634,1,"NM_027533",-3.59242354483694,0.477840343937634,0.88311616937295,FALSE,FALSE,TRUE,"Midbrain only",FALSE,FALSE
"Cdkl3","Cdkl3",6,0.478008432719774,1,"NM_153785",1.13563042039464,0.478008432719774,0.88311616937295,TRUE,TRUE,TRUE,"Forebrain + Hindbrain + Midbrain",FALSE,FALSE
"Zdhhc12","Zdhhc12",2,0.478024458289901,1,"NM_001037762",-0.684928195067387,0.478024458289901,0.88311616937295,TRUE,TRUE,FALSE,"Forebrain + Hindbrain",FALSE,FALSE
"Xylb","Xylb",2,0.478362976321625,1,"NM_001199568",-0.81191072802033,0.478362976321625,0.88311616937295,NA,NA,NA,NA,FALSE,FALSE
"Spsb3","Spsb3",3,0.478547136876925,1,"NM_027141",-4.58026358620489,0.478547136876925,0.88311616937295,FALSE,FALSE,TRUE,"Midbrain only",FALSE,FALSE
"Mrps23","Mrps23",5,0.478554755855547,1,"NM_001291273",1.98492917879327,0.478554755855547,0.88311616937295,NA,NA,NA,NA,FALSE,FALSE
"Nlgn1","Nlgn1",2,0.478596452277444,1,"NM_138666",-0.817513570680779,0.478596452277444,0.88311616937295,FALSE,FALSE,TRUE,"Midbrain only",FALSE,FALSE
"Pacsin1","Pacsin1",4,0.478718599646552,1,"NM_001286743",1.17401382930048,0.478718599646552,0.88311616937295,TRUE,TRUE,FALSE,"Forebrain + Hindbrain",FALSE,FALSE
"Tmem219","Tmem219",2,0.478812676534064,1,"NM_026827",-0.690951320207138,0.478812676534064,0.88311616937295,TRUE,TRUE,TRUE,"Forebrain + Hindbrain + Midbrain",FALSE,FALSE
"Insl5","Insl5",2,0.47932901585377,1,"NM_011831",-3.29256289023118,0.47932901585377,0.88311616937295,NA,NA,NA,NA,FALSE,FALSE
"Abhd4","Abhd4",2,0.479507901131582,1,"NM_001205181",-0.125789827001884,0.479507901131582,0.88311616937295,TRUE,TRUE,TRUE,"Forebrain + Hindbrain + Midbrain",FALSE,FALSE
"Pacsin2","Pacsin2",2,0.479742454655001,1,"NM_001159509",-0.91596991384792,0.479742454655001,0.88311616937295,NA,NA,NA,NA,FALSE,FALSE
"H19","H19",2,0.479952924881101,1,"NR_130973",-0.824896996179604,0.479952924881101,0.88311616937295,NA,NA,NA,NA,FALSE,FALSE
"Pex26","Pex26",3,0.479983995856564,1,"NM_001304773",0.831891782709856,0.479983995856564,0.88311616937295,TRUE,TRUE,TRUE,"Forebrain + Hindbrain + Midbrain",FALSE,FALSE
"Ppfia2","Ppfia2",2,0.479994724631551,1,"NM_001205341",-3.5397367649447,0.479994724631551,0.88311616937295,TRUE,TRUE,FALSE,"Forebrain + Hindbrain",FALSE,FALSE
"Zfp781","Zfp781",2,0.48004032565218,1,"NM_199062",-0.415160947387186,0.48004032565218,0.88311616937295,TRUE,TRUE,FALSE,"Forebrain + Hindbrain",FALSE,FALSE
"Clca3a1","Clca3a1",2,0.480401750606239,1,"NR_130895",-2.53848601183531,0.480401750606239,0.88311616937295,NA,NA,NA,NA,FALSE,FALSE
"Tnk2","Tnk2",3,0.480916666751533,1,"NM_016788",0.269036894098547,0.480916666751533,0.88311616937295,NA,NA,NA,NA,FALSE,FALSE
"Wipf1","Wipf1",3,0.480974261654484,1,"NM_153138",1.5914465576406,0.480974261654484,0.88311616937295,FALSE,FALSE,TRUE,"Midbrain only",FALSE,FALSE
"Nrg3","Nrg3",3,0.482035342530784,1,"NM_008734",5.06566936755444,0.482035342530784,0.883850836081705,FALSE,FALSE,TRUE,"Midbrain only",FALSE,FALSE
"4921504A21Rik","4921504A21Rik",2,0.482190691432993,1,"NR_102341",-0.640759914845925,0.482190691432993,0.883873014302308,NA,NA,NA,NA,FALSE,FALSE
"Dgcr14","Dgcr14",2,0.483307720753458,1,"NM_022408",-0.239201177284272,0.483307720753458,0.884352851583711,FALSE,FALSE,TRUE,"Midbrain only",FALSE,FALSE
"Tysnd1","Tysnd1",4,0.483380680177254,1,"NM_027912",0.6029105324717,0.483380680177254,0.884352851583711,TRUE,TRUE,TRUE,"Forebrain + Hindbrain + Midbrain",FALSE,FALSE
"Hsd11b1","Hsd11b1",2,0.483455780938713,1,"NM_001044751",-2.05777184367887,0.483455780938713,0.884352851583711,FALSE,FALSE,TRUE,"Midbrain only",FALSE,FALSE
"Ung","Ung",2,0.483894943126419,1,"NM_001040691",-0.42029586907785,0.483894943126419,0.884672063140772,FALSE,FALSE,TRUE,"Midbrain only",FALSE,FALSE
"D19Bwg1357e","D19Bwg1357e",2,0.484088463428721,1,"NR_131940",-1.18919217320998,0.484088463428721,0.88485433842548,NA,NA,NA,NA,FALSE,FALSE
"Myc","Myc",4,0.484352499620786,1,"NM_010849",-0.111715288886507,0.484352499620786,0.885205842020215,TRUE,FALSE,TRUE,"Forebrain + Midbrain",FALSE,FALSE
"Hif3a","Hif3a",2,0.484851160123538,1,"NM_016868",-0.71388800170653,0.484851160123538,0.885854799515022,NA,NA,NA,NA,FALSE,FALSE
"Kctd10","Kctd10",2,0.485340622620294,1,"NM_001159941",-0.316423548078719,0.485340622620294,0.886091287906992,NA,NA,NA,NA,FALSE,FALSE
"Prok2","Prok2",2,0.485578445979872,1,"NM_001037539",-2.85769066786751,0.485578445979872,0.886133987487669,NA,NA,NA,NA,FALSE,FALSE
"2700094K13Rik","2700094K13Rik",2,0.486370967922461,1,"NM_001033166",-0.125118614045306,0.486370967922461,0.886264799907038,NA,NA,NA,NA,FALSE,FALSE
"Tmem237","Tmem237",2,0.486386241168233,1,"NM_001033449",-0.467539076327832,0.486386241168233,0.886264799907038,TRUE,TRUE,TRUE,"Forebrain + Hindbrain + Midbrain",FALSE,FALSE
"Wiz","Wiz",3,0.486654297509606,1,"NM_011717",-0.236121035814863,0.486654297509606,0.88646726650611,TRUE,TRUE,TRUE,"Forebrain + Hindbrain + Midbrain",FALSE,FALSE
"Ddhd1","Ddhd1",4,0.487039423379886,1,"NM_001284399",-3.16098132031402,0.487039423379886,0.886483377910276,TRUE,TRUE,TRUE,"Forebrain + Hindbrain + Midbrain",FALSE,FALSE
"Ccdc132","Ccdc132",3,0.487422394424703,1,"NM_001167751",0.923113665267802,0.487422394424703,0.886694109432007,NA,NA,NA,NA,FALSE,FALSE
"Txlng","Txlng",4,0.487911370739386,1,"NM_001290778",0.204951907263277,0.487911370739386,0.886777343732006,TRUE,TRUE,TRUE,"Forebrain + Hindbrain + Midbrain",FALSE,FALSE
"Rbm41","Rbm41",4,0.487982860525555,1,"NM_153586",-0.650205517986792,0.487982860525555,0.886777343732006,TRUE,TRUE,TRUE,"Forebrain + Hindbrain + Midbrain",FALSE,FALSE
"Coro1a","Coro1a",2,0.488150909626888,1,"NM_009898",-1.10603024369017,0.488150909626888,0.886777343732006,NA,NA,NA,NA,FALSE,FALSE
"A430005L14Rik","A430005L14Rik",2,0.488583202380242,1,"NM_175287",-0.838847228893516,0.488583202380242,0.886777343732006,NA,NA,NA,NA,FALSE,FALSE
"Stx18","Stx18",3,0.48863300145486,1,"NM_001289535",-0.35266179100403,0.48863300145486,0.886777343732006,NA,NA,NA,NA,FALSE,FALSE
"Zfp266","Zfp266",2,0.489074195151245,1,"NM_001082485",-0.478714770715675,0.489074195151245,0.886777343732006,TRUE,TRUE,TRUE,"Forebrain + Hindbrain + Midbrain",FALSE,FALSE
"Cdc6","Cdc6",2,0.489076527210094,1,"NM_001025779",-2.3103918861566,0.489076527210094,0.886777343732006,NA,NA,NA,NA,FALSE,FALSE
"Entpd1","Entpd1",2,0.48909255144097,1,"NM_001304721",-1.74395025070448,0.48909255144097,0.886777343732006,NA,NA,NA,NA,FALSE,FALSE
"Snx5","Snx5",2,0.489194392396218,1,"NM_024225",-0.175614874709558,0.489194392396218,0.886777343732006,TRUE,TRUE,TRUE,"Forebrain + Hindbrain + Midbrain",FALSE,FALSE
"Crybb3","Crybb3",2,0.48947482345227,1,"NM_021352",-2.51330236781279,0.48947482345227,0.886816268878836,FALSE,FALSE,TRUE,"Midbrain only",FALSE,FALSE
"Anks1b","Anks1b",4,0.489766172902431,1,"NM_001128086",1.09046352816164,0.489766172902431,0.886955818831021,TRUE,TRUE,FALSE,"Forebrain + Hindbrain",FALSE,FALSE
"Kdm4a","Kdm4a",2,0.490104106987838,1,"NM_001161823",-0.318884682174686,0.490104106987838,0.887127616426112,TRUE,TRUE,TRUE,"Forebrain + Hindbrain + Midbrain",FALSE,FALSE
"Nsun6","Nsun6",3,0.490353034567223,1,"NM_001165941",-1.33602641272968,0.490353034567223,0.887236319864152,NA,NA,NA,NA,FALSE,FALSE
"Ppil3","Ppil3",4,0.490496448469469,1,"NM_001285826",-0.294883297774232,0.490496448469469,0.887236319864152,FALSE,FALSE,TRUE,"Midbrain only",FALSE,FALSE
"Tenm2","Tenm2",2,0.490596360577072,1,"NM_001290702",-2.20139910551011,0.490596360577072,0.887286983661302,TRUE,TRUE,TRUE,"Forebrain + Hindbrain + Midbrain",FALSE,FALSE
"Ankrd55","Ankrd55",4,0.490959726382865,1,"NM_001168403",2.22412607939465,0.490959726382865,0.887814042140175,TRUE,TRUE,TRUE,"Forebrain + Hindbrain + Midbrain",FALSE,FALSE
"Nat2","Nat2",2,0.491927513039814,1,"NM_001168577",-2.31599729302956,0.491927513039814,0.888269458339913,TRUE,TRUE,TRUE,"Forebrain + Hindbrain + Midbrain",FALSE,FALSE
"Gm10409","Gm10409",2,0.492312150734065,1,"NR_033121",-1.39977749770723,0.492312150734065,0.888269458339913,TRUE,TRUE,TRUE,"Forebrain + Hindbrain + Midbrain",FALSE,FALSE
"Slc35a4","Slc35a4",2,0.49233037449649,1,"NM_001083317",-0.196003353987311,0.49233037449649,0.888269458339913,TRUE,TRUE,TRUE,"Forebrain + Hindbrain + Midbrain",FALSE,FALSE
"Rnf138","Rnf138",4,0.492347661443628,1,"NM_001303005",-2.2593252799356,0.492347661443628,0.888269458339913,FALSE,FALSE,TRUE,"Midbrain only",FALSE,FALSE
"Amy1","Amy1",2,0.492363297815641,1,"NM_007446",-3.26061470323089,0.492363297815641,0.888269458339913,TRUE,TRUE,FALSE,"Forebrain + Hindbrain",FALSE,FALSE
"Cntfr","Cntfr",2,0.493006746235223,1,"NM_001136056",-1.03981676907927,0.493006746235223,0.889040369507914,TRUE,TRUE,TRUE,"Forebrain + Hindbrain + Midbrain",FALSE,FALSE
"Zfp446","Zfp446",3,0.493248595909007,1,"NM_001168561",2.34717210860223,0.493248595909007,0.889216606795785,TRUE,TRUE,TRUE,"Forebrain + Hindbrain + Midbrain",FALSE,FALSE
"Slc20a1","Slc20a1",2,0.493396917932091,1,"NM_015747",-0.228269634315064,0.493396917932091,0.88922418099635,NA,NA,NA,NA,FALSE,FALSE
"Btbd11","Btbd11",2,0.493824552935194,1,"NM_001017525",-2.40014560577428,0.493824552935194,0.889290661236495,TRUE,TRUE,TRUE,"Forebrain + Hindbrain + Midbrain",FALSE,FALSE
"Serinc2","Serinc2",2,0.493938265163285,1,"NM_001253386",-1.29572268528905,0.493938265163285,0.889290661236495,NA,NA,NA,NA,FALSE,FALSE
"Cacna1g","Cacna1g",3,0.495752741803901,1,"NM_001177888",3.71682349245685,0.495752741803901,0.890572516251493,TRUE,TRUE,FALSE,"Forebrain + Hindbrain",FALSE,FALSE
"Commd7","Commd7",2,0.495826837962122,1,"NM_133850",-0.289766457602966,0.495826837962122,0.890572516251493,NA,NA,NA,NA,FALSE,FALSE
"Lhx2","Lhx2",2,0.496217158434601,1,"NM_010710",-2.25941178889824,0.496217158434601,0.890572516251493,TRUE,TRUE,TRUE,"Forebrain + Hindbrain + Midbrain",FALSE,FALSE
"Gm13483","Gm13483",2,0.496623846292597,1,"NR_040361",-0.648638975914774,0.496623846292597,0.890572516251493,TRUE,TRUE,TRUE,"Forebrain + Hindbrain + Midbrain",FALSE,FALSE
"Gm10033","Gm10033",2,0.496888593319688,1,"NR_038044",-0.21910266582563,0.496888593319688,0.890572516251493,TRUE,TRUE,TRUE,"Forebrain + Hindbrain + Midbrain",FALSE,FALSE
"Fam205a2","Fam205a2",3,0.496903395327014,1,"NM_001085530_3",4.47171923092683,0.496903395327014,0.890572516251493,NA,NA,NA,NA,FALSE,FALSE
"Kctd18","Kctd18",3,0.496968227642736,1,"NM_001159864",0.312867539237797,0.496968227642736,0.890572516251493,TRUE,TRUE,TRUE,"Forebrain + Hindbrain + Midbrain",FALSE,FALSE
"C1qtnf1","C1qtnf1",3,0.497192335822269,1,"NM_001204129",0.906794850119503,0.497192335822269,0.890572516251493,NA,NA,NA,NA,FALSE,FALSE
"Syt1","Syt1",3,0.497258819723342,1,"NM_001252342",2.2302963789431,0.497258819723342,0.890572516251493,TRUE,TRUE,FALSE,"Forebrain + Hindbrain",FALSE,FALSE
"Sfmbt1","Sfmbt1",2,0.497380083182118,1,"NM_001166531",-0.380728039259314,0.497380083182118,0.890572516251493,NA,NA,NA,NA,FALSE,FALSE
"Fiz1","Fiz1",3,0.497524023040698,1,"NM_011813",1.8175237561725,0.497524023040698,0.890572516251493,TRUE,TRUE,TRUE,"Forebrain + Hindbrain + Midbrain",FALSE,FALSE
"Tulp2","Tulp2",2,0.4976865817453,1,"NM_001290999",-1.48042004146713,0.4976865817453,0.890572516251493,NA,NA,NA,NA,FALSE,FALSE
"Rpa1","Rpa1",2,0.497786218054423,1,"NM_026653",-1.6915495787224,0.497786218054423,0.890572516251493,NA,NA,NA,NA,FALSE,FALSE
"A930001C03Rik","A930001C03Rik",2,0.497897200362698,1,"NR_045990",-2.82730943164661,0.497897200362698,0.890572516251493,NA,NA,NA,NA,FALSE,FALSE
"D830026I12Rik","D830026I12Rik",2,0.49813572336939,1,"NR_102305",-1.92933001834053,0.49813572336939,0.890572516251493,NA,NA,NA,NA,FALSE,FALSE
"Rnf10","Rnf10",3,0.498986507393762,1,"NM_016698",0.161749969581061,0.498986507393762,0.890572516251493,NA,NA,NA,NA,FALSE,FALSE
"D830030K20Rik","D830030K20Rik",2,0.499421295336351,1,"NM_177135_1",-0.276194100500244,0.499421295336351,0.890572516251493,TRUE,TRUE,FALSE,"Forebrain + Hindbrain",FALSE,FALSE
"Snap25","Snap25",2,0.499479905782721,1,"NM_011428",-0.890809870063645,0.499479905782721,0.890572516251493,TRUE,TRUE,TRUE,"Forebrain + Hindbrain + Midbrain",FALSE,FALSE
"Trim26","Trim26",3,0.499518974531553,1,"NM_001025599",-0.438684253313287,0.499518974531553,0.890572516251493,NA,NA,NA,NA,FALSE,FALSE
"Irf7","Irf7",3,0.499859057125783,1,"NM_001252601",1.1806856901489,0.499859057125783,0.890572516251493,TRUE,TRUE,FALSE,"Forebrain + Hindbrain",FALSE,FALSE
"Ngf","Ngf",2,0.499880103857437,1,"NM_001112698",-2.09686542834839,0.499880103857437,0.890572516251493,NA,NA,NA,NA,FALSE,FALSE
"Arhgap1","Arhgap1",5,0.500078103860899,1,"NM_146124",0.66330359512524,0.500078103860899,0.890572516251493,TRUE,TRUE,FALSE,"Forebrain + Hindbrain",FALSE,FALSE
"Sfpq","Sfpq",2,0.500272042022059,1,"NR_045010",-0.130833945245937,0.500272042022059,0.890572516251493,TRUE,TRUE,TRUE,"Forebrain + Hindbrain + Midbrain",FALSE,FALSE
"Cd247","Cd247",2,0.500754841159641,1,"NM_031162",-1.19396417521249,0.500754841159641,0.890572516251493,NA,NA,NA,NA,FALSE,FALSE
"Mpp4","Mpp4",2,0.500758306128171,1,"NM_145143",-1.7212685769062,0.500758306128171,0.890572516251493,NA,NA,NA,NA,FALSE,FALSE
"Med23","Med23",2,0.500846550481923,1,"NM_001166416",-0.698172936617058,0.500846550481923,0.890572516251493,TRUE,TRUE,TRUE,"Forebrain + Hindbrain + Midbrain",FALSE,FALSE
"Cd302","Cd302",2,0.500928119436192,1,"NM_001290660",-0.858648006816531,0.500928119436192,0.890572516251493,FALSE,FALSE,TRUE,"Midbrain only",FALSE,FALSE
"Dnajb1","Dnajb1",2,0.501481809386664,1,"NM_001308227",-0.599022964503184,0.501481809386664,0.891035809818201,NA,NA,NA,NA,FALSE,FALSE
"Thnsl2","Thnsl2",2,0.501629287349518,1,"NM_178413",-1.93732476133548,0.501629287349518,0.891047273052116,TRUE,TRUE,FALSE,"Forebrain + Hindbrain",FALSE,FALSE
"Rab18","Rab18",2,0.502151604571266,1,"NM_181070",-0.945437346016468,0.502151604571266,0.891212614421761,NA,NA,NA,NA,FALSE,FALSE
"Trim9","Trim9",5,0.50231011485419,1,"NM_001286387",2.60666976259496,0.50231011485419,0.891212614421761,TRUE,TRUE,TRUE,"Forebrain + Hindbrain + Midbrain",FALSE,FALSE
"Slc6a8","Slc6a8",2,0.502498671672233,1,"NM_001142810",-1.46634133348916,0.502498671672233,0.891212614421761,NA,NA,NA,NA,FALSE,FALSE
"Ppp6r3","Ppp6r3",3,0.502998829274698,1,"NM_029456",-0.31275139044783,0.502998829274698,0.891426906972536,TRUE,TRUE,TRUE,"Forebrain + Hindbrain + Midbrain",FALSE,FALSE
"Snx16","Snx16",2,0.503477453259146,1,"NM_029068",-0.403158543231336,0.503477453259146,0.891593911175344,TRUE,TRUE,TRUE,"Forebrain + Hindbrain + Midbrain",FALSE,FALSE
"Rnf41","Rnf41",4,0.503601691697779,1,"NR_104289",-0.724484865770431,0.503601691697779,0.891593911175344,NA,NA,NA,NA,FALSE,FALSE
"Ctla2b","Ctla2b",2,0.503873751058238,1,"NM_007797",-0.735591830429577,0.503873751058238,0.891593911175344,NA,NA,NA,NA,FALSE,FALSE
"Cnnm3","Cnnm3",2,0.504125326522223,1,"NM_053186",-0.605469510341904,0.504125326522223,0.89175839009235,NA,NA,NA,NA,FALSE,FALSE
"Atg9a","Atg9a",4,0.5048765463409,1,"NM_001288613",-0.532850416150974,0.5048765463409,0.891942218366165,TRUE,TRUE,TRUE,"Forebrain + Hindbrain + Midbrain",FALSE,FALSE
"Cyp26b1","Cyp26b1",2,0.50497473127621,1,"NM_175475",-3.46777746538676,0.50497473127621,0.891943153389077,TRUE,TRUE,TRUE,"Forebrain + Hindbrain + Midbrain",FALSE,FALSE
"Car12","Car12",2,0.50540088137788,1,"NM_178396",-3.69730677520987,0.50540088137788,0.8919651071595,TRUE,TRUE,FALSE,"Forebrain + Hindbrain",FALSE,FALSE
"Rnpep","Rnpep",2,0.505550192969683,1,"NM_145417",-0.271862134571079,0.505550192969683,0.8919651071595,NA,NA,NA,NA,FALSE,FALSE
"Pomc","Pomc",2,0.505615553045438,1,"NM_008895",-5.1080378849572,0.505615553045438,0.8919651071595,TRUE,TRUE,TRUE,"Forebrain + Hindbrain + Midbrain",FALSE,FALSE
"Rrbp1","Rrbp1",2,0.506129625414837,1,"NM_024281",-1.3334153687503,0.506129625414837,0.892564430806566,TRUE,TRUE,TRUE,"Forebrain + Hindbrain + Midbrain",FALSE,FALSE
"Rxra","Rxra",3,0.506172276076528,1,"NM_001290481",1.42593713405578,0.506172276076528,0.892564430806566,NA,NA,NA,NA,FALSE,FALSE
"Mrvi1","Mrvi1",2,0.506651391817497,1,"NM_010826",-2.09468712180867,0.506651391817497,0.89277140868598,NA,NA,NA,NA,FALSE,FALSE
"Scamp5","Scamp5",3,0.506945683918175,1,"NM_001301635",1.12549848799146,0.506945683918175,0.893034937837299,TRUE,TRUE,TRUE,"Forebrain + Hindbrain + Midbrain",FALSE,FALSE
"Ahcyl2","Ahcyl2",3,0.507292552039715,1,"NM_001171000",-1.38627154485532,0.507292552039715,0.893263426394133,TRUE,TRUE,FALSE,"Forebrain + Hindbrain",FALSE,FALSE
"Pdgfrb","Pdgfrb",2,0.50756303527617,1,"NM_001146268",-0.281597485187111,0.50756303527617,0.893484715450491,TRUE,TRUE,FALSE,"Forebrain + Hindbrain",FALSE,FALSE
"Sh2b3","Sh2b3",2,0.508277269623895,1,"NM_008507",-0.660723108062957,0.508277269623895,0.893890425337319,TRUE,TRUE,TRUE,"Forebrain + Hindbrain + Midbrain",FALSE,FALSE
"Specc1","Specc1",2,0.508341342144714,1,"NM_001029936",-0.308875884558105,0.508341342144714,0.893890425337319,NA,NA,NA,NA,FALSE,FALSE
"B230354K17Rik","B230354K17Rik",2,0.50881912594478,1,"NR_130960",-0.701881305918069,0.50881912594478,0.893910594270869,TRUE,TRUE,TRUE,"Forebrain + Hindbrain + Midbrain",FALSE,FALSE
"Fam49a","Fam49a",2,0.509182725734408,1,"NM_029758",-0.244252869100035,0.509182725734408,0.894049069066808,TRUE,TRUE,FALSE,"Forebrain + Hindbrain",FALSE,FALSE
"D630023F18Rik","D630023F18Rik",3,0.509898485676319,1,"NM_001285881",1.2337611978367,0.509898485676319,0.894473204795815,NA,NA,NA,NA,FALSE,FALSE
"Nmb","Nmb",2,0.510070175661579,1,"NM_026523",-0.619068803464325,0.510070175661579,0.894473204795815,TRUE,TRUE,TRUE,"Forebrain + Hindbrain + Midbrain",FALSE,FALSE
"Skp2","Skp2",2,0.510204822053588,1,"NM_013787",-1.27597951947217,0.510204822053588,0.894473204795815,NA,NA,NA,NA,FALSE,FALSE
"Chd5","Chd5",2,0.510408298954651,1,"NM_001081376",-3.71585518399621,0.510408298954651,0.894473204795815,TRUE,TRUE,TRUE,"Forebrain + Hindbrain + Midbrain",FALSE,FALSE
"Gemin5","Gemin5",4,0.510909581304343,1,"NM_001166671",-1.74100894404234,0.510909581304343,0.894780617839284,TRUE,TRUE,TRUE,"Forebrain + Hindbrain + Midbrain",FALSE,FALSE
"Stat5a","Stat5a",2,0.511149052804078,1,"NM_011488",-0.975238125567914,0.511149052804078,0.894855444841573,NA,NA,NA,NA,FALSE,FALSE
"Lat2","Lat2",2,0.511279545696883,1,"NM_022964",-1.72990872485077,0.511279545696883,0.894888777540851,TRUE,TRUE,TRUE,"Forebrain + Hindbrain + Midbrain",FALSE,FALSE
"Spaca1","Spaca1",2,0.511629526394379,1,"NM_001290443",-1.669943786454,0.511629526394379,0.895152184277136,FALSE,FALSE,TRUE,"Midbrain only",FALSE,FALSE
"Trp73","Trp73",3,0.511987719172757,1,"NM_011642",2.27424574093428,0.511987719172757,0.89527114277906,NA,NA,NA,NA,FALSE,FALSE
"Lrrtm4","Lrrtm4",3,0.512869603414152,1,"NM_001134743",-0.903821679675347,0.512869603414152,0.896051381301237,TRUE,TRUE,TRUE,"Forebrain + Hindbrain + Midbrain",FALSE,FALSE
"Zap70","Zap70",4,0.513721272100953,1,"NM_001289765",-2.2859207296993,0.513721272100953,0.896523900116781,NA,NA,NA,NA,FALSE,FALSE
"Vdac3","Vdac3",2,0.514285793884434,1,"NM_001198998",-3.81893401518859,0.514285793884434,0.896796239023637,TRUE,TRUE,TRUE,"Forebrain + Hindbrain + Midbrain",FALSE,FALSE
"E2f2","E2f2",2,0.514286575945641,1,"NM_177733",-0.652453080303523,0.514286575945641,0.896796239023637,FALSE,FALSE,TRUE,"Midbrain only",FALSE,FALSE
"Spata24","Spata24",2,0.514386043744676,1,"NM_027733",-0.216593874474716,0.514386043744676,0.896796239023637,TRUE,FALSE,TRUE,"Forebrain + Midbrain",FALSE,FALSE
"Trp53bp1","Trp53bp1",2,0.514594428655575,1,"NM_001290830",-3.2400753577526,0.514594428655575,0.896849401703072,TRUE,TRUE,TRUE,"Forebrain + Hindbrain + Midbrain",FALSE,FALSE
"Lyrm5","Lyrm5",2,0.514687037482907,1,"NM_133688",-0.233153169835208,0.514687037482907,0.896849401703072,NA,NA,NA,NA,FALSE,FALSE
"Vmac","Vmac",2,0.514892067570212,1,"NM_001166474",-0.28232233073553,0.514892067570212,0.896849401703072,TRUE,TRUE,TRUE,"Forebrain + Hindbrain + Midbrain",FALSE,FALSE
"Gcat","Gcat",2,0.514924952744161,1,"NM_001161712",-0.489076902030429,0.514924952744161,0.896849401703072,TRUE,TRUE,FALSE,"Forebrain + Hindbrain",FALSE,FALSE
"U2af2","U2af2",2,0.515947071792711,1,"NM_133671",-0.145474898635203,0.515947071792711,0.89799532664627,NA,NA,NA,NA,FALSE,FALSE
"Tek","Tek",2,0.516410747924387,1,"NM_001290549",-0.340699247899363,0.516410747924387,0.898322213244366,FALSE,FALSE,TRUE,"Midbrain only",FALSE,FALSE
"Syt7","Syt7",3,0.516490774501331,1,"NM_173067",0.702734083810384,0.516490774501331,0.898322213244366,TRUE,TRUE,TRUE,"Forebrain + Hindbrain + Midbrain",FALSE,FALSE
"1700099I09Rik","1700099I09Rik",2,0.51693271935682,1,"NR_130171",-3.90826750544047,0.51693271935682,0.898322213244366,NA,NA,NA,NA,FALSE,FALSE
"Brd3","Brd3",3,0.51709867893021,1,"NM_001113574",-0.649813289505806,0.51709867893021,0.898322213244366,TRUE,TRUE,TRUE,"Forebrain + Hindbrain + Midbrain",FALSE,FALSE
"Tspan5","Tspan5",2,0.517245684999089,1,"NM_019571",-0.535675175597519,0.517245684999089,0.898322213244366,TRUE,TRUE,TRUE,"Forebrain + Hindbrain + Midbrain",FALSE,FALSE
"Rnaseh1","Rnaseh1",3,0.517412557828444,1,"NR_104608",-2.21475934163454,0.517412557828444,0.898322213244366,NA,NA,NA,NA,FALSE,FALSE
"Exoc3l4","Exoc3l4",4,0.517497111008982,1,"NM_028807",2.2662891656593,0.517497111008982,0.898322213244366,NA,NA,NA,NA,FALSE,FALSE
"Akt1s1","Akt1s1",4,0.517673185928537,1,"NM_001253920",0.170172547205079,0.517673185928537,0.898322213244366,TRUE,TRUE,TRUE,"Forebrain + Hindbrain + Midbrain",FALSE,FALSE
"Srsf1","Srsf1",2,0.517809230373353,1,"NM_001078167",-0.101727187722393,0.517809230373353,0.898322213244366,TRUE,TRUE,TRUE,"Forebrain + Hindbrain + Midbrain",FALSE,FALSE
"Heph","Heph",3,0.51865487360587,1,"NM_001159628",0.888455631949465,0.51865487360587,0.899030922924067,NA,NA,NA,NA,FALSE,FALSE
"Gm1976","Gm1976",2,0.519072978550865,1,"NR_045963",-1.79867260355277,0.519072978550865,0.899373973729208,NA,NA,NA,NA,FALSE,FALSE
"Hsdl2","Hsdl2",2,0.519209785310389,1,"NM_024255",-0.457368276747654,0.519209785310389,0.899373973729208,NA,NA,NA,NA,FALSE,FALSE
"Zfp934","Zfp934",2,0.519871519068289,1,"NM_175252",-0.587137541732676,0.519871519068289,0.899960384871607,NA,NA,NA,NA,FALSE,FALSE
"Hps3","Hps3",3,0.520210466201394,1,"NM_001146323",-3.61634295627432,0.520210466201394,0.900061597039234,TRUE,TRUE,TRUE,"Forebrain + Hindbrain + Midbrain",FALSE,FALSE
"Sh3gl1","Sh3gl1",2,0.520526581271027,1,"NM_001252471",-1.00893629401583,0.520526581271027,0.900246445505232,NA,NA,NA,NA,FALSE,FALSE
"Aifm3","Aifm3",2,0.520683371061085,1,"NM_001291070",-3.25853364102372,0.520683371061085,0.900246445505232,TRUE,TRUE,TRUE,"Forebrain + Hindbrain + Midbrain",FALSE,FALSE
"Vps25","Vps25",4,0.520879382150249,1,"NM_001284411",-0.385230206583524,0.520879382150249,0.900246445505232,TRUE,TRUE,TRUE,"Forebrain + Hindbrain + Midbrain",FALSE,FALSE
"Mpst","Mpst",2,0.521097752931213,1,"NM_001162493",-1.293479965257,0.521097752931213,0.900356520746453,FALSE,FALSE,TRUE,"Midbrain only",FALSE,FALSE
"2210408I21Rik","2210408I21Rik",2,0.52159161955904,1,"NM_001145676",-0.32075604929253,0.52159161955904,0.900659430466495,FALSE,FALSE,TRUE,"Midbrain only",FALSE,FALSE
"9430015G10Rik","9430015G10Rik",2,0.522248009409308,1,"NM_145557",-1.1914462888641,0.522248009409308,0.900659430466495,TRUE,TRUE,TRUE,"Forebrain + Hindbrain + Midbrain",FALSE,FALSE
"Mttp","Mttp",2,0.522367872272991,1,"NM_008642",-0.612012485135094,0.522367872272991,0.900659430466495,NA,NA,NA,NA,FALSE,FALSE
"Traf7","Traf7",3,0.522734613335156,1,"NM_001172113",-0.178432765731131,0.522734613335156,0.901082287624055,NA,NA,NA,NA,FALSE,FALSE
"Atp6v1c2","Atp6v1c2",2,0.522798858143951,1,"NM_001159632",-2.54860904718771,0.522798858143951,0.901082287624055,NA,NA,NA,NA,FALSE,FALSE
"Ubxn10","Ubxn10",3,0.523580141571905,1,"NR_104373",-0.975119342763744,0.523580141571905,0.901468502873506,TRUE,TRUE,FALSE,"Forebrain + Hindbrain",FALSE,FALSE
"Mecom","Mecom",2,0.523588549863868,1,"NM_021442",-0.42434596628432,0.523588549863868,0.901468502873506,FALSE,FALSE,TRUE,"Midbrain only",FALSE,FALSE
"Hax1","Hax1",2,0.523648913904782,1,"NM_001282032",-1.19552808326229,0.523648913904782,0.901468502873506,NA,NA,NA,NA,FALSE,FALSE
"Nap1l1","Nap1l1",2,0.52377904844402,1,"NM_001146707",-0.080290777481439,0.52377904844402,0.901468502873506,NA,NA,NA,NA,FALSE,FALSE
"Slc22a8","Slc22a8",3,0.524107141089426,1,"NM_001164635",2.92094832140016,0.524107141089426,0.901894034450357,NA,NA,NA,NA,FALSE,FALSE
"Accs","Accs",2,0.524591338712409,1,"NM_001290782",-0.669241433019449,0.524591338712409,0.902475549938816,NA,NA,NA,NA,FALSE,FALSE
"Lhfpl3","Lhfpl3",2,0.524987434719789,1,"NM_029990",-1.64137971007828,0.524987434719789,0.902753270432976,FALSE,FALSE,TRUE,"Midbrain only",FALSE,FALSE
"Slc37a1","Slc37a1",2,0.525484338859,1,"NM_001242427",-0.543443317731022,0.525484338859,0.902753270432976,TRUE,TRUE,TRUE,"Forebrain + Hindbrain + Midbrain",FALSE,FALSE
"Rlbp1","Rlbp1",2,0.526285370460341,1,"NM_001173483",-2.55606587393502,0.526285370460341,0.90350048295501,TRUE,TRUE,FALSE,"Forebrain + Hindbrain",FALSE,FALSE
"Kcnk2","Kcnk2",4,0.526723373458159,1,"NM_010607",0.919428523363019,0.526723373458159,0.9039404134456,NA,NA,NA,NA,FALSE,FALSE
"Ccdc109b","Ccdc109b",2,0.527032270838428,1,"NM_001293644",-1.1411869918696,0.527032270838428,0.904140698788185,FALSE,FALSE,TRUE,"Midbrain only",FALSE,FALSE
"Eno2","Eno2",2,0.52712236838227,1,"NM_001302642",-0.927705394409672,0.52712236838227,0.904140698788185,TRUE,TRUE,TRUE,"Forebrain + Hindbrain + Midbrain",FALSE,FALSE
"Wasl","Wasl",2,0.527420279356298,1,"NM_028459",-0.161345767813839,0.527420279356298,0.904185568272775,TRUE,TRUE,TRUE,"Forebrain + Hindbrain + Midbrain",FALSE,FALSE
"9430091E24Rik","9430091E24Rik",2,0.52786026915536,1,"NR_040364",-1.42716801038553,0.52786026915536,0.904442616131234,NA,NA,NA,NA,FALSE,FALSE
"Rab11fip2","Rab11fip2",2,0.528376318344179,1,"NM_001164367",-0.376028178353823,0.528376318344179,0.904573219806766,NA,NA,NA,NA,FALSE,FALSE
"Clec5a","Clec5a",2,0.528813313066065,1,"NM_021364",-1.3996195013585,0.528813313066065,0.905070219588798,NA,NA,NA,NA,FALSE,FALSE
"Pcsk6","Pcsk6",2,0.529685715741776,1,"NM_001291184",-1.30846026846142,0.529685715741776,0.905637651067129,NA,NA,NA,NA,FALSE,FALSE
"Smyd1","Smyd1",2,0.529777175326556,1,"NM_009762",-1.30402607376444,0.529777175326556,0.905637651067129,NA,NA,NA,NA,FALSE,FALSE
"C87436","C87436",3,0.529901566158074,1,"NM_001243741",-0.189259412179721,0.529901566158074,0.905637651067129,TRUE,TRUE,TRUE,"Forebrain + Hindbrain + Midbrain",FALSE,FALSE
"Api5","Api5",2,0.530006362375595,1,"NM_007466",-0.137047789935501,0.530006362375595,0.905637651067129,FALSE,FALSE,TRUE,"Midbrain only",FALSE,FALSE
"Telo2","Telo2",2,0.530340067054959,1,"NM_027880",-0.535842359577156,0.530340067054959,0.905771288051973,NA,NA,NA,NA,FALSE,FALSE
"Rara","Rara",4,0.530499347787369,1,"NM_001177302",-1.26672926340803,0.530499347787369,0.905771288051973,TRUE,TRUE,FALSE,"Forebrain + Hindbrain",FALSE,FALSE
"C5ar1","C5ar1",2,0.530743769604969,1,"NM_001173550",-2.53345670728293,0.530743769604969,0.905947887192772,NA,NA,NA,NA,FALSE,FALSE
"Enoph1","Enoph1",3,0.531055737906949,1,"NM_001163035",0.58345086606508,0.531055737906949,0.906143225355606,TRUE,TRUE,TRUE,"Forebrain + Hindbrain + Midbrain",FALSE,FALSE
"Lrrc9","Lrrc9",3,0.531204530677705,1,"NM_030070",1.1217381042617,0.531204530677705,0.90620100359694,NA,NA,NA,NA,FALSE,FALSE
"Chrm1","Chrm1",2,0.531483967582109,1,"NM_001112697",-2.78533783753143,0.531483967582109,0.906237832154351,NA,NA,NA,NA,FALSE,FALSE
"Tk2","Tk2",2,0.53154290105795,1,"NR_045642",-0.346578333845568,0.53154290105795,0.906237832154351,TRUE,TRUE,TRUE,"Forebrain + Hindbrain + Midbrain",FALSE,FALSE
"Nap1l4","Nap1l4",3,0.531596134683678,1,"NM_008672",-0.10629692559063,0.531596134683678,0.906237832154351,TRUE,TRUE,TRUE,"Forebrain + Hindbrain + Midbrain",FALSE,FALSE
"Atp5sl","Atp5sl",2,0.531639363280493,1,"NM_001290487",-0.123993066882798,0.531639363280493,0.906237832154351,NA,NA,NA,NA,FALSE,FALSE
"Prorsd1","Prorsd1",2,0.531698695688614,1,"NM_001163454",-0.285657072356586,0.531698695688614,0.906237832154351,TRUE,TRUE,FALSE,"Forebrain + Hindbrain",FALSE,FALSE
"Lcp1","Lcp1",2,0.532384835455945,1,"NM_001247984",-0.318195702738644,0.532384835455945,0.906836577547531,TRUE,TRUE,TRUE,"Forebrain + Hindbrain + Midbrain",FALSE,FALSE
"Patz1","Patz1",5,0.53262052137007,1,"NM_001253690",0.800467141359576,0.53262052137007,0.906836577547531,TRUE,TRUE,TRUE,"Forebrain + Hindbrain + Midbrain",FALSE,FALSE
"Wwp1","Wwp1",4,0.532670177608268,1,"NR_074090",0.329180257942073,0.532670177608268,0.906836577547531,TRUE,TRUE,TRUE,"Forebrain + Hindbrain + Midbrain",FALSE,FALSE
"Robo4","Robo4",2,0.532726371209779,1,"NM_028783",-0.596159769743233,0.532726371209779,0.906836577547531,NA,NA,NA,NA,FALSE,FALSE
"Irf8","Irf8",2,0.533240391918271,1,"NM_008320",-0.927235416436529,0.533240391918271,0.906836577547531,NA,NA,NA,NA,FALSE,FALSE
"Fkbp10","Fkbp10",2,0.533538953194158,1,"NM_010221",-1.06664389760047,0.533538953194158,0.90688789337432,NA,NA,NA,NA,FALSE,FALSE
"Cntnap2","Cntnap2",2,0.533849760739186,1,"NM_001004357",-0.99202874348693,0.533849760739186,0.90688789337432,TRUE,TRUE,TRUE,"Forebrain + Hindbrain + Midbrain",FALSE,FALSE
"Igsf9","Igsf9",2,0.533994082605454,1,"NM_033608",-0.674941762003417,0.533994082605454,0.90688789337432,TRUE,TRUE,TRUE,"Forebrain + Hindbrain + Midbrain",FALSE,FALSE
"Wnt5b","Wnt5b",3,0.534283252090032,1,"NM_001271757",-2.52310840589076,0.534283252090032,0.90688789337432,TRUE,TRUE,TRUE,"Forebrain + Hindbrain + Midbrain",FALSE,FALSE
"Amigo1","Amigo1",3,0.534574738130122,1,"NM_146137",-0.7918716814746,0.534574738130122,0.90688789337432,TRUE,TRUE,TRUE,"Forebrain + Hindbrain + Midbrain",FALSE,FALSE
"Tnfaip1","Tnfaip1",2,0.534801941811561,1,"NM_009395",-0.205587001279197,0.534801941811561,0.90688789337432,FALSE,FALSE,TRUE,"Midbrain only",FALSE,FALSE
"Aen","Aen",2,0.535633460071088,1,"NM_001162939",-0.146694818177188,0.535633460071088,0.907581760224856,TRUE,TRUE,TRUE,"Forebrain + Hindbrain + Midbrain",FALSE,FALSE
"Fbxo3","Fbxo3",2,0.535835052331807,1,"NM_020593",-0.0756646232655243,0.535835052331807,0.907581760224856,NA,NA,NA,NA,FALSE,FALSE
"Edil3","Edil3",2,0.536205568807652,1,"NM_001037987",-0.943849042944167,0.536205568807652,0.907775650855594,TRUE,TRUE,FALSE,"Forebrain + Hindbrain",FALSE,FALSE
"Muc15","Muc15",2,0.536283372208963,1,"NM_001290786",-2.07817562516614,0.536283372208963,0.907782827580056,NA,NA,NA,NA,FALSE,FALSE
"Pdgfra","Pdgfra",2,0.536791142083043,1,"NM_001083316",-0.711256121699431,0.536791142083043,0.90810765791062,TRUE,TRUE,TRUE,"Forebrain + Hindbrain + Midbrain",FALSE,FALSE
"Trpc7","Trpc7",3,0.537381658569226,1,"NM_001302373",1.33790872434369,0.537381658569226,0.908371589270886,NA,NA,NA,NA,FALSE,FALSE
"Wdr44","Wdr44",2,0.537624800940658,1,"NM_001305675",-0.82403860119695,0.537624800940658,0.908557935306454,NA,NA,NA,NA,FALSE,FALSE
"Sphk1","Sphk1",5,0.537990856639092,1,"NM_011451",-2.52800094456535,0.537990856639092,0.908927597333844,TRUE,TRUE,TRUE,"Forebrain + Hindbrain + Midbrain",FALSE,FALSE
"Tmem14a","Tmem14a",2,0.53808461685374,1,"NM_029398",-0.235451344014642,0.53808461685374,0.908961556738555,TRUE,TRUE,FALSE,"Forebrain + Hindbrain",FALSE,FALSE
"Gm2694","Gm2694",2,0.538270737485244,1,"NR_033430",-0.792732747793833,0.538270737485244,0.908967440494017,FALSE,FALSE,TRUE,"Midbrain only",FALSE,FALSE
"Mrps33","Mrps33",2,0.538523957819368,1,"NM_010270",-0.136343316464621,0.538523957819368,0.908967440494017,NA,NA,NA,NA,FALSE,FALSE
"Ptk2","Ptk2",2,0.539100209080961,1,"NM_001130409",-0.197363305521653,0.539100209080961,0.908967440494017,NA,NA,NA,NA,FALSE,FALSE
"Amph","Amph",2,0.539487644584942,1,"NM_001289546",-1.42227596235823,0.539487644584942,0.908967440494017,TRUE,TRUE,FALSE,"Forebrain + Hindbrain",FALSE,FALSE
"Ly6a","Ly6a",3,0.539809750424236,1,"NM_001271417",-2.68809773321861,0.539809750424236,0.909237906642309,NA,NA,NA,NA,FALSE,FALSE
"Gm3317","Gm3317",2,0.539831562248752,1,"NM_001242941_1",-4.26163836970869,0.539831562248752,0.909237906642309,FALSE,TRUE,FALSE,"Hindbrain only",FALSE,FALSE
"Dmrtc1a","Dmrtc1a",3,0.539927241508299,1,"NM_029378",2.58895855893118,0.539927241508299,0.909237906642309,TRUE,TRUE,FALSE,"Forebrain + Hindbrain",FALSE,FALSE
"Adam9","Adam9",2,0.540352999928064,1,"NM_001270996",-0.2546532850175,0.540352999928064,0.909248040484492,TRUE,TRUE,FALSE,"Forebrain + Hindbrain",FALSE,FALSE
"Tmc8","Tmc8",3,0.540646767363612,1,"NM_181856",-1.93136168775541,0.540646767363612,0.909248040484492,NA,NA,NA,NA,FALSE,FALSE
"Rbm18","Rbm18",3,0.540708953491469,1,"NR_027515",-0.258542588051038,0.540708953491469,0.909248040484492,TRUE,TRUE,FALSE,"Forebrain + Hindbrain",FALSE,FALSE
"Tbxa2r","Tbxa2r",2,0.540791050863624,1,"NM_009325",-0.429188156312822,0.540791050863624,0.909248040484492,TRUE,TRUE,TRUE,"Forebrain + Hindbrain + Midbrain",FALSE,FALSE
"Unk","Unk",2,0.540793454694502,1,"NM_001286006",-0.473666328086659,0.540793454694502,0.909248040484492,TRUE,TRUE,TRUE,"Forebrain + Hindbrain + Midbrain",FALSE,FALSE
"Ubr3","Ubr3",2,0.541516327674914,1,"NM_001303033",-0.353034085086896,0.541516327674914,0.909248040484492,TRUE,TRUE,TRUE,"Forebrain + Hindbrain + Midbrain",FALSE,FALSE
"Synpo","Synpo",2,0.541697042182894,1,"NM_001109975",-0.437064523595058,0.541697042182894,0.909248040484492,FALSE,FALSE,TRUE,"Midbrain only",FALSE,FALSE
"Rngtt","Rngtt",2,0.541898604113525,1,"NM_011884",-2.42139657502159,0.541898604113525,0.909248040484492,NA,NA,NA,NA,FALSE,FALSE
"Foxg1","Foxg1",2,0.542090324931055,1,"NM_008241",-1.32280360522753,0.542090324931055,0.909248040484492,NA,NA,NA,NA,FALSE,FALSE
"Samd3","Samd3",2,0.542099156291045,1,"NM_001013766",-0.915841082271776,0.542099156291045,0.909248040484492,NA,NA,NA,NA,FALSE,FALSE
"Kif9","Kif9",2,0.542221268689266,1,"NM_010628",-0.430884649969481,0.542221268689266,0.909248040484492,TRUE,TRUE,FALSE,"Forebrain + Hindbrain",FALSE,FALSE
"AI854517","AI854517",4,0.542380455916236,1,"NR_040312",1.54889105252177,0.542380455916236,0.909248040484492,TRUE,TRUE,TRUE,"Forebrain + Hindbrain + Midbrain",FALSE,FALSE
"Stxbp5l","Stxbp5l",4,0.542652070731435,1,"NM_001114611",1.80897543360416,0.542652070731435,0.909456275000124,NA,NA,NA,NA,FALSE,FALSE
"3010001F23Rik","3010001F23Rik",2,0.543410930867411,1,"NR_045451",-0.725828050764187,0.543410930867411,0.909847769832951,NA,NA,NA,NA,FALSE,FALSE
"Ralgapb","Ralgapb",2,0.543515702297639,1,"NM_001291137",-2.6455647579888,0.543515702297639,0.909847769832951,FALSE,FALSE,TRUE,"Midbrain only",FALSE,FALSE
"C1qtnf3","C1qtnf3",2,0.543633808617245,1,"NM_030888",-0.76945990908049,0.543633808617245,0.909847769832951,TRUE,TRUE,FALSE,"Forebrain + Hindbrain",FALSE,FALSE
"St18","St18",4,0.54396768795989,1,"NM_001244692",2.37689165627269,0.54396768795989,0.909847769832951,TRUE,TRUE,FALSE,"Forebrain + Hindbrain",FALSE,FALSE
"Scn9a","Scn9a",2,0.544161064635819,1,"NM_001290674",-0.657241374779469,0.544161064635819,0.909847769832951,NA,NA,NA,NA,FALSE,FALSE
"Zfp574","Zfp574",2,0.54428203079892,1,"NM_175477",-0.366975386371915,0.54428203079892,0.909847769832951,FALSE,FALSE,TRUE,"Midbrain only",FALSE,FALSE
"Mthfr","Mthfr",3,0.544374828176748,1,"NM_001161798",3.4166889448812,0.544374828176748,0.909847769832951,TRUE,TRUE,TRUE,"Forebrain + Hindbrain + Midbrain",FALSE,FALSE
"Cpq","Cpq",2,0.544535129030832,1,"NM_018755",-0.803343499170772,0.544535129030832,0.909847769832951,NA,NA,NA,NA,FALSE,FALSE
"Snx7","Snx7",2,0.544777442993783,1,"NM_029655",-1.07530906123038,0.544777442993783,0.909847769832951,NA,NA,NA,NA,FALSE,FALSE
"Dhrs3","Dhrs3",2,0.544790898443963,1,"NM_001172424",-0.483160238619797,0.544790898443963,0.909847769832951,TRUE,TRUE,FALSE,"Forebrain + Hindbrain",FALSE,FALSE
"Hgs","Hgs",2,0.544890555775765,1,"NM_001159328",-0.222188010224497,0.544890555775765,0.909847769832951,NA,NA,NA,NA,FALSE,FALSE
"Psmd2","Psmd2",2,0.545371391491165,1,"NM_134101",-0.32927290062218,0.545371391491165,0.909847769832951,NA,NA,NA,NA,FALSE,FALSE
"Zfp862-ps","Zfp862-ps",2,0.545900897823132,1,"NR_015597",-0.52182988844007,0.545900897823132,0.910326632315872,NA,NA,NA,NA,FALSE,FALSE
"Aip","Aip",2,0.546109419195342,1,"NM_016666",-0.239218027820024,0.546109419195342,0.910428294092207,TRUE,TRUE,TRUE,"Forebrain + Hindbrain + Midbrain",FALSE,FALSE
"Fzd5","Fzd5",2,0.546460174842824,1,"NM_001042659",-1.40027744885747,0.546460174842824,0.910766958071374,NA,NA,NA,NA,FALSE,FALSE
"Spred1","Spred1",2,0.547229303463499,1,"NM_033524",-0.426553388958188,0.547229303463499,0.910889907507345,TRUE,TRUE,TRUE,"Forebrain + Hindbrain + Midbrain",FALSE,FALSE
"U2af1","U2af1",2,0.547276796985024,1,"NM_001163769",-0.152727810462505,0.547276796985024,0.910889907507345,TRUE,TRUE,TRUE,"Forebrain + Hindbrain + Midbrain",FALSE,FALSE
"Fyttd1","Fyttd1",2,0.547482988982145,1,"NM_001159349",-0.294082525064747,0.547482988982145,0.910889907507345,NA,NA,NA,NA,FALSE,FALSE
"Tcirg1","Tcirg1",3,0.547606663045795,1,"NM_001167784",1.01056613552778,0.547606663045795,0.910889907507345,TRUE,TRUE,TRUE,"Forebrain + Hindbrain + Midbrain",FALSE,FALSE
"BC051142","BC051142",2,0.54765369226741,1,"NM_001001177",-1.51074831109238,0.54765369226741,0.910889907507345,NA,NA,NA,NA,FALSE,FALSE
"Tead2","Tead2",3,0.549540545587102,1,"NM_001285500",1.3524489045632,0.549540545587102,0.912695872482482,TRUE,TRUE,TRUE,"Forebrain + Hindbrain + Midbrain",FALSE,FALSE
"Atp11c","Atp11c",2,0.550245210991995,1,"NM_001037863",-0.825217951664891,0.550245210991995,0.913366650234652,TRUE,TRUE,TRUE,"Forebrain + Hindbrain + Midbrain",FALSE,FALSE
"Tead3","Tead3",3,0.55054796347329,1,"NM_001204156",1.25991163021248,0.55054796347329,0.913366650234652,FALSE,FALSE,TRUE,"Midbrain only",FALSE,FALSE
"Tyms","Tyms",2,0.550753179362802,1,"NR_033402",-0.290609889141032,0.550753179362802,0.913366650234652,FALSE,FALSE,TRUE,"Midbrain only",FALSE,FALSE
"Rapgef3","Rapgef3",3,0.551019182099296,1,"NM_001177811",1.72521289942012,0.551019182099296,0.913366650234652,NA,NA,NA,NA,FALSE,FALSE
"Aanat","Aanat",2,0.551035131911302,1,"NR_033223",-1.96341160887572,0.551035131911302,0.913366650234652,NA,NA,NA,NA,FALSE,FALSE
"Mum1l1","Mum1l1",4,0.551060004462376,1,"NM_001164632",-0.383559693920127,0.551060004462376,0.913366650234652,TRUE,TRUE,TRUE,"Forebrain + Hindbrain + Midbrain",FALSE,FALSE
"Cuta","Cuta",3,0.551144039475269,1,"NR_104458",0.12856324448281,0.551144039475269,0.913366650234652,TRUE,TRUE,TRUE,"Forebrain + Hindbrain + Midbrain",FALSE,FALSE
"Klhl15","Klhl15",3,0.551276726981174,1,"NM_001039060",0.53747006461454,0.551276726981174,0.913366650234652,TRUE,TRUE,TRUE,"Forebrain + Hindbrain + Midbrain",FALSE,FALSE
"Fam212b","Fam212b",2,0.551537731954758,1,"NM_001163356",-2.53455717994671,0.551537731954758,0.913676414595478,NA,NA,NA,NA,FALSE,FALSE
"Gtf2a1","Gtf2a1",2,0.551650803014425,1,"NM_031391",-2.11150245503992,0.551650803014425,0.913741061637315,NA,NA,NA,NA,FALSE,FALSE
"Myadml2","Myadml2",2,0.552251629202462,1,"NM_001204820",-0.955792206591035,0.552251629202462,0.914176655587326,NA,NA,NA,NA,FALSE,FALSE
"Tctn1","Tctn1",2,0.552251846760296,1,"NR_104441",-2.200113207231,0.552251846760296,0.914176655587326,NA,NA,NA,NA,FALSE,FALSE
"Slc38a3","Slc38a3",3,0.553234828481177,1,"NM_001199218",2.14006738149418,0.553234828481177,0.915330072331086,TRUE,TRUE,FALSE,"Forebrain + Hindbrain",FALSE,FALSE
"Zfp2","Zfp2",4,0.553375818025355,1,"NM_001044698",0.371960436330148,0.553375818025355,0.915330072331086,NA,NA,NA,NA,FALSE,FALSE
"Tnfaip8","Tnfaip8",2,0.553401317895929,1,"NM_134131",-0.32015511174125,0.553401317895929,0.915330072331086,TRUE,FALSE,TRUE,"Forebrain + Midbrain",FALSE,FALSE
"Gm3383","Gm3383",3,0.553592935912476,1,"NM_001291093",5.91893951485112,0.553592935912476,0.915330072331086,TRUE,TRUE,TRUE,"Forebrain + Hindbrain + Midbrain",FALSE,FALSE
"Nedd4l","Nedd4l",2,0.553824835176182,1,"NM_001114386",-0.491836305317664,0.553824835176182,0.915330072331086,NA,NA,NA,NA,FALSE,FALSE
"Tnfsf13","Tnfsf13",2,0.553909003373175,1,"NM_023517",-2.67284544502602,0.553909003373175,0.915330072331086,NA,NA,NA,NA,FALSE,FALSE
"Tfcp2","Tfcp2",2,0.554351301023469,1,"NM_001289603",-1.51723386741427,0.554351301023469,0.915334288364506,NA,NA,NA,NA,FALSE,FALSE
"Nkain2","Nkain2",2,0.554454447815225,1,"NM_001013411",-1.18183226602641,0.554454447815225,0.915334288364506,NA,NA,NA,NA,FALSE,FALSE
"Pradc1","Pradc1",3,0.554746814979861,1,"NM_028505",-1.66690501774869,0.554746814979861,0.915334288364506,TRUE,TRUE,TRUE,"Forebrain + Hindbrain + Midbrain",FALSE,FALSE
"Lin9","Lin9",2,0.555289808934118,1,"NR_120498",-1.67755292106022,0.555289808934118,0.915334288364506,NA,NA,NA,NA,FALSE,FALSE
"Plp1","Plp1",2,0.555481729084011,1,"NM_001290561",-0.670687241611079,0.555481729084011,0.915334288364506,TRUE,TRUE,FALSE,"Forebrain + Hindbrain",FALSE,FALSE
"8430408G22Rik","8430408G22Rik",2,0.555571876085843,1,"NM_001166580",-0.404820168145754,0.555571876085843,0.915334288364506,FALSE,FALSE,TRUE,"Midbrain only",FALSE,FALSE
"Svip","Svip",2,0.55573506617123,1,"NR_027704",-3.37216989546915,0.55573506617123,0.915334288364506,FALSE,FALSE,TRUE,"Midbrain only",FALSE,FALSE
"5730409E04Rik","5730409E04Rik",2,0.555811734177429,1,"NM_001145950",-0.888118568925426,0.555811734177429,0.915334288364506,FALSE,FALSE,TRUE,"Midbrain only",FALSE,FALSE
"Ttbk2","Ttbk2",3,0.555948009257232,1,"NM_080788",1.33255404252302,0.555948009257232,0.915334288364506,NA,NA,NA,NA,FALSE,FALSE
"Socs1","Socs1",2,0.556103228928041,1,"NM_001271603",-0.508589504482444,0.556103228928041,0.915334288364506,TRUE,TRUE,TRUE,"Forebrain + Hindbrain + Midbrain",FALSE,FALSE
"Duxbl2","Duxbl2",3,0.556243835115887,1,"NM_001177538_1",8.12065989177229,0.556243835115887,0.915334288364506,NA,NA,NA,NA,FALSE,FALSE
"Relb","Relb",2,0.556434734326729,1,"NM_001290457",-2.15882157140308,0.556434734326729,0.915334288364506,FALSE,FALSE,TRUE,"Midbrain only",FALSE,FALSE
"Kat2a","Kat2a",2,0.556525047613111,1,"NM_001038010",-0.206498237626199,0.556525047613111,0.915334288364506,TRUE,TRUE,TRUE,"Forebrain + Hindbrain + Midbrain",FALSE,FALSE
"Ndufv2","Ndufv2",2,0.556661201935616,1,"NM_001278415",-0.791054098172497,0.556661201935616,0.915334288364506,NA,NA,NA,NA,FALSE,FALSE
"D630003M21Rik","D630003M21Rik",2,0.556920055604035,1,"NM_001131021",-0.587179354304816,0.556920055604035,0.915334288364506,NA,NA,NA,NA,FALSE,FALSE
"Pag1","Pag1",2,0.557074486249827,1,"NM_001195031",-0.627993001808881,0.557074486249827,0.915334288364506,NA,NA,NA,NA,FALSE,FALSE
"Fuk","Fuk",2,0.557564017879897,1,"NR_052009",-0.568870992456395,0.557564017879897,0.91551307887916,FALSE,FALSE,TRUE,"Midbrain only",FALSE,FALSE
"Nfu1","Nfu1",2,0.557859399406381,1,"NM_020045",-0.216039387638227,0.557859399406381,0.91551307887916,NA,NA,NA,NA,FALSE,FALSE
"Cyb561a3","Cyb561a3",3,0.557902270227835,1,"NM_001282065",-0.156041417073278,0.557902270227835,0.91551307887916,FALSE,FALSE,TRUE,"Midbrain only",FALSE,FALSE
"Tmem161b","Tmem161b",3,0.558550046110025,1,"NR_029418",-0.398467301061036,0.558550046110025,0.915929326809846,TRUE,TRUE,TRUE,"Forebrain + Hindbrain + Midbrain",FALSE,FALSE
"Capg","Capg",3,0.558606110789807,1,"NM_001042534",1.3562509460363,0.558606110789807,0.915929326809846,FALSE,FALSE,TRUE,"Midbrain only",FALSE,FALSE
"Dazl","Dazl",2,0.559367566887245,1,"NM_010021",-1.97708818527977,0.559367566887245,0.91596585403972,NA,NA,NA,NA,FALSE,FALSE
"Rnf103","Rnf103",2,0.559580152172125,1,"NM_001308303",-0.684223224274759,0.559580152172125,0.91596585403972,NA,NA,NA,NA,FALSE,FALSE
"A730017C20Rik","A730017C20Rik",4,0.559583359283507,1,"NR_033764",-0.600875634875858,0.559583359283507,0.91596585403972,TRUE,TRUE,TRUE,"Forebrain + Hindbrain + Midbrain",FALSE,FALSE
"Nnt","Nnt",3,0.559752422139199,1,"NM_001308506",-1.25178851410946,0.559752422139199,0.91596585403972,FALSE,FALSE,TRUE,"Midbrain only",FALSE,FALSE
"Syn1","Syn1",2,0.560474524015391,1,"NM_013680",-2.26383734361112,0.560474524015391,0.91596585403972,TRUE,TRUE,TRUE,"Forebrain + Hindbrain + Midbrain",FALSE,FALSE
"Csf2rb2","Csf2rb2",2,0.560677315758596,1,"NM_007781",-1.81211403917134,0.560677315758596,0.91596585403972,NA,NA,NA,NA,FALSE,FALSE
"Npff","Npff",2,0.56070563285015,1,"NR_033409",-0.659307101728759,0.56070563285015,0.91596585403972,TRUE,TRUE,TRUE,"Forebrain + Hindbrain + Midbrain",FALSE,FALSE
"Ctbp2","Ctbp2",2,0.560854799636606,1,"NM_009980",-0.306260015327452,0.560854799636606,0.91596585403972,NA,NA,NA,NA,FALSE,FALSE
"Wnk3","Wnk3",2,0.560946532534866,1,"NM_001271678",-2.1282268463426,0.560946532534866,0.91596585403972,NA,NA,NA,NA,FALSE,FALSE
"2610307P16Rik","2610307P16Rik",2,0.561389189781265,1,"NR_045054",-0.317219551332169,0.561389189781265,0.916220420830686,NA,NA,NA,NA,FALSE,FALSE
"Spg20","Spg20",3,0.561490720498901,1,"NM_001144987",-0.230297630758959,0.561490720498901,0.916264941940815,TRUE,TRUE,TRUE,"Forebrain + Hindbrain + Midbrain",FALSE,FALSE
"Il34","Il34",2,0.562609294837232,1,"NM_001135100",-0.728839315939206,0.562609294837232,0.916673326007674,TRUE,TRUE,FALSE,"Forebrain + Hindbrain",FALSE,FALSE
"Ebf1","Ebf1",4,0.562672548918353,1,"NM_001290711",0.580634354380464,0.562672548918353,0.916673326007674,NA,NA,NA,NA,FALSE,FALSE
"Amy2a5","Amy2a5",4,0.562741487937858,1,"NM_001042711_3",2.58114753413424,0.562741487937858,0.916673326007674,FALSE,FALSE,TRUE,"Midbrain only",FALSE,FALSE
"Zfp189","Zfp189",2,0.562749977685893,1,"NM_145547",-1.74283227405556,0.562749977685893,0.916673326007674,TRUE,TRUE,TRUE,"Forebrain + Hindbrain + Midbrain",FALSE,FALSE
"Hdac6","Hdac6",2,0.563250290502216,1,"NM_010413",-0.194575043481761,0.563250290502216,0.916772341598384,TRUE,TRUE,TRUE,"Forebrain + Hindbrain + Midbrain",FALSE,FALSE
"Acy3","Acy3",4,0.563384391990933,1,"NM_001302480",-2.04748334743059,0.563384391990933,0.916772341598384,TRUE,TRUE,FALSE,"Forebrain + Hindbrain",FALSE,FALSE
"2810459M11Rik","2810459M11Rik",2,0.563535405829194,1,"NM_001144992",-1.64799571612222,0.563535405829194,0.916772341598384,NA,NA,NA,NA,FALSE,FALSE
"Egfem1","Egfem1",2,0.563906728472447,1,"NM_001167748",-0.346291220526097,0.563906728472447,0.916772341598384,FALSE,FALSE,TRUE,"Midbrain only",FALSE,FALSE
"Tead1","Tead1",3,0.564444403002525,1,"NM_009346",-0.698913679838009,0.564444403002525,0.916772341598384,NA,NA,NA,NA,FALSE,FALSE
"Setmar","Setmar",2,0.565709903899006,1,"NM_178391",-0.70865864696447,0.565709903899006,0.918132654098906,NA,NA,NA,NA,FALSE,FALSE
"Fhit","Fhit",3,0.566137072205368,1,"NM_001308285",1.4602924573114,0.566137072205368,0.918381947024352,TRUE,TRUE,TRUE,"Forebrain + Hindbrain + Midbrain",FALSE,FALSE
"LOC105245869","LOC105245869",2,0.566765782955612,1,"NR_131970",-1.91000642337585,0.566765782955612,0.918817251658843,FALSE,FALSE,TRUE,"Midbrain only",FALSE,FALSE
"Trmt112","Trmt112",2,0.566840467655096,1,"NM_001166370",-5.77580931902651,0.566840467655096,0.918817251658843,TRUE,TRUE,TRUE,"Forebrain + Hindbrain + Midbrain",FALSE,FALSE
"Zfp444","Zfp444",2,0.566852166683855,1,"NM_028316",-0.128025803362137,0.566852166683855,0.918817251658843,TRUE,TRUE,TRUE,"Forebrain + Hindbrain + Midbrain",FALSE,FALSE
"2500002B13Rik","2500002B13Rik",2,0.567003658713259,1,"NR_126553",-1.68953340943485,0.567003658713259,0.918942099884636,FALSE,FALSE,TRUE,"Midbrain only",FALSE,FALSE
"Atf4","Atf4",2,0.56735136116199,1,"NM_001287180",-0.0967411828713146,0.56735136116199,0.919217756257696,NA,NA,NA,NA,FALSE,FALSE
"Sez6l2","Sez6l2",3,0.567573322981683,1,"NM_001252566",-2.27674430753122,0.567573322981683,0.919309903497109,NA,NA,NA,NA,FALSE,FALSE
"Cgn","Cgn",2,0.567749769160833,1,"NM_001293727",-0.715077992951578,0.567749769160833,0.919426791528173,TRUE,TRUE,FALSE,"Forebrain + Hindbrain",FALSE,FALSE
"C1qtnf5","C1qtnf5",4,0.567988476708758,1,"NM_001040632",1.24058769383128,0.567988476708758,0.919427907638025,FALSE,FALSE,TRUE,"Midbrain only",FALSE,FALSE
"Slc4a10","Slc4a10",6,0.568673532132763,1,"NM_001242383",5.00235442032984,0.568673532132763,0.920032155517604,TRUE,TRUE,TRUE,"Forebrain + Hindbrain + Midbrain",FALSE,FALSE
"Cmtm7","Cmtm7",2,0.568940127133874,1,"NM_133978",-0.844530649366876,0.568940127133874,0.920032155517604,FALSE,FALSE,TRUE,"Midbrain only",FALSE,FALSE
"Ftsj1","Ftsj1",2,0.569085465412002,1,"NM_001290430",-0.314667960098552,0.569085465412002,0.920042103852501,TRUE,TRUE,FALSE,"Forebrain + Hindbrain",FALSE,FALSE
"Mtag2","Mtag2",2,0.569992649170561,1,"NR_015480",-1.62453954588319,0.569992649170561,0.92071154013318,FALSE,FALSE,TRUE,"Midbrain only",FALSE,FALSE
"A230072C01Rik","A230072C01Rik",2,0.570202821121028,1,"NR_027445",-0.396878531552991,0.570202821121028,0.92071154013318,TRUE,FALSE,TRUE,"Forebrain + Midbrain",FALSE,FALSE
"Ccdc157","Ccdc157",2,0.570519952006034,1,"NM_177616",-1.70961098401968,0.570519952006034,0.920727009666732,TRUE,TRUE,FALSE,"Forebrain + Hindbrain",FALSE,FALSE
"Asic1","Asic1",2,0.570641829005767,1,"NM_001289791",-1.22234172660131,0.570641829005767,0.920727009666732,TRUE,TRUE,FALSE,"Forebrain + Hindbrain",FALSE,FALSE
"Map3k9","Map3k9",2,0.571239957131704,1,"NM_177395",-1.078582364166,0.571239957131704,0.920969567677715,NA,NA,NA,NA,FALSE,FALSE
"Pxn","Pxn",2,0.571771431424537,1,"NM_133915",-0.262936458087527,0.571771431424537,0.9209706446412,TRUE,TRUE,TRUE,"Forebrain + Hindbrain + Midbrain",FALSE,FALSE
"4931403G20Rik","4931403G20Rik",2,0.571980496084425,1,"NR_038173",-1.72204336684755,0.571980496084425,0.9209706446412,NA,NA,NA,NA,FALSE,FALSE
"Clec9a","Clec9a",2,0.572001443774592,1,"NM_001205365",-2.03225274758455,0.572001443774592,0.9209706446412,NA,NA,NA,NA,FALSE,FALSE
"Larp4","Larp4",2,0.572420621891051,1,"NM_001284523",-0.270017172030305,0.572420621891051,0.9209706446412,NA,NA,NA,NA,FALSE,FALSE
"Spc25","Spc25",3,0.572461104889124,1,"NM_001305800",-0.350892250485832,0.572461104889124,0.9209706446412,TRUE,TRUE,TRUE,"Forebrain + Hindbrain + Midbrain",FALSE,FALSE
"Nfkbie","Nfkbie",2,0.573038962233088,1,"NM_008690",-1.67505998134063,0.573038962233088,0.9209706446412,NA,NA,NA,NA,FALSE,FALSE
"Eqtn","Eqtn",2,0.573401391697092,1,"NM_001290623",-1.64118861321028,0.573401391697092,0.9209706446412,NA,NA,NA,NA,FALSE,FALSE
"Grm1","Grm1",2,0.573460474428468,1,"NM_001114333",-2.03829018981126,0.573460474428468,0.9209706446412,TRUE,TRUE,FALSE,"Forebrain + Hindbrain",FALSE,FALSE
"Slc7a7","Slc7a7",3,0.573766301423261,1,"NM_001253680",-1.07471313621192,0.573766301423261,0.9209706446412,TRUE,TRUE,TRUE,"Forebrain + Hindbrain + Midbrain",FALSE,FALSE
"Fam89b","Fam89b",2,0.573991008046374,1,"NM_181452",-0.183245762974095,0.573991008046374,0.9209706446412,TRUE,TRUE,TRUE,"Forebrain + Hindbrain + Midbrain",FALSE,FALSE
"Mtrr","Mtrr",3,0.574022116176743,1,"NM_172480",0.290033669684837,0.574022116176743,0.9209706446412,TRUE,TRUE,FALSE,"Forebrain + Hindbrain",FALSE,FALSE
"Hspa13","Hspa13",2,0.574305398206583,1,"NR_027492",-0.425790641164886,0.574305398206583,0.9209706446412,TRUE,TRUE,TRUE,"Forebrain + Hindbrain + Midbrain",FALSE,FALSE
"Inpp5d","Inpp5d",3,0.574938037310335,1,"NM_001110193",-0.717705903965127,0.574938037310335,0.921337464682363,NA,NA,NA,NA,FALSE,FALSE
"Sox5","Sox5",3,0.575275945330438,1,"NM_011444",0.260032731710344,0.575275945330438,0.921337464682363,NA,NA,NA,NA,FALSE,FALSE
"Rab7","Rab7",4,0.575391302548341,1,"NM_009005",0.174226698334434,0.575391302548341,0.921402630865109,NA,NA,NA,NA,FALSE,FALSE
"Slc19a2","Slc19a2",2,0.57560775835069,1,"NM_054087",-1.7702407381221,0.57560775835069,0.921569540717726,TRUE,TRUE,TRUE,"Forebrain + Hindbrain + Midbrain",FALSE,FALSE
"Arhgef25","Arhgef25",2,0.57680034019742,1,"NM_001166413",-1.06692986445596,0.57680034019742,0.922069326960674,FALSE,FALSE,TRUE,"Midbrain only",FALSE,FALSE
"Gimap1","Gimap1",2,0.577010685969488,1,"NM_008376",-1.41476213622332,0.577010685969488,0.922069326960674,TRUE,TRUE,FALSE,"Forebrain + Hindbrain",FALSE,FALSE
"Lrrc51","Lrrc51",3,0.577115995371524,1,"NM_001162973",-0.284182482645311,0.577115995371524,0.922069326960674,FALSE,FALSE,TRUE,"Midbrain only",FALSE,FALSE
"Anxa7","Anxa7",2,0.577242388600536,1,"NM_009674",-0.567821878985145,0.577242388600536,0.922069326960674,NA,NA,NA,NA,FALSE,FALSE
"Cd72","Cd72",3,0.577425648014975,1,"NM_001110322",-3.43269529139594,0.577425648014975,0.922069326960674,NA,NA,NA,NA,FALSE,FALSE
"Atraid","Atraid",2,0.577514206876528,1,"NM_027855",-0.458307182996292,0.577514206876528,0.922069326960674,NA,NA,NA,NA,FALSE,FALSE
"Fancb","Fancb",2,0.577526998857894,1,"NM_175027",-1.33290821394541,0.577526998857894,0.922069326960674,TRUE,TRUE,FALSE,"Forebrain + Hindbrain",FALSE,FALSE
"Pla2g4c","Pla2g4c",2,0.578063799328407,1,"NM_001004762",-2.66962608626738,0.578063799328407,0.922291006480567,NA,NA,NA,NA,FALSE,FALSE
"Cfb","Cfb",2,0.578152711733342,1,"NM_008198",-2.03305134845529,0.578152711733342,0.922291006480567,NA,NA,NA,NA,FALSE,FALSE
"Plekha8","Plekha8",2,0.579212909272436,1,"NM_001164361",-1.16073348236606,0.579212909272436,0.922691987482828,NA,NA,NA,NA,FALSE,FALSE
"Arrdc4","Arrdc4",2,0.579469142997803,1,"NM_001042592",-0.240542347126474,0.579469142997803,0.922691987482828,TRUE,TRUE,TRUE,"Forebrain + Hindbrain + Midbrain",FALSE,FALSE
"Clk2-scamp3","Clk2-scamp3",2,0.579475562292372,1,"NM_001310016",-0.902135111372897,0.579475562292372,0.922691987482828,FALSE,FALSE,TRUE,"Midbrain only",FALSE,FALSE
"Dbf4","Dbf4",2,0.579768828326876,1,"NM_013726",-0.496598915880351,0.579768828326876,0.922691987482828,FALSE,FALSE,TRUE,"Midbrain only",FALSE,FALSE
"Asic2","Asic2",2,0.579989594815214,1,"NM_007384",-1.18545827643207,0.579989594815214,0.922691987482828,TRUE,TRUE,TRUE,"Forebrain + Hindbrain + Midbrain",FALSE,FALSE
"Gdf1","Gdf1",2,0.580120788893241,1,"NM_001163282",-2.89211446556111,0.580120788893241,0.922691987482828,FALSE,FALSE,TRUE,"Midbrain only",FALSE,FALSE
"Nfyc","Nfyc",2,0.580662778818705,1,"NM_008692",-1.31878843504154,0.580662778818705,0.922691987482828,NA,NA,NA,NA,FALSE,FALSE
"Serac1","Serac1",2,0.580804195418523,1,"NM_177311",-0.80347411628294,0.580804195418523,0.922691987482828,NA,NA,NA,NA,FALSE,FALSE
"Sri","Sri",2,0.581196471932213,1,"NM_001080974",-3.87557552544594,0.581196471932213,0.922691987482828,NA,NA,NA,NA,FALSE,FALSE
"Prkd3","Prkd3",3,0.581206553174467,1,"NM_001171004",-0.620149328299691,0.581206553174467,0.922691987482828,NA,NA,NA,NA,FALSE,FALSE
"Asb7","Asb7",2,0.581396260113417,1,"NM_080443",-0.252227582433957,0.581396260113417,0.922691987482828,TRUE,TRUE,FALSE,"Forebrain + Hindbrain",FALSE,FALSE
"Tmem183a","Tmem183a",2,0.581402084352173,1,"NM_020588",-0.112317484438648,0.581402084352173,0.922691987482828,NA,NA,NA,NA,FALSE,FALSE
"Gdnf","Gdnf",3,0.581826676975977,1,"NM_001301357",-1.37673136840051,0.581826676975977,0.922691987482828,NA,NA,NA,NA,FALSE,FALSE
"Smap1","Smap1",2,0.581949279533876,1,"NM_028534",-0.486053715546795,0.581949279533876,0.922691987482828,NA,NA,NA,NA,FALSE,FALSE
"Nagk","Nagk",2,0.58209176680466,1,"NM_001164187",-0.114815667698355,0.58209176680466,0.922691987482828,TRUE,TRUE,TRUE,"Forebrain + Hindbrain + Midbrain",FALSE,FALSE
"Mocs2","Mocs2",3,0.582381385124608,1,"NM_001113374",0.162644122028591,0.582381385124608,0.922691987482828,TRUE,TRUE,TRUE,"Forebrain + Hindbrain + Midbrain",FALSE,FALSE
"Vps54","Vps54",2,0.582587679361091,1,"NM_139061",-1.00684590142874,0.582587679361091,0.922691987482828,NA,NA,NA,NA,FALSE,FALSE
"B230208H11Rik","B230208H11Rik",2,0.583164163348976,1,"NR_038027",-1.24431348440754,0.583164163348976,0.922691987482828,TRUE,TRUE,TRUE,"Forebrain + Hindbrain + Midbrain",FALSE,FALSE
"Atp2b4","Atp2b4",2,0.583167255061721,1,"NM_001167949",-0.463052593751113,0.583167255061721,0.922691987482828,TRUE,TRUE,FALSE,"Forebrain + Hindbrain",FALSE,FALSE
"Ccdc77","Ccdc77",2,0.583759837899251,1,"NR_045558",-0.207901148180153,0.583759837899251,0.922691987482828,FALSE,FALSE,TRUE,"Midbrain only",FALSE,FALSE
"Calml4","Calml4",2,0.584005275871243,1,"NM_001102468",-0.46145431793635,0.584005275871243,0.922691987482828,NA,NA,NA,NA,FALSE,FALSE
"Apoc1","Apoc1",2,0.584270115086879,1,"NM_007469",-1.71204551302297,0.584270115086879,0.922691987482828,TRUE,TRUE,TRUE,"Forebrain + Hindbrain + Midbrain",FALSE,FALSE
"Ptprt","Ptprt",4,0.584408999202963,1,"NM_001291150",-4.54181384527166,0.584408999202963,0.922691987482828,NA,NA,NA,NA,FALSE,FALSE
"Pde7a","Pde7a",2,0.58441171977566,1,"NM_008802",-2.81584583512183,0.58441171977566,0.922691987482828,TRUE,TRUE,TRUE,"Forebrain + Hindbrain + Midbrain",FALSE,FALSE
"Col17a1","Col17a1",2,0.585054924239465,1,"NM_001290825",-1.83067228849904,0.585054924239465,0.922872540401696,NA,NA,NA,NA,FALSE,FALSE
"Glcci1","Glcci1",3,0.585210809185376,1,"NM_133236",-0.271575550978966,0.585210809185376,0.922872540401696,TRUE,TRUE,TRUE,"Forebrain + Hindbrain + Midbrain",FALSE,FALSE
"Gal3st1","Gal3st1",3,0.585407170013289,1,"NM_001177691",1.69947036720306,0.585407170013289,0.922872540401696,TRUE,TRUE,FALSE,"Forebrain + Hindbrain",FALSE,FALSE
"Tlr1","Tlr1",2,0.585666462197347,1,"NM_030682",-1.63757071309353,0.585666462197347,0.92297797797318,NA,NA,NA,NA,FALSE,FALSE
"Cul4b","Cul4b",2,0.58572451746418,1,"NM_028288",-1.61177322301925,0.58572451746418,0.92297797797318,NA,NA,NA,NA,FALSE,FALSE
"Sall4","Sall4",3,0.58630857672814,1,"NM_201395",1.57610528253545,0.58630857672814,0.923056738665819,TRUE,TRUE,TRUE,"Forebrain + Hindbrain + Midbrain",FALSE,FALSE
"Kifap3","Kifap3",2,0.586335683374647,1,"NM_001305643",-0.183669638071662,0.586335683374647,0.923056738665819,TRUE,TRUE,TRUE,"Forebrain + Hindbrain + Midbrain",FALSE,FALSE
"P2rx6","P2rx6",2,0.586624331003003,1,"NM_011028",-3.12690099701774,0.586624331003003,0.923116304949114,NA,NA,NA,NA,FALSE,FALSE
"Cntn1","Cntn1",3,0.58681947231043,1,"NM_001159647",-2.0295164611496,0.58681947231043,0.923130718472534,NA,NA,NA,NA,FALSE,FALSE
"Lin54","Lin54",2,0.587716889581129,1,"NM_001115010",-0.340920686145678,0.587716889581129,0.923304866962665,TRUE,TRUE,TRUE,"Forebrain + Hindbrain + Midbrain",FALSE,FALSE
"Homer2","Homer2",2,0.587797946309442,1,"NM_011983",-0.234757670689128,0.587797946309442,0.923304866962665,NA,NA,NA,NA,FALSE,FALSE
"Unc13b","Unc13b",2,0.588026981317633,1,"NM_021468",-0.288928478246016,0.588026981317633,0.923304866962665,TRUE,TRUE,FALSE,"Forebrain + Hindbrain",FALSE,FALSE
"Slc35c1","Slc35c1",2,0.588323493173299,1,"NM_145832",-0.391420879471009,0.588323493173299,0.923561804594093,TRUE,TRUE,TRUE,"Forebrain + Hindbrain + Midbrain",FALSE,FALSE
"Spag16","Spag16",2,0.588508616953503,1,"NM_029160",-0.667061790135275,0.588508616953503,0.923597477060016,NA,NA,NA,NA,FALSE,FALSE
"Mau2","Mau2",2,0.588861388380075,1,"NM_028993",-0.131777756747385,0.588861388380075,0.923920709781258,NA,NA,NA,NA,FALSE,FALSE
"Aste1","Aste1",2,0.589018170490207,1,"NM_001164828",-0.223507390779413,0.589018170490207,0.923920709781258,TRUE,TRUE,TRUE,"Forebrain + Hindbrain + Midbrain",FALSE,FALSE
"Mga","Mga",2,0.589162576091717,1,"NM_013720",-0.721242354903405,0.589162576091717,0.924029764739678,FALSE,FALSE,TRUE,"Midbrain only",FALSE,FALSE
"Adamtsl4","Adamtsl4",2,0.58975771543241,1,"NM_001301705",-1.20431397400872,0.58975771543241,0.924328399077123,NA,NA,NA,NA,FALSE,FALSE
"Osbpl5","Osbpl5",2,0.590343352224665,1,"NM_024289",-1.46986004648669,0.590343352224665,0.924328399077123,NA,NA,NA,NA,FALSE,FALSE
"Tmem217","Tmem217",2,0.590347644490504,1,"NM_001162901",-1.14833487288924,0.590347644490504,0.924328399077123,NA,NA,NA,NA,FALSE,FALSE
"Slc2a9","Slc2a9",2,0.590401656525598,1,"NM_001012363",-1.48505545477331,0.590401656525598,0.924328399077123,NA,NA,NA,NA,FALSE,FALSE
"Ptpdc1","Ptpdc1",2,0.590652145948998,1,"NM_001301781",-0.465616666894114,0.590652145948998,0.924371027039561,TRUE,TRUE,TRUE,"Forebrain + Hindbrain + Midbrain",FALSE,FALSE
"Dhx34","Dhx34",3,0.590725408664676,1,"NM_001285931",0.542865219972388,0.590725408664676,0.924371027039561,TRUE,TRUE,TRUE,"Forebrain + Hindbrain + Midbrain",FALSE,FALSE
"2010315B03Rik","2010315B03Rik",3,0.590948877534818,1,"NM_001243117",-0.566028522724946,0.590948877534818,0.924371027039561,TRUE,TRUE,TRUE,"Forebrain + Hindbrain + Midbrain",FALSE,FALSE
"Arhgap4","Arhgap4",2,0.591771870409799,1,"NM_138630",-1.15191747879986,0.591771870409799,0.924371027039561,NA,NA,NA,NA,FALSE,FALSE
"Prx","Prx",2,0.59234471595631,1,"NM_198048",-0.691444423274161,0.59234471595631,0.924371027039561,NA,NA,NA,NA,FALSE,FALSE
"Mapk6","Mapk6",2,0.592590985797849,1,"NM_015806",-0.285587840864869,0.592590985797849,0.924371027039561,NA,NA,NA,NA,FALSE,FALSE
"C330006A16Rik","C330006A16Rik",2,0.592843813818269,1,"NM_001256522",-0.201214730802799,0.592843813818269,0.924371027039561,TRUE,TRUE,TRUE,"Forebrain + Hindbrain + Midbrain",FALSE,FALSE
"Ms4a6c","Ms4a6c",2,0.593116326185676,1,"NM_028595",-0.386225179670951,0.593116326185676,0.924371027039561,NA,NA,NA,NA,FALSE,FALSE
"Sfmbt2","Sfmbt2",3,0.593223206417562,1,"NM_001198808",1.86523607486858,0.593223206417562,0.924371027039561,TRUE,TRUE,FALSE,"Forebrain + Hindbrain",FALSE,FALSE
"Fam76a","Fam76a",2,0.59325420575524,1,"NM_145553",-0.330985935974432,0.59325420575524,0.924371027039561,NA,NA,NA,NA,FALSE,FALSE
"Atp5g3","Atp5g3",3,0.59372485902071,1,"NM_001301722",-0.242896000986301,0.59372485902071,0.924371027039561,NA,NA,NA,NA,FALSE,FALSE
"Chd6","Chd6",2,0.59432585252119,1,"NR_126509",-0.268186016644224,0.59432585252119,0.924504867495944,TRUE,TRUE,FALSE,"Forebrain + Hindbrain",FALSE,FALSE
"Fancl","Fancl",3,0.594345632086394,1,"NR_102382",-0.439500994731997,0.594345632086394,0.924504867495944,NA,NA,NA,NA,FALSE,FALSE
"Scmh1","Scmh1",2,0.5944738337231,1,"NM_013883",-0.83747891899855,0.5944738337231,0.924504867495944,NA,NA,NA,NA,FALSE,FALSE
"Rad23a","Rad23a",3,0.594617896213278,1,"NM_009010",0.147493089012939,0.594617896213278,0.924504867495944,TRUE,TRUE,TRUE,"Forebrain + Hindbrain + Midbrain",FALSE,FALSE
"Irak1bp1","Irak1bp1",2,0.594937386180157,1,"NM_001168240",-0.962471186913306,0.594937386180157,0.924504867495944,NA,NA,NA,NA,FALSE,FALSE
"Gm12992","Gm12992",2,0.595003138920348,1,"NR_102393",-0.603892250042604,0.595003138920348,0.924504867495944,NA,NA,NA,NA,FALSE,FALSE
"Dmtf1","Dmtf1",2,0.595105212809622,1,"NM_011806",-0.133896229301182,0.595105212809622,0.924504867495944,NA,NA,NA,NA,FALSE,FALSE
"Pwwp2a","Pwwp2a",2,0.595216108380642,1,"NM_001164231",-0.0930759768607415,0.595216108380642,0.924504867495944,TRUE,TRUE,FALSE,"Forebrain + Hindbrain",FALSE,FALSE
"Rgs12","Rgs12",2,0.595585259326783,1,"NM_001163512",-0.613846278395712,0.595585259326783,0.924504867495944,NA,NA,NA,NA,FALSE,FALSE
"C1qtnf7","C1qtnf7",2,0.596000668967133,1,"NM_001135172",-1.39260172808851,0.596000668967133,0.924504867495944,NA,NA,NA,NA,FALSE,FALSE
"Cryzl1","Cryzl1",2,0.596052691783225,1,"NM_026994",-0.54266296611807,0.596052691783225,0.924504867495944,NA,NA,NA,NA,FALSE,FALSE
"Pop1","Pop1",2,0.596060952665427,1,"NM_152894",-0.920460575526845,0.596060952665427,0.924504867495944,NA,NA,NA,NA,FALSE,FALSE
"Zfp935","Zfp935",2,0.596609024719049,1,"NM_001136496",-1.19250836066689,0.596609024719049,0.924504867495944,FALSE,FALSE,TRUE,"Midbrain only",FALSE,FALSE
"Adamts20","Adamts20",2,0.596653151363914,1,"NM_001164786",-0.309217490687157,0.596653151363914,0.924504867495944,NA,NA,NA,NA,FALSE,FALSE
"Iqsec3","Iqsec3",3,0.596768386893243,1,"NR_110358",0.866529259676043,0.596768386893243,0.924504867495944,FALSE,FALSE,TRUE,"Midbrain only",FALSE,FALSE
"Dclre1c","Dclre1c",5,0.596807682239513,1,"NM_146114",-0.227027507072521,0.596807682239513,0.924504867495944,TRUE,TRUE,TRUE,"Forebrain + Hindbrain + Midbrain",FALSE,FALSE
"Ppp6r2","Ppp6r2",2,0.597748016459905,1,"NM_026813",-0.23127720011485,0.597748016459905,0.924615695502927,TRUE,TRUE,FALSE,"Forebrain + Hindbrain",FALSE,FALSE
"Polr3d","Polr3d",2,0.597859371459903,1,"NM_025945",-0.217299234674868,0.597859371459903,0.924615695502927,TRUE,TRUE,TRUE,"Forebrain + Hindbrain + Midbrain",FALSE,FALSE
"Mettl8","Mettl8",2,0.597876054429209,1,"NM_001110512",-0.297213297936533,0.597876054429209,0.924615695502927,TRUE,TRUE,FALSE,"Forebrain + Hindbrain",FALSE,FALSE
"Zfp12","Zfp12",3,0.597879155450007,1,"NM_177681",-0.721871253450791,0.597879155450007,0.924615695502927,TRUE,TRUE,TRUE,"Forebrain + Hindbrain + Midbrain",FALSE,FALSE
"Arl14ep","Arl14ep",2,0.598086192960871,1,"NM_001025102",-2.04587672282379,0.598086192960871,0.924615695502927,NA,NA,NA,NA,FALSE,FALSE
"Cacna2d2","Cacna2d2",5,0.598419899940319,1,"NM_001174047",-3.01488427162507,0.598419899940319,0.924615695502927,TRUE,TRUE,FALSE,"Forebrain + Hindbrain",FALSE,FALSE
"Epb4.1l4aos","Epb4.1l4aos",2,0.599079848110348,1,"NR_038152",-0.783260859817952,0.599079848110348,0.924615695502927,TRUE,TRUE,FALSE,"Forebrain + Hindbrain",FALSE,FALSE
"Wwtr1","Wwtr1",2,0.599130692877848,1,"NM_133784",-0.80739790887824,0.599130692877848,0.924615695502927,NA,NA,NA,NA,FALSE,FALSE
"Nup37","Nup37",2,0.599426706971104,1,"NM_027191",-0.450942025669707,0.599426706971104,0.924615695502927,TRUE,TRUE,TRUE,"Forebrain + Hindbrain + Midbrain",FALSE,FALSE
"Paqr7","Paqr7",4,0.599743021345689,1,"NM_001285847",0.544660900649287,0.599743021345689,0.924756826615744,NA,NA,NA,NA,FALSE,FALSE
"Sfxn3","Sfxn3",3,0.599851620635192,1,"NM_001178013",-0.539247584660406,0.599851620635192,0.924757379411303,NA,NA,NA,NA,FALSE,FALSE
"Mon1b","Mon1b",2,0.60033942240366,1,"NM_173015",-0.380278169652448,0.60033942240366,0.925101170396949,TRUE,TRUE,TRUE,"Forebrain + Hindbrain + Midbrain",FALSE,FALSE
"Mvd","Mvd",2,0.600836396290832,1,"NM_138656",-1.32738797204033,0.600836396290832,0.925353584964074,NA,NA,NA,NA,FALSE,FALSE
"Hltf","Hltf",2,0.600951407364038,1,"NR_105047",-0.229684096195248,0.600951407364038,0.925353584964074,FALSE,FALSE,TRUE,"Midbrain only",FALSE,FALSE
"Uimc1","Uimc1",3,0.60132000225588,1,"NR_121592",-1.09439189507156,0.60132000225588,0.925353584964074,TRUE,TRUE,TRUE,"Forebrain + Hindbrain + Midbrain",FALSE,FALSE
"Irf1","Irf1",2,0.601369327986424,1,"NM_008390",-0.7362041628195,0.601369327986424,0.925353584964074,TRUE,TRUE,TRUE,"Forebrain + Hindbrain + Midbrain",FALSE,FALSE
"Lrrc61","Lrrc61",2,0.602373355747547,1,"NM_177736",-0.528668094205618,0.602373355747547,0.926078526017706,TRUE,TRUE,TRUE,"Forebrain + Hindbrain + Midbrain",FALSE,FALSE
"Adcy7","Adcy7",4,0.602674373904748,1,"NM_001037723",-0.80568750603259,0.602674373904748,0.926078526017706,NA,NA,NA,NA,FALSE,FALSE
"Apba2","Apba2",3,0.602926651379761,1,"NM_001291166",1.74725534242203,0.602926651379761,0.926078526017706,NA,NA,NA,NA,FALSE,FALSE
"Brca2","Brca2",2,0.603382990326349,1,"NM_001081001",-0.315584172565371,0.603382990326349,0.92617386190316,NA,NA,NA,NA,FALSE,FALSE
"Rph3al","Rph3al",2,0.60351410239573,1,"NM_001291159",-0.300627361761774,0.60351410239573,0.92617386190316,NA,NA,NA,NA,FALSE,FALSE
"Taf1b","Taf1b",2,0.603796927379905,1,"NM_020614",-0.294832833560871,0.603796927379905,0.92620407897132,NA,NA,NA,NA,FALSE,FALSE
"Lgals3","Lgals3",2,0.603925970226935,1,"NM_001145953",-1.45432362187684,0.603925970226935,0.92620407897132,TRUE,TRUE,TRUE,"Forebrain + Hindbrain + Midbrain",FALSE,FALSE
"Myt1l","Myt1l",4,0.604051581681277,1,"NM_001093778",3.12399236074321,0.604051581681277,0.92620407897132,TRUE,TRUE,TRUE,"Forebrain + Hindbrain + Midbrain",FALSE,FALSE
"Arid3a","Arid3a",2,0.604061626095747,1,"NM_007880",-1.19742372298358,0.604061626095747,0.92620407897132,NA,NA,NA,NA,FALSE,FALSE
"Pex5","Pex5",3,0.604495022668894,1,"NM_001277330",-0.719161950787003,0.604495022668894,0.92620407897132,TRUE,TRUE,TRUE,"Forebrain + Hindbrain + Midbrain",FALSE,FALSE
"Llgl1","Llgl1",3,0.604583920381145,1,"NM_001159404",-0.196394795301474,0.604583920381145,0.92620407897132,NA,NA,NA,NA,FALSE,FALSE
"Get4","Get4",2,0.605183242261761,1,"NM_026269",-0.578736749687289,0.605183242261761,0.92620407897132,NA,NA,NA,NA,FALSE,FALSE
"Marveld2","Marveld2",2,0.605494203359765,1,"NM_001038602",-0.772681312423669,0.605494203359765,0.92620407897132,NA,NA,NA,NA,FALSE,FALSE
"Tlcd2","Tlcd2",2,0.605759871552138,1,"NM_027249",-1.6831036441042,0.605759871552138,0.92620407897132,FALSE,FALSE,TRUE,"Midbrain only",FALSE,FALSE
"Tssk4","Tssk4",3,0.605949239061292,1,"NM_027673",1.47126697315967,0.605949239061292,0.92620407897132,NA,NA,NA,NA,FALSE,FALSE
"Ifi47","Ifi47",2,0.605993064508854,1,"NM_008330",-2.08575200671173,0.605993064508854,0.92620407897132,NA,NA,NA,NA,FALSE,FALSE
"Tmem52","Tmem52",3,0.606125465716069,1,"NM_001253856",-2.75062495629352,0.606125465716069,0.92620407897132,NA,NA,NA,NA,FALSE,FALSE
"Pogk","Pogk",2,0.606189436725882,1,"NM_001142948",-0.265930899170349,0.606189436725882,0.92620407897132,TRUE,TRUE,TRUE,"Forebrain + Hindbrain + Midbrain",FALSE,FALSE
"Cyp39a1","Cyp39a1",2,0.607030199151729,1,"NM_001285947",-1.02869723882871,0.607030199151729,0.92620407897132,NA,NA,NA,NA,FALSE,FALSE
"Vit","Vit",2,0.60725174413785,1,"NM_028813",-2.44545202707657,0.60725174413785,0.92620407897132,FALSE,FALSE,TRUE,"Midbrain only",FALSE,FALSE
"AW551984","AW551984",2,0.607442456113221,1,"NM_178737",-1.95465037633614,0.607442456113221,0.92620407897132,TRUE,TRUE,FALSE,"Forebrain + Hindbrain",FALSE,FALSE
"Gucy1b2","Gucy1b2",2,0.607562879183846,1,"NM_001204340",-1.73577501681315,0.607562879183846,0.92620407897132,NA,NA,NA,NA,FALSE,FALSE
"DXBay18","DXBay18",2,0.60758687352292,1,"NM_001025384",-2.69674814819379,0.60758687352292,0.92620407897132,NA,NA,NA,NA,FALSE,FALSE
"Cd2bp2","Cd2bp2",4,0.608007861562195,1,"NM_001285905",0.794507563752583,0.608007861562195,0.926502471187637,NA,NA,NA,NA,FALSE,FALSE
"Smurf1","Smurf1",2,0.608324380196103,1,"NM_001038627",-0.405032402853586,0.608324380196103,0.926870336043945,TRUE,TRUE,FALSE,"Forebrain + Hindbrain",FALSE,FALSE
"Sept7","Sept7",2,0.608462257998009,1,"NM_001205367",-0.476339921240179,0.608462257998009,0.926938754284655,NA,NA,NA,NA,FALSE,FALSE
"Mzf1","Mzf1",2,0.608847375565095,1,"NM_001290452",-1.00646832111725,0.608847375565095,0.927067646767458,NA,NA,NA,NA,FALSE,FALSE
"Kdf1","Kdf1",2,0.608937352076727,1,"NM_001083916",-1.92549762984211,0.608937352076727,0.927067646767458,NA,NA,NA,NA,FALSE,FALSE
"Nphp1","Nphp1",3,0.609194022870747,1,"NM_001291013",0.242914589063652,0.609194022870747,0.927067646767458,TRUE,TRUE,TRUE,"Forebrain + Hindbrain + Midbrain",FALSE,FALSE
"Slc19a1","Slc19a1",2,0.609477234314457,1,"NM_031196",-0.516135133730386,0.609477234314457,0.927067646767458,TRUE,TRUE,TRUE,"Forebrain + Hindbrain + Midbrain",FALSE,FALSE
"Pola2","Pola2",2,0.609669353132937,1,"NM_001164057",-0.238725792358356,0.609669353132937,0.927088085971711,NA,NA,NA,NA,FALSE,FALSE
"Flnb","Flnb",2,0.610581920701866,1,"NM_134080",-0.952405595324643,0.610581920701866,0.927177554833521,NA,NA,NA,NA,FALSE,FALSE
"E2f3","E2f3",2,0.610883114908879,1,"NM_001289920",-0.274028350233176,0.610883114908879,0.927177554833521,TRUE,TRUE,TRUE,"Forebrain + Hindbrain + Midbrain",FALSE,FALSE
"Fgf11","Fgf11",2,0.610991200157812,1,"NM_001291104",-1.59349093102759,0.610991200157812,0.927177554833521,TRUE,TRUE,TRUE,"Forebrain + Hindbrain + Midbrain",FALSE,FALSE
"Zfp868","Zfp868",2,0.611508176766728,1,"NM_172754",-0.307198299859002,0.611508176766728,0.927177554833521,TRUE,TRUE,TRUE,"Forebrain + Hindbrain + Midbrain",FALSE,FALSE
"Clec1b","Clec1b",2,0.61185396962517,1,"NM_019985",-1.66958628003503,0.61185396962517,0.927177554833521,TRUE,TRUE,TRUE,"Forebrain + Hindbrain + Midbrain",FALSE,FALSE
"Ly6c1","Ly6c1",3,0.612214441316806,1,"NM_010741",0.849708530207591,0.612214441316806,0.927177554833521,TRUE,TRUE,TRUE,"Forebrain + Hindbrain + Midbrain",FALSE,FALSE
"Nfat5","Nfat5",3,0.612381526766564,1,"NM_001286260",-0.157406776807685,0.612381526766564,0.927213256478454,NA,NA,NA,NA,FALSE,FALSE
"Gga3","Gga3",2,0.613583153192883,1,"NM_001252067",-1.50443670543853,0.613583153192883,0.927991581359871,TRUE,TRUE,TRUE,"Forebrain + Hindbrain + Midbrain",FALSE,FALSE
"Afap1l2","Afap1l2",2,0.613929112512261,1,"NM_001177797",-0.825199458710766,0.613929112512261,0.928193230030394,NA,NA,NA,NA,FALSE,FALSE
"Spata5","Spata5",2,0.614064236560263,1,"NM_001163511",-0.366233266454735,0.614064236560263,0.928280372308422,FALSE,FALSE,TRUE,"Midbrain only",FALSE,FALSE
"Trub1","Trub1",2,0.614333576421568,1,"NM_028115",-0.151129186243442,0.614333576421568,0.928322267995829,TRUE,TRUE,TRUE,"Forebrain + Hindbrain + Midbrain",FALSE,FALSE
"Cap1","Cap1",2,0.614405253962698,1,"NM_007598",-0.160314104428065,0.614405253962698,0.928322267995829,TRUE,TRUE,FALSE,"Forebrain + Hindbrain",FALSE,FALSE
"St6gal1","St6gal1",2,0.614760638563755,1,"NM_001252505",-0.296707287453941,0.614760638563755,0.928414692369723,TRUE,TRUE,FALSE,"Forebrain + Hindbrain",FALSE,FALSE
"Ralyl","Ralyl",4,0.615205908920377,1,"NM_001163328",2.11639598486082,0.615205908920377,0.928414844359748,TRUE,TRUE,TRUE,"Forebrain + Hindbrain + Midbrain",FALSE,FALSE
"Gm14308","Gm14308",5,0.615766122305558,1,"NM_001099349_4",6.76451104525784,0.615766122305558,0.9286915117637,NA,NA,NA,NA,FALSE,FALSE
"Crnde","Crnde",2,0.616459423001086,1,"NR_033641",-0.14879601312345,0.616459423001086,0.929244640094337,NA,NA,NA,NA,FALSE,FALSE
"Rxfp2","Rxfp2",2,0.616508711259486,1,"NM_080468",-2.02664704350614,0.616508711259486,0.929244640094337,NA,NA,NA,NA,FALSE,FALSE
"Tmem39a","Tmem39a",2,0.616688374823261,1,"NM_026407",-0.571534396684912,0.616688374823261,0.929287403262797,NA,NA,NA,NA,FALSE,FALSE
"AI593442","AI593442",2,0.617171423682755,1,"NM_001286641",-4.98762733153151,0.617171423682755,0.929788227108435,FALSE,FALSE,TRUE,"Midbrain only",FALSE,FALSE
"Adra1a","Adra1a",4,0.617810522322066,1,"NM_001271760",1.49590930721948,0.617810522322066,0.929956311960758,FALSE,FALSE,TRUE,"Midbrain only",FALSE,FALSE
"Mical2","Mical2",2,0.618324819657209,1,"NM_177282",-0.232496024049596,0.618324819657209,0.930060714678836,NA,NA,NA,NA,FALSE,FALSE
"Rhbdf2","Rhbdf2",2,0.618615596589891,1,"NM_172572",-0.749584492083613,0.618615596589891,0.930060714678836,NA,NA,NA,NA,FALSE,FALSE
"Nt5c3","Nt5c3",2,0.618878909259614,1,"NM_026004",-0.0756150452786382,0.618878909259614,0.930060714678836,TRUE,TRUE,TRUE,"Forebrain + Hindbrain + Midbrain",FALSE,FALSE
"Ccdc130","Ccdc130",2,0.620522618663612,1,"NM_001294281",-0.731766780580538,0.620522618663612,0.931106852287693,TRUE,TRUE,FALSE,"Forebrain + Hindbrain",FALSE,FALSE
"Pex7","Pex7",2,0.621597737797361,1,"NM_008822",-0.764685514089107,0.621597737797361,0.932018965300053,NA,NA,NA,NA,FALSE,FALSE
"Trmt61b","Trmt61b",3,0.621888664576768,1,"NR_027953",0.119132943587929,0.621888664576768,0.9320323166888,NA,NA,NA,NA,FALSE,FALSE
"A930003A15Rik","A930003A15Rik",2,0.621943431650706,1,"NR_027896",-1.45389202839243,0.621943431650706,0.9320323166888,NA,NA,NA,NA,FALSE,FALSE
"Zfp414","Zfp414",2,0.622195136134106,1,"NM_026712",-0.225914904848549,0.622195136134106,0.932110102588982,TRUE,TRUE,TRUE,"Forebrain + Hindbrain + Midbrain",FALSE,FALSE
"Sema4d","Sema4d",2,0.622366120942579,1,"NM_013660",-0.410838639914635,0.622366120942579,0.932110102588982,TRUE,TRUE,TRUE,"Forebrain + Hindbrain + Midbrain",FALSE,FALSE
"Naaa","Naaa",2,0.622802938122101,1,"NM_001163687",-1.26429580143167,0.622802938122101,0.932315118037349,NA,NA,NA,NA,FALSE,FALSE
"Lppr2","Lppr2",2,0.62335943307286,1,"NM_001290299",-0.268746233176917,0.62335943307286,0.932355606149157,NA,NA,NA,NA,FALSE,FALSE
"Carkd","Carkd",3,0.62463651687782,1,"NM_001293661",-0.235663266115692,0.62463651687782,0.932355606149157,FALSE,FALSE,TRUE,"Midbrain only",FALSE,FALSE
"Cdk12","Cdk12",3,0.624973843174551,1,"NM_001109626",-0.790005102149603,0.624973843174551,0.932355606149157,FALSE,FALSE,TRUE,"Midbrain only",FALSE,FALSE
"Usp1","Usp1",2,0.625195867349349,1,"NM_001301414",-0.291945227315824,0.625195867349349,0.932355606149157,NA,NA,NA,NA,FALSE,FALSE
"Alox5ap","Alox5ap",2,0.625207501115462,1,"NM_001308462",-2.93757367170427,0.625207501115462,0.932355606149157,TRUE,TRUE,TRUE,"Forebrain + Hindbrain + Midbrain",FALSE,FALSE
"4930480K23Rik","4930480K23Rik",2,0.62530553324687,1,"NR_130157",-0.254741708828197,0.62530553324687,0.932355606149157,NA,NA,NA,NA,FALSE,FALSE
"Reep2","Reep2",2,0.62533521750999,1,"NM_001204914",-0.445490961653975,0.62533521750999,0.932355606149157,NA,NA,NA,NA,FALSE,FALSE
"Aspscr1","Aspscr1",3,0.625778166493361,1,"NM_198223",-6.66024610687718,0.625778166493361,0.932508462085265,NA,NA,NA,NA,FALSE,FALSE
"Zcchc2","Zcchc2",2,0.625981152675767,1,"NM_001122675",-0.350957875190355,0.625981152675767,0.932609793817124,NA,NA,NA,NA,FALSE,FALSE
"Tekt1","Tekt1",2,0.626166776705221,1,"NM_001282006",-3.15909336583469,0.626166776705221,0.932647102976939,NA,NA,NA,NA,FALSE,FALSE
"Ttc4","Ttc4",2,0.626249100102668,1,"NM_001172073",-0.72058490442824,0.626249100102668,0.932647102976939,NA,NA,NA,NA,FALSE,FALSE
"Asxl2","Asxl2",2,0.626862781865385,1,"NM_001270988",-0.780392558015387,0.626862781865385,0.932819119131101,NA,NA,NA,NA,FALSE,FALSE
"Gsg1","Gsg1",3,0.627084917324967,1,"NM_010352",1.29676337533864,0.627084917324967,0.932991063394032,NA,NA,NA,NA,FALSE,FALSE
"Pdlim2","Pdlim2",2,0.627174423294227,1,"NM_001253736",-0.888263383136069,0.627174423294227,0.933011740018175,TRUE,TRUE,TRUE,"Forebrain + Hindbrain + Midbrain",FALSE,FALSE
"Meis3","Meis3",5,0.627595948381884,1,"NR_102730",1.06926399453846,0.627595948381884,0.933239648826251,TRUE,TRUE,TRUE,"Forebrain + Hindbrain + Midbrain",FALSE,FALSE
"Xntrpc","Xntrpc",2,0.62777032563527,1,"NR_104582",-5.07350734203088,0.62777032563527,0.933239648826251,NA,NA,NA,NA,FALSE,FALSE
"Radil","Radil",2,0.627909030464097,1,"NM_001289588",-0.492601691611451,0.627909030464097,0.933239648826251,TRUE,TRUE,TRUE,"Forebrain + Hindbrain + Midbrain",FALSE,FALSE
"Podn","Podn",3,0.628017279556336,1,"NM_172874",-1.52470324721063,0.628017279556336,0.933239648826251,NA,NA,NA,NA,FALSE,FALSE
"1700019G17Rik","1700019G17Rik",2,0.628274572030456,1,"NM_029331",-1.22884169456341,0.628274572030456,0.933239648826251,TRUE,TRUE,TRUE,"Forebrain + Hindbrain + Midbrain",FALSE,FALSE
"Mgat4a","Mgat4a",2,0.628594923588214,1,"NM_001290801",-0.311973360607352,0.628594923588214,0.933239648826251,NA,NA,NA,NA,FALSE,FALSE
"Slc12a8","Slc12a8",2,0.628594954001283,1,"NM_134251",-1.2109953342658,0.628594954001283,0.933239648826251,NA,NA,NA,NA,FALSE,FALSE
"Jund","Jund",2,0.628736442545446,1,"NM_010592",-0.0194158315816504,0.628736442545446,0.933239648826251,NA,NA,NA,NA,FALSE,FALSE
"Emp3","Emp3",2,0.628785321960698,1,"NM_010129",-0.34595042596995,0.628785321960698,0.933239648826251,NA,NA,NA,NA,FALSE,FALSE
"Xndc1","Xndc1",2,0.628942603428898,1,"NM_001286689",-0.694245331533608,0.628942603428898,0.933239648826251,NA,NA,NA,NA,FALSE,FALSE
"Grm5","Grm5",2,0.629320715293572,1,"NM_001081414",-1.92613276838427,0.629320715293572,0.933239648826251,NA,NA,NA,NA,FALSE,FALSE
"Shd","Shd",2,0.629514718999853,1,"NM_001159523",-0.416384826974257,0.629514718999853,0.933239648826251,NA,NA,NA,NA,FALSE,FALSE
"Pdyn","Pdyn",2,0.629731316869975,1,"NM_018863",-1.86074174870441,0.629731316869975,0.933239648826251,NA,NA,NA,NA,FALSE,FALSE
"Gm16973","Gm16973",2,0.630172425912501,1,"NR_046210",-0.699451900871617,0.630172425912501,0.933239648826251,TRUE,TRUE,TRUE,"Forebrain + Hindbrain + Midbrain",FALSE,FALSE
"Ppa2","Ppa2",2,0.63031733138787,1,"NM_001293641",-0.237676188490545,0.63031733138787,0.933239648826251,NA,NA,NA,NA,FALSE,FALSE
"Myh14","Myh14",3,0.63084142406895,1,"NM_001271540",0.959118544725854,0.63084142406895,0.933239648826251,NA,NA,NA,NA,FALSE,FALSE
"Tubgcp2","Tubgcp2",4,0.630861136235405,1,"NM_001286009",-0.207185704539687,0.630861136235405,0.933239648826251,TRUE,TRUE,TRUE,"Forebrain + Hindbrain + Midbrain",FALSE,FALSE
"Trerf1","Trerf1",2,0.631102521747299,1,"NM_001097623",-0.917327195693031,0.631102521747299,0.933239648826251,TRUE,TRUE,TRUE,"Forebrain + Hindbrain + Midbrain",FALSE,FALSE
"Aurka","Aurka",2,0.631236463665618,1,"NM_001291185",-0.236424370808207,0.631236463665618,0.933239648826251,NA,NA,NA,NA,FALSE,FALSE
"Tmem54","Tmem54",3,0.631489565285362,1,"NM_025452",-1.8255073230637,0.631489565285362,0.933239648826251,NA,NA,NA,NA,FALSE,FALSE
"Col2a1","Col2a1",2,0.63155709405096,1,"NM_031163",-0.843173573568719,0.63155709405096,0.933239648826251,TRUE,TRUE,TRUE,"Forebrain + Hindbrain + Midbrain",FALSE,FALSE
"Tle3","Tle3",3,0.631851879109343,1,"NM_009389",0.513230209555287,0.631851879109343,0.933239648826251,TRUE,TRUE,TRUE,"Forebrain + Hindbrain + Midbrain",FALSE,FALSE
"Slc4a2","Slc4a2",2,0.632685886799521,1,"NM_001253892",-0.436395358599548,0.632685886799521,0.933239648826251,FALSE,FALSE,TRUE,"Midbrain only",FALSE,FALSE
"Rad54l","Rad54l",3,0.632791908435357,1,"NM_001122958",-0.499954610157867,0.632791908435357,0.933239648826251,TRUE,TRUE,TRUE,"Forebrain + Hindbrain + Midbrain",FALSE,FALSE
"Emilin3","Emilin3",2,0.632826191208437,1,"NM_001291145",-1.54267168556246,0.632826191208437,0.933239648826251,NA,NA,NA,NA,FALSE,FALSE
"Enpp1","Enpp1",3,0.632967193342464,1,"NM_001308327",-1.35764093285758,0.632967193342464,0.933239648826251,NA,NA,NA,NA,FALSE,FALSE
"Ccser1","Ccser1",2,0.63300972426357,1,"NM_001164316",-1.37564528112786,0.63300972426357,0.933239648826251,TRUE,TRUE,FALSE,"Forebrain + Hindbrain",FALSE,FALSE
"Cebpzos","Cebpzos",2,0.633093503673157,1,"NM_001177403",-0.105978421371576,0.633093503673157,0.933239648826251,TRUE,TRUE,TRUE,"Forebrain + Hindbrain + Midbrain",FALSE,FALSE
"Zfyve19","Zfyve19",2,0.633260410402464,1,"NM_028054",-1.04651362948728,0.633260410402464,0.933239648826251,NA,NA,NA,NA,FALSE,FALSE
"Myo9b","Myo9b",2,0.633504279376728,1,"NM_001142322",-0.149432105797712,0.633504279376728,0.933239648826251,NA,NA,NA,NA,FALSE,FALSE
"Rcsd1","Rcsd1",2,0.633726712539386,1,"NM_001038846",-0.3427550808097,0.633726712539386,0.933239648826251,TRUE,TRUE,TRUE,"Forebrain + Hindbrain + Midbrain",FALSE,FALSE
"Abhd13","Abhd13",2,0.633831563761168,1,"NM_026868",-0.34873603681131,0.633831563761168,0.933239648826251,FALSE,FALSE,TRUE,"Midbrain only",FALSE,FALSE
"Cd68","Cd68",2,0.634191299199959,1,"NR_110993",-1.11655399669769,0.634191299199959,0.933435189900703,TRUE,TRUE,TRUE,"Forebrain + Hindbrain + Midbrain",FALSE,FALSE
"B3gnt8","B3gnt8",2,0.634326917447395,1,"NM_146184",-1.11644240399743,0.634326917447395,0.933523453941665,NA,NA,NA,NA,FALSE,FALSE
"Gss","Gss",2,0.635128508256567,1,"NM_001291111",-0.893788052848235,0.635128508256567,0.933683762689579,TRUE,TRUE,FALSE,"Forebrain + Hindbrain",FALSE,FALSE
"Cds2","Cds2",2,0.635903132401373,1,"NM_138651",-0.267802504834245,0.635903132401373,0.933683762689579,TRUE,TRUE,TRUE,"Forebrain + Hindbrain + Midbrain",FALSE,FALSE
"Minos1","Minos1",2,0.636056838647862,1,"NR_033745",-0.0932464018368788,0.636056838647862,0.933683762689579,NA,NA,NA,NA,FALSE,FALSE
"Shisa9","Shisa9",2,0.636744007690133,1,"NM_001174086",-1.21609323133979,0.636744007690133,0.933683762689579,NA,NA,NA,NA,FALSE,FALSE
"Arhgap25","Arhgap25",3,0.636837861736385,1,"NR_104483",-0.845754277496161,0.636837861736385,0.933683762689579,NA,NA,NA,NA,FALSE,FALSE
"Zfp518b","Zfp518b",2,0.636880980032144,1,"NM_001177902",-0.383009347370669,0.636880980032144,0.933683762689579,NA,NA,NA,NA,FALSE,FALSE
"Anp32e","Anp32e",3,0.637051632606384,1,"NM_023210",-0.296579252540338,0.637051632606384,0.933683762689579,NA,NA,NA,NA,FALSE,FALSE
"Pde8b","Pde8b",2,0.637458269958105,1,"NM_001170669",-0.533217438561275,0.637458269958105,0.933683762689579,NA,NA,NA,NA,FALSE,FALSE
"Gm10069","Gm10069",2,0.637549768360955,1,"NR_028592",-0.348302639670975,0.637549768360955,0.933683762689579,NA,NA,NA,NA,FALSE,FALSE
"E4f1","E4f1",3,0.637555903990952,1,"NM_007893",0.251176495704892,0.637555903990952,0.933683762689579,TRUE,TRUE,FALSE,"Forebrain + Hindbrain",FALSE,FALSE
"Mbd5","Mbd5",2,0.637650723504957,1,"NM_029924",-0.3851077929027,0.637650723504957,0.933683762689579,TRUE,TRUE,FALSE,"Forebrain + Hindbrain",FALSE,FALSE
"Adcyap1r1","Adcyap1r1",2,0.637668544664161,1,"NM_001025372",-0.404681132209866,0.637668544664161,0.933683762689579,TRUE,TRUE,TRUE,"Forebrain + Hindbrain + Midbrain",FALSE,FALSE
"Cebpb","Cebpb",3,0.638596430743238,1,"NM_001287739",3.86612009608313,0.638596430743238,0.934199649226054,TRUE,TRUE,TRUE,"Forebrain + Hindbrain + Midbrain",FALSE,FALSE
"Ddx39b","Ddx39b",2,0.639251510597872,1,"NM_019693",-4.56649550574826,0.639251510597872,0.934396178532628,NA,NA,NA,NA,FALSE,FALSE
"Gtse1","Gtse1",2,0.639758297006819,1,"NM_001168672",-0.972348157097541,0.639758297006819,0.93482739906029,TRUE,TRUE,FALSE,"Forebrain + Hindbrain",FALSE,FALSE
"Slc39a13","Slc39a13",3,0.640646876277476,1,"NM_026721",-0.210013642166633,0.640646876277476,0.934988893980209,TRUE,TRUE,TRUE,"Forebrain + Hindbrain + Midbrain",FALSE,FALSE
"Kctd14","Kctd14",3,0.642187135718668,1,"NM_001012434",-0.929707941456032,0.642187135718668,0.935877847083414,NA,NA,NA,NA,FALSE,FALSE
"Phf8","Phf8",2,0.642256341156144,1,"NM_177201",-0.250788533681645,0.642256341156144,0.935877847083414,NA,NA,NA,NA,FALSE,FALSE
"Fut10","Fut10",4,0.642777960347321,1,"NM_134161",0.242353490131841,0.642777960347321,0.936135964910415,TRUE,TRUE,FALSE,"Forebrain + Hindbrain",FALSE,FALSE
"Scamp3","Scamp3",3,0.643068827315486,1,"NM_001309910",-1.32006339968412,0.643068827315486,0.936332683310162,NA,NA,NA,NA,FALSE,FALSE
"Senp3","Senp3",2,0.643343195914447,1,"NM_001163571",-0.457928947088766,0.643343195914447,0.936356794206061,TRUE,TRUE,TRUE,"Forebrain + Hindbrain + Midbrain",FALSE,FALSE
"Exosc1","Exosc1",2,0.644413288883792,1,"NM_001164561",-0.842602758280306,0.644413288883792,0.937333561879973,NA,NA,NA,NA,FALSE,FALSE
"Rpf1","Rpf1",2,0.644581586171158,1,"NM_027332",-0.16890731357696,0.644581586171158,0.937333561879973,NA,NA,NA,NA,FALSE,FALSE
"Dcaf12l1","Dcaf12l1",2,0.644589797933783,1,"NM_178739",-0.377008277499493,0.644589797933783,0.937333561879973,NA,NA,NA,NA,FALSE,FALSE
"Nars","Nars",2,0.644691623853291,1,"NM_027350",-0.0714974676125234,0.644691623853291,0.937333561879973,NA,NA,NA,NA,FALSE,FALSE
"Drosha","Drosha",2,0.646597267955742,1,"NM_001130149",-1.32047419912619,0.646597267955742,0.938567930734612,NA,NA,NA,NA,FALSE,FALSE
"Cmip","Cmip",2,0.647573005923083,1,"NM_001163262",-1.91113053131193,0.647573005923083,0.938909899970092,NA,NA,NA,NA,FALSE,FALSE
"Spns2","Spns2",2,0.64788907533267,1,"NM_001276383",-0.709729445845489,0.64788907533267,0.938909899970092,TRUE,TRUE,FALSE,"Forebrain + Hindbrain",FALSE,FALSE
"Hnrnpa2b1","Hnrnpa2b1",2,0.648448319050415,1,"NR_104468",-0.042677857597165,0.648448319050415,0.939029764884295,NA,NA,NA,NA,FALSE,FALSE
"4932438H23Rik","4932438H23Rik",2,0.649118494143272,1,"NM_028905",-1.56313135230315,0.649118494143272,0.939066407572323,NA,NA,NA,NA,FALSE,FALSE
"Sdcbp","Sdcbp",2,0.649166345513972,1,"NM_016807",-0.0782388816153874,0.649166345513972,0.939066407572323,NA,NA,NA,NA,FALSE,FALSE
"Adgrg5","Adgrg5",2,0.649500937022964,1,"NM_001033468",-1.14974654110439,0.649500937022964,0.939066407572323,NA,NA,NA,NA,FALSE,FALSE
"Sh3bp5l","Sh3bp5l",4,0.649697006963897,1,"NM_001308167",-0.728597565371633,0.649697006963897,0.939066407572323,TRUE,TRUE,TRUE,"Forebrain + Hindbrain + Midbrain",FALSE,FALSE
"Nab2","Nab2",2,0.649956029283203,1,"NM_001122895",-0.770406389014017,0.649956029283203,0.939066407572323,NA,NA,NA,NA,FALSE,FALSE
"Ets1","Ets1",2,0.649962861933813,1,"NM_011808",-0.410117487887903,0.649962861933813,0.939066407572323,TRUE,TRUE,TRUE,"Forebrain + Hindbrain + Midbrain",FALSE,FALSE
"Pld5","Pld5",2,0.650015401323541,1,"NM_001195816",-0.76384276913145,0.650015401323541,0.939066407572323,NA,NA,NA,NA,FALSE,FALSE
"Zbtb33","Zbtb33",2,0.650110558117073,1,"NM_020256",-0.640626682728199,0.650110558117073,0.939066407572323,NA,NA,NA,NA,FALSE,FALSE
"Ccna1","Ccna1",2,0.650158789166807,1,"NM_001305221",-2.52318049937101,0.650158789166807,0.939066407572323,TRUE,TRUE,FALSE,"Forebrain + Hindbrain",FALSE,FALSE
"Tsr3","Tsr3",2,0.650735871976313,1,"NM_001163718",-0.483186148261146,0.650735871976313,0.939066407572323,NA,NA,NA,NA,FALSE,FALSE
"Nsfl1c","Nsfl1c",2,0.651050632858733,1,"NM_001291074",-0.556216026199376,0.651050632858733,0.939066407572323,NA,NA,NA,NA,FALSE,FALSE
"Tfr2","Tfr2",3,0.651064449420483,1,"NM_001289509",1.83910745941691,0.651064449420483,0.939066407572323,NA,NA,NA,NA,FALSE,FALSE
"Wapal","Wapal",2,0.651321995994475,1,"NM_001004436",-0.644138182867356,0.651321995994475,0.939161074755142,FALSE,FALSE,TRUE,"Midbrain only",FALSE,FALSE
"Tmem232","Tmem232",3,0.651767363762376,1,"NM_001289485",2.36816469575326,0.651767363762376,0.939530076388238,NA,NA,NA,NA,FALSE,FALSE
"Entpd4","Entpd4",2,0.653192607610177,1,"NM_026174_1",-0.0235284942882655,0.653192607610177,0.93954688180833,NA,NA,NA,NA,FALSE,FALSE
"Pigk","Pigk",2,0.653243742846938,1,"NM_178016",-1.2353246920805,0.653243742846938,0.93954688180833,NA,NA,NA,NA,FALSE,FALSE
"Rbm8a","Rbm8a",2,0.653602143487008,1,"NM_025875",-0.0761367262558988,0.653602143487008,0.93954688180833,NA,NA,NA,NA,FALSE,FALSE
"Ctss","Ctss",2,0.653813158815487,1,"NM_021281",-0.583152576223984,0.653813158815487,0.93954688180833,TRUE,TRUE,TRUE,"Forebrain + Hindbrain + Midbrain",FALSE,FALSE
"Rwdd2a","Rwdd2a",3,0.653877759395666,1,"NM_001145969",0.555499542760891,0.653877759395666,0.93954688180833,TRUE,TRUE,FALSE,"Forebrain + Hindbrain",FALSE,FALSE
"Ptbp3","Ptbp3",2,0.653930158071181,1,"NM_178164",-0.210994207186922,0.653930158071181,0.93954688180833,TRUE,TRUE,FALSE,"Forebrain + Hindbrain",FALSE,FALSE
"Lrrn3","Lrrn3",3,0.654177100345072,1,"NM_010733",1.79801775343385,0.654177100345072,0.93954688180833,NA,NA,NA,NA,FALSE,FALSE
"2010308F09Rik","2010308F09Rik",2,0.654664765401054,1,"NR_045430",-3.254348193438,0.654664765401054,0.93954688180833,TRUE,TRUE,FALSE,"Forebrain + Hindbrain",FALSE,FALSE
"C1qtnf6","C1qtnf6",2,0.654728704409607,1,"NM_001204153",-0.293498996081874,0.654728704409607,0.93954688180833,TRUE,TRUE,TRUE,"Forebrain + Hindbrain + Midbrain",FALSE,FALSE
"Gon4l","Gon4l",2,0.655173365883721,1,"NM_001242372",-2.87738044752966,0.655173365883721,0.93954688180833,TRUE,TRUE,TRUE,"Forebrain + Hindbrain + Midbrain",FALSE,FALSE
"Nek3","Nek3",2,0.655241868235894,1,"NM_011848",-0.720127754736044,0.655241868235894,0.93954688180833,TRUE,TRUE,FALSE,"Forebrain + Hindbrain",FALSE,FALSE
"Vps26a","Vps26a",2,0.65538698208115,1,"NM_001113355",-0.828507735489367,0.65538698208115,0.93954688180833,NA,NA,NA,NA,FALSE,FALSE
"Spp1","Spp1",4,0.655509229796302,1,"NM_001204203",0.344279986126182,0.655509229796302,0.93954688180833,TRUE,TRUE,TRUE,"Forebrain + Hindbrain + Midbrain",FALSE,FALSE
"Anxa6","Anxa6",2,0.65570099190907,1,"NM_013472",-0.115051780145227,0.65570099190907,0.93954688180833,NA,NA,NA,NA,FALSE,FALSE
"Snrk","Snrk",2,0.65632931817918,1,"NM_001164572",-0.232242993693411,0.65632931817918,0.93954688180833,TRUE,TRUE,TRUE,"Forebrain + Hindbrain + Midbrain",FALSE,FALSE
"Gm14391","Gm14391",4,0.656744085305106,1,"NM_001099308",1.76268267409188,0.656744085305106,0.93954688180833,TRUE,TRUE,TRUE,"Forebrain + Hindbrain + Midbrain",FALSE,FALSE
"Csf1","Csf1",3,0.656920008914044,1,"NM_001113530",0.350381274195227,0.656920008914044,0.93954688180833,TRUE,TRUE,TRUE,"Forebrain + Hindbrain + Midbrain",FALSE,FALSE
"Purg","Purg",2,0.657109709606753,1,"NM_152821",-0.23155678617112,0.657109709606753,0.93954688180833,TRUE,TRUE,TRUE,"Forebrain + Hindbrain + Midbrain",FALSE,FALSE
"Plk4","Plk4",2,0.657318386091447,1,"NM_011495",-0.700170680061111,0.657318386091447,0.93954688180833,NA,NA,NA,NA,FALSE,FALSE
"Qrich1","Qrich1",2,0.657946597887798,1,"NM_175143",-0.121760233338455,0.657946597887798,0.940118979958086,NA,NA,NA,NA,FALSE,FALSE
"Snph","Snph",3,0.65836975000204,1,"NM_198214",1.11833258640082,0.65836975000204,0.940118979958086,NA,NA,NA,NA,FALSE,FALSE
"Ripk3","Ripk3",3,0.658614724458528,1,"NM_001164107",-1.91605129017465,0.658614724458528,0.940118979958086,TRUE,TRUE,FALSE,"Forebrain + Hindbrain",FALSE,FALSE
"Cnot6","Cnot6",2,0.660018736378802,1,"NM_001290741",-0.0980033239351852,0.660018736378802,0.940912431589482,TRUE,TRUE,TRUE,"Forebrain + Hindbrain + Midbrain",FALSE,FALSE
"Sept2","Sept2",4,0.660672713306191,1,"NM_001159718",-0.38497304421214,0.660672713306191,0.940912431589482,FALSE,FALSE,TRUE,"Midbrain only",FALSE,FALSE
"Zfp212","Zfp212",2,0.660861638347955,1,"NM_145576",-0.413138523829903,0.660861638347955,0.940929112404957,FALSE,FALSE,TRUE,"Midbrain only",FALSE,FALSE
"Igfbp7","Igfbp7",2,0.661262552502362,1,"NM_008048",-0.889480329305875,0.661262552502362,0.941282719792265,NA,NA,NA,NA,FALSE,FALSE
"Clec16a","Clec16a",2,0.661861370720866,1,"NM_001204229",-0.932582023139314,0.661861370720866,0.941700601256254,NA,NA,NA,NA,FALSE,FALSE
"Tmem41a","Tmem41a",2,0.662194858615897,1,"NR_037773",-0.240930402031056,0.662194858615897,0.941747760337465,NA,NA,NA,NA,FALSE,FALSE
"Clec4a3","Clec4a3",2,0.662453564753724,1,"NM_153197",-2.24699511598776,0.662453564753724,0.941747760337465,TRUE,TRUE,FALSE,"Forebrain + Hindbrain",FALSE,FALSE
"Cgnl1","Cgnl1",2,0.662598793662607,1,"NM_026599",-0.210978783334132,0.662598793662607,0.941747760337465,NA,NA,NA,NA,FALSE,FALSE
"Chdh","Chdh",3,0.662683211442642,1,"NM_175343",-0.90666212417729,0.662683211442642,0.941747760337465,NA,NA,NA,NA,FALSE,FALSE
"Apol9a","Apol9a",2,0.663862267788383,1,"NM_001162883",-3.51501019665539,0.663862267788383,0.941747760337465,NA,NA,NA,NA,FALSE,FALSE
"Smarcd2","Smarcd2",2,0.664377026025037,1,"NM_031878",-0.233858481313762,0.664377026025037,0.941747760337465,FALSE,FALSE,TRUE,"Midbrain only",FALSE,FALSE
"Acbd6","Acbd6",3,0.664391270647437,1,"NM_026683",0.0983052916193337,0.664391270647437,0.941747760337465,NA,NA,NA,NA,FALSE,FALSE
"Gm10778","Gm10778",2,0.66464887767842,1,"NM_001142963_1",-1.50965834255205,0.66464887767842,0.941747760337465,NA,NA,NA,NA,FALSE,FALSE
"1700102H20Rik","1700102H20Rik",2,0.664668744333481,1,"NR_045302",-1.22171634564356,0.664668744333481,0.941747760337465,TRUE,TRUE,FALSE,"Forebrain + Hindbrain",FALSE,FALSE
"Ctbs","Ctbs",2,0.665101608546485,1,"NM_001293672",-1.08325084135168,0.665101608546485,0.941747760337465,NA,NA,NA,NA,FALSE,FALSE
"Dnmt3b","Dnmt3b",5,0.665115109245946,1,"NM_001271747",0.581199355017765,0.665115109245946,0.941747760337465,NA,NA,NA,NA,FALSE,FALSE
"Sytl3","Sytl3",2,0.665520113681674,1,"NM_183368",-1.04485268080896,0.665520113681674,0.941747760337465,NA,NA,NA,NA,FALSE,FALSE
"Zc3hav1","Zc3hav1",2,0.666229856305021,1,"NM_028864",-0.31289935335407,0.666229856305021,0.941747760337465,NA,NA,NA,NA,FALSE,FALSE
"Zfp809","Zfp809",3,0.666321857544449,1,"NM_001164624",-0.482184887217461,0.666321857544449,0.941747760337465,NA,NA,NA,NA,FALSE,FALSE
"Mapk1ip1","Mapk1ip1",2,0.666704135658557,1,"NM_027115",-0.548084621537778,0.666704135658557,0.941747760337465,NA,NA,NA,NA,FALSE,FALSE
"Stx2","Stx2",2,0.666754087560586,1,"NM_007941",-0.712672640858181,0.666754087560586,0.941747760337465,NA,NA,NA,NA,FALSE,FALSE
"Ptpn11","Ptpn11",2,0.667036224502231,1,"NM_011202",-0.34736648709421,0.667036224502231,0.941747760337465,TRUE,TRUE,FALSE,"Forebrain + Hindbrain",FALSE,FALSE
"Nr1h3","Nr1h3",2,0.6673064520364,1,"NM_001177730",-1.23343802040298,0.6673064520364,0.941747760337465,FALSE,FALSE,TRUE,"Midbrain only",FALSE,FALSE
"Mid1ip1","Mid1ip1",2,0.667633853114757,1,"NM_001166635",-0.218220646552655,0.667633853114757,0.941747760337465,NA,NA,NA,NA,FALSE,FALSE
"Tmem42","Tmem42",2,0.66781309693455,1,"NM_001164823",-3.81751721762817,0.66781309693455,0.941747760337465,TRUE,TRUE,FALSE,"Forebrain + Hindbrain",FALSE,FALSE
"Smim22","Smim22",5,0.667853522672377,1,"NR_045596",-2.23296036291172,0.667853522672377,0.941747760337465,TRUE,TRUE,TRUE,"Forebrain + Hindbrain + Midbrain",FALSE,FALSE
"4931406C07Rik","4931406C07Rik",3,0.667885015637124,1,"NM_001199484",0.321286973202933,0.667885015637124,0.941747760337465,TRUE,TRUE,TRUE,"Forebrain + Hindbrain + Midbrain",FALSE,FALSE
"Dguok","Dguok",2,0.66797919207203,1,"NM_001162521",-0.187386177819438,0.66797919207203,0.941747760337465,TRUE,TRUE,TRUE,"Forebrain + Hindbrain + Midbrain",FALSE,FALSE
"Dsc3","Dsc3",2,0.668096114489754,1,"NM_007882",-1.2379272600328,0.668096114489754,0.941747760337465,NA,NA,NA,NA,FALSE,FALSE
"Dcun1d3","Dcun1d3",2,0.668240202518208,1,"NM_173408",-0.476596619007907,0.668240202518208,0.941747760337465,TRUE,TRUE,FALSE,"Forebrain + Hindbrain",FALSE,FALSE
"Irx3","Irx3",2,0.668274837041378,1,"NM_001253822",-1.64257910234095,0.668274837041378,0.941747760337465,NA,NA,NA,NA,FALSE,FALSE
"Ldlr","Ldlr",3,0.668604021787342,1,"NM_001252659",-0.55847755703938,0.668604021787342,0.941747760337465,TRUE,TRUE,FALSE,"Forebrain + Hindbrain",FALSE,FALSE
"Hdx","Hdx",2,0.668860997862416,1,"NM_001080549",-0.675036470384611,0.668860997862416,0.941747760337465,NA,NA,NA,NA,FALSE,FALSE
"Osbpl3","Osbpl3",2,0.669918446817842,1,"NM_027881",-0.303043354793098,0.669918446817842,0.941747760337465,NA,NA,NA,NA,FALSE,FALSE
"Lats2","Lats2",2,0.670018752025957,1,"NM_153382",-0.6461297052321,0.670018752025957,0.941747760337465,TRUE,TRUE,TRUE,"Forebrain + Hindbrain + Midbrain",FALSE,FALSE
"Brsk1","Brsk1",2,0.670216880962327,1,"NM_001003920",-1.16485087154766,0.670216880962327,0.941747760337465,TRUE,TRUE,TRUE,"Forebrain + Hindbrain + Midbrain",FALSE,FALSE
"Ash2l","Ash2l",2,0.670668756631899,1,"NM_001286207",-0.571973034524436,0.670668756631899,0.941747760337465,NA,NA,NA,NA,FALSE,FALSE
"Sema4f","Sema4f",3,0.67088115548062,1,"NM_001113481",-0.661380939204231,0.67088115548062,0.941747760337465,TRUE,TRUE,TRUE,"Forebrain + Hindbrain + Midbrain",FALSE,FALSE
"Sipa1l1","Sipa1l1",2,0.671015771634101,1,"NM_172579",-0.19369502537035,0.671015771634101,0.941747760337465,FALSE,FALSE,TRUE,"Midbrain only",FALSE,FALSE
"Gpr155","Gpr155",2,0.671060523189049,1,"NM_001190297",-0.445557808821555,0.671060523189049,0.941747760337465,NA,NA,NA,NA,FALSE,FALSE
"Pbx3","Pbx3",2,0.671549100598149,1,"NM_001290576",-0.125277719630639,0.671549100598149,0.941747760337465,TRUE,TRUE,TRUE,"Forebrain + Hindbrain + Midbrain",FALSE,FALSE
"Kctd1","Kctd1",2,0.671635719873563,1,"NM_134112",-0.113437689821613,0.671635719873563,0.941747760337465,NA,NA,NA,NA,FALSE,FALSE
"Frmpd4","Frmpd4",2,0.671710684080336,1,"NM_001290427",-1.25400926219159,0.671710684080336,0.941747760337465,NA,NA,NA,NA,FALSE,FALSE
"Gucy1b3","Gucy1b3",2,0.672143121006239,1,"NM_001161796",-0.505434313374939,0.672143121006239,0.941747760337465,NA,NA,NA,NA,FALSE,FALSE
"Gm6710","Gm6710",2,0.67222185694132,1,"NM_001164689_1",-6.78703551257725,0.67222185694132,0.941747760337465,TRUE,TRUE,TRUE,"Forebrain + Hindbrain + Midbrain",FALSE,FALSE
"Gab1","Gab1",2,0.672693898367266,1,"NM_001301298",-0.285709898158351,0.672693898367266,0.941747760337465,TRUE,TRUE,TRUE,"Forebrain + Hindbrain + Midbrain",FALSE,FALSE
"Rnf32","Rnf32",3,0.673432658250404,1,"NR_110371",-2.01259094658449,0.673432658250404,0.941747760337465,TRUE,TRUE,TRUE,"Forebrain + Hindbrain + Midbrain",FALSE,FALSE
"Cd59a","Cd59a",2,0.673640247556447,1,"NM_001111060",-0.279798218030021,0.673640247556447,0.941747760337465,TRUE,TRUE,TRUE,"Forebrain + Hindbrain + Midbrain",FALSE,FALSE
"Bend7","Bend7",2,0.673720344864939,1,"NM_001190400",-0.68138596777359,0.673720344864939,0.941747760337465,NA,NA,NA,NA,FALSE,FALSE
"Rfx2","Rfx2",2,0.673794890244808,1,"NM_027787",-0.736135719891208,0.673794890244808,0.941747760337465,TRUE,TRUE,TRUE,"Forebrain + Hindbrain + Midbrain",FALSE,FALSE
"Mtx1","Mtx1",2,0.673872647092407,1,"NM_001161824",-0.79698451790368,0.673872647092407,0.941747760337465,NA,NA,NA,NA,FALSE,FALSE
"Trnt1","Trnt1",3,0.673902100403653,1,"NM_001242360",-0.135116777901204,0.673902100403653,0.941747760337465,NA,NA,NA,NA,FALSE,FALSE
"Hiatl1","Hiatl1",2,0.673909023994788,1,"NM_133680",-0.73477675688687,0.673909023994788,0.941747760337465,NA,NA,NA,NA,FALSE,FALSE
"Fastkd5","Fastkd5",2,0.674050832181792,1,"NM_001146084",-0.312972734477182,0.674050832181792,0.941747760337465,TRUE,TRUE,TRUE,"Forebrain + Hindbrain + Midbrain",FALSE,FALSE
"Rab43","Rab43",4,0.67418646085887,1,"NM_001039394",-1.30894651023922,0.67418646085887,0.941747760337465,NA,NA,NA,NA,FALSE,FALSE
"Tom1","Tom1",2,0.674272251230189,1,"NM_011622",-0.65392476244363,0.674272251230189,0.941747760337465,NA,NA,NA,NA,FALSE,FALSE
"Tmem222","Tmem222",2,0.674316502655438,1,"NM_025667",-0.280934965659276,0.674316502655438,0.941747760337465,NA,NA,NA,NA,FALSE,FALSE
"Clrn1","Clrn1",2,0.674386001306284,1,"NM_153386",-1.57498970076159,0.674386001306284,0.941747760337465,NA,NA,NA,NA,FALSE,FALSE
"Syt3","Syt3",2,0.674430078515508,1,"NM_016663",-0.956232247489509,0.674430078515508,0.941747760337465,TRUE,TRUE,FALSE,"Forebrain + Hindbrain",FALSE,FALSE
"Htr3a","Htr3a",2,0.675121876762911,1,"NM_013561",-1.12823705928479,0.675121876762911,0.941747760337465,TRUE,TRUE,FALSE,"Forebrain + Hindbrain",FALSE,FALSE
"Abca3","Abca3",2,0.675411419377986,1,"NM_001039581",-0.236061626456639,0.675411419377986,0.941747760337465,FALSE,FALSE,TRUE,"Midbrain only",FALSE,FALSE
"Pkib","Pkib",2,0.675430986537138,1,"NM_008863",-1.3292019753913,0.675430986537138,0.941747760337465,NA,NA,NA,NA,FALSE,FALSE
"Rnf112","Rnf112",2,0.675621652649341,1,"NM_009548",-2.03424096098143,0.675621652649341,0.941747760337465,TRUE,TRUE,TRUE,"Forebrain + Hindbrain + Midbrain",FALSE,FALSE
"Vps37d","Vps37d",2,0.67666220308754,1,"NM_177574",-2.63273992425442,0.67666220308754,0.942161277248151,TRUE,TRUE,TRUE,"Forebrain + Hindbrain + Midbrain",FALSE,FALSE
"Cd74","Cd74",2,0.677298355808044,1,"NM_010545",-0.66111364047602,0.677298355808044,0.942161277248151,FALSE,FALSE,TRUE,"Midbrain only",FALSE,FALSE
"Birc2","Birc2",2,0.67741498463946,1,"NM_001291503",-0.259457307880809,0.67741498463946,0.942161277248151,NA,NA,NA,NA,FALSE,FALSE
"Pde9a","Pde9a",2,0.677497469133713,1,"NM_008804",-0.32508216580805,0.677497469133713,0.942161277248151,FALSE,FALSE,TRUE,"Midbrain only",FALSE,FALSE
"Sidt1","Sidt1",2,0.67776062107134,1,"NM_001159419",-1.80567256033597,0.67776062107134,0.942161277248151,NA,NA,NA,NA,FALSE,FALSE
"Arsg","Arsg",2,0.677820122678999,1,"NM_001166177",-1.8134796067059,0.677820122678999,0.942161277248151,NA,NA,NA,NA,FALSE,FALSE
"Zcchc18","Zcchc18",3,0.677989638732867,1,"NM_025893",0.343502004403802,0.677989638732867,0.942161277248151,TRUE,TRUE,TRUE,"Forebrain + Hindbrain + Midbrain",FALSE,FALSE
"Phax","Phax",2,0.678146836260893,1,"NM_019996",-0.369819111516229,0.678146836260893,0.942273613270963,NA,NA,NA,NA,FALSE,FALSE
"1190002F15Rik","1190002F15Rik",2,0.679275002811293,1,"NR_037955",-0.808461040592151,0.679275002811293,0.942832432077294,NA,NA,NA,NA,FALSE,FALSE
"Fzd6","Fzd6",2,0.679712022604792,1,"NM_008056",-0.506053562013696,0.679712022604792,0.942832432077294,TRUE,TRUE,FALSE,"Forebrain + Hindbrain",FALSE,FALSE
"Lrrc18","Lrrc18",2,0.679957876554399,1,"NM_026253",-0.990710450702731,0.679957876554399,0.942832432077294,NA,NA,NA,NA,FALSE,FALSE
"Slc35b3","Slc35b3",3,0.680178778505619,1,"NM_001170431",-0.463754920776846,0.680178778505619,0.942832432077294,TRUE,TRUE,FALSE,"Forebrain + Hindbrain",FALSE,FALSE
"Gja5","Gja5",2,0.680249474386272,1,"NM_001271628",-1.99130380246841,0.680249474386272,0.942832432077294,TRUE,TRUE,FALSE,"Forebrain + Hindbrain",FALSE,FALSE
"Gm4724","Gm4724",5,0.680395245416347,1,"NM_001256480_2",6.98423491971287,0.680395245416347,0.942832432077294,NA,NA,NA,NA,FALSE,FALSE
"Pfdn6","Pfdn6",2,0.68050501010778,1,"NM_001185182",-4.69972777392398,0.68050501010778,0.942832432077294,NA,NA,NA,NA,FALSE,FALSE
"Mif4gd","Mif4gd",3,0.680528466127988,1,"NM_001243584",0.213385165919955,0.680528466127988,0.942832432077294,TRUE,TRUE,TRUE,"Forebrain + Hindbrain + Midbrain",FALSE,FALSE
"Ric3","Ric3",2,0.680816803597637,1,"NM_178780",-0.389105055567335,0.680816803597637,0.942832432077294,TRUE,TRUE,TRUE,"Forebrain + Hindbrain + Midbrain",FALSE,FALSE
"Trim39","Trim39",2,0.680831134811092,1,"NM_178281",-2.02411926809806,0.680831134811092,0.942832432077294,FALSE,FALSE,TRUE,"Midbrain only",FALSE,FALSE
"Rad51b","Rad51b",2,0.680869043607989,1,"NM_001252562",-0.816686351328365,0.680869043607989,0.942832432077294,TRUE,TRUE,FALSE,"Forebrain + Hindbrain",FALSE,FALSE
"Arrb2","Arrb2",3,0.681837531934951,1,"NM_001271360",-0.529882322257829,0.681837531934951,0.943259545300145,TRUE,TRUE,TRUE,"Forebrain + Hindbrain + Midbrain",FALSE,FALSE
"Ano5","Ano5",3,0.681944671087026,1,"NM_177694",1.02275878757071,0.681944671087026,0.94328472386802,NA,NA,NA,NA,FALSE,FALSE
"Mcm10","Mcm10",2,0.682085056002783,1,"NM_027290",-0.731950359570452,0.682085056002783,0.94328472386802,NA,NA,NA,NA,FALSE,FALSE
"Ngfrap1","Ngfrap1",3,0.682477013281444,1,"NM_001110233",0.0692433474250251,0.682477013281444,0.943298201600921,NA,NA,NA,NA,FALSE,FALSE
"Nosip","Nosip",2,0.683237623045598,1,"NM_025533",-0.171628260348726,0.683237623045598,0.943339986594306,NA,NA,NA,NA,FALSE,FALSE
"B4galt2","B4galt2",2,0.68363138844409,1,"NM_001253381",-1.54305404061083,0.68363138844409,0.943339986594306,NA,NA,NA,NA,FALSE,FALSE
"Ephb2","Ephb2",2,0.683691008517243,1,"NM_010142",-0.60554412100288,0.683691008517243,0.943339986594306,TRUE,TRUE,FALSE,"Forebrain + Hindbrain",FALSE,FALSE
"Tubd1","Tubd1",3,0.683698737435516,1,"NM_001199047",-0.440131704687635,0.683698737435516,0.943339986594306,FALSE,FALSE,TRUE,"Midbrain only",FALSE,FALSE
"Golm1","Golm1",2,0.683835064058396,1,"NM_027307",-0.277163419910324,0.683835064058396,0.943339986594306,TRUE,TRUE,TRUE,"Forebrain + Hindbrain + Midbrain",FALSE,FALSE
"Spns1","Spns1",2,0.683934059283625,1,"NR_045537",-0.45576239217191,0.683934059283625,0.943339986594306,NA,NA,NA,NA,FALSE,FALSE
"Plcxd1","Plcxd1",2,0.684418387356468,1,"NM_207279",-0.793368424097861,0.684418387356468,0.943339986594306,TRUE,TRUE,FALSE,"Forebrain + Hindbrain",FALSE,FALSE
"Slco1c1","Slco1c1",2,0.684947751063343,1,"NM_021471",-1.42931183317132,0.684947751063343,0.943701494243145,NA,NA,NA,NA,FALSE,FALSE
"Cd27","Cd27",3,0.685178307299786,1,"NM_001042564",-0.915744514675961,0.685178307299786,0.943734657258436,NA,NA,NA,NA,FALSE,FALSE
"Zswim8","Zswim8",3,0.68529915495252,1,"NM_001252082",0.845469105172898,0.68529915495252,0.943734657258436,FALSE,FALSE,TRUE,"Midbrain only",FALSE,FALSE
"Hrh2","Hrh2",2,0.685316552973489,1,"NM_001010973",-1.11712609679568,0.685316552973489,0.943734657258436,NA,NA,NA,NA,FALSE,FALSE
"Dus2","Dus2",2,0.685765913684029,1,"NM_001301176",-0.302143847851752,0.685765913684029,0.943790870218331,TRUE,TRUE,TRUE,"Forebrain + Hindbrain + Midbrain",FALSE,FALSE
"Tmem161a","Tmem161a",3,0.685910095902137,1,"NR_122028",-0.441989425412717,0.685910095902137,0.943790870218331,TRUE,TRUE,TRUE,"Forebrain + Hindbrain + Midbrain",FALSE,FALSE
"Clmn","Clmn",2,0.685956963687696,1,"NM_001040682",-1.57025890542226,0.685956963687696,0.943790870218331,NA,NA,NA,NA,FALSE,FALSE
"Bhlhe41","Bhlhe41",2,0.686696857501429,1,"NM_024469",-0.647718055180571,0.686696857501429,0.944109641434288,NA,NA,NA,NA,FALSE,FALSE
"Tunar","Tunar",2,0.686900280900546,1,"NR_045047",-1.49517199733545,0.686900280900546,0.944109641434288,TRUE,TRUE,TRUE,"Forebrain + Hindbrain + Midbrain",FALSE,FALSE
"Ackr3","Ackr3",2,0.687086385766523,1,"NM_001271607",-0.51924008651612,0.687086385766523,0.944109641434288,NA,NA,NA,NA,FALSE,FALSE
"Ecel1","Ecel1",2,0.687417885735439,1,"NM_021306",-1.79759931069606,0.687417885735439,0.944109641434288,NA,NA,NA,NA,FALSE,FALSE
"Mturn","Mturn",2,0.687963039739691,1,"NM_001289741",-2.040762252677,0.687963039739691,0.944196202281486,TRUE,TRUE,TRUE,"Forebrain + Hindbrain + Midbrain",FALSE,FALSE
"Trp53","Trp53",2,0.688023683218405,1,"NM_011640",-0.132242445429621,0.688023683218405,0.944196202281486,NA,NA,NA,NA,FALSE,FALSE
"Ryk","Ryk",3,0.688396589215804,1,"NM_001284258",1.1827789795598,0.688396589215804,0.944268239238004,NA,NA,NA,NA,FALSE,FALSE
"Pigc","Pigc",2,0.688935000926477,1,"NM_026078",-0.332590337695236,0.688935000926477,0.944342944873863,TRUE,TRUE,TRUE,"Forebrain + Hindbrain + Midbrain",FALSE,FALSE
"Sstr5","Sstr5",2,0.690360450609673,1,"NM_011425",-1.58159916297014,0.690360450609673,0.945063779531436,NA,NA,NA,NA,FALSE,FALSE
"Tpst1","Tpst1",2,0.690417339746831,1,"NM_001130476",-5.01904081513285,0.690417339746831,0.945063779531436,NA,NA,NA,NA,FALSE,FALSE
"Zfp51","Zfp51",2,0.691302758377848,1,"NM_001308323",-0.586065356178777,0.691302758377848,0.945514101169645,TRUE,TRUE,TRUE,"Forebrain + Hindbrain + Midbrain",FALSE,FALSE
"Usp3","Usp3",3,0.691359297800138,1,"NM_001302122",0.219951289748582,0.691359297800138,0.945514101169645,NA,NA,NA,NA,FALSE,FALSE
"Clk4","Clk4",2,0.691957882887808,1,"NM_001304744",-0.123440071748559,0.691957882887808,0.945856223490874,TRUE,TRUE,TRUE,"Forebrain + Hindbrain + Midbrain",FALSE,FALSE
"Wdr76","Wdr76",2,0.692618253005649,1,"NM_001290986",-1.02245885941993,0.692618253005649,0.945856223490874,NA,NA,NA,NA,FALSE,FALSE
"Mrpl48","Mrpl48",2,0.692966458031502,1,"NM_198831",-0.295602903804451,0.692966458031502,0.945856223490874,NA,NA,NA,NA,FALSE,FALSE
"Cnot1","Cnot1",3,0.693219099291042,1,"NM_153164",0.574360555690948,0.693219099291042,0.945856223490874,NA,NA,NA,NA,FALSE,FALSE
"Kat6b","Kat6b",2,0.693526506048944,1,"NM_017479",-0.739502706928604,0.693526506048944,0.946171043078382,NA,NA,NA,NA,FALSE,FALSE
"Trappc6b","Trappc6b",3,0.693969276059705,1,"NM_001306218",-0.238706460343566,0.693969276059705,0.94645031754775,NA,NA,NA,NA,FALSE,FALSE
"Fam188b","Fam188b",2,0.694327166548683,1,"NM_001142781",-0.18066024045611,0.694327166548683,0.94645031754775,FALSE,FALSE,TRUE,"Midbrain only",FALSE,FALSE
"Ppp2r2b","Ppp2r2b",2,0.694753224212109,1,"NM_028392",-1.45096746881227,0.694753224212109,0.94645031754775,NA,NA,NA,NA,FALSE,FALSE
"Mycl","Mycl",2,0.695290565560358,1,"NM_001303121",-0.383374402026647,0.695290565560358,0.94645031754775,TRUE,TRUE,TRUE,"Forebrain + Hindbrain + Midbrain",FALSE,FALSE
"Steap3","Steap3",2,0.695344160583778,1,"NM_133186",-0.56941194500044,0.695344160583778,0.94645031754775,TRUE,TRUE,FALSE,"Forebrain + Hindbrain",FALSE,FALSE
"Col4a5","Col4a5",2,0.69588464373282,1,"NM_001163155",-1.43404427046945,0.69588464373282,0.94645031754775,TRUE,TRUE,FALSE,"Forebrain + Hindbrain",FALSE,FALSE
"Ippk","Ippk",2,0.695955393035929,1,"NM_199056",-0.534025369363246,0.695955393035929,0.94645031754775,NA,NA,NA,NA,FALSE,FALSE
"Emcn","Emcn",2,0.695974777920352,1,"NM_001163522",-0.409120862621829,0.695974777920352,0.94645031754775,TRUE,TRUE,FALSE,"Forebrain + Hindbrain",FALSE,FALSE
"Casc4","Casc4",4,0.696390285423657,1,"NM_001205371",-1.13846480855947,0.696390285423657,0.94645031754775,TRUE,TRUE,TRUE,"Forebrain + Hindbrain + Midbrain",FALSE,FALSE
"Pdzk1ip1","Pdzk1ip1",3,0.69650625097383,1,"NM_001164557",1.01431487380808,0.69650625097383,0.94645031754775,TRUE,TRUE,TRUE,"Forebrain + Hindbrain + Midbrain",FALSE,FALSE
"Lca5","Lca5",2,0.696790247471496,1,"NM_027448",-0.354145066659532,0.696790247471496,0.94645031754775,TRUE,TRUE,TRUE,"Forebrain + Hindbrain + Midbrain",FALSE,FALSE
"Kcnip1","Kcnip1",4,0.69720811368408,1,"NM_001190886",1.14965744243884,0.69720811368408,0.94645031754775,TRUE,TRUE,TRUE,"Forebrain + Hindbrain + Midbrain",FALSE,FALSE
"Ptpn5","Ptpn5",2,0.697443091794421,1,"NM_013643",-1.26411575360722,0.697443091794421,0.94645031754775,TRUE,TRUE,TRUE,"Forebrain + Hindbrain + Midbrain",FALSE,FALSE
"Gas2l3","Gas2l3",2,0.69803339409566,1,"NM_001033331",-0.334145535881427,0.69803339409566,0.94645031754775,NA,NA,NA,NA,FALSE,FALSE
"Gfra4","Gfra4",2,0.69809146834987,1,"NM_001271001",-1.25239023201114,0.69809146834987,0.94645031754775,TRUE,TRUE,FALSE,"Forebrain + Hindbrain",FALSE,FALSE
"Inpp5b","Inpp5b",2,0.698409436811546,1,"NM_008385",-0.542395280864445,0.698409436811546,0.94645031754775,NA,NA,NA,NA,FALSE,FALSE
"Lzts3","Lzts3",3,0.698490388367248,1,"NM_001291028",-1.61275075370718,0.698490388367248,0.94645031754775,TRUE,TRUE,TRUE,"Forebrain + Hindbrain + Midbrain",FALSE,FALSE
"Gpr146","Gpr146",2,0.698691452216999,1,"NM_001038703",-0.69442664894148,0.698691452216999,0.94645031754775,NA,NA,NA,NA,FALSE,FALSE
"Crls1","Crls1",2,0.699114174038741,1,"NM_001024385",-1.33431771856054,0.699114174038741,0.94645031754775,TRUE,TRUE,TRUE,"Forebrain + Hindbrain + Midbrain",FALSE,FALSE
"Vwa5b2","Vwa5b2",2,0.700057012619076,1,"NM_001144953",-0.715619868607009,0.700057012619076,0.94645031754775,NA,NA,NA,NA,FALSE,FALSE
"Eif4a1","Eif4a1",2,0.700182246405292,1,"NM_001159375",-0.0966112152638088,0.700182246405292,0.94645031754775,NA,NA,NA,NA,FALSE,FALSE
"Elf3","Elf3",2,0.700419952882405,1,"NM_001163131",-0.974833051525496,0.700419952882405,0.94645031754775,NA,NA,NA,NA,FALSE,FALSE
"Tiam1","Tiam1",2,0.700651691193619,1,"NM_001145887",-0.227101508149082,0.700651691193619,0.94645031754775,TRUE,TRUE,FALSE,"Forebrain + Hindbrain",FALSE,FALSE
"Ankle2","Ankle2",2,0.700742043468757,1,"NM_027922",-0.337564976774116,0.700742043468757,0.94645031754775,NA,NA,NA,NA,FALSE,FALSE
"Rptoros","Rptoros",2,0.700782903193907,1,"NR_045312",-1.33024849025783,0.700782903193907,0.94645031754775,NA,NA,NA,NA,FALSE,FALSE
"Tead4","Tead4",2,0.701317686748845,1,"NM_001080979",-0.958580245005186,0.701317686748845,0.94645031754775,NA,NA,NA,NA,FALSE,FALSE
"Nup98","Nup98",4,0.701363490657034,1,"NM_001287165",0.134368259205977,0.701363490657034,0.94645031754775,NA,NA,NA,NA,FALSE,FALSE
"Ldlrad3","Ldlrad3",2,0.701560563221976,1,"NM_001290784",-0.835086275421792,0.701560563221976,0.94645031754775,NA,NA,NA,NA,FALSE,FALSE
"Gdap2","Gdap2",2,0.701744279694141,1,"NM_010269",-0.432025949779271,0.701744279694141,0.94645031754775,NA,NA,NA,NA,FALSE,FALSE
"Zfp1","Zfp1",2,0.701779866449763,1,"NM_011742",-0.485856472211717,0.701779866449763,0.94645031754775,FALSE,FALSE,TRUE,"Midbrain only",FALSE,FALSE
"AU019823","AU019823",2,0.702039418695266,1,"NM_212449",-0.36804741045294,0.702039418695266,0.94645031754775,NA,NA,NA,NA,FALSE,FALSE
"Tmem192","Tmem192",2,0.702328999798481,1,"NM_001163747",-1.76298216824525,0.702328999798481,0.94645031754775,NA,NA,NA,NA,FALSE,FALSE
"Agrp","Agrp",2,0.702368004113127,1,"NM_001271806",-3.12712255855029,0.702368004113127,0.94645031754775,FALSE,FALSE,TRUE,"Midbrain only",FALSE,FALSE
"Ly6h","Ly6h",3,0.702756993957999,1,"NM_001135689",0.250712232334838,0.702756993957999,0.946623873533644,FALSE,FALSE,TRUE,"Midbrain only",FALSE,FALSE
"Hexim2","Hexim2",3,0.70296803130543,1,"NM_001130516",0.555489015550573,0.70296803130543,0.946804792218839,TRUE,TRUE,TRUE,"Forebrain + Hindbrain + Midbrain",FALSE,FALSE
"Trim66","Trim66",2,0.703385582077118,1,"NM_001170913",-1.44914499591665,0.703385582077118,0.94705862246117,NA,NA,NA,NA,FALSE,FALSE
"Rgs17","Rgs17",2,0.703386732160181,1,"NM_001161822",-0.793735891889818,0.703386732160181,0.94705862246117,NA,NA,NA,NA,FALSE,FALSE
"Npcd","Npcd",2,0.704685521038431,1,"NM_001013360",-2.9954224877357,0.704685521038431,0.947467668789434,NA,NA,NA,NA,FALSE,FALSE
"Skil","Skil",3,0.705304824181977,1,"NM_001271772",-0.549697215378269,0.705304824181977,0.947700194246463,TRUE,TRUE,TRUE,"Forebrain + Hindbrain + Midbrain",FALSE,FALSE
"Ap1m2","Ap1m2",2,0.70543352812194,1,"NM_001110300",-1.42886373996199,0.70543352812194,0.947746296899809,FALSE,FALSE,TRUE,"Midbrain only",FALSE,FALSE
"Cpsf4","Cpsf4",3,0.706350224244269,1,"NM_001291249",-0.257251085235021,0.706350224244269,0.947842732402597,TRUE,TRUE,TRUE,"Forebrain + Hindbrain + Midbrain",FALSE,FALSE
"Pdpk1","Pdpk1",2,0.70648941917802,1,"NM_011062",-0.0846310460958662,0.70648941917802,0.947926436083154,NA,NA,NA,NA,FALSE,FALSE
"Pou6f1","Pou6f1",2,0.707263975696911,1,"NM_001304965",-0.190961886532321,0.707263975696911,0.94797025954062,FALSE,FALSE,TRUE,"Midbrain only",FALSE,FALSE
"Hsd3b7","Hsd3b7",2,0.707898050059962,1,"NM_133943",-0.829953812577939,0.707898050059962,0.947984716701783,FALSE,FALSE,TRUE,"Midbrain only",FALSE,FALSE
"D330050G23Rik","D330050G23Rik",2,0.708378617987293,1,"NR_040336",-0.986489635903713,0.708378617987293,0.947984716701783,NA,NA,NA,NA,FALSE,FALSE
"Pdpn","Pdpn",2,0.708397385808458,1,"NM_001290822",-1.02265183283425,0.708397385808458,0.947984716701783,NA,NA,NA,NA,FALSE,FALSE
"Lrfn1","Lrfn1",2,0.708453408219112,1,"NM_001141921",-0.428993623575967,0.708453408219112,0.947984716701783,TRUE,TRUE,TRUE,"Forebrain + Hindbrain + Midbrain",FALSE,FALSE
"Mcc","Mcc",2,0.708955374193134,1,"NM_001085374",-0.341158509522167,0.708955374193134,0.948178845463621,NA,NA,NA,NA,FALSE,FALSE
"Ppp1r3f","Ppp1r3f",2,0.70963943247669,1,"NM_138605",-0.945517291058289,0.70963943247669,0.94874871037512,NA,NA,NA,NA,FALSE,FALSE
"Nub1","Nub1",2,0.710318372881513,1,"NM_001305264",-0.174297451696142,0.710318372881513,0.94926504549143,NA,NA,NA,NA,FALSE,FALSE
"Rnf25","Rnf25",2,0.710333341172436,1,"NM_001305230",-0.230636216827277,0.710333341172436,0.94926504549143,TRUE,TRUE,TRUE,"Forebrain + Hindbrain + Midbrain",FALSE,FALSE
"Mcm8","Mcm8",2,0.711466272750438,1,"NM_001291054",-0.808582489114396,0.711466272750438,0.950264509767335,NA,NA,NA,NA,FALSE,FALSE
"Sirt4","Sirt4",2,0.71159950513081,1,"NM_001167691",-0.607924893637576,0.71159950513081,0.950268011945101,TRUE,TRUE,FALSE,"Forebrain + Hindbrain",FALSE,FALSE
"Zfp568","Zfp568",3,0.711648296256875,1,"NM_001167872",-0.385199825408709,0.711648296256875,0.950268011945101,NA,NA,NA,NA,FALSE,FALSE
"Rab11fip1","Rab11fip1",2,0.711992939895295,1,"NM_001080813",-0.424220786539885,0.711992939895295,0.950268011945101,NA,NA,NA,NA,FALSE,FALSE
"Ccdc93","Ccdc93",2,0.713128324322527,1,"NM_029955",-1.59111413008882,0.713128324322527,0.951040252622544,NA,NA,NA,NA,FALSE,FALSE
"Tshr","Tshr",2,0.713293816791127,1,"NM_011648",-0.744129626460514,0.713293816791127,0.951040252622544,NA,NA,NA,NA,FALSE,FALSE
"Kcnj3","Kcnj3",2,0.715036238871769,1,"NM_001304810",-1.92984369608688,0.715036238871769,0.951301167643822,NA,NA,NA,NA,FALSE,FALSE
"Mrps2","Mrps2",2,0.715095728474967,1,"NM_080452",-0.882127302872421,0.715095728474967,0.951301167643822,NA,NA,NA,NA,FALSE,FALSE
"Ikbip","Ikbip",2,0.715318089597623,1,"NM_026166",-0.0643110652282822,0.715318089597623,0.951301167643822,FALSE,FALSE,TRUE,"Midbrain only",FALSE,FALSE
"Map7d1","Map7d1",2,0.71569965741875,1,"NM_144941",-0.0847215442167217,0.71569965741875,0.951423337965967,TRUE,TRUE,TRUE,"Forebrain + Hindbrain + Midbrain",FALSE,FALSE
"Lilrb4a","Lilrb4a",2,0.716130693432247,1,"NM_013532",-0.667704809948726,0.716130693432247,0.951472535058403,NA,NA,NA,NA,FALSE,FALSE
"Jade1","Jade1",3,0.71614885783002,1,"NM_001130185",-0.358054491384744,0.71614885783002,0.951472535058403,TRUE,TRUE,TRUE,"Forebrain + Hindbrain + Midbrain",FALSE,FALSE
"Armc9","Armc9",2,0.716890675188372,1,"NM_030184",-0.115625053731902,0.716890675188372,0.951769498236157,NA,NA,NA,NA,FALSE,FALSE
"Styxl1","Styxl1",3,0.716898439950737,1,"NM_001289555",0.643295299704599,0.716898439950737,0.951769498236157,NA,NA,NA,NA,FALSE,FALSE
"Plac9b","Plac9b",3,0.717137624831385,1,"NM_001270503_2",3.26966416272963,0.717137624831385,0.951789120194099,TRUE,TRUE,TRUE,"Forebrain + Hindbrain + Midbrain",FALSE,FALSE
"Ndor1","Ndor1",2,0.717505020701614,1,"NM_001252542",-0.223389186939832,0.717505020701614,0.951789120194099,FALSE,FALSE,TRUE,"Midbrain only",FALSE,FALSE
"Tmcc3","Tmcc3",3,0.717614504630341,1,"NM_172051",0.481601748080006,0.717614504630341,0.951789120194099,NA,NA,NA,NA,FALSE,FALSE
"Rufy4","Rufy4",2,0.718191335695804,1,"NM_001170641",-1.2045849609493,0.718191335695804,0.95198929071779,NA,NA,NA,NA,FALSE,FALSE
"Cep250","Cep250",3,0.718301673927084,1,"NM_008383",-0.371053718757829,0.718301673927084,0.95198929071779,FALSE,FALSE,TRUE,"Midbrain only",FALSE,FALSE
"Tyw1","Tyw1",2,0.719004416070031,1,"NM_178897",-0.205999604688795,0.719004416070031,0.95198929071779,NA,NA,NA,NA,FALSE,FALSE
"Gps1","Gps1",2,0.71900649833791,1,"NM_001177874",-0.0692090895930135,0.71900649833791,0.95198929071779,TRUE,TRUE,FALSE,"Forebrain + Hindbrain",FALSE,FALSE
"Zmat4","Zmat4",2,0.719256379533455,1,"NM_177086",-1.30607336365589,0.719256379533455,0.951994336218932,NA,NA,NA,NA,FALSE,FALSE
"Caprin2","Caprin2",2,0.719284441750538,1,"NM_001301351",-0.235960951700305,0.719284441750538,0.951994336218932,TRUE,TRUE,TRUE,"Forebrain + Hindbrain + Midbrain",FALSE,FALSE
"Frs3os","Frs3os",2,0.719463079432908,1,"NR_045913",-1.86520461200327,0.719463079432908,0.951994336218932,NA,NA,NA,NA,FALSE,FALSE
"Ace","Ace",2,0.719950184817187,1,"NM_001281819",-0.335190436925649,0.719950184817187,0.952095865582766,NA,NA,NA,NA,FALSE,FALSE
"Prr18","Prr18",2,0.720266958954394,1,"NR_028280",-1.08391829639486,0.720266958954394,0.952095865582766,FALSE,FALSE,TRUE,"Midbrain only",FALSE,FALSE
"Kcnj16","Kcnj16",2,0.720508605037383,1,"NM_001252209",-1.59748096298726,0.720508605037383,0.952095865582766,NA,NA,NA,NA,FALSE,FALSE
"Rpl3l","Rpl3l",2,0.721405032037856,1,"NM_001163945",-0.990844595425749,0.721405032037856,0.952487034125775,NA,NA,NA,NA,FALSE,FALSE
"Hba-a2","Hba-a2",2,0.721655605773589,1,"NM_001083955_1",-0.100569879200252,0.721655605773589,0.952487034125775,TRUE,TRUE,TRUE,"Forebrain + Hindbrain + Midbrain",FALSE,FALSE
"Pir","Pir",2,0.721809514729213,1,"NM_027153",-0.518738991976869,0.721809514729213,0.952487034125775,NA,NA,NA,NA,FALSE,FALSE
"Vps28","Vps28",2,0.722944700764136,1,"NM_001305668",-0.0904389928218383,0.722944700764136,0.952573832567186,NA,NA,NA,NA,FALSE,FALSE
"Slu7","Slu7",2,0.723213034573667,1,"NM_148673",-0.154110849776995,0.723213034573667,0.952573832567186,TRUE,TRUE,TRUE,"Forebrain + Hindbrain + Midbrain",FALSE,FALSE
"Cep55","Cep55",3,0.723230489248133,1,"NM_001164362",-0.33370609612285,0.723230489248133,0.952573832567186,TRUE,TRUE,TRUE,"Forebrain + Hindbrain + Midbrain",FALSE,FALSE
"Ptprc","Ptprc",2,0.723848736176159,1,"NM_011210",-0.880124846967302,0.723848736176159,0.952777963137472,NA,NA,NA,NA,FALSE,FALSE
"Frk","Frk",2,0.724295575870929,1,"NM_010237",-1.03846454061456,0.724295575870929,0.952823702563137,NA,NA,NA,NA,FALSE,FALSE
"Csrp3","Csrp3",2,0.724334593694681,1,"NM_001198841",-2.97135915768782,0.724334593694681,0.952823702563137,NA,NA,NA,NA,FALSE,FALSE
"Fbxo34","Fbxo34",4,0.724523252677509,1,"NM_030236",0.162451890508941,0.724523252677509,0.9529076233465,TRUE,TRUE,TRUE,"Forebrain + Hindbrain + Midbrain",FALSE,FALSE
"Zfp692","Zfp692",2,0.724642231562687,1,"NM_001040686",-0.300316539462659,0.724642231562687,0.9529076233465,FALSE,FALSE,TRUE,"Midbrain only",FALSE,FALSE
"Axin1","Axin1",2,0.724869794668642,1,"NM_009733",-0.272755896204883,0.724869794668642,0.952965302505867,TRUE,TRUE,TRUE,"Forebrain + Hindbrain + Midbrain",FALSE,FALSE
"Fgf18","Fgf18",2,0.724936269503674,1,"NR_102395",-0.811024248566177,0.724936269503674,0.952965302505867,NA,NA,NA,NA,FALSE,FALSE
"Tgfbr2","Tgfbr2",2,0.725326315993863,1,"NM_029575",-0.182588263419535,0.725326315993863,0.953023191659288,TRUE,TRUE,TRUE,"Forebrain + Hindbrain + Midbrain",FALSE,FALSE
"Cspg5","Cspg5",2,0.725742785846597,1,"NM_001166273",-0.651894434709993,0.725742785846597,0.953099621404903,TRUE,TRUE,TRUE,"Forebrain + Hindbrain + Midbrain",FALSE,FALSE
"Aar2","Aar2",2,0.726336371459657,1,"NM_026661",-0.245650327430767,0.726336371459657,0.953099621404903,NA,NA,NA,NA,FALSE,FALSE
"Seh1l","Seh1l",2,0.726682355180769,1,"NM_001039088",-0.0667785607954828,0.726682355180769,0.953099621404903,TRUE,TRUE,TRUE,"Forebrain + Hindbrain + Midbrain",FALSE,FALSE
"Dap3","Dap3",2,0.727139769548574,1,"NM_001164533",-0.146934522906457,0.727139769548574,0.953099621404903,NA,NA,NA,NA,FALSE,FALSE
"St7l","St7l",3,0.727328306088475,1,"NR_045578",0.177250420106821,0.727328306088475,0.953099621404903,TRUE,TRUE,FALSE,"Forebrain + Hindbrain",FALSE,FALSE
"Cyp2d22","Cyp2d22",2,0.727918587461236,1,"NM_019823",-0.824646961566729,0.727918587461236,0.953099621404903,NA,NA,NA,NA,FALSE,FALSE
"Usp8","Usp8",2,0.728434127713901,1,"NM_001252580",-0.837951862505203,0.728434127713901,0.953099621404903,NA,NA,NA,NA,FALSE,FALSE
"1810019D21Rik","1810019D21Rik",2,0.728694815146384,1,"NR_040346",-1.09245414061718,0.728694815146384,0.953099621404903,NA,NA,NA,NA,FALSE,FALSE
"Sdccag3","Sdccag3",3,0.728954191019572,1,"NM_001085407",0.134090097367287,0.728954191019572,0.953099621404903,TRUE,TRUE,TRUE,"Forebrain + Hindbrain + Midbrain",FALSE,FALSE
"Fam83h","Fam83h",2,0.7291081976519,1,"NM_134087",-2.27405479074656,0.7291081976519,0.953099621404903,NA,NA,NA,NA,FALSE,FALSE
"Tekt5","Tekt5",2,0.72926216985316,1,"NM_001291001",-1.51778324803773,0.72926216985316,0.953099621404903,NA,NA,NA,NA,FALSE,FALSE
"Rbm39","Rbm39",3,0.729551269807873,1,"NM_133242",0.0615666836872033,0.729551269807873,0.953099621404903,TRUE,TRUE,FALSE,"Forebrain + Hindbrain",FALSE,FALSE
"Cpne6","Cpne6",3,0.729873297452163,1,"NM_009947",-2.06454265294307,0.729873297452163,0.953099621404903,TRUE,TRUE,FALSE,"Forebrain + Hindbrain",FALSE,FALSE
"Nfya","Nfya",2,0.730109444945118,1,"NM_010913",-0.363325562189009,0.730109444945118,0.953099621404903,TRUE,TRUE,TRUE,"Forebrain + Hindbrain + Midbrain",FALSE,FALSE
"Cadm2","Cadm2",2,0.730533389075372,1,"NM_178721",-2.90330641123871,0.730533389075372,0.95323908440204,FALSE,TRUE,FALSE,"Hindbrain only",FALSE,FALSE
"Mical1","Mical1",2,0.731065241504908,1,"NM_138315",-1.61891721737097,0.731065241504908,0.953630558157565,NA,NA,NA,NA,FALSE,FALSE
"Itgb6","Itgb6",2,0.73129773685923,1,"NM_001159564",-1.0668217107173,0.73129773685923,0.953833006325219,NA,NA,NA,NA,FALSE,FALSE
"Cnp","Cnp",2,0.731413040684083,1,"NM_009923",-0.321679965089986,0.731413040684083,0.953882574724328,TRUE,TRUE,FALSE,"Forebrain + Hindbrain",FALSE,FALSE
"Popdc2","Popdc2",2,0.731591505673542,1,"NM_022318",-0.684582111559476,0.731591505673542,0.953913691886255,NA,NA,NA,NA,FALSE,FALSE
"Lrrc36","Lrrc36",3,0.733423710329425,1,"NM_001170788",-1.37032876620366,0.733423710329425,0.954665667866609,NA,NA,NA,NA,FALSE,FALSE
"Cd1d2","Cd1d2",3,0.733484371586396,1,"NM_007640",-1.66196088812504,0.733484371586396,0.954665667866609,NA,NA,NA,NA,FALSE,FALSE
"1700086L19Rik","1700086L19Rik",2,0.734025275623847,1,"NR_030735",-0.79812051495013,0.734025275623847,0.954665667866609,NA,NA,NA,NA,FALSE,FALSE
"Eef2k","Eef2k",2,0.734193099065992,1,"NM_007908",-0.221389672212389,0.734193099065992,0.954665667866609,NA,NA,NA,NA,FALSE,FALSE
"Gm16596","Gm16596",2,0.734269681838692,1,"NR_045752",-1.31148930714742,0.734269681838692,0.954665667866609,NA,NA,NA,NA,FALSE,FALSE
"Mcm5","Mcm5",2,0.734475867012243,1,"NM_008566",-0.236614327473083,0.734475867012243,0.954665667866609,NA,NA,NA,NA,FALSE,FALSE
"Nudcd1","Nudcd1",2,0.734544476293477,1,"NM_026149",-0.225201468966911,0.734544476293477,0.954665667866609,FALSE,FALSE,TRUE,"Midbrain only",FALSE,FALSE
"Rptor","Rptor",2,0.734606856801815,1,"NM_001306081",-2.77045603277523,0.734606856801815,0.954665667866609,NA,NA,NA,NA,FALSE,FALSE
"Ccdc151","Ccdc151",2,0.734607969206082,1,"NM_001163787",-1.19826755700934,0.734607969206082,0.954665667866609,NA,NA,NA,NA,FALSE,FALSE
"Wdr45","Wdr45",3,0.734791419120696,1,"NM_172372",-0.281675233529549,0.734791419120696,0.954665667866609,TRUE,TRUE,TRUE,"Forebrain + Hindbrain + Midbrain",FALSE,FALSE
"Zfand2b","Zfand2b",3,0.73517958492694,1,"NM_026846",0.158176207933041,0.73517958492694,0.954665667866609,TRUE,TRUE,FALSE,"Forebrain + Hindbrain",FALSE,FALSE
"Foxred2","Foxred2",2,0.735542855157886,1,"NM_001168260",-0.594811478605901,0.735542855157886,0.954798999826356,NA,NA,NA,NA,FALSE,FALSE
"Slc52a3","Slc52a3",2,0.735873044082707,1,"NM_001164819",-1.36426960137343,0.735873044082707,0.955056096337885,NA,NA,NA,NA,FALSE,FALSE
"A630033H20Rik","A630033H20Rik",3,0.736234555160602,1,"NM_175442",-1.16464236868093,0.736234555160602,0.955250968118288,NA,NA,NA,NA,FALSE,FALSE
"Ang","Ang",2,0.736364710677847,1,"NM_007447",-1.79577593804707,0.736364710677847,0.955292318099731,TRUE,TRUE,TRUE,"Forebrain + Hindbrain + Midbrain",FALSE,FALSE
"Dlg5","Dlg5",2,0.736592716181905,1,"NM_001163513",-0.699853371362554,0.736592716181905,0.955481095436579,TRUE,TRUE,TRUE,"Forebrain + Hindbrain + Midbrain",FALSE,FALSE
"Csf3r","Csf3r",3,0.736665084439515,1,"NM_007782",-0.886436344019982,0.736665084439515,0.955481095436579,NA,NA,NA,NA,FALSE,FALSE
"Nuak2","Nuak2",2,0.738263118578865,1,"NM_001195025",-2.13970431521276,0.738263118578865,0.955745581542509,TRUE,TRUE,TRUE,"Forebrain + Hindbrain + Midbrain",FALSE,FALSE
"Zranb3","Zranb3",2,0.738479203110037,1,"NM_001285945",-0.722205263712762,0.738479203110037,0.955762075011074,NA,NA,NA,NA,FALSE,FALSE
"Acp1","Acp1",2,0.738784225941918,1,"NM_001110239",-0.0468683806702031,0.738784225941918,0.955762075011074,TRUE,TRUE,TRUE,"Forebrain + Hindbrain + Midbrain",FALSE,FALSE
"Gm4952","Gm4952",2,0.738897410684799,1,"NM_001167907",-1.36120720604364,0.738897410684799,0.955762075011074,NA,NA,NA,NA,FALSE,FALSE
"Flna","Flna",2,0.738954470076741,1,"NM_001290421",-0.111136405057259,0.738954470076741,0.955762075011074,FALSE,FALSE,TRUE,"Midbrain only",FALSE,FALSE
"Zfp710","Zfp710",3,0.738972930119989,1,"NM_001146000",-1.23874465753608,0.738972930119989,0.955762075011074,TRUE,TRUE,TRUE,"Forebrain + Hindbrain + Midbrain",FALSE,FALSE
"Cic","Cic",2,0.73993491030052,1,"NM_027882",-0.20725186333676,0.73993491030052,0.956014322047292,TRUE,TRUE,FALSE,"Forebrain + Hindbrain",FALSE,FALSE
"Gm11423","Gm11423",2,0.739994008146007,1,"NR_126067",-0.279891896001911,0.739994008146007,0.956014322047292,FALSE,FALSE,TRUE,"Midbrain only",FALSE,FALSE
"Alg12","Alg12",2,0.740773021648292,1,"NM_145477",-0.867183975195027,0.740773021648292,0.956386177771492,TRUE,TRUE,TRUE,"Forebrain + Hindbrain + Midbrain",FALSE,FALSE
"Ssr4","Ssr4",2,0.740851140446937,1,"NM_001166480",-0.052727184134741,0.740851140446937,0.956386972812554,NA,NA,NA,NA,FALSE,FALSE
"Zfp426","Zfp426",2,0.7410240025632,1,"NM_001110309",-0.127289122458273,0.7410240025632,0.956416227039886,NA,NA,NA,NA,FALSE,FALSE
"Plcb1","Plcb1",2,0.741413645167012,1,"NM_001145830",-0.605032770694088,0.741413645167012,0.956538356532823,TRUE,TRUE,FALSE,"Forebrain + Hindbrain",FALSE,FALSE
"Gm16845","Gm16845",2,0.741433499208789,1,"NR_040406",-1.89300120853113,0.741433499208789,0.956538356532823,TRUE,TRUE,FALSE,"Forebrain + Hindbrain",FALSE,FALSE
"Zer1","Zer1",2,0.742127763448289,1,"NM_178694",-1.10805248524528,0.742127763448289,0.956591768103214,NA,NA,NA,NA,FALSE,FALSE
"Kbtbd8","Kbtbd8",2,0.742396774438459,1,"NM_001008785",-1.76515862357324,0.742396774438459,0.956591768103214,NA,NA,NA,NA,FALSE,FALSE
"Idnk","Idnk",2,0.74245880481075,1,"NM_198004",-0.222980704755019,0.74245880481075,0.956591768103214,NA,NA,NA,NA,FALSE,FALSE
"Kcnn4","Kcnn4",2,0.742840171089121,1,"NM_008433",-0.727718587154891,0.742840171089121,0.956718819328467,TRUE,TRUE,FALSE,"Forebrain + Hindbrain",FALSE,FALSE
"Mybl1","Mybl1",2,0.742901602406274,1,"NM_008651",-0.79579681529369,0.742901602406274,0.956718819328467,NA,NA,NA,NA,FALSE,FALSE
"Col18a1","Col18a1",2,0.74295779621245,1,"NM_009929",-0.158479983203831,0.74295779621245,0.956718819328467,NA,NA,NA,NA,FALSE,FALSE
"Bcl2l15","Bcl2l15",2,0.743113384426466,1,"NM_001142960",-0.626815632059717,0.743113384426466,0.956805004572474,NA,NA,NA,NA,FALSE,FALSE
"Itgb4","Itgb4",2,0.743607921394549,1,"NM_001005608",-0.338658272018534,0.743607921394549,0.956942512254534,NA,NA,NA,NA,FALSE,FALSE
"2700049A03Rik","2700049A03Rik",2,0.744451432470279,1,"NM_001163378",-0.237623746653483,0.744451432470279,0.957109860446672,NA,NA,NA,NA,FALSE,FALSE
"Grik1","Grik1",2,0.745521708858405,1,"NM_146072",-1.44473148308794,0.745521708858405,0.957109860446672,TRUE,TRUE,TRUE,"Forebrain + Hindbrain + Midbrain",FALSE,FALSE
"Esr1","Esr1",2,0.745623973914065,1,"NM_001302532",-1.04937690073322,0.745623973914065,0.957109860446672,NA,NA,NA,NA,FALSE,FALSE
"Miat","Miat",2,0.745752108422836,1,"NR_033657",-1.41540383585196,0.745752108422836,0.957109860446672,TRUE,TRUE,TRUE,"Forebrain + Hindbrain + Midbrain",FALSE,FALSE
"Tor1aip1","Tor1aip1",2,0.745945145941746,1,"NM_001160019",-0.326428324540151,0.745945145941746,0.957109860446672,NA,NA,NA,NA,FALSE,FALSE
"Atp2a3","Atp2a3",3,0.746045084812919,1,"NM_001163337",1.08504515768866,0.746045084812919,0.957109860446672,NA,NA,NA,NA,FALSE,FALSE
"Plekhg1","Plekhg1",2,0.746155392062643,1,"NM_001033253",-1.53734984864824,0.746155392062643,0.957109860446672,NA,NA,NA,NA,FALSE,FALSE
"Sez6","Sez6",2,0.74619942016128,1,"NM_021286",-1.03760869755409,0.74619942016128,0.957109860446672,TRUE,TRUE,TRUE,"Forebrain + Hindbrain + Midbrain",FALSE,FALSE
"Bace1","Bace1",2,0.74629232676498,1,"NM_001145947",-0.750190982864175,0.74629232676498,0.957109860446672,TRUE,TRUE,TRUE,"Forebrain + Hindbrain + Midbrain",FALSE,FALSE
"Egr3","Egr3",2,0.746666288258689,1,"NM_018781",-0.940294226454188,0.746666288258689,0.957109860446672,NA,NA,NA,NA,FALSE,FALSE
"Cdh3","Cdh3",2,0.746831297514719,1,"NM_007665",-1.38311387113335,0.746831297514719,0.957109860446672,TRUE,TRUE,FALSE,"Forebrain + Hindbrain",FALSE,FALSE
"Nsg2","Nsg2",3,0.746855754949954,1,"NM_001290681",1.81746036965105,0.746855754949954,0.957109860446672,NA,NA,NA,NA,FALSE,FALSE
"Tshb","Tshb",3,0.747165688605066,1,"NM_001165939",1.50863602974473,0.747165688605066,0.957109860446672,NA,NA,NA,NA,FALSE,FALSE
"Spin1","Spin1",5,0.747185325345535,1,"NM_001283029",0.528082058328319,0.747185325345535,0.957109860446672,TRUE,TRUE,TRUE,"Forebrain + Hindbrain + Midbrain",FALSE,FALSE
"Lrp8","Lrp8",2,0.747955210141679,1,"NR_033496",-0.287990431568034,0.747955210141679,0.957109860446672,TRUE,TRUE,FALSE,"Forebrain + Hindbrain",FALSE,FALSE
"Zeb2os","Zeb2os",2,0.748291071477299,1,"NR_110572",-1.03535925719689,0.748291071477299,0.957109860446672,TRUE,TRUE,FALSE,"Forebrain + Hindbrain",FALSE,FALSE
"Trex1","Trex1",2,0.748406950991412,1,"NM_001012236",-0.200466652418649,0.748406950991412,0.957109860446672,TRUE,TRUE,TRUE,"Forebrain + Hindbrain + Midbrain",FALSE,FALSE
"Fam221a","Fam221a",2,0.748564890718088,1,"NM_001172216",-1.76731529133401,0.748564890718088,0.957109860446672,TRUE,TRUE,TRUE,"Forebrain + Hindbrain + Midbrain",FALSE,FALSE
"E130006D01Rik","E130006D01Rik",3,0.748568817662563,1,"NR_045833",0.396876789788654,0.748568817662563,0.957109860446672,TRUE,TRUE,TRUE,"Forebrain + Hindbrain + Midbrain",FALSE,FALSE
"Gbp11","Gbp11",2,0.748644483438305,1,"NM_001039647",-1.67153013406095,0.748644483438305,0.957109860446672,NA,NA,NA,NA,FALSE,FALSE
"Map7","Map7",2,0.748670279087284,1,"NM_001198635",-1.02433267740496,0.748670279087284,0.957109860446672,NA,NA,NA,NA,FALSE,FALSE
"Asb8","Asb8",2,0.74885905756223,1,"NM_030121",-0.165835731631926,0.74885905756223,0.957109860446672,FALSE,FALSE,TRUE,"Midbrain only",FALSE,FALSE
"Gabrg2","Gabrg2",2,0.748935072362842,1,"NM_177408",-1.24989087742976,0.748935072362842,0.957109860446672,TRUE,TRUE,TRUE,"Forebrain + Hindbrain + Midbrain",FALSE,FALSE
"Rnase4","Rnase4",2,0.748972661344177,1,"NM_021472",-0.341660069818382,0.748972661344177,0.957109860446672,TRUE,TRUE,TRUE,"Forebrain + Hindbrain + Midbrain",FALSE,FALSE
"Dip2b","Dip2b",2,0.749508935648962,1,"NM_172819",-0.177929470942227,0.749508935648962,0.957109860446672,NA,NA,NA,NA,FALSE,FALSE
"Lrrc39","Lrrc39",2,0.749704249298889,1,"NM_027321",-0.157719975155223,0.749704249298889,0.957109860446672,NA,NA,NA,NA,FALSE,FALSE
"Flt3l","Flt3l",2,0.750368993920905,1,"NR_102725",-0.766239424943474,0.750368993920905,0.957109860446672,NA,NA,NA,NA,FALSE,FALSE
"A4galt","A4galt",2,0.750551986784013,1,"NM_001004150",-2.29590034672906,0.750551986784013,0.957109860446672,NA,NA,NA,NA,FALSE,FALSE
"Alas1","Alas1",2,0.750779367882662,1,"NM_001291835",-0.304217575367523,0.750779367882662,0.957109860446672,NA,NA,NA,NA,FALSE,FALSE
"Khdrbs1","Khdrbs1",2,0.751178231717152,1,"NM_011317",-0.100638760402227,0.751178231717152,0.957109860446672,FALSE,FALSE,TRUE,"Midbrain only",FALSE,FALSE
"Nol11","Nol11",2,0.75143677257933,1,"NM_133702",-0.176066119229045,0.75143677257933,0.957109860446672,TRUE,TRUE,TRUE,"Forebrain + Hindbrain + Midbrain",FALSE,FALSE
"Dlx5","Dlx5",2,0.751502173056601,1,"NM_198854",-1.96577470152466,0.751502173056601,0.957109860446672,FALSE,FALSE,TRUE,"Midbrain only",FALSE,FALSE
"Dclre1b","Dclre1b",2,0.752053127164102,1,"NM_001025312",-0.17585250269534,0.752053127164102,0.957109860446672,NA,NA,NA,NA,FALSE,FALSE
"Atxn7l3","Atxn7l3",2,0.752569802904297,1,"NM_001098836",-0.285007617085606,0.752569802904297,0.957109860446672,NA,NA,NA,NA,FALSE,FALSE
"Stard6","Stard6",2,0.752812663020797,1,"NM_001289648",-0.986719270772193,0.752812663020797,0.957109860446672,NA,NA,NA,NA,FALSE,FALSE
"Ciita","Ciita",2,0.753257570911031,1,"NM_001243761",-0.471910606728903,0.753257570911031,0.957109860446672,NA,NA,NA,NA,FALSE,FALSE
"Lrrc74b","Lrrc74b",2,0.753450602298969,1,"NM_029053",-1.34455010249549,0.753450602298969,0.957109860446672,NA,NA,NA,NA,FALSE,FALSE
"Bbs12","Bbs12",2,0.753732992300699,1,"NM_001255992",-0.901840830971749,0.753732992300699,0.957109860446672,TRUE,TRUE,FALSE,"Forebrain + Hindbrain",FALSE,FALSE
"Tdrd5","Tdrd5",2,0.753817077219862,1,"NM_001134741",-0.827061362233357,0.753817077219862,0.957109860446672,NA,NA,NA,NA,FALSE,FALSE
"Med14","Med14",2,0.753937748363614,1,"NM_012005",-0.089441828777045,0.753937748363614,0.957109860446672,TRUE,TRUE,TRUE,"Forebrain + Hindbrain + Midbrain",FALSE,FALSE
"Gpn2","Gpn2",2,0.754402088079515,1,"NM_001290742",-0.251643543913808,0.754402088079515,0.957109860446672,TRUE,TRUE,TRUE,"Forebrain + Hindbrain + Midbrain",FALSE,FALSE
"Ebf2","Ebf2",2,0.755154808905057,1,"NM_001276387",-2.45185916400238,0.755154808905057,0.957109860446672,TRUE,TRUE,TRUE,"Forebrain + Hindbrain + Midbrain",FALSE,FALSE
"Dyx1c1","Dyx1c1",2,0.755226082307807,1,"NM_026314",-0.990064212662923,0.755226082307807,0.957109860446672,TRUE,TRUE,TRUE,"Forebrain + Hindbrain + Midbrain",FALSE,FALSE
"Cfap70","Cfap70",3,0.755650359090549,1,"NM_001163639",0.771332274844326,0.755650359090549,0.957109860446672,NA,NA,NA,NA,FALSE,FALSE
"Zbp1","Zbp1",2,0.755959511662196,1,"NM_001139519",-0.409129478744961,0.755959511662196,0.957109860446672,NA,NA,NA,NA,FALSE,FALSE
"E2f1","E2f1",2,0.756427328580955,1,"NM_007891",-0.156867446849909,0.756427328580955,0.957109860446672,TRUE,TRUE,FALSE,"Forebrain + Hindbrain",FALSE,FALSE
"Dzip3","Dzip3",2,0.756483704862459,1,"NM_001110017",-0.0887613837374338,0.756483704862459,0.957109860446672,TRUE,TRUE,TRUE,"Forebrain + Hindbrain + Midbrain",FALSE,FALSE
"Slc25a21","Slc25a21",2,0.756698155921871,1,"NM_172577",-1.00594861847718,0.756698155921871,0.957109860446672,NA,NA,NA,NA,FALSE,FALSE
"Cd84","Cd84",2,0.756934361045408,1,"NM_001289470",-1.01140452394991,0.756934361045408,0.957109860446672,NA,NA,NA,NA,FALSE,FALSE
"Susd2","Susd2",2,0.757065316709224,1,"NM_001162913",-0.59551813307929,0.757065316709224,0.957109860446672,NA,NA,NA,NA,FALSE,FALSE
"Phka2","Phka2",3,0.757367964760533,1,"NM_001177879",0.353728156281262,0.757367964760533,0.957279594913959,FALSE,FALSE,TRUE,"Midbrain only",FALSE,FALSE
"Pcbp2","Pcbp2",3,0.757873115939167,1,"NM_001103165",0.0683526764965884,0.757873115939167,0.957445503057018,NA,NA,NA,NA,FALSE,FALSE
"Yap1","Yap1",2,0.758086760226419,1,"NM_009534",-0.185397789943866,0.758086760226419,0.957501598893962,NA,NA,NA,NA,FALSE,FALSE
"Mmrn1","Mmrn1",2,0.758473350091864,1,"NM_027613",-0.611219785443243,0.758473350091864,0.957842125512897,NA,NA,NA,NA,FALSE,FALSE
"Gm3500","Gm3500",2,0.758522489069789,1,"NM_001256886_1",-1.07222631226032,0.758522489069789,0.957842125512897,NA,NA,NA,NA,FALSE,FALSE
"Lig3","Lig3",3,0.758977334138177,1,"NM_001291247",-0.183106907999044,0.758977334138177,0.957842125512897,TRUE,TRUE,TRUE,"Forebrain + Hindbrain + Midbrain",FALSE,FALSE
"Elovl1","Elovl1",3,0.76017519148732,1,"NM_001039176",-0.242257134880881,0.76017519148732,0.958049417125898,NA,NA,NA,NA,FALSE,FALSE
"Med16","Med16",2,0.760209983817236,1,"NM_198107",-0.33616353638465,0.760209983817236,0.958049417125898,NA,NA,NA,NA,FALSE,FALSE
"Rnf152","Rnf152",2,0.760324718374996,1,"NM_178779",-0.626852606163036,0.760324718374996,0.958049417125898,NA,NA,NA,NA,FALSE,FALSE
"Gm15401","Gm15401",2,0.760396984231172,1,"NR_040421",-0.973126853381133,0.760396984231172,0.958049417125898,NA,NA,NA,NA,FALSE,FALSE
"Chuk","Chuk",2,0.761009118994368,1,"NM_007700",-0.281856984907421,0.761009118994368,0.958072942393368,NA,NA,NA,NA,FALSE,FALSE
"Ccdc159","Ccdc159",2,0.761732865372912,1,"NM_025977",-0.650471502714251,0.761732865372912,0.958379237224891,TRUE,TRUE,TRUE,"Forebrain + Hindbrain + Midbrain",FALSE,FALSE
"Eps8l1","Eps8l1",2,0.762307090097174,1,"NM_026146",-1.46578428584791,0.762307090097174,0.958613012513924,NA,NA,NA,NA,FALSE,FALSE
"Pld1","Pld1",2,0.762409032657468,1,"NM_008875",-0.28912754275771,0.762409032657468,0.958643515691171,NA,NA,NA,NA,FALSE,FALSE
"Golga5","Golga5",2,0.762651676891032,1,"NM_001199004",-0.275091743929554,0.762651676891032,0.958794544093686,TRUE,TRUE,TRUE,"Forebrain + Hindbrain + Midbrain",FALSE,FALSE
"Pex16","Pex16",2,0.762781131192855,1,"NR_028114",-0.0912600997704535,0.762781131192855,0.958794544093686,TRUE,TRUE,FALSE,"Forebrain + Hindbrain",FALSE,FALSE
"Ppp3cc","Ppp3cc",2,0.763394931011759,1,"NM_001304992",-0.540384791974076,0.763394931011759,0.959073056994073,TRUE,TRUE,TRUE,"Forebrain + Hindbrain + Midbrain",FALSE,FALSE
"Lincpint","Lincpint",2,0.763605574146415,1,"NR_110470",-0.935327739512375,0.763605574146415,0.959073056994073,NA,NA,NA,NA,FALSE,FALSE
"Bag1","Bag1",2,0.764028346236142,1,"NM_001171739",-0.0086859819870251,0.764028346236142,0.959222043086683,NA,NA,NA,NA,FALSE,FALSE
"Mmp19","Mmp19",2,0.7645801149079,1,"NM_001164197",-0.932619512340847,0.7645801149079,0.95969874974891,NA,NA,NA,NA,FALSE,FALSE
"Srrm1","Srrm1",2,0.764903743913353,1,"NM_001130477",-0.549893377893952,0.764903743913353,0.959913304640714,NA,NA,NA,NA,FALSE,FALSE
"Upp1","Upp1",3,0.765362032034867,1,"NM_009477",-0.9193109314821,0.765362032034867,0.960010767693444,TRUE,TRUE,TRUE,"Forebrain + Hindbrain + Midbrain",FALSE,FALSE
"Smarca1","Smarca1",2,0.765453583803813,1,"NM_001290708",-0.189683595416017,0.765453583803813,0.960010767693444,TRUE,TRUE,TRUE,"Forebrain + Hindbrain + Midbrain",FALSE,FALSE
"Dos","Dos",2,0.766153001286843,1,"NR_036582",-0.421387867234688,0.766153001286843,0.960010767693444,TRUE,TRUE,FALSE,"Forebrain + Hindbrain",FALSE,FALSE
"Ttc39a","Ttc39a",2,0.766645170014971,1,"NM_001145948",-1.53042798598965,0.766645170014971,0.960010767693444,NA,NA,NA,NA,FALSE,FALSE
"Lpar5","Lpar5",2,0.767026084795641,1,"NM_001163268",-1.49169342298943,0.767026084795641,0.960010767693444,NA,NA,NA,NA,FALSE,FALSE
"Cdyl","Cdyl",2,0.767493281639935,1,"NM_001123386",-0.365257102558822,0.767493281639935,0.960010767693444,NA,NA,NA,NA,FALSE,FALSE
"Smim1","Smim1",2,0.767522835287732,1,"NM_001163721",-0.214895443798293,0.767522835287732,0.960010767693444,FALSE,FALSE,TRUE,"Midbrain only",FALSE,FALSE
"Coch","Coch",2,0.767767474464661,1,"NM_007728",-0.341529210220029,0.767767474464661,0.960010767693444,FALSE,FALSE,TRUE,"Midbrain only",FALSE,FALSE
"Xaf1","Xaf1",2,0.767936136142805,1,"NM_001291153",-0.896316211236914,0.767936136142805,0.960010767693444,NA,NA,NA,NA,FALSE,FALSE
"Ptger4","Ptger4",2,0.767991362498875,1,"NM_001136079",-0.758904611630357,0.767991362498875,0.960010767693444,NA,NA,NA,NA,FALSE,FALSE
"Itgb5","Itgb5",2,0.768495962462284,1,"NM_001145884",-0.312261494807837,0.768495962462284,0.960101889958993,NA,NA,NA,NA,FALSE,FALSE
"Dvl1","Dvl1",2,0.769599326828113,1,"NM_001302342",-0.427265901207184,0.769599326828113,0.960512433412212,TRUE,TRUE,TRUE,"Forebrain + Hindbrain + Midbrain",FALSE,FALSE
"Tmem11","Tmem11",2,0.769637857146168,1,"NM_001168507",-0.132320376357976,0.769637857146168,0.960512433412212,NA,NA,NA,NA,FALSE,FALSE
"Bend5","Bend5",2,0.769731615922576,1,"NM_026279",-0.100117332052673,0.769731615922576,0.960512433412212,TRUE,TRUE,TRUE,"Forebrain + Hindbrain + Midbrain",FALSE,FALSE
"Pnoc","Pnoc",2,0.770718067050584,1,"NM_001205075",-0.327058881961486,0.770718067050584,0.960870000236216,TRUE,TRUE,FALSE,"Forebrain + Hindbrain",FALSE,FALSE
"Astn2","Astn2",2,0.770821757806525,1,"NM_207109",-0.396671427384315,0.770821757806525,0.960870000236216,NA,NA,NA,NA,FALSE,FALSE
"Tcof1","Tcof1",2,0.771654919152423,1,"NM_011552",-0.106923522980142,0.771654919152423,0.960870000236216,TRUE,TRUE,TRUE,"Forebrain + Hindbrain + Midbrain",FALSE,FALSE
"Atxn1","Atxn1",3,0.772129671188089,1,"NM_001199304",0.250460867923109,0.772129671188089,0.961190029525088,NA,NA,NA,NA,FALSE,FALSE
"Cbfb","Cbfb",3,0.772387786243167,1,"NM_022309",-0.140226728568099,0.772387786243167,0.96122435403117,FALSE,FALSE,TRUE,"Midbrain only",FALSE,FALSE
"Ramp1","Ramp1",3,0.772923610737898,1,"NM_001168392",-0.381329573395184,0.772923610737898,0.961576505343851,TRUE,TRUE,TRUE,"Forebrain + Hindbrain + Midbrain",FALSE,FALSE
"3110056K07Rik","3110056K07Rik",2,0.773125808624285,1,"NR_045055",-0.300117789912135,0.773125808624285,0.961646345778988,NA,NA,NA,NA,FALSE,FALSE
"Pcyt1b","Pcyt1b",2,0.773291465896669,1,"NM_177546",-1.0552155291237,0.773291465896669,0.961646345778988,TRUE,TRUE,TRUE,"Forebrain + Hindbrain + Midbrain",FALSE,FALSE
"Mboat2","Mboat2",2,0.773823475770799,1,"NM_026037",-0.16050213801577,0.773823475770799,0.961990021106703,NA,NA,NA,NA,FALSE,FALSE
"Tgif2","Tgif2",2,0.773992172782535,1,"NM_173396",-0.170569821316286,0.773992172782535,0.961990021106703,NA,NA,NA,NA,FALSE,FALSE
"Dennd6a","Dennd6a",2,0.774035568846714,1,"NM_001134465",-0.0756647600328966,0.774035568846714,0.961990021106703,NA,NA,NA,NA,FALSE,FALSE
"Il15","Il15",2,0.774388622703201,1,"NM_001254747",-1.41637040542838,0.774388622703201,0.962109280249396,TRUE,TRUE,FALSE,"Forebrain + Hindbrain",FALSE,FALSE
"Aldh18a1","Aldh18a1",2,0.774909137577706,1,"NM_019698",-0.170797842751977,0.774909137577706,0.962196145458087,TRUE,TRUE,TRUE,"Forebrain + Hindbrain + Midbrain",FALSE,FALSE
"Cfap74","Cfap74",2,0.775408905630871,1,"NM_177674",-0.299163663109888,0.775408905630871,0.962327873002751,TRUE,TRUE,FALSE,"Forebrain + Hindbrain",FALSE,FALSE
"Sirt1","Sirt1",2,0.776560408670408,1,"NM_019812",-0.799025012760718,0.776560408670408,0.963187802089943,FALSE,FALSE,TRUE,"Midbrain only",FALSE,FALSE
"Cav2","Cav2",2,0.776972211382706,1,"NM_001277756",-0.215713773285904,0.776972211382706,0.963369300951945,TRUE,TRUE,TRUE,"Forebrain + Hindbrain + Midbrain",FALSE,FALSE
"Tmem254a","Tmem254a",3,0.777097084414559,1,"NM_025311_1",3.38054265700506,0.777097084414559,0.963369300951945,FALSE,TRUE,TRUE,"Hindbrain + Midbrain",FALSE,FALSE
"Nudt6","Nudt6",2,0.777849222160099,1,"NM_001291044",-0.376345842407933,0.777849222160099,0.963458970889008,TRUE,TRUE,FALSE,"Forebrain + Hindbrain",FALSE,FALSE
"5930430L01Rik","5930430L01Rik",2,0.778524920473948,1,"NR_102383",-0.192465403192143,0.778524920473948,0.963496970935502,NA,NA,NA,NA,FALSE,FALSE
"Smc2","Smc2",2,0.779667348445743,1,"NM_008017",-0.093407927713776,0.779667348445743,0.964037583148343,TRUE,TRUE,TRUE,"Forebrain + Hindbrain + Midbrain",FALSE,FALSE
"Hs3st5","Hs3st5",3,0.781824851459582,1,"NM_001081208",0.791228975558634,0.781824851459582,0.96459325394461,TRUE,TRUE,TRUE,"Forebrain + Hindbrain + Midbrain",FALSE,FALSE
"Rbbp8","Rbbp8",4,0.78196694880299,1,"NM_001252495",1.11042884283772,0.78196694880299,0.96459325394461,NA,NA,NA,NA,FALSE,FALSE
"Tfeb","Tfeb",2,0.781973697551402,1,"NM_011549",-0.555209417785271,0.781973697551402,0.96459325394461,NA,NA,NA,NA,FALSE,FALSE
"Sec22c","Sec22c",2,0.782227284621047,1,"NM_001164562",-0.389520601247939,0.782227284621047,0.96459325394461,TRUE,TRUE,TRUE,"Forebrain + Hindbrain + Midbrain",FALSE,FALSE
"2310001H17Rik","2310001H17Rik",2,0.783356286223391,1,"NR_040268",-0.893038015196452,0.783356286223391,0.965406628582507,NA,NA,NA,NA,FALSE,FALSE
"2610020H08Rik","2610020H08Rik",2,0.785037448104195,1,"NM_028129",-0.0799902526005313,0.785037448104195,0.966523602378568,NA,NA,NA,NA,FALSE,FALSE
"Sh3yl1","Sh3yl1",2,0.785835829564491,1,"NM_013709",-0.410071245203729,0.785835829564491,0.966657661083982,NA,NA,NA,NA,FALSE,FALSE
"Apod","Apod",3,0.786410361498548,1,"NM_007470",1.13093877341672,0.786410361498548,0.966657661083982,TRUE,TRUE,FALSE,"Forebrain + Hindbrain",FALSE,FALSE
"Psat1","Psat1",2,0.786519845521892,1,"NM_177420",-0.252800372053087,0.786519845521892,0.966657661083982,NA,NA,NA,NA,FALSE,FALSE
"1700020I14Rik","1700020I14Rik",2,0.786921220115084,1,"NR_027832",-0.0577835953854869,0.786921220115084,0.966657661083982,TRUE,TRUE,TRUE,"Forebrain + Hindbrain + Midbrain",FALSE,FALSE
"Dok1","Dok1",2,0.787029353468726,1,"NM_001291799",-0.60884185318982,0.787029353468726,0.966657661083982,TRUE,TRUE,TRUE,"Forebrain + Hindbrain + Midbrain",FALSE,FALSE
"Rai14","Rai14",2,0.787537788637684,1,"NM_001166408",-0.386109045727108,0.787537788637684,0.966657661083982,TRUE,TRUE,TRUE,"Forebrain + Hindbrain + Midbrain",FALSE,FALSE
"Gm11240","Gm11240",2,0.787555861744086,1,"NR_046041",-1.40018165144165,0.787555861744086,0.966657661083982,NA,NA,NA,NA,FALSE,FALSE
"Pax3","Pax3",2,0.787657867020185,1,"NM_008781",-0.715230596723678,0.787657867020185,0.966657661083982,TRUE,TRUE,FALSE,"Forebrain + Hindbrain",FALSE,FALSE
"Itgae","Itgae",2,0.788320360835299,1,"NM_008399",-0.203313093162271,0.788320360835299,0.966657661083982,NA,NA,NA,NA,FALSE,FALSE
"Nkx6-2","Nkx6-2",2,0.788700862267612,1,"NM_183248",-1.14188974723555,0.788700862267612,0.966657661083982,TRUE,TRUE,TRUE,"Forebrain + Hindbrain + Midbrain",FALSE,FALSE
"Clec12b","Clec12b",2,0.788858594461709,1,"NM_027709",-1.19835165710747,0.788858594461709,0.966657661083982,NA,NA,NA,NA,FALSE,FALSE
"Fam120b","Fam120b",2,0.788914854519999,1,"NM_024203",-0.0758285492345243,0.788914854519999,0.966657661083982,TRUE,TRUE,TRUE,"Forebrain + Hindbrain + Midbrain",FALSE,FALSE
"B3galt5","B3galt5",2,0.789330873066237,1,"NM_033149",-0.528716222047311,0.789330873066237,0.966687472572188,NA,NA,NA,NA,FALSE,FALSE
"Igsf9b","Igsf9b",2,0.789700017196092,1,"NM_001033323",-0.0921883550395871,0.789700017196092,0.966691108249746,TRUE,TRUE,TRUE,"Forebrain + Hindbrain + Midbrain",FALSE,FALSE
"Nudcd2","Nudcd2",2,0.789776212581798,1,"NM_026023",-0.250362055404627,0.789776212581798,0.966691108249746,NA,NA,NA,NA,FALSE,FALSE
"Qsox2","Qsox2",2,0.789790236778489,1,"NM_153559",-0.1114735960145,0.789790236778489,0.966691108249746,TRUE,TRUE,TRUE,"Forebrain + Hindbrain + Midbrain",FALSE,FALSE
"Adam32","Adam32",2,0.790796514948871,1,"NM_153397",-0.680165932309469,0.790796514948871,0.966851183440906,NA,NA,NA,NA,FALSE,FALSE
"Whrn","Whrn",5,0.792010381593961,1,"NM_001008791",0.480471363686495,0.792010381593961,0.967185364559077,NA,NA,NA,NA,FALSE,FALSE
"Emc6","Emc6",2,0.792355969746302,1,"NM_001168470",-0.125494993612055,0.792355969746302,0.967346380570048,NA,NA,NA,NA,FALSE,FALSE
"Trmt2b","Trmt2b",3,0.793626902518327,1,"NM_001167995",-0.111132984191812,0.793626902518327,0.967743497751424,TRUE,TRUE,TRUE,"Forebrain + Hindbrain + Midbrain",FALSE,FALSE
"Tnpo2","Tnpo2",2,0.793692360495229,1,"NM_001122843",-0.279952038538259,0.793692360495229,0.967743497751424,TRUE,TRUE,TRUE,"Forebrain + Hindbrain + Midbrain",FALSE,FALSE
"Grk4","Grk4",2,0.793785595400871,1,"NM_019497",-0.176379487192369,0.793785595400871,0.967743497751424,NA,NA,NA,NA,FALSE,FALSE
"St8sia5","St8sia5",2,0.793800622709879,1,"NM_013666",-1.12973157357352,0.793800622709879,0.967743497751424,NA,NA,NA,NA,FALSE,FALSE
"Arf1","Arf1",2,0.793957874852075,1,"NM_001130408",-0.0565712657038246,0.793957874852075,0.96778962784971,NA,NA,NA,NA,FALSE,FALSE
"Mmp28","Mmp28",2,0.793995315425484,1,"NM_080453",-0.554964052160013,0.793995315425484,0.96778962784971,NA,NA,NA,NA,FALSE,FALSE
"Lrrc1","Lrrc1",2,0.794537662655463,1,"NM_172528",-1.35999228837479,0.794537662655463,0.96811973151178,FALSE,FALSE,TRUE,"Midbrain only",FALSE,FALSE
"Syt14","Syt14",2,0.795694812657194,1,"NM_001301370",-0.903461875839505,0.795694812657194,0.968789129899984,NA,NA,NA,NA,FALSE,FALSE
"Alg11","Alg11",3,0.795757424689322,1,"NM_183142",-0.154820723107943,0.795757424689322,0.968789129899984,FALSE,FALSE,TRUE,"Midbrain only",FALSE,FALSE
"Rerg","Rerg",3,0.79597969815964,1,"NM_001164214",0.598773999475187,0.79597969815964,0.9689384445375,NA,NA,NA,NA,FALSE,FALSE
"Nr1i3","Nr1i3",2,0.796591490286977,1,"NM_001243063",-0.80755902727614,0.796591490286977,0.969062672711642,NA,NA,NA,NA,FALSE,FALSE
"Mrap2","Mrap2",2,0.796729829129801,1,"NM_001177731",-1.72423108829127,0.796729829129801,0.969062672711642,NA,NA,NA,NA,FALSE,FALSE
"Rad54b","Rad54b",2,0.797912694479216,1,"NM_001039556",-0.438479274721846,0.797912694479216,0.969207261956676,NA,NA,NA,NA,FALSE,FALSE
"Smim4","Smim4",3,0.800038897678125,1,"NM_001308466",-0.0623009843838622,0.800038897678125,0.970554462971693,NA,NA,NA,NA,FALSE,FALSE
"Blvrb","Blvrb",2,0.800472952057898,1,"NM_144923",-0.458259848797041,0.800472952057898,0.970657457085082,NA,NA,NA,NA,FALSE,FALSE
"4930556M19Rik","4930556M19Rik",2,0.800755591995065,1,"NR_045065",-0.337472346945442,0.800755591995065,0.970657457085082,NA,NA,NA,NA,FALSE,FALSE
"Nusap1","Nusap1",2,0.801485703301555,1,"NM_133851",-0.17419444842324,0.801485703301555,0.971093286183,TRUE,TRUE,TRUE,"Forebrain + Hindbrain + Midbrain",FALSE,FALSE
"Zfp433","Zfp433",2,0.801966848329539,1,"NM_001243067",-0.102064358163898,0.801966848329539,0.971093286183,NA,NA,NA,NA,FALSE,FALSE
"Caly","Caly",3,0.802203100204526,1,"NM_001190385",0.568233716321725,0.802203100204526,0.971149649088554,NA,NA,NA,NA,FALSE,FALSE
"Ube2v2","Ube2v2",2,0.802870714406427,1,"NM_001159351",-0.0884034561923723,0.802870714406427,0.971452064885847,NA,NA,NA,NA,FALSE,FALSE
"Abl2","Abl2",2,0.80308645528028,1,"NM_001136104",-0.243999904142096,0.80308645528028,0.971452064885847,NA,NA,NA,NA,FALSE,FALSE
"Nxt1","Nxt1",2,0.803677767038615,1,"NM_019761",-0.105155439817053,0.803677767038615,0.971452064885847,NA,NA,NA,NA,FALSE,FALSE
"Nfic","Nfic",2,0.804162800240126,1,"NM_026756",-0.132201121388471,0.804162800240126,0.971452064885847,FALSE,FALSE,TRUE,"Midbrain only",FALSE,FALSE
"Atad3aos","Atad3aos",2,0.804192754373767,1,"NR_027972",-0.120020920529385,0.804192754373767,0.971452064885847,TRUE,TRUE,TRUE,"Forebrain + Hindbrain + Midbrain",FALSE,FALSE
"Hmha1","Hmha1",2,0.804448808609361,1,"NM_027521",-0.473092657499453,0.804448808609361,0.971452064885847,FALSE,FALSE,TRUE,"Midbrain only",FALSE,FALSE
"Slc24a2","Slc24a2",2,0.80465283870488,1,"NM_001110240",-0.151570216288833,0.80465283870488,0.971452064885847,NA,NA,NA,NA,FALSE,FALSE
"3110009E18Rik","3110009E18Rik",2,0.804742260563985,1,"NM_028439",-0.0955663507518849,0.804742260563985,0.971452064885847,NA,NA,NA,NA,FALSE,FALSE
"Tbx3","Tbx3",2,0.805285867170987,1,"NM_198052",-0.615401518532146,0.805285867170987,0.971452064885847,NA,NA,NA,NA,FALSE,FALSE
"Glis3","Glis3",2,0.805426472752285,1,"NM_175459",-0.442267763647233,0.805426472752285,0.971452064885847,NA,NA,NA,NA,FALSE,FALSE
"Tmod2","Tmod2",2,0.805877553333922,1,"NM_016711",-0.477269607233581,0.805877553333922,0.97152491287032,NA,NA,NA,NA,FALSE,FALSE
"Pgm3","Pgm3",2,0.806479750634906,1,"NM_028352",-0.511305152505304,0.806479750634906,0.971651092751282,NA,NA,NA,NA,FALSE,FALSE
"Zfp865","Zfp865",2,0.806894749107356,1,"NM_001290426",-0.238527059512564,0.806894749107356,0.971651092751282,TRUE,TRUE,FALSE,"Forebrain + Hindbrain",FALSE,FALSE
"Aff1","Aff1",2,0.807385096739373,1,"NM_133919",-0.791777852601613,0.807385096739373,0.971651092751282,NA,NA,NA,NA,FALSE,FALSE
"Vstm2a","Vstm2a",2,0.807630770488966,1,"NM_001290539",-0.656297497090118,0.807630770488966,0.971651092751282,FALSE,FALSE,TRUE,"Midbrain only",FALSE,FALSE
"Mgarp","Mgarp",2,0.808186938087452,1,"NM_026358",-0.366526003247878,0.808186938087452,0.971651092751282,NA,NA,NA,NA,FALSE,FALSE
"Magt1","Magt1",2,0.808827160091886,1,"NM_025952",-0.127565705827753,0.808827160091886,0.971687576869619,FALSE,FALSE,TRUE,"Midbrain only",FALSE,FALSE
"Ncor1","Ncor1",3,0.808847227682717,1,"NM_011308",-0.0554513648413929,0.808847227682717,0.971687576869619,NA,NA,NA,NA,FALSE,FALSE
"Ahsa2","Ahsa2",3,0.810109069544062,1,"NM_001290655",-0.144983880728626,0.810109069544062,0.972206491566781,FALSE,FALSE,TRUE,"Midbrain only",FALSE,FALSE
"Ddx4","Ddx4",2,0.810260309425488,1,"NM_001145885",-1.15341531221817,0.810260309425488,0.972206491566781,NA,NA,NA,NA,FALSE,FALSE
"Akap1","Akap1",3,0.810303384583821,1,"NM_009648",-1.30295197457501,0.810303384583821,0.972206491566781,NA,NA,NA,NA,FALSE,FALSE
"Zfp398","Zfp398",2,0.810416330729535,1,"NM_173034",-0.380107388495588,0.810416330729535,0.972232311578672,NA,NA,NA,NA,FALSE,FALSE
"Hmgxb3","Hmgxb3",2,0.810614229219215,1,"NM_178277",-0.148089752376342,0.810614229219215,0.972232311578672,TRUE,TRUE,FALSE,"Forebrain + Hindbrain",FALSE,FALSE
"Kcnc1","Kcnc1",2,0.811028536439189,1,"NM_001112739",-0.601566291494372,0.811028536439189,0.972301996138701,TRUE,TRUE,TRUE,"Forebrain + Hindbrain + Midbrain",FALSE,FALSE
"Tle2","Tle2",2,0.811588590247931,1,"NM_019725",-0.0581463764964547,0.811588590247931,0.972301996138701,NA,NA,NA,NA,FALSE,FALSE
"Preb","Preb",2,0.811801253340116,1,"NM_016703",-0.181144030469149,0.811801253340116,0.972301996138701,NA,NA,NA,NA,FALSE,FALSE
"Btla","Btla",2,0.81205042354211,1,"NM_001037719",-0.822727959816346,0.81205042354211,0.972411666813162,NA,NA,NA,NA,FALSE,FALSE
"Dtymk","Dtymk",2,0.8125816266545,1,"NM_023136",-0.0253018582536654,0.8125816266545,0.97276457828061,NA,NA,NA,NA,FALSE,FALSE
"F420014N23Rik","F420014N23Rik",2,0.813435175694061,1,"NR_045715",-0.828626703431705,0.813435175694061,0.973224440861079,NA,NA,NA,NA,FALSE,FALSE
"Gm7325","Gm7325",2,0.813814809572104,1,"NM_001177469",-0.78886453846413,0.813814809572104,0.973284936638792,NA,NA,NA,NA,FALSE,FALSE
"Prdm2","Prdm2",2,0.813949396273707,1,"NM_001081355",-0.0529094683376053,0.813949396273707,0.973284936638792,TRUE,TRUE,TRUE,"Forebrain + Hindbrain + Midbrain",FALSE,FALSE
"Mars","Mars",2,0.81543986482489,1,"NM_001003913",-0.0760205999009804,0.81543986482489,0.973791324990596,TRUE,TRUE,TRUE,"Forebrain + Hindbrain + Midbrain",FALSE,FALSE
"Frmd3","Frmd3",2,0.815572110766962,1,"NM_172869",-0.363254183905237,0.815572110766962,0.973791324990596,TRUE,TRUE,TRUE,"Forebrain + Hindbrain + Midbrain",FALSE,FALSE
"Rps6kb1","Rps6kb1",2,0.815572345499296,1,"NM_028259",-0.0624610456953461,0.815572345499296,0.973791324990596,TRUE,TRUE,TRUE,"Forebrain + Hindbrain + Midbrain",FALSE,FALSE
"Bcan","Bcan",2,0.81674031439936,1,"NM_007529",-0.339896211452845,0.81674031439936,0.974427745056104,NA,NA,NA,NA,FALSE,FALSE
"Ggnbp2os","Ggnbp2os",2,0.816892627439659,1,"NR_131197",-0.18602217677583,0.816892627439659,0.974427745056104,TRUE,TRUE,TRUE,"Forebrain + Hindbrain + Midbrain",FALSE,FALSE
"Catsper3","Catsper3",2,0.817422495278872,1,"NM_001252488",-1.15364717177397,0.817422495278872,0.974603170207226,NA,NA,NA,NA,FALSE,FALSE
"Stat4","Stat4",2,0.817678758454429,1,"NM_011487",-0.466711134307118,0.817678758454429,0.974603170207226,NA,NA,NA,NA,FALSE,FALSE
"Sidt2","Sidt2",2,0.817765104841651,1,"NM_172257",-0.205458565283311,0.817765104841651,0.974603170207226,NA,NA,NA,NA,FALSE,FALSE
"Itpripl1","Itpripl1",2,0.818335209419848,1,"NM_001163528",-0.423721544944937,0.818335209419848,0.974628328133326,TRUE,TRUE,TRUE,"Forebrain + Hindbrain + Midbrain",FALSE,FALSE
"Slc45a4","Slc45a4",2,0.8184034632186,1,"NM_001033219",-0.111278515973127,0.8184034632186,0.974628328133326,NA,NA,NA,NA,FALSE,FALSE
"Dmbx1","Dmbx1",2,0.819333070707787,1,"NM_001025567",-1.8496991326559,0.819333070707787,0.974957157141201,FALSE,FALSE,TRUE,"Midbrain only",FALSE,FALSE
"Cpne1","Cpne1",2,0.819407623842462,1,"NM_170588",-0.137768336093294,0.819407623842462,0.974957157141201,FALSE,FALSE,TRUE,"Midbrain only",FALSE,FALSE
"Fars2","Fars2",2,0.819785693881451,1,"NM_001039189",-0.325828587111919,0.819785693881451,0.974957157141201,FALSE,FALSE,TRUE,"Midbrain only",FALSE,FALSE
"Slc45a3","Slc45a3",2,0.820572042244872,1,"NM_145977",-0.547725509027936,0.820572042244872,0.975266268795278,NA,NA,NA,NA,FALSE,FALSE
"Slc16a6","Slc16a6",2,0.820611955474702,1,"NM_001029842",-0.278898863994522,0.820611955474702,0.975266268795278,NA,NA,NA,NA,FALSE,FALSE
"Mrto4","Mrto4",2,0.821008350624561,1,"NM_023536",-0.360052296297342,0.821008350624561,0.975266268795278,NA,NA,NA,NA,FALSE,FALSE
"Nol8","Nol8",3,0.821035591626357,1,"NM_001271397",0.227333797224228,0.821035591626357,0.975266268795278,NA,NA,NA,NA,FALSE,FALSE
"Tmem176a","Tmem176a",2,0.821163168200256,1,"NM_001098271",-0.695831933510349,0.821163168200256,0.975266268795278,NA,NA,NA,NA,FALSE,FALSE
"Lhx3","Lhx3",2,0.821381098326735,1,"NM_010711",-2.00254339015657,0.821381098326735,0.975266268795278,TRUE,TRUE,FALSE,"Forebrain + Hindbrain",FALSE,FALSE
"Stk11","Stk11",3,0.821668252131201,1,"NM_011492",-0.31093495274547,0.821668252131201,0.975266268795278,FALSE,FALSE,TRUE,"Midbrain only",FALSE,FALSE
"2210406O10Rik","2210406O10Rik",2,0.821848959508875,1,"NR_126489",-0.392753050161332,0.821848959508875,0.975266268795278,NA,NA,NA,NA,FALSE,FALSE
"Arap3","Arap3",2,0.82269341992102,1,"NM_139206",-0.216390425342775,0.82269341992102,0.975797824747175,NA,NA,NA,NA,FALSE,FALSE
"Mib2","Mib2",3,0.823127445096481,1,"NM_001256108",-0.154848703070383,0.823127445096481,0.975797824747175,TRUE,TRUE,TRUE,"Forebrain + Hindbrain + Midbrain",FALSE,FALSE
"Fbxo41","Fbxo41",3,0.823435113103511,1,"NM_001289674",1.40520317123385,0.823435113103511,0.975797824747175,NA,NA,NA,NA,FALSE,FALSE
"I730030J21Rik","I730030J21Rik",2,0.823454844933841,1,"NR_045782",-0.703109529382141,0.823454844933841,0.975797824747175,NA,NA,NA,NA,FALSE,FALSE
"Igdcc4","Igdcc4",2,0.823654704919897,1,"NM_020043",-0.197808391341245,0.823654704919897,0.975797824747175,TRUE,TRUE,FALSE,"Forebrain + Hindbrain",FALSE,FALSE
"Kcnc3","Kcnc3",2,0.824054608640181,1,"NM_001290682",-1.16667978309083,0.824054608640181,0.975797824747175,TRUE,TRUE,FALSE,"Forebrain + Hindbrain",FALSE,FALSE
"Tars2","Tars2",4,0.824395995599234,1,"NM_001163617",-0.82675041574871,0.824395995599234,0.975797824747175,TRUE,TRUE,FALSE,"Forebrain + Hindbrain",FALSE,FALSE
"Aamp","Aamp",2,0.824482728289781,1,"NM_001190444",-0.0871318683491176,0.824482728289781,0.975797824747175,NA,NA,NA,NA,FALSE,FALSE
"Pparg","Pparg",2,0.824523214076433,1,"NM_001127330",-0.988824160266034,0.824523214076433,0.975797824747175,NA,NA,NA,NA,FALSE,FALSE
"Gpr12","Gpr12",2,0.824853747566511,1,"NM_008151",-0.875620733362417,0.824853747566511,0.975797824747175,NA,NA,NA,NA,FALSE,FALSE
"4930570G19Rik","4930570G19Rik",3,0.825266636643642,1,"NR_040398",0.203380807954358,0.825266636643642,0.975797824747175,NA,NA,NA,NA,FALSE,FALSE
"Fam134c","Fam134c",2,0.825613977132172,1,"NM_028933",-0.0904317952578245,0.825613977132172,0.975797824747175,FALSE,FALSE,TRUE,"Midbrain only",FALSE,FALSE
"Rit1","Rit1",3,0.82572754758491,1,"NM_001163310",-0.303311158541371,0.82572754758491,0.975797824747175,FALSE,FALSE,TRUE,"Midbrain only",FALSE,FALSE
"Gabrb3","Gabrb3",2,0.8259088626821,1,"NM_001038701",-0.683669951009694,0.8259088626821,0.975797824747175,TRUE,TRUE,TRUE,"Forebrain + Hindbrain + Midbrain",FALSE,FALSE
"Rpap1","Rpap1",2,0.825992352857572,1,"NM_001163701",-0.229029267605894,0.825992352857572,0.975797824747175,FALSE,FALSE,TRUE,"Midbrain only",FALSE,FALSE
"Pik3cg","Pik3cg",3,0.82610587826369,1,"NM_020272",-0.612610361290164,0.82610587826369,0.975797824747175,NA,NA,NA,NA,FALSE,FALSE
"Cdh26","Cdh26",2,0.826157630599065,1,"NM_198656",-0.851040806585685,0.826157630599065,0.975797824747175,NA,NA,NA,NA,FALSE,FALSE
"Gins1","Gins1",2,0.826457666260477,1,"NM_027014",-1.09560107971766,0.826457666260477,0.975931827909501,TRUE,TRUE,TRUE,"Forebrain + Hindbrain + Midbrain",FALSE,FALSE
"Etaa1os","Etaa1os",2,0.827110823612897,1,"NR_131915",-0.126994086194268,0.827110823612897,0.976401315116163,FALSE,FALSE,TRUE,"Midbrain only",FALSE,FALSE
"B4galt4","B4galt4",2,0.827164805958705,1,"NM_001285793",-0.139082193925682,0.827164805958705,0.976401315116163,TRUE,TRUE,TRUE,"Forebrain + Hindbrain + Midbrain",FALSE,FALSE
"Vegfb","Vegfb",2,0.827704228376943,1,"NM_011697",-0.0644561864171746,0.827704228376943,0.976416235697956,TRUE,TRUE,TRUE,"Forebrain + Hindbrain + Midbrain",FALSE,FALSE
"Ttc21b","Ttc21b",2,0.827803188611834,1,"NM_001290669",-0.19374334393077,0.827803188611834,0.976416235697956,TRUE,TRUE,FALSE,"Forebrain + Hindbrain",FALSE,FALSE
"Pla2g4a","Pla2g4a",2,0.827929833341296,1,"NM_001305632",-0.848464708222289,0.827929833341296,0.976416235697956,NA,NA,NA,NA,FALSE,FALSE
"Polr2d","Polr2d",2,0.828171478456488,1,"NM_027002",-0.0456643213506118,0.828171478456488,0.976416235697956,TRUE,TRUE,TRUE,"Forebrain + Hindbrain + Midbrain",FALSE,FALSE
"Pcdh8","Pcdh8",2,0.828527114842625,1,"NM_001042726",-0.51459386215087,0.828527114842625,0.976416235697956,TRUE,TRUE,TRUE,"Forebrain + Hindbrain + Midbrain",FALSE,FALSE
"Gmnc","Gmnc",3,0.829509495329375,1,"NM_001285918",-0.797819258763756,0.829509495329375,0.976416235697956,NA,NA,NA,NA,FALSE,FALSE
"Oprk1","Oprk1",2,0.829972401044052,1,"NM_011011",-0.605651420044532,0.829972401044052,0.976416235697956,NA,NA,NA,NA,FALSE,FALSE
"Wdsub1","Wdsub1",2,0.830572606307291,1,"NM_001159636",-0.885970890631252,0.830572606307291,0.976416235697956,NA,NA,NA,NA,FALSE,FALSE
"Plch1","Plch1",3,0.830576289537038,1,"NM_001177733",1.11224642305026,0.830576289537038,0.976416235697956,FALSE,FALSE,TRUE,"Midbrain only",FALSE,FALSE
"Kcnj11","Kcnj11",2,0.830890692661105,1,"NM_010602",-0.209514365232903,0.830890692661105,0.976416235697956,NA,NA,NA,NA,FALSE,FALSE
"Barhl1","Barhl1",2,0.830977066450844,1,"NM_019446",-1.27793037788041,0.830977066450844,0.976416235697956,TRUE,TRUE,TRUE,"Forebrain + Hindbrain + Midbrain",FALSE,FALSE
"Kynu","Kynu",2,0.831383038204847,1,"NM_027552",-0.721683989420291,0.831383038204847,0.976416235697956,NA,NA,NA,NA,FALSE,FALSE
"A130010J15Rik","A130010J15Rik",2,0.831536322605334,1,"NM_001160359",-0.741623936903322,0.831536322605334,0.976416235697956,TRUE,TRUE,TRUE,"Forebrain + Hindbrain + Midbrain",FALSE,FALSE
"6720468P15Rik","6720468P15Rik",2,0.831822970086041,1,"NR_040306",-0.318585646992135,0.831822970086041,0.976463722625479,NA,NA,NA,NA,FALSE,FALSE
"A230103J11Rik","A230103J11Rik",2,0.832288466101588,1,"NR_110582",-0.355032572644231,0.832288466101588,0.976678471853481,NA,NA,NA,NA,FALSE,FALSE
"Mamld1","Mamld1",2,0.833107609001198,1,"NM_001081354",-0.114295597227435,0.833107609001198,0.977219549185777,TRUE,TRUE,TRUE,"Forebrain + Hindbrain + Midbrain",FALSE,FALSE
"1810041H14Rik","1810041H14Rik",2,0.833234923471558,1,"NR_131002",-0.3355386738596,0.833234923471558,0.977219549185777,TRUE,TRUE,TRUE,"Forebrain + Hindbrain + Midbrain",FALSE,FALSE
"Cacna1a","Cacna1a",4,0.83358968712932,1,"NM_001252060",1.17381903673522,0.83358968712932,0.977219549185777,NA,NA,NA,NA,FALSE,FALSE
"Nup35","Nup35",2,0.833725074054121,1,"NM_001190179",-0.83939223027837,0.833725074054121,0.977219549185777,NA,NA,NA,NA,FALSE,FALSE
"Rcc1","Rcc1",2,0.834241855091053,1,"NM_001197082",-0.193763140161052,0.834241855091053,0.97751834325989,TRUE,TRUE,FALSE,"Forebrain + Hindbrain",FALSE,FALSE
"Ms4a7","Ms4a7",2,0.834648028596028,1,"NM_027836",-0.465519693958893,0.834648028596028,0.977538133040775,FALSE,FALSE,TRUE,"Midbrain only",FALSE,FALSE
"Tyk2","Tyk2",2,0.834794848621197,1,"NM_001205312",-0.213024212803838,0.834794848621197,0.977538133040775,TRUE,TRUE,TRUE,"Forebrain + Hindbrain + Midbrain",FALSE,FALSE
"Tmem194b","Tmem194b",2,0.834868264515132,1,"NR_024590",-0.360765741524352,0.834868264515132,0.977538133040775,NA,NA,NA,NA,FALSE,FALSE
"Rab17","Rab17",2,0.835740641767761,1,"NM_001159725",-0.633715685053976,0.835740641767761,0.977753305721094,NA,NA,NA,NA,FALSE,FALSE
"Syk","Syk",2,0.835877278067382,1,"NM_011518",-0.507843185045104,0.835877278067382,0.977753305721094,NA,NA,NA,NA,FALSE,FALSE
"Mbtps1","Mbtps1",2,0.836082965209303,1,"NM_019709",-0.116127738641213,0.836082965209303,0.977753305721094,NA,NA,NA,NA,FALSE,FALSE
"Umad1","Umad1",2,0.836262612320295,1,"NM_001302354",-0.238456799459745,0.836262612320295,0.977753305721094,NA,NA,NA,NA,FALSE,FALSE
"Syne4","Syne4",2,0.836271263468537,1,"NM_153577",-0.325524469579307,0.836271263468537,0.977753305721094,TRUE,TRUE,TRUE,"Forebrain + Hindbrain + Midbrain",FALSE,FALSE
"1700047I17Rik2","1700047I17Rik2",2,0.836399874800964,1,"NM_001100116_1",-0.0171364743598469,0.836399874800964,0.977753305721094,NA,NA,NA,NA,FALSE,FALSE
"Hmgn3","Hmgn3",2,0.836540871237134,1,"NM_026122",-0.0393717581993659,0.836540871237134,0.977753305721094,TRUE,TRUE,TRUE,"Forebrain + Hindbrain + Midbrain",FALSE,FALSE
"Zscan29","Zscan29",2,0.836676211902844,1,"NM_001290820",-0.0924144751695552,0.836676211902844,0.977753305721094,NA,NA,NA,NA,FALSE,FALSE
"Musk","Musk",2,0.836710536872867,1,"NM_001165996",-0.429876077755839,0.836710536872867,0.977753305721094,NA,NA,NA,NA,FALSE,FALSE
"Corin","Corin",2,0.836715956921779,1,"NM_016869",-0.20264891248963,0.836715956921779,0.977753305721094,FALSE,FALSE,TRUE,"Midbrain only",FALSE,FALSE
"Hoxb3","Hoxb3",2,0.838107340007686,1,"NM_001079869",-0.852978057779404,0.838107340007686,0.978292990098346,TRUE,TRUE,FALSE,"Forebrain + Hindbrain",FALSE,FALSE
"Rpgrip1","Rpgrip1",2,0.838506113833227,1,"NM_023879",-0.367295195268317,0.838506113833227,0.978292990098346,NA,NA,NA,NA,FALSE,FALSE
"Pmvk","Pmvk",2,0.838653412710514,1,"NM_027348",-0.154509301830489,0.838653412710514,0.978292990098346,NA,NA,NA,NA,FALSE,FALSE
"Sertad4","Sertad4",2,0.839000234626273,1,"NM_198247",-0.188481987508449,0.839000234626273,0.978384321989057,FALSE,FALSE,TRUE,"Midbrain only",FALSE,FALSE
"Gm14440","Gm14440",2,0.839796338048915,1,"NM_001199308_1",-2.58531728130557,0.839796338048915,0.978430721667038,TRUE,FALSE,TRUE,"Forebrain + Midbrain",FALSE,FALSE
"Clcf1","Clcf1",2,0.839825954733979,1,"NM_019952",-1.03011486515683,0.839825954733979,0.978430721667038,NA,NA,NA,NA,FALSE,FALSE
"Sae1","Sae1",3,0.840799080600086,1,"NM_019748",0.0716598779103927,0.840799080600086,0.978430721667038,NA,NA,NA,NA,FALSE,FALSE
"Grik2","Grik2",2,0.841285293097571,1,"NM_010349",-0.719172481157868,0.841285293097571,0.978459992160605,FALSE,FALSE,TRUE,"Midbrain only",FALSE,FALSE
"Sla","Sla",2,0.842523554443161,1,"NM_001029841",-0.1946834181782,0.842523554443161,0.979130493778225,NA,NA,NA,NA,FALSE,FALSE
"Uchl5","Uchl5",2,0.842632311822987,1,"NM_001159866",-0.0578002566759135,0.842632311822987,0.979130493778225,NA,NA,NA,NA,FALSE,FALSE
"Fas","Fas",2,0.842714221494123,1,"NM_001146708",-0.291569576593104,0.842714221494123,0.979130493778225,NA,NA,NA,NA,FALSE,FALSE
"Kcnk13","Kcnk13",3,0.843528559155206,1,"NM_146037",1.02391371473274,0.843528559155206,0.97915426672224,NA,NA,NA,NA,FALSE,FALSE
"Smpx","Smpx",2,0.843735113451925,1,"NM_001252591",-1.08051392790091,0.843735113451925,0.97915426672224,NA,NA,NA,NA,FALSE,FALSE
"Dand5","Dand5",2,0.843874938665629,1,"NM_201227",-0.475378739251696,0.843874938665629,0.97915426672224,NA,NA,NA,NA,FALSE,FALSE
"Eftud1","Eftud1",2,0.84404376599801,1,"NM_175317",-0.117715313876051,0.84404376599801,0.97915426672224,TRUE,TRUE,TRUE,"Forebrain + Hindbrain + Midbrain",FALSE,FALSE
"Hilpda","Hilpda",2,0.844068015602503,1,"NM_023516",-0.304479925467531,0.844068015602503,0.97915426672224,NA,NA,NA,NA,FALSE,FALSE
"Ttc41","Ttc41",2,0.84434990404445,1,"NM_001003910",-0.254900494070368,0.84434990404445,0.97915426672224,NA,NA,NA,NA,FALSE,FALSE
"Grin3a","Grin3a",2,0.84447568859214,1,"NM_001276355",-0.877928720149491,0.84447568859214,0.97915426672224,NA,NA,NA,NA,FALSE,FALSE
"Tmem175","Tmem175",3,0.844512038203846,1,"NM_001163531",-0.168243765448324,0.844512038203846,0.97915426672224,TRUE,TRUE,TRUE,"Forebrain + Hindbrain + Midbrain",FALSE,FALSE
"Pram1","Pram1",2,0.844940794148891,1,"NM_001002842",-0.453129569768299,0.844940794148891,0.97915426672224,NA,NA,NA,NA,FALSE,FALSE
"Ccdc166","Ccdc166",2,0.84528892276688,1,"NM_001163518",-0.832104323361421,0.84528892276688,0.97915426672224,TRUE,TRUE,FALSE,"Forebrain + Hindbrain",FALSE,FALSE
"Snapc4","Snapc4",2,0.845917514766284,1,"NM_172339",-0.222171880386942,0.845917514766284,0.979600425320565,TRUE,TRUE,TRUE,"Forebrain + Hindbrain + Midbrain",FALSE,FALSE
"Map4k2","Map4k2",3,0.846057722273937,1,"NM_001291787",-0.313624576231031,0.846057722273937,0.97966119865154,FALSE,FALSE,TRUE,"Midbrain only",FALSE,FALSE
"Cyb561d1","Cyb561d1",2,0.846503663043629,1,"NM_028061",-1.28766960342868,0.846503663043629,0.979727555989344,NA,NA,NA,NA,FALSE,FALSE
"Zbtb3","Zbtb3",2,0.846769763800356,1,"NM_001098237",-0.837289745086498,0.846769763800356,0.979773682387066,TRUE,TRUE,TRUE,"Forebrain + Hindbrain + Midbrain",FALSE,FALSE
"Calcr","Calcr",2,0.847221084099266,1,"NM_007588",-0.36575035082196,0.847221084099266,0.980028911893653,NA,NA,NA,NA,FALSE,FALSE
"Syn3","Syn3",2,0.847733660465591,1,"NM_013722",-0.208821132952802,0.847733660465591,0.980028911893653,TRUE,TRUE,TRUE,"Forebrain + Hindbrain + Midbrain",FALSE,FALSE
"Pde6g","Pde6g",2,0.848756174959194,1,"NR_126089",-0.770476146095033,0.848756174959194,0.980028911893653,NA,NA,NA,NA,FALSE,FALSE
"Tnfaip3","Tnfaip3",2,0.84884560469511,1,"NM_009397",-0.768450509074546,0.84884560469511,0.980028911893653,NA,NA,NA,NA,FALSE,FALSE
"Racgap1","Racgap1",3,0.848867982609799,1,"NM_001253808",0.0787958308682443,0.848867982609799,0.980028911893653,NA,NA,NA,NA,FALSE,FALSE
"Arhgap19","Arhgap19",2,0.849426221661148,1,"NM_001163495",-0.538880499708036,0.849426221661148,0.980028911893653,NA,NA,NA,NA,FALSE,FALSE
"Gm15787","Gm15787",2,0.849721101953349,1,"NR_040430",-0.721303793800055,0.849721101953349,0.980028911893653,NA,NA,NA,NA,FALSE,FALSE
"Wbp1","Wbp1",3,0.849904023628292,1,"NM_001083922",0.0454281961593171,0.849904023628292,0.980028911893653,TRUE,TRUE,TRUE,"Forebrain + Hindbrain + Midbrain",FALSE,FALSE
"Spats2l","Spats2l",2,0.849952602197453,1,"NM_001164566",-0.0756076666217245,0.849952602197453,0.980028911893653,FALSE,FALSE,TRUE,"Midbrain only",FALSE,FALSE
"Astn1","Astn1",2,0.849994252217179,1,"NM_001205204",-0.565089673777265,0.849994252217179,0.980028911893653,TRUE,TRUE,FALSE,"Forebrain + Hindbrain",FALSE,FALSE
"1700028K03Rik","1700028K03Rik",2,0.85019805304656,1,"NM_175241",-0.231075579966373,0.85019805304656,0.980028911893653,NA,NA,NA,NA,FALSE,FALSE
"Fmn1","Fmn1",2,0.851027882298893,1,"NM_001285459",-0.152736930944586,0.851027882298893,0.980028911893653,NA,NA,NA,NA,FALSE,FALSE
"Cbln2","Cbln2",2,0.851173129211792,1,"NM_172633",-0.983586795729409,0.851173129211792,0.980028911893653,NA,NA,NA,NA,FALSE,FALSE
"Akt2","Akt2",2,0.852345159783428,1,"NM_007434",-0.0681154322784889,0.852345159783428,0.980777799680631,NA,NA,NA,NA,FALSE,FALSE
"Kcnh1","Kcnh1",2,0.853072431901693,1,"NM_010600",-0.49281020112992,0.853072431901693,0.981092020745348,NA,NA,NA,NA,FALSE,FALSE
"Slc25a22","Slc25a22",2,0.8546720963433,1,"NM_026646",-0.0967789534366974,0.8546720963433,0.9814287732346,FALSE,FALSE,TRUE,"Midbrain only",FALSE,FALSE
"Tctex1d1","Tctex1d1",2,0.854822633017704,1,"NM_001163768",-0.827251418338769,0.854822633017704,0.9814287732346,NA,NA,NA,NA,FALSE,FALSE
"Kansl1l","Kansl1l",2,0.854985204964656,1,"NM_177645",-0.108099925489332,0.854985204964656,0.9814287732346,NA,NA,NA,NA,FALSE,FALSE
"Zfp14","Zfp14",2,0.855329415867052,1,"NM_178733",-0.173017826932179,0.855329415867052,0.981554164812314,TRUE,TRUE,TRUE,"Forebrain + Hindbrain + Midbrain",FALSE,FALSE
"Il11","Il11",2,0.85677113122184,1,"NM_008350",-0.898452884975735,0.85677113122184,0.98208417759042,NA,NA,NA,NA,FALSE,FALSE
"Fam173a","Fam173a",3,0.857353807951539,1,"NM_001285982",1.26948484844425,0.857353807951539,0.98208417759042,TRUE,TRUE,TRUE,"Forebrain + Hindbrain + Midbrain",FALSE,FALSE
"Mfap2","Mfap2",2,0.858681321973469,1,"NM_008546",-0.533831769451912,0.858681321973469,0.982455126640084,NA,NA,NA,NA,FALSE,FALSE
"Ppp1r8","Ppp1r8",2,0.858820019423856,1,"NM_001290725",-0.108715181517668,0.858820019423856,0.982455126640084,NA,NA,NA,NA,FALSE,FALSE
"4933412E12Rik","4933412E12Rik",2,0.858969417804162,1,"NR_038025",-0.157937069519669,0.858969417804162,0.982455126640084,FALSE,FALSE,TRUE,"Midbrain only",FALSE,FALSE
"Xrcc6bp1","Xrcc6bp1",2,0.859159242912451,1,"NM_026858",-0.125960686198057,0.859159242912451,0.982455126640084,TRUE,TRUE,TRUE,"Forebrain + Hindbrain + Midbrain",FALSE,FALSE
"Ifitm1","Ifitm1",2,0.859912679999576,1,"NM_001112715",-1.3325674663727,0.859912679999576,0.98307601178384,TRUE,TRUE,FALSE,"Forebrain + Hindbrain",FALSE,FALSE
"Tmx2","Tmx2",2,0.860379077088603,1,"NM_001290751",-0.0431454791875719,0.860379077088603,0.983106940427074,NA,NA,NA,NA,FALSE,FALSE
"Lipe","Lipe",2,0.860465630954386,1,"NM_010719",-0.233128949502226,0.860465630954386,0.983106940427074,TRUE,TRUE,FALSE,"Forebrain + Hindbrain",FALSE,FALSE
"Ccdc85a","Ccdc85a",2,0.860577080266877,1,"NM_001166661",-0.297413625113867,0.860577080266877,0.983106940427074,TRUE,TRUE,TRUE,"Forebrain + Hindbrain + Midbrain",FALSE,FALSE
"Crabp1","Crabp1",2,0.860779888469489,1,"NM_001284507",-0.532026017652981,0.860779888469489,0.983156592346676,NA,NA,NA,NA,FALSE,FALSE
"Triqk","Triqk",2,0.861717188104263,1,"NM_173746",-0.0969677899520895,0.861717188104263,0.983755390568162,NA,NA,NA,NA,FALSE,FALSE
"Gm14288","Gm14288",3,0.861941018531613,1,"NM_001033123_2",5.08369008888091,0.861941018531613,0.983755390568162,TRUE,TRUE,TRUE,"Forebrain + Hindbrain + Midbrain",FALSE,FALSE
"Tk1","Tk1",2,0.861971791175486,1,"NM_009387",-0.161684863870424,0.861971791175486,0.983755390568162,NA,NA,NA,NA,FALSE,FALSE
"Runx1","Runx1",2,0.862029545219122,1,"NM_001111023",-0.444101135826161,0.862029545219122,0.983755390568162,NA,NA,NA,NA,FALSE,FALSE
"Ins2","Ins2",2,0.862136488109138,1,"NM_001185083",-1.37405321174756,0.862136488109138,0.983755390568162,FALSE,FALSE,TRUE,"Midbrain only",FALSE,FALSE
"A730056A06Rik","A730056A06Rik",2,0.862728709717748,1,"NR_040325",-0.255286633889515,0.862728709717748,0.983786248332879,TRUE,TRUE,TRUE,"Forebrain + Hindbrain + Midbrain",FALSE,FALSE
"AV039307","AV039307",2,0.863264985678113,1,"NR_038349",-0.475793251539691,0.863264985678113,0.983840843191179,NA,NA,NA,NA,FALSE,FALSE
"Nod1","Nod1",2,0.863847561757683,1,"NM_001171007",-0.500764797655812,0.863847561757683,0.983840843191179,NA,NA,NA,NA,FALSE,FALSE
"Csrp2bp","Csrp2bp",2,0.863948427091522,1,"NM_001166640",-0.238314388433415,0.863948427091522,0.983840843191179,FALSE,FALSE,TRUE,"Midbrain only",FALSE,FALSE
"Usp33","Usp33",3,0.864248456070695,1,"NM_001076676",-0.50676066932025,0.864248456070695,0.983840843191179,TRUE,TRUE,TRUE,"Forebrain + Hindbrain + Midbrain",FALSE,FALSE
"Atxn7l1","Atxn7l1",2,0.864271301416722,1,"NM_028139",-0.0633814100238406,0.864271301416722,0.983840843191179,TRUE,TRUE,TRUE,"Forebrain + Hindbrain + Midbrain",FALSE,FALSE
"Rhbdf1","Rhbdf1",2,0.865204434288345,1,"NM_010117",-0.287047082794919,0.865204434288345,0.98399163492495,NA,NA,NA,NA,FALSE,FALSE
"Nrip2","Nrip2",2,0.865252610641299,1,"NM_021717",-0.676921361497813,0.865252610641299,0.98399163492495,NA,NA,NA,NA,FALSE,FALSE
"Tmem70","Tmem70",2,0.865539642832609,1,"NM_026392",-0.0749461154155042,0.865539642832609,0.984038989548037,NA,NA,NA,NA,FALSE,FALSE
"Arhgap8","Arhgap8",3,0.866075140165319,1,"NM_028455",-1.0455283497635,0.866075140165319,0.98419442210517,TRUE,TRUE,FALSE,"Forebrain + Hindbrain",FALSE,FALSE
"Mcfd2","Mcfd2",2,0.866246801873129,1,"NM_139295",-0.0654660198571717,0.866246801873129,0.98429885222048,NA,NA,NA,NA,FALSE,FALSE
"Crocc","Crocc",2,0.86670451487441,1,"NM_001145958",-0.116500878734601,0.86670451487441,0.984456343294387,NA,NA,NA,NA,FALSE,FALSE
"Abcf2","Abcf2",2,0.867304165289735,1,"NM_013853",-0.103485220609403,0.867304165289735,0.984592348484253,NA,NA,NA,NA,FALSE,FALSE
"Tulp4","Tulp4",2,0.868036631345582,1,"NM_054040",-0.0821436079858745,0.868036631345582,0.984592348484253,TRUE,TRUE,TRUE,"Forebrain + Hindbrain + Midbrain",FALSE,FALSE
"Dapk1","Dapk1",3,0.868851626134116,1,"NM_029653",0.0965113826565385,0.868851626134116,0.984592348484253,TRUE,TRUE,TRUE,"Forebrain + Hindbrain + Midbrain",FALSE,FALSE
"Znrf3","Znrf3",2,0.869138117850397,1,"NM_001080924",-0.086587048283335,0.869138117850397,0.984592348484253,NA,NA,NA,NA,FALSE,FALSE
"Dlgap2","Dlgap2",2,0.869584087355202,1,"NM_001145965",-0.765481975547072,0.869584087355202,0.984592348484253,NA,NA,NA,NA,FALSE,FALSE
"Agap2","Agap2",2,0.869837191670424,1,"NM_001033263",-1.02070057658327,0.869837191670424,0.984592348484253,NA,NA,NA,NA,FALSE,FALSE
"Rhno1","Rhno1",2,0.869954089222964,1,"NR_027360",-0.0208989100683525,0.869954089222964,0.984592348484253,FALSE,FALSE,TRUE,"Midbrain only",FALSE,FALSE
"Alas2","Alas2",2,0.870015799665502,1,"NM_001102446",-0.0631712399299615,0.870015799665502,0.984592348484253,NA,NA,NA,NA,FALSE,FALSE
"Rasgrp3","Rasgrp3",2,0.87182617653728,1,"NM_001166493",-0.0699442794221685,0.87182617653728,0.985532513702514,NA,NA,NA,NA,FALSE,FALSE
"Ap4b1","Ap4b1",2,0.871964666499517,1,"NM_026193",-0.25110684069108,0.871964666499517,0.985532513702514,NA,NA,NA,NA,FALSE,FALSE
"Lrtm2","Lrtm2",2,0.872219222909849,1,"NM_172492",-1.05770489650756,0.872219222909849,0.985639671310214,TRUE,TRUE,FALSE,"Forebrain + Hindbrain",FALSE,FALSE
"Dpm1","Dpm1",2,0.873710689062194,1,"NM_001310084",-0.305790965503761,0.873710689062194,0.986223854479892,FALSE,FALSE,TRUE,"Midbrain only",FALSE,FALSE
"Grin1","Grin1",3,0.874863106787885,1,"NM_001177656",0.697259479131446,0.874863106787885,0.986878675261796,TRUE,TRUE,TRUE,"Forebrain + Hindbrain + Midbrain",FALSE,FALSE
"Faim2","Faim2",2,0.874969162808936,1,"NM_028224",-0.346625693564627,0.874969162808936,0.986878675261796,FALSE,FALSE,TRUE,"Midbrain only",FALSE,FALSE
"Elmod2","Elmod2",2,0.8756865718353,1,"NM_178736",-0.494758011777856,0.8756865718353,0.987161121162296,NA,NA,NA,NA,FALSE,FALSE
"1700001C19Rik","1700001C19Rik",2,0.876728383205702,1,"NM_001172091",-0.510755268692683,0.876728383205702,0.98774311947425,NA,NA,NA,NA,FALSE,FALSE
"Slitrk2","Slitrk2",2,0.876862499399976,1,"NM_001161431",-0.509505383512187,0.876862499399976,0.98774311947425,NA,NA,NA,NA,FALSE,FALSE
"Kantr","Kantr",2,0.877331751399925,1,"NR_040270",-0.196474542997797,0.877331751399925,0.988069162387065,TRUE,TRUE,TRUE,"Forebrain + Hindbrain + Midbrain",FALSE,FALSE
"Mgrn1","Mgrn1",2,0.878227224336588,1,"NM_029657",-0.0578409901426507,0.878227224336588,0.988232301084517,NA,NA,NA,NA,FALSE,FALSE
"Ppp4r1","Ppp4r1",2,0.878288885351278,1,"NM_146081",-0.0477445614833315,0.878288885351278,0.988232301084517,TRUE,TRUE,FALSE,"Forebrain + Hindbrain",FALSE,FALSE
"Mecp2","Mecp2",2,0.878707159650104,1,"NM_010788",-0.129981322929221,0.878707159650104,0.988232301084517,NA,NA,NA,NA,FALSE,FALSE
"Tph1","Tph1",2,0.87883841799318,1,"NM_001276372",-0.354957929437138,0.87883841799318,0.988232301084517,NA,NA,NA,NA,FALSE,FALSE
"Chac2","Chac2",2,0.879160556193597,1,"NM_001290667",-0.141537053641623,0.879160556193597,0.988312943911305,TRUE,TRUE,FALSE,"Forebrain + Hindbrain",FALSE,FALSE
"Fam198a","Fam198a",2,0.87941108028022,1,"NM_177743",-0.135562969633824,0.87941108028022,0.988312943911305,NA,NA,NA,NA,FALSE,FALSE
"Gbp7","Gbp7",2,0.879550465967095,1,"NM_145545",-0.876241357969793,0.879550465967095,0.988312943911305,NA,NA,NA,NA,FALSE,FALSE
"Cd83","Cd83",2,0.879719530154426,1,"NM_009856",-0.172993736017882,0.879719530154426,0.988374904020496,TRUE,TRUE,TRUE,"Forebrain + Hindbrain + Midbrain",FALSE,FALSE
"Syvn1","Syvn1",2,0.880042118253555,1,"NM_001164709",-0.10996100968472,0.880042118253555,0.988471686457251,TRUE,TRUE,TRUE,"Forebrain + Hindbrain + Midbrain",FALSE,FALSE
"Rfx4","Rfx4",2,0.880105009673423,1,"NM_001024918",-1.39668317342134,0.880105009673423,0.988471686457251,TRUE,TRUE,FALSE,"Forebrain + Hindbrain",FALSE,FALSE
"Pmm1","Pmm1",2,0.880253321103465,1,"NM_013872",-0.115733301336792,0.880253321103465,0.988471686457251,NA,NA,NA,NA,FALSE,FALSE
"Zbtb44","Zbtb44",2,0.881528036200417,1,"NM_001115130",-0.36665348091949,0.881528036200417,0.988635984190807,NA,NA,NA,NA,FALSE,FALSE
"Gpatch4","Gpatch4",3,0.881725379640391,1,"NM_025663",0.132484107760368,0.881725379640391,0.988635984190807,NA,NA,NA,NA,FALSE,FALSE
"Gja3","Gja3",2,0.882255021970502,1,"NM_001271623",-0.2166198724611,0.882255021970502,0.988635984190807,NA,NA,NA,NA,FALSE,FALSE
"Gm3264","Gm3264",2,0.882369341596088,1,"NM_001242945",-0.281163787172908,0.882369341596088,0.988635984190807,NA,NA,NA,NA,FALSE,FALSE
"Nono","Nono",2,0.882965664211115,1,"NM_001252518",-0.0447929925415733,0.882965664211115,0.988635984190807,NA,NA,NA,NA,FALSE,FALSE
"Hagh","Hagh",2,0.883017268493927,1,"NM_024284",-0.383200109657649,0.883017268493927,0.988635984190807,NA,NA,NA,NA,FALSE,FALSE
"Ndst3","Ndst3",2,0.883566233138731,1,"NR_121616",-0.240785092672677,0.883566233138731,0.988635984190807,NA,NA,NA,NA,FALSE,FALSE
"Casz1","Casz1",2,0.883719246395689,1,"NM_027195",-0.095185731291898,0.883719246395689,0.988635984190807,NA,NA,NA,NA,FALSE,FALSE
"Crbn","Crbn",2,0.88403299960662,1,"NM_175357",-0.0624559382848546,0.88403299960662,0.988635984190807,FALSE,FALSE,TRUE,"Midbrain only",FALSE,FALSE
"Synj2bp","Synj2bp",4,0.884211673014673,1,"NM_001309814",-0.0791438355823488,0.884211673014673,0.988635984190807,NA,NA,NA,NA,FALSE,FALSE
"9430078K24Rik","9430078K24Rik",3,0.884664471320847,1,"NR_131074",-0.526286853671114,0.884664471320847,0.988796185878094,NA,NA,NA,NA,FALSE,FALSE
"4930451G09Rik","4930451G09Rik",2,0.885644016852112,1,"NM_001271586",-0.148563188884924,0.885644016852112,0.988992780930027,TRUE,TRUE,FALSE,"Forebrain + Hindbrain",FALSE,FALSE
"Sema3a","Sema3a",2,0.885783599645922,1,"NM_009152",-0.0820925864369403,0.885783599645922,0.988992780930027,TRUE,TRUE,TRUE,"Forebrain + Hindbrain + Midbrain",FALSE,FALSE
"Ephb1","Ephb1",2,0.886087779279568,1,"NM_173447",-1.09567943103432,0.886087779279568,0.988992780930027,TRUE,TRUE,TRUE,"Forebrain + Hindbrain + Midbrain",FALSE,FALSE
"Tnni1","Tnni1",2,0.886581296863289,1,"NM_001112702",-1.45470957644163,0.886581296863289,0.988992780930027,TRUE,TRUE,FALSE,"Forebrain + Hindbrain",FALSE,FALSE
"Cdkn2c","Cdkn2c",2,0.886626439641933,1,"NM_001301368",-0.15974642414465,0.886626439641933,0.988992780930027,FALSE,FALSE,TRUE,"Midbrain only",FALSE,FALSE
"Gng4","Gng4",2,0.88680728189433,1,"NM_010317",-0.381627088217001,0.88680728189433,0.988992780930027,NA,NA,NA,NA,FALSE,FALSE
"Dusp15","Dusp15",2,0.886939667273218,1,"NM_001159376",-0.277735194524301,0.886939667273218,0.988992780930027,NA,NA,NA,NA,FALSE,FALSE
"Tal1","Tal1",2,0.887415657763794,1,"NM_001287388",-1.57295327415894,0.887415657763794,0.988992780930027,NA,NA,NA,NA,FALSE,FALSE
"Cfap53","Cfap53",2,0.8878368661689,1,"NM_028948",-0.342313838571073,0.8878368661689,0.988992780930027,NA,NA,NA,NA,FALSE,FALSE
"Ssmem1","Ssmem1",2,0.887851943457655,1,"NM_029373",-0.324993806566551,0.887851943457655,0.988992780930027,NA,NA,NA,NA,FALSE,FALSE
"Tceal8","Tceal8",2,0.888651068328074,1,"NM_001168578",-0.211295876772008,0.888651068328074,0.989582193693983,NA,NA,NA,NA,FALSE,FALSE
"Il4","Il4",2,0.88869934120881,1,"NM_021283",-0.587192371726984,0.88869934120881,0.989582193693983,NA,NA,NA,NA,FALSE,FALSE
"Zfp384","Zfp384",2,0.889274584071279,1,"NM_001252083",-0.0359476228803976,0.889274584071279,0.98964142011095,TRUE,TRUE,FALSE,"Forebrain + Hindbrain",FALSE,FALSE
"Cdh23","Cdh23",2,0.889361064547875,1,"NM_001252635",-0.583235739421251,0.889361064547875,0.98964142011095,NA,NA,NA,NA,FALSE,FALSE
"Snx27","Snx27",2,0.889630712667417,1,"NM_029721",-0.0357155754628683,0.889630712667417,0.98964142011095,TRUE,TRUE,TRUE,"Forebrain + Hindbrain + Midbrain",FALSE,FALSE
"Pknox1","Pknox1",2,0.890661587445468,1,"NR_027493",-0.0745596234730856,0.890661587445468,0.98964142011095,TRUE,TRUE,FALSE,"Forebrain + Hindbrain",FALSE,FALSE
"Cdc45","Cdc45",2,0.891070108799684,1,"NM_009862",-0.111326943964067,0.891070108799684,0.98964142011095,TRUE,TRUE,TRUE,"Forebrain + Hindbrain + Midbrain",FALSE,FALSE
"Suz12","Suz12",2,0.891711142023494,1,"NM_199196",-0.876852052216236,0.891711142023494,0.98964142011095,TRUE,TRUE,TRUE,"Forebrain + Hindbrain + Midbrain",FALSE,FALSE
"Mlf2","Mlf2",2,0.892641812226293,1,"NM_145385",-0.0364837729313887,0.892641812226293,0.98964142011095,NA,NA,NA,NA,FALSE,FALSE
"Ppp1r16b","Ppp1r16b",2,0.892938365082902,1,"NM_153089",-1.86798460441388,0.892938365082902,0.98964142011095,TRUE,FALSE,FALSE,"Forebrain only",FALSE,FALSE
"Sec24a","Sec24a",2,0.89316247025127,1,"NM_175255",-0.146676558387128,0.89316247025127,0.98964142011095,TRUE,TRUE,TRUE,"Forebrain + Hindbrain + Midbrain",FALSE,FALSE
"Shmt2","Shmt2",2,0.893383525690992,1,"NM_028230",-0.0363034869788842,0.893383525690992,0.98964142011095,NA,NA,NA,NA,FALSE,FALSE
"Hsd3b3","Hsd3b3",2,0.896104825611907,1,"NM_001161742",-0.504542269197033,0.896104825611907,0.990753818736321,NA,NA,NA,NA,FALSE,FALSE
"Jdp2","Jdp2",2,0.896490742885635,1,"NM_001205052",-0.364147522715222,0.896490742885635,0.990753818736321,NA,NA,NA,NA,FALSE,FALSE
"Cbfa2t2","Cbfa2t2",2,0.896736603697981,1,"NM_172860",-0.135813777421929,0.896736603697981,0.990753818736321,TRUE,TRUE,FALSE,"Forebrain + Hindbrain",FALSE,FALSE
"Cdk13","Cdk13",2,0.896788322287652,1,"NM_027118",-0.10883718395478,0.896788322287652,0.990753818736321,NA,NA,NA,NA,FALSE,FALSE
"Carm1","Carm1",2,0.896906381679331,1,"NM_153141",-0.285536740350251,0.896906381679331,0.990753818736321,TRUE,TRUE,TRUE,"Forebrain + Hindbrain + Midbrain",FALSE,FALSE
"Kat2b","Kat2b",2,0.897440503748508,1,"NM_001190846",-0.0497981420841155,0.897440503748508,0.991055556217824,NA,NA,NA,NA,FALSE,FALSE
"Atxn7l2","Atxn7l2",2,0.898360801894026,1,"NM_175183",-0.0857450011186311,0.898360801894026,0.991551663680767,TRUE,TRUE,TRUE,"Forebrain + Hindbrain + Midbrain",FALSE,FALSE
"Trp53inp1","Trp53inp1",2,0.898715293137129,1,"NM_001199105",-0.0953336406925078,0.898715293137129,0.991551663680767,TRUE,TRUE,TRUE,"Forebrain + Hindbrain + Midbrain",FALSE,FALSE
"Orc2","Orc2",3,0.89877912431921,1,"NM_001025378",-0.292533569486826,0.89877912431921,0.991551663680767,NA,NA,NA,NA,FALSE,FALSE
"Gorasp2","Gorasp2",2,0.898805643967847,1,"NM_027352",-0.0802538561852684,0.898805643967847,0.991551663680767,NA,NA,NA,NA,FALSE,FALSE
"Maml2","Maml2",2,0.899178908172986,1,"NM_001013813",-0.0411613259541277,0.899178908172986,0.99176508105601,FALSE,FALSE,TRUE,"Midbrain only",FALSE,FALSE
"Arhgap44","Arhgap44",2,0.899279933596821,1,"NM_175003",-0.468167158257784,0.899279933596821,0.991787861344604,TRUE,TRUE,TRUE,"Forebrain + Hindbrain + Midbrain",FALSE,FALSE
"Mtl5","Mtl5",2,0.899540735499739,1,"NM_001039657",-0.162993433616812,0.899540735499739,0.99179869154343,NA,NA,NA,NA,FALSE,FALSE
"Pklr","Pklr",2,0.900607771529042,1,"NM_001099779",-0.28687571240508,0.900607771529042,0.99179869154343,NA,NA,NA,NA,FALSE,FALSE
"Stk40","Stk40",2,0.900816671613055,1,"NM_028800",-0.102950671411468,0.900816671613055,0.99179869154343,NA,NA,NA,NA,FALSE,FALSE
"Cpsf1","Cpsf1",2,0.900861013057438,1,"NM_053193",-0.198973277599145,0.900861013057438,0.99179869154343,NA,NA,NA,NA,FALSE,FALSE
"Hmox2","Hmox2",2,0.901056829461591,1,"NM_001136066",-0.196014997174098,0.901056829461591,0.99179869154343,NA,NA,NA,NA,FALSE,FALSE
"Kif2c","Kif2c",2,0.901463455166235,1,"NM_134471",-0.275856194847138,0.901463455166235,0.99193293286426,NA,NA,NA,NA,FALSE,FALSE
"Daw1","Daw1",2,0.901861962457896,1,"NM_027725",-0.216612072957196,0.901861962457896,0.991943691294748,NA,NA,NA,NA,FALSE,FALSE
"Gdpd2","Gdpd2",2,0.902049645508914,1,"NM_001305941",-0.185320656231645,0.902049645508914,0.991943691294748,TRUE,TRUE,TRUE,"Forebrain + Hindbrain + Midbrain",FALSE,FALSE
"Tinagl1","Tinagl1",2,0.902331852089987,1,"NM_023476",-0.273998698869387,0.902331852089987,0.991943691294748,FALSE,FALSE,TRUE,"Midbrain only",FALSE,FALSE
"Hba-a1","Hba-a1",2,0.903169295668649,1,"NM_008218",-0.048577665289645,0.903169295668649,0.991949572564174,TRUE,TRUE,TRUE,"Forebrain + Hindbrain + Midbrain",FALSE,FALSE
"Tapbp","Tapbp",2,0.903289804477775,1,"NM_001025313",-0.0705804746041845,0.903289804477775,0.991949572564174,NA,NA,NA,NA,FALSE,FALSE
"Vgll2","Vgll2",2,0.903751291192439,1,"NM_001300957",-0.612915931531931,0.903751291192439,0.991949572564174,NA,NA,NA,NA,FALSE,FALSE
"Agpat1","Agpat1",2,0.904669259191536,1,"NM_018862",-0.672445746779691,0.904669259191536,0.991949572564174,FALSE,FALSE,TRUE,"Midbrain only",FALSE,FALSE
"Disc1","Disc1",2,0.904738601909541,1,"NM_174854",-0.409363116936332,0.904738601909541,0.991949572564174,NA,NA,NA,NA,FALSE,FALSE
"Rab37","Rab37",2,0.904831631855895,1,"NM_001163753",-0.2449682584472,0.904831631855895,0.991949572564174,NA,NA,NA,NA,FALSE,FALSE
"Pld6","Pld6",3,0.905131235413035,1,"NR_110894",-0.415324528599577,0.905131235413035,0.991949572564174,NA,NA,NA,NA,FALSE,FALSE
"Pianp","Pianp",2,0.905360187630199,1,"NM_175696",-1.00990867302711,0.905360187630199,0.991949572564174,TRUE,TRUE,TRUE,"Forebrain + Hindbrain + Midbrain",FALSE,FALSE
"Sez6l","Sez6l",3,0.905418908540639,1,"NM_019982",0.482918629782028,0.905418908540639,0.991949572564174,TRUE,TRUE,FALSE,"Forebrain + Hindbrain",FALSE,FALSE
"Mro","Mro",2,0.90585716723261,1,"NM_001305882",-0.868817482619128,0.90585716723261,0.991949572564174,TRUE,TRUE,FALSE,"Forebrain + Hindbrain",FALSE,FALSE
"Bfsp1","Bfsp1",2,0.905881384497657,1,"NM_009751",-0.298622309704813,0.905881384497657,0.991949572564174,NA,NA,NA,NA,FALSE,FALSE
"Tap1","Tap1",2,0.905921132709533,1,"NM_013683",-0.378367467489316,0.905921132709533,0.991949572564174,NA,NA,NA,NA,FALSE,FALSE
"Lipa","Lipa",2,0.906706987825394,1,"NM_021460",-0.106436807745947,0.906706987825394,0.991949572564174,NA,NA,NA,NA,FALSE,FALSE
"1700003M07Rik","1700003M07Rik",2,0.907419534198649,1,"NR_040648",-0.23105548657326,0.907419534198649,0.991949572564174,NA,NA,NA,NA,FALSE,FALSE
"Dxo","Dxo",2,0.907754483131422,1,"NM_001163770",-0.0280156008186116,0.907754483131422,0.991949572564174,TRUE,TRUE,TRUE,"Forebrain + Hindbrain + Midbrain",FALSE,FALSE
"Rgs6","Rgs6",2,0.908005558046106,1,"NM_001282061",-0.15500483885334,0.908005558046106,0.991949572564174,NA,NA,NA,NA,FALSE,FALSE
"Tcp11","Tcp11",2,0.908339301293061,1,"NM_001085555",-0.487136935339991,0.908339301293061,0.991949572564174,NA,NA,NA,NA,FALSE,FALSE
"Rnf128","Rnf128",2,0.908500602031119,1,"NM_001254761",-0.160375730645283,0.908500602031119,0.991949572564174,NA,NA,NA,NA,FALSE,FALSE
"Etv6","Etv6",2,0.908579580439513,1,"NM_001303102",-0.138893310136989,0.908579580439513,0.991949572564174,FALSE,FALSE,TRUE,"Midbrain only",FALSE,FALSE
"Il33","Il33",2,0.908799763161966,1,"NM_133775",-0.430310339954243,0.908799763161966,0.991949572564174,NA,NA,NA,NA,FALSE,FALSE
"Gnl3l","Gnl3l",2,0.908898788348604,1,"NM_198110",-0.199324002902057,0.908898788348604,0.991949572564174,NA,NA,NA,NA,FALSE,FALSE
"Fam177a","Fam177a",2,0.909027542673505,1,"NM_028527_1",-0.00896657644424101,0.909027542673505,0.991949572564174,NA,NA,NA,NA,FALSE,FALSE
"Azin2","Azin2",2,0.909444134603228,1,"NM_001301841",-0.0799086985471495,0.909444134603228,0.991949572564174,NA,NA,NA,NA,FALSE,FALSE
"Ei24","Ei24",2,0.910256909651879,1,"NM_001199494",-0.0841516072148629,0.910256909651879,0.991976959316799,NA,NA,NA,NA,FALSE,FALSE
"P4ha2","P4ha2",2,0.910537660377618,1,"NM_011031",-0.0702490841940572,0.910537660377618,0.991976959316799,TRUE,TRUE,TRUE,"Forebrain + Hindbrain + Midbrain",FALSE,FALSE
"Acss3","Acss3",2,0.911323533114661,1,"NM_198636",-0.230198508979108,0.911323533114661,0.992057345399923,NA,NA,NA,NA,FALSE,FALSE
"Trim13","Trim13",2,0.911868958632214,1,"NM_023233",-0.0563418558962998,0.911868958632214,0.992057345399923,NA,NA,NA,NA,FALSE,FALSE
"Irx6","Irx6",2,0.912311441758546,1,"NM_022428",-0.157452681565609,0.912311441758546,0.992057345399923,NA,NA,NA,NA,FALSE,FALSE
"Gm7120","Gm7120",2,0.912954600464424,1,"NM_001177666",-0.292564915841207,0.912954600464424,0.99214969350339,NA,NA,NA,NA,FALSE,FALSE
"Fam183b","Fam183b",2,0.91424041949437,1,"NM_001162878",-0.779737006413871,0.91424041949437,0.992675425198881,FALSE,FALSE,TRUE,"Midbrain only",FALSE,FALSE
"Homer3","Homer3",2,0.914317318792324,1,"NM_001146153",-0.24434595244528,0.914317318792324,0.992675425198881,NA,NA,NA,NA,FALSE,FALSE
"Nudt17","Nudt17",2,0.915319097009618,1,"NM_030094",-0.0674706142937551,0.915319097009618,0.992883057058604,TRUE,TRUE,TRUE,"Forebrain + Hindbrain + Midbrain",FALSE,FALSE
"Eftud2","Eftud2",2,0.915799592812327,1,"NM_001109995",-0.0397468487425348,0.915799592812327,0.99289750086902,NA,NA,NA,NA,FALSE,FALSE
"Trim11","Trim11",2,0.916366068110218,1,"NM_001290988",-0.117797482602188,0.916366068110218,0.99289750086902,NA,NA,NA,NA,FALSE,FALSE
"Cnih2","Cnih2",2,0.91649029519918,1,"NM_001302333",-0.151744992605992,0.91649029519918,0.99289750086902,NA,NA,NA,NA,FALSE,FALSE
"Gng7","Gng7",2,0.917325730178441,1,"NM_010319",-0.149244939505931,0.917325730178441,0.99289750086902,TRUE,TRUE,TRUE,"Forebrain + Hindbrain + Midbrain",FALSE,FALSE
"Aak1","Aak1",2,0.917614182529108,1,"NM_177762",-0.0882589885819357,0.917614182529108,0.99289750086902,NA,NA,NA,NA,FALSE,FALSE
"Vmn2r29","Vmn2r29",2,0.917758660792589,1,"NM_001113468",-0.0603728222336959,0.917758660792589,0.99289750086902,NA,NA,NA,NA,FALSE,FALSE
"Stard13","Stard13",2,0.917808507747826,1,"NM_001163493",-0.196137828320947,0.917808507747826,0.99289750086902,NA,NA,NA,NA,FALSE,FALSE
"Efna5","Efna5",2,0.917841513155507,1,"NM_207654",-0.0559340956520649,0.917841513155507,0.99289750086902,TRUE,TRUE,TRUE,"Forebrain + Hindbrain + Midbrain",FALSE,FALSE
"Mill2","Mill2",2,0.918298905459006,1,"NM_153761",-0.298557462629721,0.918298905459006,0.99289750086902,NA,NA,NA,NA,FALSE,FALSE
"Ada","Ada",2,0.918300010690924,1,"NM_001272052",-0.154951575182753,0.918300010690924,0.99289750086902,TRUE,TRUE,TRUE,"Forebrain + Hindbrain + Midbrain",FALSE,FALSE
"Rgs7","Rgs7",2,0.91867054299802,1,"NM_001199003",-0.189241153507877,0.91867054299802,0.99289750086902,TRUE,TRUE,TRUE,"Forebrain + Hindbrain + Midbrain",FALSE,FALSE
"Etv3","Etv3",3,0.919385284468069,1,"NM_001083318",-0.134051570298004,0.919385284468069,0.99289750086902,NA,NA,NA,NA,FALSE,FALSE
"Irak2","Irak2",2,0.920983532489885,1,"NM_001113553",-0.495579694225688,0.920983532489885,0.99289750086902,NA,NA,NA,NA,FALSE,FALSE
"Rangap1","Rangap1",2,0.921520464497599,1,"NM_011241",-0.0554917993393247,0.921520464497599,0.99289750086902,NA,NA,NA,NA,FALSE,FALSE
"Atg4c","Atg4c",2,0.921606597509553,1,"NM_175029",-0.0410191625159155,0.921606597509553,0.99289750086902,TRUE,TRUE,TRUE,"Forebrain + Hindbrain + Midbrain",FALSE,FALSE
"Hist1h2ao","Hist1h2ao",2,0.921783075574214,1,"NM_001177544",-3.48605032800657,0.921783075574214,0.99289750086902,FALSE,FALSE,TRUE,"Midbrain only",FALSE,FALSE
"E2f6","E2f6",2,0.922722688628666,1,"NR_027677",-0.0444784904129437,0.922722688628666,0.99289750086902,TRUE,TRUE,TRUE,"Forebrain + Hindbrain + Midbrain",FALSE,FALSE
"Daxx","Daxx",2,0.922751047771891,1,"NM_007829",-0.0856567511031749,0.922751047771891,0.99289750086902,NA,NA,NA,NA,FALSE,FALSE
"Pknox2","Pknox2",2,0.923154791779423,1,"NM_001029838",-0.0987559150662624,0.923154791779423,0.99289750086902,TRUE,TRUE,TRUE,"Forebrain + Hindbrain + Midbrain",FALSE,FALSE
"2410004P03Rik","2410004P03Rik",2,0.923544462320405,1,"NM_001201332",-0.521792136819387,0.923544462320405,0.99289750086902,TRUE,TRUE,TRUE,"Forebrain + Hindbrain + Midbrain",FALSE,FALSE
"Ap3m2","Ap3m2",2,0.924122120290469,1,"NM_001122820",-0.191786663161767,0.924122120290469,0.99289750086902,FALSE,FALSE,TRUE,"Midbrain only",FALSE,FALSE
"Pml","Pml",2,0.924224028978893,1,"NM_008884",-0.0907801167247757,0.924224028978893,0.99289750086902,NA,NA,NA,NA,FALSE,FALSE
"Asb1","Asb1",2,0.924489915245406,1,"NM_001039126",-0.128674377598834,0.924489915245406,0.99289750086902,TRUE,TRUE,TRUE,"Forebrain + Hindbrain + Midbrain",FALSE,FALSE
"Zfp141","Zfp141",2,0.925098281119999,1,"NM_001309388",-0.363394125586489,0.925098281119999,0.99289750086902,TRUE,TRUE,TRUE,"Forebrain + Hindbrain + Midbrain",FALSE,FALSE
"Tcn2","Tcn2",2,0.925660135953692,1,"NM_001130458",-0.0479697267523586,0.925660135953692,0.99289750086902,TRUE,TRUE,TRUE,"Forebrain + Hindbrain + Midbrain",FALSE,FALSE
"Slc30a6","Slc30a6",2,0.92634820339763,1,"NM_144798",-0.19369105039281,0.92634820339763,0.99289750086902,NA,NA,NA,NA,FALSE,FALSE
"P2rx2","P2rx2",3,0.926352261739426,1,"NM_001164833",0.207975039330893,0.926352261739426,0.99289750086902,TRUE,TRUE,FALSE,"Forebrain + Hindbrain",FALSE,FALSE
"Sarm1","Sarm1",2,0.926868743967305,1,"NM_172795",-0.234414913183158,0.926868743967305,0.99289750086902,NA,NA,NA,NA,FALSE,FALSE
"AI837181","AI837181",2,0.927357083507156,1,"NM_001256515",-0.0437809234547168,0.927357083507156,0.99289750086902,FALSE,FALSE,TRUE,"Midbrain only",FALSE,FALSE
"Arl4a","Arl4a",2,0.927498949453058,1,"NM_001039515",-0.0392021956000435,0.927498949453058,0.99289750086902,TRUE,TRUE,TRUE,"Forebrain + Hindbrain + Midbrain",FALSE,FALSE
"Glra1","Glra1",2,0.927689248379904,1,"NM_020492",-0.866724963008945,0.927689248379904,0.99289750086902,TRUE,TRUE,FALSE,"Forebrain + Hindbrain",FALSE,FALSE
"Mrps36","Mrps36",2,0.928249722401043,1,"NM_001190264",-0.0215884487842253,0.928249722401043,0.99289750086902,NA,NA,NA,NA,FALSE,FALSE
"Dffa","Dffa",2,0.929176812267532,1,"NM_010044",-0.0177220955731226,0.929176812267532,0.993201637012943,TRUE,TRUE,TRUE,"Forebrain + Hindbrain + Midbrain",FALSE,FALSE
"Myh11","Myh11",2,0.929218163439097,1,"NM_013607",-0.151889343539509,0.929218163439097,0.993201637012943,NA,NA,NA,NA,FALSE,FALSE
"Morc2a","Morc2a",2,0.929253129483197,1,"NM_001159288",-0.0350242146895003,0.929253129483197,0.993201637012943,TRUE,TRUE,TRUE,"Forebrain + Hindbrain + Midbrain",FALSE,FALSE
"Il17rc","Il17rc",2,0.929895066065393,1,"NM_134159",-0.237126247759633,0.929895066065393,0.993201637012943,NA,NA,NA,NA,FALSE,FALSE
"Usp45","Usp45",2,0.931036956454404,1,"NM_001290425",-0.0824048918924603,0.931036956454404,0.993406598220273,TRUE,TRUE,FALSE,"Forebrain + Hindbrain",FALSE,FALSE
"Aifm2","Aifm2",3,0.931462435918733,1,"NM_001284300",0.0636551533548385,0.931462435918733,0.993406598220273,TRUE,TRUE,TRUE,"Forebrain + Hindbrain + Midbrain",FALSE,FALSE
"Hrh3","Hrh3",2,0.93188569143367,1,"NR_102309",-1.06933900880674,0.93188569143367,0.993406598220273,NA,NA,NA,NA,FALSE,FALSE
"Tcf7l1","Tcf7l1",2,0.932079611479548,1,"NM_009332",-0.0943766097302957,0.932079611479548,0.993406598220273,NA,NA,NA,NA,FALSE,FALSE
"Zfp182","Zfp182",2,0.933185574960422,1,"NM_001013387",-0.828660465308785,0.933185574960422,0.993423933505562,NA,NA,NA,NA,FALSE,FALSE
"Reps2","Reps2",2,0.93354181797522,1,"NM_001290633",-0.270503420149469,0.93354181797522,0.993423933505562,NA,NA,NA,NA,FALSE,FALSE
"Oaz2","Oaz2",2,0.933542373974205,1,"NM_010952",-0.032875212142242,0.933542373974205,0.993423933505562,NA,NA,NA,NA,FALSE,FALSE
"Zfand2a","Zfand2a",2,0.934105122808186,1,"NM_001159908",-0.0419776316621004,0.934105122808186,0.993608931596674,TRUE,TRUE,TRUE,"Forebrain + Hindbrain + Midbrain",FALSE,FALSE
"4930523C07Rik","4930523C07Rik",2,0.936369279892777,1,"NR_028111",-0.091463358582396,0.936369279892777,0.994913112034141,NA,NA,NA,NA,FALSE,FALSE
"Adrbk2","Adrbk2",2,0.936812217953099,1,"NM_001285806",-0.0610072631604934,0.936812217953099,0.995030364050718,NA,NA,NA,NA,FALSE,FALSE
"Adra1b","Adra1b",2,0.937391037087226,1,"NM_001284380",-0.197208023518007,0.937391037087226,0.995046205825473,NA,NA,NA,NA,FALSE,FALSE
"Zfx","Zfx",2,0.939299159184605,1,"NM_001044386",-0.0656170283323039,0.939299159184605,0.995166644521324,TRUE,FALSE,FALSE,"Forebrain only",FALSE,FALSE
"Txnrd3","Txnrd3",2,0.939646788049105,1,"NM_153162",-0.00837560762023207,0.939646788049105,0.995166644521324,NA,NA,NA,NA,FALSE,FALSE
"Fam208a","Fam208a",2,0.939668776838359,1,"NM_001114879",-0.0396681985617453,0.939668776838359,0.995166644521324,TRUE,TRUE,TRUE,"Forebrain + Hindbrain + Midbrain",FALSE,FALSE
"C430049B03Rik","C430049B03Rik",2,0.939753404990027,1,"NR_038184",-0.154858698915365,0.939753404990027,0.995166644521324,NA,NA,NA,NA,FALSE,FALSE
"Col9a1","Col9a1",2,0.939835275514781,1,"NM_001290691",-0.246811695394351,0.939835275514781,0.995166644521324,FALSE,FALSE,TRUE,"Midbrain only",FALSE,FALSE
"Stk16","Stk16",3,0.942099042778186,1,"NR_102731",-0.0337584260665036,0.942099042778186,0.995845655977627,TRUE,TRUE,FALSE,"Forebrain + Hindbrain",FALSE,FALSE
"Cryaa","Cryaa",2,0.942630667246062,1,"NM_001278570",-0.446140867841503,0.942630667246062,0.995852837435223,NA,NA,NA,NA,FALSE,FALSE
"Gtf3c5","Gtf3c5",2,0.943370698658616,1,"NM_001290484",-0.0534940470428593,0.943370698658616,0.995852837435223,NA,NA,NA,NA,FALSE,FALSE
"Ccbl2","Ccbl2",2,0.943977346524039,1,"NM_001293560",-0.202746418117588,0.943977346524039,0.995852837435223,TRUE,TRUE,TRUE,"Forebrain + Hindbrain + Midbrain",FALSE,FALSE
"Phf14","Phf14",2,0.944533815250379,1,"NM_001168382",-0.0298333342870096,0.944533815250379,0.995852837435223,NA,NA,NA,NA,FALSE,FALSE
"Evi2a","Evi2a",2,0.944666999576768,1,"NM_010161",-0.05895097054312,0.944666999576768,0.995852837435223,TRUE,TRUE,TRUE,"Forebrain + Hindbrain + Midbrain",FALSE,FALSE
"Gjb3","Gjb3",2,0.94468827512291,1,"NM_001160012",-0.302621353528902,0.94468827512291,0.995852837435223,NA,NA,NA,NA,FALSE,FALSE
"Sass6","Sass6",2,0.944918485894126,1,"NM_028349",-0.138687309475252,0.944918485894126,0.995885848530968,NA,NA,NA,NA,FALSE,FALSE
"Zfp277","Zfp277",2,0.945042405696729,1,"NM_178845",-0.0223551969140188,0.945042405696729,0.995885848530968,NA,NA,NA,NA,FALSE,FALSE
"Sun3","Sun3",2,0.945603657553514,1,"NM_177576",-0.171577490749564,0.945603657553514,0.99622207241615,NA,NA,NA,NA,FALSE,FALSE
"Tmc6","Tmc6",2,0.945779492385284,1,"NM_145439",-0.102736127175604,0.945779492385284,0.996239045169148,TRUE,TRUE,FALSE,"Forebrain + Hindbrain",FALSE,FALSE
"Tmem194","Tmem194",2,0.946293863537625,1,"NM_001113211",-0.0265690675153669,0.946293863537625,0.996412107258324,TRUE,TRUE,TRUE,"Forebrain + Hindbrain + Midbrain",FALSE,FALSE
"Hhipl2","Hhipl2",2,0.94710865088925,1,"NM_030175",-0.136545103345968,0.94710865088925,0.996511323207006,NA,NA,NA,NA,FALSE,FALSE
"Dusp27","Dusp27",2,0.948303337246662,1,"NM_001033344",-0.25613430664189,0.948303337246662,0.996606384275075,NA,NA,NA,NA,FALSE,FALSE
"Oaz1","Oaz1",2,0.94859607453208,1,"NM_008753",-0.0265139688940557,0.94859607453208,0.996606384275075,NA,NA,NA,NA,FALSE,FALSE
"Srpx2","Srpx2",2,0.948903767230363,1,"NM_026838",-0.119750986871363,0.948903767230363,0.996606384275075,NA,NA,NA,NA,FALSE,FALSE
"Gab2","Gab2",2,0.949258981009987,1,"NM_010248",-0.0793243173928051,0.949258981009987,0.996606384275075,NA,NA,NA,NA,FALSE,FALSE
"Gigyf2","Gigyf2",2,0.949311158043685,1,"NM_146112",-0.0349973261842459,0.949311158043685,0.996606384275075,NA,NA,NA,NA,FALSE,FALSE
"Dad1","Dad1",2,0.94971354284988,1,"NM_010015",-0.0337184587092016,0.94971354284988,0.996606384275075,NA,NA,NA,NA,FALSE,FALSE
"Vrk2","Vrk2",2,0.950686953331046,1,"NM_027260",-0.130737809365801,0.950686953331046,0.996606384275075,NA,NA,NA,NA,FALSE,FALSE
"Ldhb","Ldhb",2,0.951446928173142,1,"NM_001302765",-0.0115338368439564,0.951446928173142,0.996606384275075,TRUE,TRUE,FALSE,"Forebrain + Hindbrain",FALSE,FALSE
"C030039L03Rik","C030039L03Rik",2,0.951851785620657,1,"NM_001112731",-0.108742614473813,0.951851785620657,0.996606384275075,NA,NA,NA,NA,FALSE,FALSE
"Grb10","Grb10",2,0.951903518220002,1,"NM_010345",-0.0687627213043935,0.951903518220002,0.996606384275075,NA,NA,NA,NA,FALSE,FALSE
"Ccdc85b","Ccdc85b",2,0.951936994195747,1,"NM_198616",-0.0596394011543588,0.951936994195747,0.996606384275075,NA,NA,NA,NA,FALSE,FALSE
"Iigp1","Iigp1",2,0.95202812658004,1,"NM_001146275",-0.0731227918842623,0.95202812658004,0.996606384275075,NA,NA,NA,NA,FALSE,FALSE
"Atp4a","Atp4a",2,0.952856992204237,1,"NM_018731",-0.183937561711117,0.952856992204237,0.996606384275075,NA,NA,NA,NA,FALSE,FALSE
"1700112J16Rik","1700112J16Rik",2,0.95325553443402,1,"NR_131043",-0.0756663399477976,0.95325553443402,0.996606384275075,NA,NA,NA,NA,FALSE,FALSE
"Tnfrsf23","Tnfrsf23",2,0.953485105913846,1,"NM_001308111",-0.184886894406549,0.953485105913846,0.996606384275075,NA,NA,NA,NA,FALSE,FALSE
"Sp110","Sp110",2,0.953507898162134,1,"NM_030194",-0.289762349574355,0.953507898162134,0.996606384275075,NA,NA,NA,NA,FALSE,FALSE
"Rbms2","Rbms2",2,0.953796485866611,1,"NM_001039080",-0.0401392070927292,0.953796485866611,0.996606384275075,FALSE,FALSE,TRUE,"Midbrain only",FALSE,FALSE
"Eya1","Eya1",2,0.953907686912577,1,"NM_010164",-0.032327893147259,0.953907686912577,0.996606384275075,NA,NA,NA,NA,FALSE,FALSE
"Ano10","Ano10",2,0.95423817704899,1,"NM_133979",-0.131343394454411,0.95423817704899,0.996606384275075,NA,NA,NA,NA,FALSE,FALSE
"Spire1","Spire1",2,0.954242459630704,1,"NM_194355",-0.0444218449763579,0.954242459630704,0.996606384275075,TRUE,TRUE,TRUE,"Forebrain + Hindbrain + Midbrain",FALSE,FALSE
"Nrxn1","Nrxn1",2,0.95440383126651,1,"NM_020252",-0.148721320247949,0.95440383126651,0.996606384275075,TRUE,TRUE,FALSE,"Forebrain + Hindbrain",FALSE,FALSE
"Kmt2b","Kmt2b",2,0.954935853059129,1,"NM_001290573",-0.114053363690985,0.954935853059129,0.996606384275075,NA,NA,NA,NA,FALSE,FALSE
"Mnda","Mnda",2,0.955472758506106,1,"NM_001033450",-0.11652612288346,0.955472758506106,0.996606384275075,NA,NA,NA,NA,FALSE,FALSE
"Ints8","Ints8",2,0.956209000313383,1,"NM_178112",-0.0231172541830151,0.956209000313383,0.996606384275075,NA,NA,NA,NA,FALSE,FALSE
"Slc30a4","Slc30a4",2,0.956283331522282,1,"NM_011774",-0.324677294948101,0.956283331522282,0.996606384275075,TRUE,TRUE,TRUE,"Forebrain + Hindbrain + Midbrain",FALSE,FALSE
"Zfp647","Zfp647",2,0.956491747486619,1,"NM_172817",-0.116735092576144,0.956491747486619,0.996606384275075,TRUE,TRUE,TRUE,"Forebrain + Hindbrain + Midbrain",FALSE,FALSE
"Cpeb2","Cpeb2",2,0.95668222685092,1,"NM_001177379",-0.0283449027757139,0.95668222685092,0.996606384275075,TRUE,TRUE,FALSE,"Forebrain + Hindbrain",FALSE,FALSE
"Pex1","Pex1",2,0.956874369991174,1,"NM_027777",-0.0617807498664376,0.956874369991174,0.996606384275075,NA,NA,NA,NA,FALSE,FALSE
"Tmem258","Tmem258",2,0.956903788594424,1,"NM_001163431",-0.0120156321257003,0.956903788594424,0.996606384275075,NA,NA,NA,NA,FALSE,FALSE
"Bsg","Bsg",2,0.957866021325253,1,"NM_009768",-0.0189169134285221,0.957866021325253,0.996606384275075,NA,NA,NA,NA,FALSE,FALSE
"Eml2","Eml2",2,0.958124036635342,1,"NM_028153",-0.145315373599867,0.958124036635342,0.996606384275075,NA,NA,NA,NA,FALSE,FALSE
"Fmr1nb","Fmr1nb",2,0.95925293538594,1,"NM_001166620",-0.181258122459687,0.95925293538594,0.996912588671785,NA,NA,NA,NA,FALSE,FALSE
"Sv2b","Sv2b",2,0.959468633110288,1,"NM_153579",-0.11186017980913,0.959468633110288,0.996912588671785,NA,NA,NA,NA,FALSE,FALSE
"Ubl7","Ubl7",2,0.959610400084033,1,"NM_001122873",-0.0275866371034922,0.959610400084033,0.996912588671785,NA,NA,NA,NA,FALSE,FALSE
"Haus2","Haus2",3,0.959815264505245,1,"NM_025475",0.0503355693254941,0.959815264505245,0.996912588671785,FALSE,FALSE,TRUE,"Midbrain only",FALSE,FALSE
"Tm6sf2","Tm6sf2",2,0.9611650404605,1,"NM_181540",-0.14411475569969,0.9611650404605,0.997351308457372,NA,NA,NA,NA,FALSE,FALSE
"Gm14685","Gm14685",2,0.96254815047191,1,"NM_001025383_1",-0.292139191331433,0.96254815047191,0.997512357801503,NA,NA,NA,NA,FALSE,FALSE
"Npy2r","Npy2r",2,0.962569325307018,1,"NM_001205099",-0.193819111264794,0.962569325307018,0.997512357801503,NA,NA,NA,NA,FALSE,FALSE
"Tmem106c","Tmem106c",2,0.963115402756243,1,"NM_001252153",-0.0201519405456123,0.963115402756243,0.997743458876374,FALSE,FALSE,TRUE,"Midbrain only",FALSE,FALSE
"Pabpc4","Pabpc4",2,0.965100406907802,1,"NM_130881",-0.151492747558214,0.965100406907802,0.998268149307819,TRUE,TRUE,TRUE,"Forebrain + Hindbrain + Midbrain",FALSE,FALSE
"Dach1","Dach1",2,0.96566050564627,1,"NM_007826",-0.0554892145242245,0.96566050564627,0.998473101849943,FALSE,FALSE,TRUE,"Midbrain only",FALSE,FALSE
"Aven","Aven",2,0.965882835194867,1,"NM_001165935",-0.141995462206575,0.965882835194867,0.998497560825475,FALSE,FALSE,TRUE,"Midbrain only",FALSE,FALSE
"Dact1","Dact1",2,0.965975458289896,1,"NM_021532",-0.015441161582719,0.965975458289896,0.998497560825475,NA,NA,NA,NA,FALSE,FALSE
"AU040320","AU040320",2,0.966189806526441,1,"NM_001035525",-0.0344371730522568,0.966189806526441,0.998497560825475,NA,NA,NA,NA,FALSE,FALSE
"Pi4k2b","Pi4k2b",2,0.966344946572006,1,"NM_025951",-0.10299021025291,0.966344946572006,0.998497560825475,NA,NA,NA,NA,FALSE,FALSE
"Haus8","Haus8",2,0.96703021246827,1,"NM_029621",-0.0256237271778823,0.96703021246827,0.998840949347824,NA,NA,NA,NA,FALSE,FALSE
"Lpin2","Lpin2",2,0.967586001893221,1,"NM_022882",-0.025885680084863,0.967586001893221,0.999247741514968,TRUE,TRUE,FALSE,"Forebrain + Hindbrain",FALSE,FALSE
"Yars2","Yars2",2,0.96816085504905,1,"NR_038046",-0.018897103505974,0.96816085504905,0.999364196730828,TRUE,TRUE,TRUE,"Forebrain + Hindbrain + Midbrain",FALSE,FALSE
"Abcc9","Abcc9",2,0.968237419716834,1,"NM_001310143",-0.205559969314117,0.968237419716834,0.999364196730828,NA,NA,NA,NA,FALSE,FALSE
"Usp44","Usp44",2,0.968247717503657,1,"NM_001206851",-0.0682179203358502,0.968247717503657,0.999364196730828,NA,NA,NA,NA,FALSE,FALSE
"Folh1","Folh1",2,0.968457961979251,1,"NM_016770",-0.208271299539448,0.968457961979251,0.999402874609175,NA,NA,NA,NA,FALSE,FALSE
"Crtam","Crtam",2,0.969717157467737,1,"NM_019465",-0.158277434579856,0.969717157467737,0.999715714394361,NA,NA,NA,NA,FALSE,FALSE
"Shisa7","Shisa7",2,0.972515430043976,1,"NM_172737",-0.229185268906004,0.972515430043976,0.999715714394361,FALSE,FALSE,TRUE,"Midbrain only",FALSE,FALSE
"4933409K07Rik","4933409K07Rik",2,0.972870948660027,1,"NR_033123_1",-0.0917173973778183,0.972870948660027,0.999715714394361,FALSE,FALSE,TRUE,"Midbrain only",FALSE,FALSE
"Ift43","Ift43",2,0.973591492696934,1,"NM_029601",-0.10050912657934,0.973591492696934,0.999715714394361,NA,NA,NA,NA,FALSE,FALSE
"Specc1l","Specc1l",2,0.973632453481186,1,"NM_001145826",-0.0570439905276126,0.973632453481186,0.999715714394361,NA,NA,NA,NA,FALSE,FALSE
"Zfp281","Zfp281",2,0.973753578476593,1,"NM_001160251",-0.0303077103746877,0.973753578476593,0.999715714394361,FALSE,FALSE,TRUE,"Midbrain only",FALSE,FALSE
"Nrxn2","Nrxn2",2,0.974278679681783,1,"NM_001205234",-0.063649018675084,0.974278679681783,0.999715714394361,TRUE,TRUE,TRUE,"Forebrain + Hindbrain + Midbrain",FALSE,FALSE
"Guk1","Guk1",2,0.975363343326197,1,"NM_001159410",-0.00766760406122916,0.975363343326197,0.999715714394361,TRUE,TRUE,TRUE,"Forebrain + Hindbrain + Midbrain",FALSE,FALSE
"Rab3a","Rab3a",2,0.9755158649433,1,"NM_009001",-0.00796038736605398,0.9755158649433,0.999715714394361,NA,NA,NA,NA,FALSE,FALSE
"Hck","Hck",2,0.975851981185336,1,"NM_010407",-0.111773025449414,0.975851981185336,0.999715714394361,FALSE,TRUE,TRUE,"Hindbrain + Midbrain",FALSE,FALSE
"Cep95","Cep95",2,0.97595416723331,1,"NM_177088",-0.0356543578981607,0.97595416723331,0.999715714394361,NA,NA,NA,NA,FALSE,FALSE
"Greb1","Greb1",2,0.976004122195503,1,"NM_001252071",-0.0963248149179921,0.976004122195503,0.999715714394361,NA,NA,NA,NA,FALSE,FALSE
"9330159M07Rik","9330159M07Rik",2,0.976193376939548,1,"NR_037982",-0.055481135176658,0.976193376939548,0.999715714394361,NA,NA,NA,NA,FALSE,FALSE
"Gm1604b","Gm1604b",2,0.976475915891947,1,"NM_001033442",-0.132192669466919,0.976475915891947,0.999715714394361,TRUE,FALSE,TRUE,"Forebrain + Midbrain",FALSE,FALSE
"Nxf2","Nxf2",2,0.976832124467705,1,"NM_001289735",-0.114792579348046,0.976832124467705,0.999715714394361,NA,NA,NA,NA,FALSE,FALSE
"Pitpnm2","Pitpnm2",2,0.976839359475091,1,"NM_011256",-0.0162133087617231,0.976839359475091,0.999715714394361,NA,NA,NA,NA,FALSE,FALSE
"Chid1","Chid1",2,0.977083371506224,1,"NM_001142681",-0.0349617739231407,0.977083371506224,0.999715714394361,NA,NA,NA,NA,FALSE,FALSE
"Rabgap1","Rabgap1",2,0.977510508803081,1,"NM_146121",-0.00990935256594105,0.977510508803081,0.999715714394361,NA,NA,NA,NA,FALSE,FALSE
"Gm16677","Gm16677",2,0.978406899775984,1,"NR_045091",-0.331443392888604,0.978406899775984,0.999715714394361,TRUE,TRUE,TRUE,"Forebrain + Hindbrain + Midbrain",FALSE,FALSE
"Ufd1l","Ufd1l",2,0.978438116332963,1,"NM_011672",-0.00942443572134033,0.978438116332963,0.999715714394361,TRUE,TRUE,TRUE,"Forebrain + Hindbrain + Midbrain",FALSE,FALSE
"Tbc1d25","Tbc1d25",2,0.97897180945486,1,"NM_001166437",-0.0124022863681666,0.97897180945486,0.999715714394361,NA,NA,NA,NA,FALSE,FALSE
"Zfp638","Zfp638",2,0.979018657670464,1,"NM_008717",-0.00824618758011619,0.979018657670464,0.999715714394361,TRUE,TRUE,TRUE,"Forebrain + Hindbrain + Midbrain",FALSE,FALSE
"Ccdc33","Ccdc33",2,0.979206563749008,1,"NM_001166282",-0.0668111849492618,0.979206563749008,0.999715714394361,NA,NA,NA,NA,FALSE,FALSE
"Tbc1d9","Tbc1d9",2,0.979744964656377,1,"NM_027758",-0.0515289958741267,0.979744964656377,0.999715714394361,TRUE,TRUE,TRUE,"Forebrain + Hindbrain + Midbrain",FALSE,FALSE
"Fyb","Fyb",2,0.979786041463009,1,"NM_011815",-0.0642618900465305,0.979786041463009,0.999715714394361,NA,NA,NA,NA,FALSE,FALSE
"Ubap1","Ubap1",2,0.980092748599992,1,"NM_001290454",-0.0359810882986977,0.980092748599992,0.999715714394361,TRUE,TRUE,TRUE,"Forebrain + Hindbrain + Midbrain",FALSE,FALSE
"Ammecr1l","Ammecr1l",2,0.980310873059642,1,"NM_153515",-0.0272346080015997,0.980310873059642,0.999715714394361,NA,NA,NA,NA,FALSE,FALSE
"Ggnbp1","Ggnbp1",2,0.980859379773478,1,"NM_027544",-0.0208544913485955,0.980859379773478,0.999715714394361,NA,NA,NA,NA,FALSE,FALSE
"Dtwd2","Dtwd2",2,0.981246609511311,1,"NM_001170960",-0.0606924951520773,0.981246609511311,0.999715714394361,TRUE,TRUE,TRUE,"Forebrain + Hindbrain + Midbrain",FALSE,FALSE
"Polr3gl","Polr3gl",2,0.981384733040713,1,"NM_001293701",-0.0295748327483378,0.981384733040713,0.999715714394361,TRUE,TRUE,TRUE,"Forebrain + Hindbrain + Midbrain",FALSE,FALSE
"Prkar1b","Prkar1b",2,0.981414064286844,1,"NM_008923",-0.0711456448227294,0.981414064286844,0.999715714394361,NA,NA,NA,NA,FALSE,FALSE
"Trappc8","Trappc8",2,0.98169242967934,1,"NM_029491",-0.0129161063867729,0.98169242967934,0.999715714394361,TRUE,TRUE,TRUE,"Forebrain + Hindbrain + Midbrain",FALSE,FALSE
"Ap2m1","Ap2m1",2,0.981872549146598,1,"NM_009679",-0.110208378056605,0.981872549146598,0.999715714394361,NA,NA,NA,NA,FALSE,FALSE
"Rbl2","Rbl2",2,0.982148975602455,1,"NM_001282001",-0.0608272560128151,0.982148975602455,0.999715714394361,NA,NA,NA,NA,FALSE,FALSE
"F8","F8",2,0.983477236226051,1,"NM_001161374",-0.0717803776180839,0.983477236226051,0.999715714394361,NA,NA,NA,NA,FALSE,FALSE
"Snx11","Snx11",2,0.983781890034125,1,"NM_028965",-0.0098572650538874,0.983781890034125,0.999715714394361,TRUE,TRUE,TRUE,"Forebrain + Hindbrain + Midbrain",FALSE,FALSE
"Itga9","Itga9",2,0.983821227838693,1,"NM_001113514",-0.0666441958303101,0.983821227838693,0.999715714394361,NA,NA,NA,NA,FALSE,FALSE
"Mb21d1","Mb21d1",2,0.9840769020019,1,"NM_173386",-0.0656993546527815,0.9840769020019,0.999715714394361,NA,NA,NA,NA,FALSE,FALSE
"Phf6","Phf6",2,0.984326517670264,1,"NM_001290546",-0.0449562963382091,0.984326517670264,0.999715714394361,NA,NA,NA,NA,FALSE,FALSE
"Oscar","Oscar",2,0.984575460079758,1,"NM_175632",-0.0481220880497528,0.984575460079758,0.999715714394361,NA,NA,NA,NA,FALSE,FALSE
"Rxrg","Rxrg",2,0.98523751234559,1,"NM_001159731",-0.0255246605959799,0.98523751234559,0.999715714394361,TRUE,TRUE,TRUE,"Forebrain + Hindbrain + Midbrain",FALSE,FALSE
"Mvk","Mvk",2,0.985438702754837,1,"NM_001306205",-0.00800156239963123,0.985438702754837,0.999715714394361,TRUE,TRUE,TRUE,"Forebrain + Hindbrain + Midbrain",FALSE,FALSE
"Reep3","Reep3",2,0.986396771521675,1,"NM_001204915",-0.0341225895735917,0.986396771521675,0.999715714394361,NA,NA,NA,NA,FALSE,FALSE
"Gramd4","Gramd4",2,0.986767269121027,1,"NM_001205353",-0.00581847470397287,0.986767269121027,0.999715714394361,TRUE,TRUE,TRUE,"Forebrain + Hindbrain + Midbrain",FALSE,FALSE
"Asb13","Asb13",2,0.986893058571641,1,"NM_001267724",-0.0210515892331125,0.986893058571641,0.999715714394361,NA,NA,NA,NA,FALSE,FALSE
"Hspa2","Hspa2",2,0.987243367739104,1,"NM_001002012",-0.018259222846003,0.987243367739104,0.999715714394361,TRUE,TRUE,TRUE,"Forebrain + Hindbrain + Midbrain",FALSE,FALSE
"Rad18","Rad18",2,0.987776441818644,1,"NM_001167730",-0.00441426939257561,0.987776441818644,0.999715714394361,NA,NA,NA,NA,FALSE,FALSE
"Pold4","Pold4",2,0.987876548531188,1,"NR_132280",-0.0164714249646498,0.987876548531188,0.999715714394361,TRUE,TRUE,TRUE,"Forebrain + Hindbrain + Midbrain",FALSE,FALSE
"Traf6","Traf6",2,0.988185500562479,1,"NM_001303273",-0.0115570677042248,0.988185500562479,0.999715714394361,FALSE,FALSE,TRUE,"Midbrain only",FALSE,FALSE
"Mx2","Mx2",2,0.988612689674814,1,"NR_003508",-0.036668226621067,0.988612689674814,0.999715714394361,NA,NA,NA,NA,FALSE,FALSE
"Rabgef1","Rabgef1",2,0.990190912150377,1,"NM_001199059",-0.00701142830688473,0.990190912150377,0.999715714394361,NA,NA,NA,NA,FALSE,FALSE
"Brap","Brap",2,0.991028360215879,1,"NM_028227",-0.0161549813887296,0.991028360215879,0.999715714394361,NA,NA,NA,NA,FALSE,FALSE
"Cdca2","Cdca2",2,0.991979438414241,1,"NM_001110162",-0.077202036594838,0.991979438414241,0.999715714394361,FALSE,FALSE,TRUE,"Midbrain only",FALSE,FALSE
"Zfp839","Zfp839",2,0.9920795744281,1,"NM_028365",-0.0129382313225811,0.9920795744281,0.999715714394361,NA,NA,NA,NA,FALSE,FALSE
"Bbs9","Bbs9",2,0.992218574654779,1,"NM_181316",-0.00535121637976083,0.992218574654779,0.999715714394361,NA,NA,NA,NA,FALSE,FALSE
"Cobll1","Cobll1",2,0.992432491299528,1,"NM_177025",-0.00649653006407347,0.992432491299528,0.999715714394361,NA,NA,NA,NA,FALSE,FALSE
"Epha10","Epha10",2,0.992624508820317,1,"NM_001256432",-0.0285643187348178,0.992624508820317,0.999715714394361,NA,NA,NA,NA,FALSE,FALSE
"P2ry1","P2ry1",2,0.992646328932339,1,"NM_001282016",-0.00715180026987304,0.992646328932339,0.999715714394361,NA,NA,NA,NA,FALSE,FALSE
"Taf6l","Taf6l",2,0.992736636965038,1,"NM_001177798",-0.00424535062822762,0.992736636965038,0.999715714394361,NA,NA,NA,NA,FALSE,FALSE
"Hook2","Hook2",2,0.993005171411907,1,"NM_133255",-0.00712380919294131,0.993005171411907,0.999715714394361,NA,NA,NA,NA,FALSE,FALSE
"Tmem218","Tmem218",2,0.993589863997951,1,"NM_025464",-0.00409446582443729,0.993589863997951,0.999715714394361,TRUE,TRUE,TRUE,"Forebrain + Hindbrain + Midbrain",FALSE,FALSE
"Zfp949","Zfp949",2,0.993770930297529,1,"NM_001142943",-0.00875309532331814,0.993770930297529,0.999715714394361,NA,NA,NA,NA,FALSE,FALSE
"Shoc2","Shoc2",2,0.994098552686333,1,"NM_019658",-0.0077123002105749,0.994098552686333,0.999715714394361,TRUE,TRUE,FALSE,"Forebrain + Hindbrain",FALSE,FALSE
"Dcdc2a","Dcdc2a",2,0.99414844258114,1,"NM_001195617",-0.0125731002638441,0.99414844258114,0.999715714394361,NA,NA,NA,NA,FALSE,FALSE
"Capn1","Capn1",2,0.995083389938749,1,"NM_001110504",-0.0152709558274962,0.995083389938749,0.999715714394361,TRUE,TRUE,FALSE,"Forebrain + Hindbrain",FALSE,FALSE
"Crlf2","Crlf2",2,0.996109316840318,1,"NM_016715",-0.00913444918396733,0.996109316840318,0.999715714394361,FALSE,FALSE,TRUE,"Midbrain only",FALSE,FALSE
"Dlg4","Dlg4",2,0.996261471101573,1,"NM_007864",-0.00731700162208404,0.996261471101573,0.999715714394361,TRUE,TRUE,FALSE,"Forebrain + Hindbrain",FALSE,FALSE
"Tmem230","Tmem230",2,0.996307081557281,1,"NM_027478",-0.00364027600450578,0.996307081557281,0.999715714394361,NA,NA,NA,NA,FALSE,FALSE
"Cyp2r1","Cyp2r1",2,0.996694238816327,1,"NR_110408",-0.00504280377963706,0.996694238816327,0.999715714394361,TRUE,TRUE,FALSE,"Forebrain + Hindbrain",FALSE,FALSE
"Cyba","Cyba",2,0.996835965880482,1,"NM_007806",-0.0010817641054035,0.996835965880482,0.999715714394361,NA,NA,NA,NA,FALSE,FALSE
"E230029C05Rik","E230029C05Rik",2,0.996889269799108,1,"NR_110364",-0.00415032847628094,0.996889269799108,0.999715714394361,NA,NA,NA,NA,FALSE,FALSE
"Tprkb","Tprkb",2,0.996924894877666,1,"NM_001170488",-0.00084689385244463,0.996924894877666,0.999715714394361,TRUE,TRUE,FALSE,"Forebrain + Hindbrain",FALSE,FALSE
"Rnf144b","Rnf144b",2,0.997136513112651,1,"NM_001170643",-0.00317616863589495,0.997136513112651,0.999715714394361,NA,NA,NA,NA,FALSE,FALSE
"Slc7a3","Slc7a3",2,0.997180013430706,1,"NM_007515",-0.00332740592438996,0.997180013430706,0.999715714394361,NA,NA,NA,NA,FALSE,FALSE
"Lonp2","Lonp2",2,0.997328659979093,1,"NM_001168591",-0.00122908973158675,0.997328659979093,0.999715714394361,TRUE,TRUE,TRUE,"Forebrain + Hindbrain + Midbrain",FALSE,FALSE
"Acer2","Acer2",2,0.997805882304937,1,"NM_001290541",-0.000276256929418572,0.997805882304937,0.999715714394361,FALSE,FALSE,TRUE,"Midbrain only",FALSE,FALSE
"Gm14005","Gm14005",2,0.997933992988292,1,"NR_028590",-0.000159425162310045,0.997933992988292,0.999715714394361,NA,NA,NA,NA,FALSE,FALSE
"Hist2h2aa2","Hist2h2aa2",2,0.998095709038002,1,"NM_178212_1",-5.66990488508787,0.998095709038002,0.999715714394361,TRUE,TRUE,TRUE,"Forebrain + Hindbrain + Midbrain",FALSE,FALSE
"Dynlt1c","Dynlt1c",2,1,1,"NM_001166630",NA,1,1,TRUE,TRUE,TRUE,"Forebrain + Hindbrain + Midbrain",TRUE,TRUE
"Gm13306","Gm13306",3,1,1,"NM_001199963",NA,1,1,TRUE,TRUE,TRUE,"Forebrain + Hindbrain + Midbrain",TRUE,TRUE
"Gm3448","Gm3448",2,1,1,"NM_001123367",NA,1,1,FALSE,TRUE,FALSE,"Hindbrain only",TRUE,TRUE
"Gm3488","Gm3488",2,1,1,"NM_001256885",NA,1,1,TRUE,TRUE,FALSE,"Forebrain + Hindbrain",TRUE,TRUE
"Hist1h2ap","Hist1h2ap",2,1,1,"NM_178185",NA,1,1,TRUE,TRUE,TRUE,"Forebrain + Hindbrain + Midbrain",TRUE,TRUE
"Hist1h2bp","Hist1h2bp",2,1,1,"NM_001290466",NA,1,1,FALSE,FALSE,TRUE,"Midbrain only",TRUE,TRUE
"Hist2h3c2","Hist2h3c2",2,1,1,"NM_054045",NA,1,1,FALSE,FALSE,TRUE,"Midbrain only",TRUE,TRUE
"Nkx2-2","Nkx2-2",2,1,1,"NM_001077632",NA,1,1,TRUE,TRUE,TRUE,"Forebrain + Hindbrain + Midbrain",TRUE,TRUE
"OTTMUSG00000016609","OTTMUSG00000016609",3,1,1,"NM_001100416",NA,1,1,TRUE,FALSE,TRUE,"Forebrain + Midbrain",TRUE,TRUE
"Otx2","Otx2",4,1,1,"NM_144841",NA,1,1,TRUE,TRUE,FALSE,"Forebrain + Hindbrain",TRUE,TRUE
"Pcp2","Pcp2",3,1,1,"NM_008790",NA,1,1,FALSE,FALSE,TRUE,"Midbrain only",TRUE,TRUE
"Plac9a","Plac9a",2,1,1,"NM_207229",NA,1,1,TRUE,TRUE,FALSE,"Forebrain + Hindbrain",TRUE,TRUE
"Vsx2","Vsx2",2,1,1,"NM_001301427",NA,1,1,TRUE,TRUE,FALSE,"Forebrain + Hindbrain",TRUE,TRUE
"1010001N08Rik","1010001N08Rik",2,1,1,"NR_105023",NA,1,1,NA,NA,NA,NA,TRUE,TRUE
"Wfdc6a","Wfdc6a",2,1,1,"NM_001177848",NA,1,1,NA,NA,NA,NA,TRUE,TRUE
"1700116B05Rik","1700116B05Rik",2,1,1,"NR_131005",NA,1,1,NA,NA,NA,NA,TRUE,TRUE
"LOC100861978","LOC100861978",2,1,1,"NM_001267702_2",NA,1,1,NA,NA,NA,NA,TRUE,TRUE
"2310002L09Rik","2310002L09Rik",2,1,1,"NM_027104",NA,1,1,NA,NA,NA,NA,TRUE,TRUE
"Arid3c","Arid3c",2,1,1,"NM_001017362",NA,1,1,NA,NA,NA,NA,TRUE,TRUE
"2310081J21Rik","2310081J21Rik",2,1,1,"NR_045474",NA,1,1,NA,NA,NA,NA,TRUE,TRUE
"Arx","Arx",2,1,1,"NM_001305940",NA,1,1,NA,NA,NA,NA,TRUE,TRUE
"4930557F10Rik","4930557F10Rik",2,1,1,"NR_126444",NA,1,1,NA,NA,NA,NA,TRUE,TRUE
"Mageb16","Mageb16",2,1,1,"NM_001113734",NA,1,1,NA,NA,NA,NA,TRUE,TRUE
"Duxbl3","Duxbl3",3,1,1,"NM_001177539",NA,1,1,NA,NA,NA,NA,TRUE,TRUE
"Gfi1b","Gfi1b",2,1,1,"NM_008114",NA,1,1,NA,NA,NA,NA,TRUE,TRUE
"AI182371","AI182371",2,1,1,"NM_001243103",NA,1,1,NA,NA,NA,NA,TRUE,TRUE
"Apoc2","Apoc2",2,1,1,"NM_001309795",NA,1,1,NA,NA,NA,NA,TRUE,TRUE
"LOC100862268","LOC100862268",2,1,1,"NR_105030",NA,1,1,NA,NA,NA,NA,TRUE,TRUE
"Hmga1-rs1","Hmga1-rs1",2,1,1,"NM_001166477",NA,1,1,NA,NA,NA,NA,TRUE,TRUE
"Spata19","Spata19",2,1,1,"NM_029299",NA,1,1,NA,NA,NA,NA,TRUE,TRUE
"Hoxa10","Hoxa10",2,1,1,"NM_008263",NA,1,1,NA,NA,NA,NA,TRUE,TRUE
"Ido1","Ido1",2,1,1,"NM_001293690",NA,1,1,NA,NA,NA,NA,TRUE,TRUE
"Gjb6","Gjb6",2,1,1,"NM_001271663",NA,1,1,NA,NA,NA,NA,TRUE,TRUE
"Bglap","Bglap",2,1,1,"NM_007541",NA,1,1,NA,NA,NA,NA,TRUE,TRUE
"Gm11681","Gm11681",2,1,1,"NR_126070",NA,1,1,NA,NA,NA,NA,TRUE,TRUE
"Bnipl","Bnipl",2,1,1,"NM_134253",NA,1,1,NA,NA,NA,NA,TRUE,TRUE
"Gm14430","Gm14430",5,1,1,"NM_001100415",NA,1,1,NA,NA,NA,NA,TRUE,TRUE
"Gm2002","Gm2002",2,1,1,"NM_001100596_3",NA,1,1,NA,NA,NA,NA,TRUE,TRUE
"Gm21586","Gm21586",2,1,1,"NM_001270432",NA,1,1,NA,NA,NA,NA,TRUE,TRUE
"C030018K13Rik","C030018K13Rik",2,1,1,"NR_045412",NA,1,1,NA,NA,NA,NA,TRUE,TRUE
"C2cd4c","C2cd4c",2,1,1,"NM_198614",NA,1,1,NA,NA,NA,NA,TRUE,TRUE
"Gm4070","Gm4070",3,1,1,"NM_001243039",NA,1,1,NA,NA,NA,NA,TRUE,TRUE
"Pde6c","Pde6c",2,1,1,"NM_001170959",NA,1,1,NA,NA,NA,NA,TRUE,TRUE
"Ccl21c","Ccl21c",2,1,1,"NM_023052",NA,1,1,NA,NA,NA,NA,TRUE,TRUE
"Rhox4a","Rhox4a",2,1,1,"NM_001039688",NA,1,1,NA,NA,NA,NA,TRUE,TRUE
"Cdh16","Cdh16",2,1,1,"NM_001252628",NA,1,1,NA,NA,NA,NA,TRUE,TRUE
"Hist1h2br","Hist1h2br",2,1,1,"NM_001110555",NA,1,1,NA,NA,NA,NA,TRUE,TRUE
"Hist2h2aa1","Hist2h2aa1",2,1,1,"NM_013549",NA,1,1,NA,NA,NA,NA,TRUE,TRUE
"Tmem8c","Tmem8c",2,1,1,"NM_001159602",NA,1,1,NA,NA,NA,NA,TRUE,TRUE
"Celrr","Celrr",2,1,1,"NR_038008",NA,1,1,NA,NA,NA,NA,TRUE,TRUE
"Hoxa9","Hoxa9",2,1,1,"NM_001277238",NA,1,1,NA,NA,NA,NA,TRUE,TRUE
"Il11ra2","Il11ra2",2,1,1,"NM_010550_1",NA,1,1,NA,NA,NA,NA,TRUE,TRUE
"Il13ra2","Il13ra2",2,1,1,"NM_008356",NA,1,1,NA,NA,NA,NA,TRUE,TRUE
"Cnfn","Cnfn",2,1,1,"NM_028219",NA,1,1,NA,NA,NA,NA,TRUE,TRUE
"Ptx4","Ptx4",2,1,1,"NM_001163416",NA,1,1,NA,NA,NA,NA,TRUE,TRUE
"Crxos","Crxos",2,1,1,"NM_001033638",NA,1,1,NA,NA,NA,NA,TRUE,TRUE
"Gm3417","Gm3417",2,1,1,"NM_001123368",NA,1,1,NA,NA,NA,NA,TRUE,TRUE
"Gm5089","Gm5089",2,1,1,"NR_033326",NA,1,1,NA,NA,NA,NA,TRUE,TRUE
"Kcns2","Kcns2",2,1,1,"NM_181317",NA,1,1,NA,NA,NA,NA,TRUE,TRUE
"Cyp4f14","Cyp4f14",2,1,1,"NM_001204334",NA,1,1,NA,NA,NA,NA,TRUE,TRUE
"D630013N20Rik","D630013N20Rik",2,1,1,"NR_045291",NA,1,1,NA,NA,NA,NA,TRUE,TRUE
"Hist2h3c1","Hist2h3c1",2,1,1,"NM_178216",NA,1,1,NA,NA,NA,NA,TRUE,TRUE
"Dnajc5b","Dnajc5b",2,1,1,"NM_001163536",NA,1,1,NA,NA,NA,NA,TRUE,TRUE
"Gm13278","Gm13278",2,1,1,"NM_001098841",NA,1,1,NA,NA,NA,NA,TRUE,TRUE
"Gm14434","Gm14434",3,1,1,"NM_001101804_1",NA,1,1,NA,NA,NA,NA,TRUE,TRUE
"Gm15850","Gm15850",3,1,1,"NR_046168",NA,1,1,NA,NA,NA,NA,TRUE,TRUE
"Gm2506","Gm2506",2,1,1,"NM_001199966_3",NA,1,1,NA,NA,NA,NA,TRUE,TRUE
"Gm3020","Gm3020",2,1,1,"NR_033117",NA,1,1,NA,NA,NA,NA,TRUE,TRUE
"Mobp","Mobp",2,1,1,"NM_001039365",NA,1,1,NA,NA,NA,NA,TRUE,TRUE
"Gm8898","Gm8898",3,1,1,"NM_001177407_1",NA,1,1,NA,NA,NA,NA,TRUE,TRUE
"Fam131b","Fam131b",2,1,1,"NM_001113327",NA,1,1,NA,NA,NA,NA,TRUE,TRUE
"Nppb","Nppb",2,1,1,"NM_008726",NA,1,1,NA,NA,NA,NA,TRUE,TRUE
"Plb1","Plb1",2,1,1,"NM_001081407",NA,1,1,NA,NA,NA,NA,TRUE,TRUE
"Hist1h2bq","Hist1h2bq",2,1,1,"NM_001097979",NA,1,1,NA,NA,NA,NA,TRUE,TRUE
"Gm13308","Gm13308",3,1,1,"NM_001177580_1",NA,1,1,NA,NA,NA,NA,TRUE,TRUE
"Il1rn","Il1rn",2,1,1,"NM_001159562",NA,1,1,NA,NA,NA,NA,TRUE,TRUE
"Gm14431","Gm14431",5,1,1,"NM_001177404_1",NA,1,1,NA,NA,NA,NA,TRUE,TRUE
"Them7","Them7",2,1,1,"NM_028747",NA,1,1,NA,NA,NA,NA,TRUE,TRUE
"Klk11","Klk11",2,1,1,"NM_001177373",NA,1,1,NA,NA,NA,NA,TRUE,TRUE
"Hes2","Hes2",2,1,1,"NM_008236",NA,1,1,NA,NA,NA,NA,TRUE,TRUE
