"isoform_id","gene_id","gene_name","region","start_stage","end_stage","n_stages","direction","max_abs_usage_difference","mean_abs_usage_difference","worst_pair_q","flanking_max_abs_difference","gene_q","replicate_separation","replicate_consistent","reciprocal_exchange"
"NM_001110228","Celf2","Celf2","Midbrain","15.5","15.5",1,"lower",0.68345,0.68345,7.83117866155334e-24,0.0437499999999998,2.00449894653278e-23,0.6795,TRUE,TRUE
"NM_001164790","Scg3","Scg3","Midbrain","15.5","15.5",1,"lower",0.605825,0.605825,2.69939487499784e-22,0.0609000000000001,1.97413602985781e-22,0.5955,TRUE,TRUE
"NM_009130","Scg3","Scg3","Midbrain","15.5","15.5",1,"higher",0.605825,0.605825,2.69939487499784e-22,0.0609000000000001,1.97413602985781e-22,0.5955,TRUE,TRUE
"NM_001290664","Sh3kbp1","Sh3kbp1","Midbrain","15.5","15.5",1,"higher",0.1664,0.1664,2.69939487499784e-22,0.0039,3.91880783465813e-22,0.1519,TRUE,TRUE
"NM_009722","Atp2a2","Atp2a2","Midbrain","15.5","15.5",1,"higher",0.913,0.913,2.82872071469213e-19,0.00245,3.72368754175323e-19,0.9054,TRUE,TRUE
"NM_001110830","Rbfox2","Rbfox2","Midbrain","15.5","15.5",1,"lower",0.359725,0.359725,7.21384071083892e-18,0.0310000000000001,2.15422984440092e-17,0.351,TRUE,FALSE
"NM_001253754","Gpm6a","Gpm6a","Midbrain","15.5","15.5",1,"higher",0.5719,0.5719,3.03609846176557e-17,0.0710499999999999,2.3877265329955e-17,0.5672,TRUE,TRUE
"NM_153581","Gpm6a","Gpm6a","Midbrain","15.5","15.5",1,"lower",0.5715,0.5715,3.03609846176557e-17,0.0703,2.3877265329955e-17,0.5668,TRUE,TRUE
"NM_198894","Abr","Abr","Midbrain","15.5","15.5",1,"higher",0.5696,0.5696,3.03609846176557e-17,0.0053,4.89679564060797e-17,0.5208,TRUE,FALSE
"NM_001110223","Dcx","Dcx","Midbrain","15.5","15.5",1,"lower",0.3712,0.3712,4.04038210109534e-17,0.0409,7.79001703028881e-17,0.3642,TRUE,FALSE
"NM_001293780","Chtop","Chtop","Midbrain","15.5","15.5",1,"lower",0.123825,0.123825,5.08304584398004e-17,0.01655,1.48694420886133e-16,0.1162,TRUE,TRUE
"NM_001253681","Immt","Immt","Midbrain","15.5","15.5",1,"lower",0.43025,0.43025,5.33548667637355e-17,0.0898,1.23122591982581e-16,0.4192,TRUE,TRUE
"NM_139302","Sh3glb2","Sh3glb2","Midbrain","15.5","15.5",1,"higher",0.7661,0.7661,9.53000578812814e-17,0,1.34412465936736e-16,0.7547,TRUE,TRUE
"NM_001177856","Asph","Asph","Midbrain","15.5","15.5",1,"lower",0.5033,0.5033,2.36644225495471e-16,0.0917,9.67121974433011e-16,0.4925,TRUE,TRUE
"NM_001252283","Ogdh","Ogdh","Midbrain","15.5","15.5",1,"lower",0.287775,0.287775,2.97776780734608e-16,0.0519999999999999,6.8053663289042e-16,0.2869,TRUE,TRUE
"NM_010875","Ncam1","Ncam1","Midbrain","15.5","15.5",1,"higher",0.40375,0.40375,1.57883262720437e-15,0.01705,2.02062069757133e-15,0.3952,TRUE,TRUE
"NM_029663","Eef1d","Eef1d","Midbrain","15.5","15.5",1,"lower",0.42375,0.42375,2.59164539310672e-15,0.08905,5.7516018460452e-15,0.4057,TRUE,TRUE
"NM_001113214","Odf2","Odf2","Midbrain","15.5","15.5",1,"higher",0.2036,0.2036,3.14549777765481e-15,0,6.00099759769888e-15,0.1871,TRUE,TRUE
"NM_001286388","Trim9","Trim9","Midbrain","15.5","15.5",1,"lower",0.22665,0.22665,3.62258236203399e-15,0.0291,7.03716722775781e-15,0.2261,TRUE,FALSE
"NM_001113517","Arhgef7","Arhgef7","Midbrain","15.5","15.5",1,"lower",0.5468,0.5468,4.19446801001808e-15,0.0409,5.7516018460452e-15,0.5399,TRUE,TRUE
"NM_001025074","Ntrk2","Ntrk2","Midbrain","15.5","15.5",1,"lower",0.49275,0.49275,4.19446801001808e-15,0.0943499999999999,2.55519538283631e-15,0.4897,TRUE,TRUE
"NM_001009930","Brsk2","Brsk2","Midbrain","15.5","15.5",1,"higher",0.7068,0.7068,4.2952766660342e-15,0.09345,7.16203840616759e-15,0.6978,TRUE,TRUE
"NM_008745","Ntrk2","Ntrk2","Midbrain","15.5","15.5",1,"higher",0.49275,0.49275,4.49649559396648e-15,0.09435,2.55519538283631e-15,0.4897,TRUE,TRUE
"NM_001293779","Chtop","Chtop","Midbrain","15.5","15.5",1,"lower",0.1922,0.1922,4.49649559396648e-15,0.0346,1.48694420886133e-16,0.1746,TRUE,TRUE
"NM_001205331","Map4","Map4","Midbrain","15.5","15.5",1,"lower",0.50515,0.50515,7.74790198393565e-15,0.0842499999999999,1.27692771345271e-14,0.4889,TRUE,TRUE
"NM_001252665","Dmtn","Dmtn","Midbrain","15.5","15.5",1,"lower",0.51665,0.51665,9.61035418199344e-15,0.03915,1.87043363735316e-14,0.5035,TRUE,FALSE
"NM_134118","Tecr","Tecr","Midbrain","15.5","15.5",1,"higher",0.51175,0.51175,1.4174204413244e-14,0.03835,8.62686802754673e-15,0.4983,TRUE,TRUE
"NM_027179","Tecr","Tecr","Midbrain","15.5","15.5",1,"lower",0.51175,0.51175,1.70389701200499e-14,0.0383499999999999,8.62686802754673e-15,0.4983,TRUE,TRUE
"NM_001285859","Sgip1","Sgip1","Midbrain","15.5","15.5",1,"lower",0.7582,0.7582,1.72894524514316e-14,0.0540999999999999,2.19298115802321e-14,0.7469,TRUE,TRUE
"NM_001164252","Tpm1","Tpm1","Midbrain","15.5","15.5",1,"lower",0.2053,0.2053,1.97316767155226e-14,0.0543,6.23125568213409e-14,0.1934,TRUE,TRUE
"NM_016760","Clta","Clta","Midbrain","15.5","15.5",1,"lower",0.6625,0.6625,2.28837289584878e-14,0.0473,4.4361523374557e-14,0.6487,TRUE,TRUE
"NM_001289150","Fam110a","Fam110a","Midbrain","15.5","15.5",1,"lower",0.560575,0.560575,2.28837289584878e-14,0.0778000000000001,3.68179947870252e-14,0.5541,TRUE,FALSE
"NM_028768","Armc8","Armc8","Midbrain","15.5","15.5",1,"higher",0.4992,0.4992,2.28837289584878e-14,0.0143,1.53718655395584e-14,0.485,TRUE,TRUE
"NM_001146347","Fam57b","Fam57b","Midbrain","15.5","15.5",1,"lower",0.48415,0.48415,2.28837289584878e-14,0.0602000000000001,3.14673718571413e-14,0.4815,TRUE,TRUE
"NM_029922","Parp6","Parp6","Midbrain","15.5","15.5",1,"lower",0.3898,0.3898,2.28837289584878e-14,0.0313000000000001,3.68179947870252e-14,0.3604,TRUE,TRUE
"NM_001170935","Lppr3","Lppr3","Midbrain","15.5","15.5",1,"higher",0.256,0.256,2.28837289584878e-14,0.00285,3.05244711757129e-14,0.2452,TRUE,TRUE
"NM_001290379","Ap1s2","Ap1s2","Midbrain","15.5","15.5",1,"lower",0.9397,0.9397,2.28962214520634e-14,0.0219000000000001,3.20937941530207e-14,0.9222,TRUE,TRUE
"NM_008441","Kif1b","Kif1b","Midbrain","15.5","15.5",1,"higher",0.63045,0.63045,2.31840462251394e-14,0.02615,3.23063045495258e-14,0.5895,TRUE,TRUE
"NM_001166138","Armc8","Armc8","Midbrain","15.5","15.5",1,"lower",0.4992,0.4992,2.62739841815944e-14,0.0143000000000001,1.53718655395584e-14,0.485,TRUE,TRUE
"NM_001310144","Pax6","Pax6","Midbrain","15.5","15.5",1,"lower",0.3574,0.3574,3.99017750501563e-14,0.0873,1.22933488012402e-13,0.344,TRUE,TRUE
"NM_001293778","Chtop","Chtop","Midbrain","15.5","15.5",1,"lower",0.20725,0.20725,4.62317205686154e-14,0.0913,1.48694420886133e-16,0.1991,TRUE,TRUE
"NM_001005865","Mtus1","Mtus1","Midbrain","15.5","15.5",1,"higher",0.81715,0.81715,5.45703971750172e-14,0.0233,9.04597594480235e-14,0.786,TRUE,TRUE
"NM_207706","Elmo2","Elmo2","Midbrain","15.5","15.5",1,"lower",0.69215,0.69215,5.87483994043996e-14,0.07045,9.71364443615446e-14,0.6728,TRUE,TRUE
"NM_001083334","Bin1","Bin1","Midbrain","15.5","15.5",1,"higher",0.73465,0.73465,6.48253732905685e-14,0.09355,3.36849455514192e-14,0.712,TRUE,TRUE
"NM_009668","Bin1","Bin1","Midbrain","15.5","15.5",1,"lower",0.73465,0.73465,6.48253732905685e-14,0.09355,3.36849455514192e-14,0.712,TRUE,TRUE
"NM_001163330","Ralyl","Ralyl","Midbrain","15.5","15.5",1,"lower",0.20015,0.20015,7.64048336422823e-14,0.08195,1.32707388911756e-13,0.1789,TRUE,TRUE
"NM_001038621","Rabgap1l","Rabgap1l","Midbrain","15.5","15.5",1,"lower",0.4708,0.4708,8.1412810337839e-14,0.0441,4.4361523374557e-14,0.4455,TRUE,TRUE
"NM_013862","Rabgap1l","Rabgap1l","Midbrain","15.5","15.5",1,"higher",0.4708,0.4708,8.63620752966449e-14,0.0441,4.4361523374557e-14,0.4455,TRUE,TRUE
"NM_013928","Schip1","Schip1","Midbrain","15.5","15.5",1,"lower",0.81895,0.81895,9.29406724458594e-14,0.028,2.03909622649851e-13,0.7991,TRUE,TRUE
"NM_001077361","Fhl1","Fhl1","Midbrain","15.5","15.5",1,"lower",0.3812,0.3812,1.42106603270709e-13,0.0365500000000001,2.52683232288274e-13,0.3757,TRUE,TRUE
"NM_010714","Lhx9","Lhx9","Midbrain","15.5","15.5",1,"lower",0.28295,0.28295,2.08901266749625e-13,0.0201000000000001,2.75508652556473e-13,0.2308,TRUE,TRUE
"NM_001163555","Pou2f2","Pou2f2","Midbrain","15.5","15.5",1,"lower",0.30395,0.30395,2.1606399991759e-13,0.06475,2.80114115183638e-13,0.2683,TRUE,FALSE
"NM_016920","Atp6v0a1","Atp6v0a1","Midbrain","15.5","15.5",1,"lower",0.86365,0.86365,2.20239359798895e-13,0.0478,3.79657073732693e-13,0.8604,TRUE,TRUE
"NM_017402","Arhgef7","Arhgef7","Midbrain","15.5","15.5",1,"higher",0.73215,0.73215,2.58616682765272e-13,0.08365,5.7516018460452e-15,0.7043,TRUE,TRUE
"NM_145121","Cacnb1","Cacnb1","Midbrain","15.5","15.5",1,"lower",0.84405,0.84405,3.00856456390255e-13,0.0982,6.43290413593279e-13,0.8332,TRUE,FALSE
"NM_001290646","Lhx2","Lhx2","Midbrain","15.5","15.5",1,"higher",0.78525,0.78525,3.3335148077703e-13,0.0709,1.78179112969353e-13,0.7745,TRUE,TRUE
"NM_010710","Lhx2","Lhx2","Midbrain","15.5","15.5",1,"lower",0.78525,0.78525,3.36289930653981e-13,0.0709000000000001,1.78179112969353e-13,0.7745,TRUE,TRUE
"NM_001291455","Dpysl3","Dpysl3","Midbrain","15.5","15.5",1,"higher",0.76035,0.76035,3.71564507905152e-13,0.02015,2.75508652556473e-13,0.7392,TRUE,TRUE
"NM_009468","Dpysl3","Dpysl3","Midbrain","15.5","15.5",1,"lower",0.75975,0.75975,3.71564507905152e-13,0.0200000000000002,2.75508652556473e-13,0.7388,TRUE,TRUE
"NM_001024716","Triobp","Triobp","Midbrain","15.5","15.5",1,"higher",0.37005,0.37005,3.72795554582643e-13,0.0549499999999999,6.70413583097383e-13,0.3558,TRUE,TRUE
"NM_001034168","Ank2","Ank2","Midbrain","15.5","15.5",1,"lower",0.31945,0.31945,3.72795554582643e-13,0.0122500000000001,2.5642169920083e-13,0.2942,TRUE,TRUE
"NM_178655","Ank2","Ank2","Midbrain","15.5","15.5",1,"higher",0.31945,0.31945,4.73572779943287e-13,0.0122500000000001,2.5642169920083e-13,0.2942,TRUE,TRUE
"NM_001168229","Morf4l2","Morf4l2","Midbrain","15.5","15.5",1,"lower",0.4923,0.4923,5.08186442329983e-13,0.0292999999999999,1.5853180464733e-12,0.4887,TRUE,TRUE
"NR_045517","Cldnd1","Cldnd1","Midbrain","15.5","15.5",1,"higher",0.4526,0.4526,8.9575981433589e-13,0.04235,1.61253391322437e-12,0.4194,TRUE,TRUE
"NM_001005864","Mtus1","Mtus1","Midbrain","15.5","15.5",1,"lower",0.887,0.887,9.36291281112388e-13,0.0325500000000002,9.04597594480235e-14,0.8556,TRUE,TRUE
"NM_001293300","Clasp1","Clasp1","Midbrain","15.5","15.5",1,"lower",0.4286,0.4286,1.30168582935997e-12,0.0615,1.76893299048121e-12,0.4008,TRUE,TRUE
"NM_001289774","Rufy3","Rufy3","Midbrain","15.5","15.5",1,"higher",0.75555,0.75555,1.80167790581027e-12,0.00279999999999999,3.88064046945934e-12,0.7199,TRUE,TRUE
"NM_001164358","Slc25a25","Slc25a25","Midbrain","15.5","15.5",1,"lower",0.36845,0.36845,1.94267496670252e-12,0.00279999999999991,3.48178299064136e-12,0.3446,TRUE,TRUE
"NM_001039155","Triobp","Triobp","Midbrain","15.5","15.5",1,"lower",0.3045,0.3045,1.95727769985197e-12,0.04405,6.70413583097383e-13,0.2777,TRUE,TRUE
"NM_001042752","Neo1","Neo1","Midbrain","15.5","15.5",1,"higher",0.7077,0.7077,1.98813666546689e-12,0.0497,1.05540280918557e-12,0.6932,TRUE,TRUE
"NM_008684","Neo1","Neo1","Midbrain","15.5","15.5",1,"lower",0.7077,0.7077,1.98832221901706e-12,0.0497000000000002,1.05540280918557e-12,0.6932,TRUE,TRUE
"NM_009262","Spock1","Spock1","Midbrain","15.5","15.5",1,"lower",0.62335,0.62335,2.00460474378243e-12,0.00309999999999999,3.70576863473938e-12,0.6093,TRUE,TRUE
"NM_001080384","Clta","Clta","Midbrain","15.5","15.5",1,"higher",0.67465,0.67465,2.05655651803886e-12,0.0617,4.4361523374557e-14,0.6554,TRUE,TRUE
"NM_001114347","Clasp2","Clasp2","Midbrain","15.5","15.5",1,"higher",0.53875,0.53875,2.08168142118637e-12,0.00955,5.24377569719173e-12,0.5047,TRUE,TRUE
"NM_033474","Arvcf","Arvcf","Midbrain","15.5","15.5",1,"lower",0.213375,0.213375,2.19820804496011e-12,0.0414,3.99220222087171e-12,0.2034,TRUE,TRUE
"NM_001198874","Dync1i2","Dync1i2","Midbrain","15.5","15.5",1,"lower",0.52785,0.52785,2.66149663290556e-12,0.0194000000000001,6.37010208947998e-12,0.517,TRUE,TRUE
"NM_177407","Camk2a","Camk2a","Midbrain","15.5","15.5",1,"lower",0.94945,0.94945,2.82226723316189e-12,0.031,3.99220222087171e-12,0.9331,TRUE,TRUE
"NM_001199151","Sncaip","Sncaip","Midbrain","15.5","15.5",1,"lower",0.535875,0.535875,2.82226723316189e-12,0.0782499999999999,3.99220222087171e-12,0.4891,TRUE,TRUE
"NM_180960","Nnat","Nnat","Midbrain","15.5","15.5",1,"lower",0.3989,0.3989,2.89067305756052e-12,0.06335,5.6618156680233e-12,0.3609,TRUE,TRUE
"NM_001098168","Asap2","Asap2","Midbrain","15.5","15.5",1,"lower",0.758325,0.758325,3.78769403408366e-12,0.0816,5.24377569719173e-12,0.7475,TRUE,FALSE
"NM_027985","Mad2l2","Mad2l2","Midbrain","15.5","15.5",1,"higher",0.43305,0.43305,4.42164399564052e-12,0.0624000000000001,2.46685155917149e-12,0.4119,TRUE,TRUE
"NM_001305420","Mad2l2","Mad2l2","Midbrain","15.5","15.5",1,"lower",0.43305,0.43305,4.54074441528392e-12,0.0624,2.46685155917149e-12,0.4119,TRUE,TRUE
"NM_001109040","Kif21a","Kif21a","Midbrain","15.5","15.5",1,"lower",0.1513,0.1513,4.72905252267863e-12,0.0569,7.98109895943366e-12,0.1392,TRUE,TRUE
"NM_010923","Nnat","Nnat","Midbrain","15.5","15.5",1,"higher",0.3705,0.3705,4.9080443432902e-12,0.0511499999999999,5.6618156680233e-12,0.334,TRUE,TRUE
"NM_001037761","Capzb","Capzb","Midbrain","15.5","15.5",1,"higher",0.54335,0.54335,6.65739623294757e-12,0.03735,8.58140082826507e-12,0.4847,TRUE,TRUE
"NM_013680","Syn1","Syn1","Midbrain","15.5","15.5",1,"lower",0.337875,0.337875,7.66124528338871e-12,0.00645000000000012,4.13802734436365e-12,0.336,TRUE,TRUE
"NM_001110780","Syn1","Syn1","Midbrain","15.5","15.5",1,"higher",0.337875,0.337875,7.84611693251414e-12,0.00645000000000007,4.13802734436365e-12,0.336,TRUE,TRUE
"NM_001164256","Tpm1","Tpm1","Midbrain","15.5","15.5",1,"lower",0.25945,0.25945,8.06914463863198e-12,0.0653,6.23125568213409e-14,0.241,TRUE,TRUE
"NM_001146057","Acot7","Acot7","Midbrain","15.5","15.5",1,"higher",0.6533,0.6533,8.14816633391138e-12,0.0035,1.10421245101466e-11,0.6428,TRUE,TRUE
"NM_001198867","Dctn1","Dctn1","Midbrain","15.5","15.5",1,"higher",0.71765,0.71765,8.89408092019908e-12,0.0906,3.20937941530207e-14,0.6811,TRUE,TRUE
"NM_008851","Pitpnm1","Pitpnm1","Midbrain","15.5","15.5",1,"lower",0.3595,0.3595,9.24250333322444e-12,0.08555,5.41395432146627e-12,0.3506,TRUE,TRUE
"NM_001199352","Pnck","Pnck","Midbrain","15.5","15.5",1,"higher",0.3854,0.3854,9.28587003074731e-12,0.0537500000000001,1.26018419214305e-11,0.3556,TRUE,TRUE
"NM_009691","Aplp2","Aplp2","Midbrain","15.5","15.5",1,"higher",0.27345,0.27345,9.28587003074731e-12,0.0353,1.26018419214305e-11,0.2285,TRUE,TRUE
"NM_001006674","Kcnq2","Kcnq2","Midbrain","15.5","15.5",1,"lower",0.4738,0.4738,1.00558843021765e-11,0.08175,2.6604623554228e-11,0.4489,TRUE,TRUE
"NR_075078","Pitpnm1","Pitpnm1","Midbrain","15.5","15.5",1,"higher",0.3595,0.3595,1.00558843021765e-11,0.08555,5.41395432146627e-12,0.3506,TRUE,TRUE
"NM_001290745","Nckap1","Nckap1","Midbrain","15.5","15.5",1,"lower",0.444425,0.444425,1.03864005339928e-11,0.0520999999999999,5.72516794993583e-12,0.3992,TRUE,TRUE
"NM_016965","Nckap1","Nckap1","Midbrain","15.5","15.5",1,"higher",0.444425,0.444425,1.06920131421825e-11,0.0520999999999999,5.72516794993583e-12,0.3992,TRUE,TRUE
"NM_001025430","Spag9","Spag9","Midbrain","15.5","15.5",1,"lower",0.4779,0.4779,1.26411254080923e-11,0.07885,3.86143830384325e-11,0.4593,TRUE,TRUE
"NR_033657","Miat","Miat","Midbrain","15.5","15.5",1,"lower",0.392775,0.392775,1.38192711566241e-11,0.09485,7.43261089682451e-12,0.3567,TRUE,TRUE
"NR_003718","Miat","Miat","Midbrain","15.5","15.5",1,"higher",0.392775,0.392775,1.41264643742461e-11,0.0948499999999999,7.43261089682451e-12,0.3567,TRUE,TRUE
"NM_001164255","Tpm1","Tpm1","Midbrain","15.5","15.5",1,"lower",0.13575,0.13575,1.92739198213972e-11,0.01675,6.23125568213409e-14,0.1281,TRUE,TRUE
"NM_001102456","Aplp2","Aplp2","Midbrain","15.5","15.5",1,"lower",0.49955,0.49955,1.92953371534872e-11,0.0636,1.26018419214305e-11,0.4936,TRUE,TRUE
"NM_001159964","Eps15","Eps15","Midbrain","15.5","15.5",1,"lower",0.63435,0.63435,2.19514048619291e-11,0.0980500000000001,1.14272683847532e-11,0.5968,TRUE,TRUE
"NM_007943","Eps15","Eps15","Midbrain","15.5","15.5",1,"higher",0.63435,0.63435,2.19514048619291e-11,0.09805,1.14272683847532e-11,0.5968,TRUE,TRUE
"NM_009798","Capzb","Capzb","Midbrain","15.5","15.5",1,"lower",0.5352,0.5352,2.31734353877592e-11,0.0392499999999999,8.58140082826507e-12,0.4794,TRUE,TRUE
"NM_001025358","Klc1","Klc1","Midbrain","15.5","15.5",1,"lower",0.5258,0.5258,2.31734353877592e-11,0.027,7.10764834294255e-11,0.4986,TRUE,TRUE
"NM_001113420","Schip1","Schip1","Midbrain","15.5","15.5",1,"higher",0.33015,0.33015,2.80501639799255e-11,0.00425,2.03909622649851e-13,0.2412,TRUE,TRUE
"NM_001170746","Magi2","Magi2","Midbrain","15.5","15.5",1,"higher",0.67005,0.67005,3.12180651827522e-11,0.0328000000000001,4.53440366897205e-11,0.6403,TRUE,FALSE
"NM_172952","Gphn","Gphn","Midbrain","15.5","15.5",1,"lower",0.616125,0.616125,3.1462082091175e-11,0.0796,1.71784944832179e-11,0.5879,TRUE,TRUE
"NM_145965","Gphn","Gphn","Midbrain","15.5","15.5",1,"higher",0.616125,0.616125,3.17513732285882e-11,0.0796000000000001,1.71784944832179e-11,0.5879,TRUE,TRUE
"NM_001043335","Eml1","Eml1","Midbrain","15.5","15.5",1,"lower",0.3155,0.3155,3.20423948723815e-11,0.08535,1.10556012570091e-16,0.2727,TRUE,TRUE
"NM_001029850","Magi1","Magi1","Midbrain","15.5","15.5",1,"higher",0.43875,0.43875,3.39165955419144e-11,0.00935,1.06347440328758e-10,0.355,TRUE,TRUE
"NM_001161747","Palm","Palm","Midbrain","15.5","15.5",1,"lower",0.46945,0.46945,3.42912431677549e-11,0.00800000000000001,2.28085457585555e-11,0.4534,TRUE,TRUE
"NM_019798","Pde4a","Pde4a","Midbrain","15.5","15.5",1,"lower",0.86095,0.86095,3.8831788864439e-11,0.0256000000000001,2.19546499593755e-11,0.8525,TRUE,TRUE
"NM_001163565","Ptpn5","Ptpn5","Midbrain","15.5","15.5",1,"higher",0.1668,0.1668,3.8831788864439e-11,0.0266500000000001,2.16575741779165e-11,0.1579,TRUE,TRUE
"NM_013643","Ptpn5","Ptpn5","Midbrain","15.5","15.5",1,"lower",0.1668,0.1668,3.8831788864439e-11,0.02665,2.16575741779165e-11,0.1579,TRUE,TRUE
"NM_183408","Pde4a","Pde4a","Midbrain","15.5","15.5",1,"higher",0.86095,0.86095,3.95004705365361e-11,0.0256,2.19546499593755e-11,0.8525,TRUE,TRUE
"NM_023128","Palm","Palm","Midbrain","15.5","15.5",1,"higher",0.46945,0.46945,4.11762582352566e-11,0.008,2.28085457585555e-11,0.4534,TRUE,TRUE
"NM_001039179","Bicd2","Bicd2","Midbrain","15.5","15.5",1,"lower",0.80785,0.80785,4.12750248101638e-11,0.05845,6.22575399691615e-11,0.7901,TRUE,TRUE
"NM_001301345","Hnrnpk","Hnrnpk","Midbrain","15.5","15.5",1,"lower",0.1076,0.1076,4.33985175656297e-11,0.0259,1.20760886459081e-10,0.1046,TRUE,TRUE
"NM_008935","Prom1","Prom1","Midbrain","15.5","15.5",1,"higher",0.9911,0.9911,5.30028060963756e-11,0,1.30855051532679e-21,0.9822,TRUE,FALSE
"NM_001135727","Sh3kbp1","Sh3kbp1","Midbrain","15.5","15.5",1,"lower",0.7261,0.7261,5.75905003429272e-11,0.00969999999999993,3.91880783465813e-22,0.6799,TRUE,TRUE
"NM_001083897","Mpzl1","Mpzl1","Midbrain","15.5","15.5",1,"higher",0.6224,0.6224,6.07518595027823e-11,0.08265,3.76172504264568e-11,0.602,TRUE,TRUE
"NM_001290995","Kif1b","Kif1b","Midbrain","15.5","15.5",1,"lower",0.54195,0.54195,6.16878482779144e-11,0.0828,3.23063045495258e-14,0.4976,TRUE,TRUE
"NM_001001880","Mpzl1","Mpzl1","Midbrain","15.5","15.5",1,"lower",0.6224,0.6224,6.46813708960524e-11,0.08265,3.76172504264568e-11,0.602,TRUE,TRUE
"NM_001102444","Add1","Add1","Midbrain","15.5","15.5",1,"lower",0.395975,0.395975,6.72055970865577e-11,0.07985,1.04700101346299e-10,0.3787,TRUE,TRUE
"NM_001083320","Magi1","Magi1","Midbrain","15.5","15.5",1,"lower",0.3168,0.3168,8.79597078968101e-11,0.0437,1.06347440328758e-10,0.2936,TRUE,TRUE
"NR_104398","Nin","Nin","Midbrain","15.5","15.5",1,"lower",0.6171,0.6171,9.51039916924861e-11,0.0683999999999999,2.35406649159806e-10,0.5733,TRUE,TRUE
"NM_001163328","Ralyl","Ralyl","Midbrain","15.5","15.5",1,"higher",0.73945,0.73945,9.55136527609796e-11,0.0407,1.32707388911756e-13,0.7193,TRUE,TRUE
"NM_011810","Faim","Faim","Midbrain","15.5","15.5",1,"higher",0.70745,0.70745,9.82174155394633e-11,0.0779,6.03256570160029e-11,0.671,TRUE,TRUE
"NM_001039079","Prkcz","Prkcz","Midbrain","15.5","15.5",1,"lower",0.78725,0.78725,1.00617376928231e-10,0.01505,7.05138836836743e-11,0.6786,TRUE,TRUE
"NM_001122851","Faim","Faim","Midbrain","15.5","15.5",1,"lower",0.70745,0.70745,1.00617376928231e-10,0.0779000000000002,6.03256570160029e-11,0.671,TRUE,TRUE
"NM_008860","Prkcz","Prkcz","Midbrain","15.5","15.5",1,"higher",0.78725,0.78725,1.1931533807443e-10,0.01505,7.05138836836743e-11,0.6786,TRUE,TRUE
"NM_171826","Cldnd1","Cldnd1","Midbrain","15.5","15.5",1,"lower",0.2924,0.2924,1.27459591520912e-10,0.07915,1.61253391322437e-12,0.2757,TRUE,TRUE
"NM_018770","Cadm1","Cadm1","Midbrain","15.5","15.5",1,"higher",0.6654,0.6654,1.33197194939193e-10,0.03695,2.76850870662477e-10,0.6555,TRUE,FALSE
"NM_198438","Ssbp3","Ssbp3","Midbrain","15.5","15.5",1,"higher",0.66645,0.66645,1.68332440509361e-10,0.04925,1.04700101346299e-10,0.6155,TRUE,TRUE
"NM_023672","Ssbp3","Ssbp3","Midbrain","15.5","15.5",1,"lower",0.66645,0.66645,1.76586892543262e-10,0.0492499999999999,1.04700101346299e-10,0.6155,TRUE,TRUE
"NM_001286647","Atl2","Atl2","Midbrain","15.5","15.5",1,"lower",0.3817,0.3817,1.77273294025624e-10,0.0677500000000001,1.12210123280209e-10,0.3626,TRUE,TRUE
"NM_019717","Atl2","Atl2","Midbrain","15.5","15.5",1,"higher",0.3817,0.3817,1.9090493002051e-10,0.06775,1.12210123280209e-10,0.3626,TRUE,TRUE
"NM_001164363","Nt5c2","Nt5c2","Midbrain","15.5","15.5",1,"lower",0.837,0.837,1.96159949231392e-10,0.0677499999999999,3.12549521467479e-10,0.7996,TRUE,TRUE
"NM_001252566","Sez6l2","Sez6l2","Midbrain","15.5","15.5",1,"lower",0.4359,0.4359,1.96195359843926e-10,0.0896499999999999,3.12549521467479e-10,0.345,TRUE,FALSE
"NM_080287","Elmo2","Elmo2","Midbrain","15.5","15.5",1,"higher",0.67305,0.67305,2.10982644327482e-10,0.07725,9.71364443615446e-14,0.641,TRUE,TRUE
"NM_170730","Ank3","Ank3","Midbrain","15.5","15.5",1,"lower",0.5441,0.5441,2.3735458280161e-10,0.0659500000000001,8.38491214082396e-10,0.5271,TRUE,TRUE
"NM_001164253","Tpm1","Tpm1","Midbrain","15.5","15.5",1,"lower",0.132125,0.132125,2.73128795371891e-10,0.0321,6.23125568213409e-14,0.1179,TRUE,TRUE
"NM_010956","Ogdh","Ogdh","Midbrain","15.5","15.5",1,"higher",0.4388,0.4388,2.8152734644074e-10,0.0851499999999999,6.8053663289042e-16,0.412,TRUE,TRUE
"NM_001170561","Sbf1","Sbf1","Midbrain","15.5","15.5",1,"higher",0.7756,0.7756,2.95438858870156e-10,0.0796,1.78273918941772e-10,0.7641,TRUE,TRUE
"NM_001081030","Sbf1","Sbf1","Midbrain","15.5","15.5",1,"lower",0.7756,0.7756,2.95835265844068e-10,0.0796000000000001,1.78273918941772e-10,0.7641,TRUE,TRUE
"NM_023240","Eef1d","Eef1d","Midbrain","15.5","15.5",1,"higher",0.40475,0.40475,3.03271893005386e-10,0.0759,5.7516018460452e-15,0.3634,TRUE,TRUE
"NM_001083321","Magi1","Magi1","Midbrain","15.5","15.5",1,"lower",0.46025,0.46025,3.45488960589422e-10,0.049,1.06347440328758e-10,0.4561,TRUE,TRUE
"NM_001177709","Arfgap1","Arfgap1","Midbrain","15.5","15.5",1,"lower",0.2396,0.2396,3.71267813642695e-10,0.0418500000000001,9.59362120862387e-10,0.2298,TRUE,TRUE
"NM_139293","Ece2","Ece2","Midbrain","15.5","15.5",1,"lower",0.13255,0.13255,3.84552732561015e-10,0.0533,6.28349657377518e-10,0.123,TRUE,TRUE
"NM_001009929","Brsk2","Brsk2","Midbrain","15.5","15.5",1,"lower",0.292275,0.292275,4.11638495446757e-10,0.0161500000000001,7.16203840616759e-15,0.2901,TRUE,TRUE
"NM_001252453","Ptprs","Ptprs","Midbrain","15.5","15.5",1,"lower",0.611275,0.611275,4.17967178586593e-10,0.02205,8.90160645980331e-10,0.5809,TRUE,TRUE
"NM_001113518","Arhgef7","Arhgef7","Midbrain","15.5","15.5",1,"lower",0.1854,0.1854,4.22865523026744e-10,0.04455,5.7516018460452e-15,0.1645,TRUE,TRUE
"NM_001302344","Rph3a","Rph3a","Midbrain","15.5","15.5",1,"higher",0.913625,0.913625,4.48386536220711e-10,0.0642,7.46351530281583e-10,0.8825,TRUE,TRUE
"NM_010546","Ikbkb","Ikbkb","Midbrain","15.5","15.5",1,"lower",0.27055,0.27055,4.70697111794375e-10,0.0375,3.08986736053817e-10,0.2403,TRUE,TRUE
"NM_001164248","Tpm1","Tpm1","Midbrain","15.5","15.5",1,"higher",0.9578,0.9578,4.85012295154302e-10,0,6.23125568213409e-14,0.9472,TRUE,TRUE
"NM_001159774","Ikbkb","Ikbkb","Midbrain","15.5","15.5",1,"higher",0.27055,0.27055,5.11199292837605e-10,0.0375,3.08986736053817e-10,0.2403,TRUE,TRUE
"NR_122039","Tsc22d3","Tsc22d3","Midbrain","15.5","15.5",1,"lower",0.3915,0.3915,5.49667597307064e-10,0.0232499999999999,9.00421379001703e-10,0.3737,TRUE,TRUE
"NM_019808","Pdlim5","Pdlim5","Midbrain","15.5","15.5",1,"lower",0.4389,0.4389,5.66050510360014e-10,0.075,2.53870381328887e-09,0.4188,TRUE,FALSE
"NM_001289541","Sh2b1","Sh2b1","Midbrain","15.5","15.5",1,"lower",0.59035,0.59035,6.3988777366346e-10,0.08955,1.99106365435989e-09,0.5664,TRUE,TRUE
"NM_139232","Fgd4","Fgd4","Midbrain","15.5","15.5",1,"lower",0.76075,0.76075,6.96560505712134e-10,0.0241000000000001,1.138637230651e-09,0.7392,TRUE,TRUE
"NM_001177850","Asph","Asph","Midbrain","15.5","15.5",1,"lower",0.137875,0.137875,7.91348832174019e-10,0.02525,9.67121974433011e-16,0.124,TRUE,TRUE
"NR_024325","9130024F11Rik","9130024F11Rik","Midbrain","15.5","15.5",1,"higher",0.9124,0.9124,8.23825898290402e-10,0.06365,5.00277559222587e-10,0.8909,TRUE,TRUE
"NR_024326","9130024F11Rik","9130024F11Rik","Midbrain","15.5","15.5",1,"lower",0.9124,0.9124,8.23825898290402e-10,0.0636499999999998,5.00277559222587e-10,0.8909,TRUE,TRUE
"NM_025462","Ece2","Ece2","Midbrain","15.5","15.5",1,"higher",0.1417,0.1417,8.43109285519037e-10,0.05245,6.28349657377518e-10,0.128,TRUE,TRUE
"NM_201386","Plec","Plec","Midbrain","15.5","15.5",1,"lower",0.26245,0.26245,8.44745676877779e-10,0.05665,4.5286342665047e-09,0.2222,TRUE,FALSE
"NM_001111053","Dclk1","Dclk1","Midbrain","15.5","15.5",1,"higher",0.4168,0.4168,8.89166309745938e-10,0.0782,2.3587244249189e-09,0.3841,TRUE,TRUE
"NM_001177661","Odf2","Odf2","Midbrain","15.5","15.5",1,"lower",0.295375,0.295375,9.01313967527419e-10,0.02495,6.00099759769888e-15,0.2548,TRUE,TRUE
"NM_001290702","Tenm2","Tenm2","Midbrain","15.5","15.5",1,"lower",0.417625,0.417625,9.12298753582891e-10,0.0810999999999999,5.76902107983959e-10,0.4075,TRUE,TRUE
"NM_011856","Tenm2","Tenm2","Midbrain","15.5","15.5",1,"higher",0.417625,0.417625,9.26892432884136e-10,0.0811000000000002,5.76902107983959e-10,0.4075,TRUE,TRUE
"NM_001081390","Palld","Palld","Midbrain","15.5","15.5",1,"higher",0.4155,0.4155,1.0234973566812e-09,0.0023,2.25482708956017e-09,0.3916,TRUE,TRUE
"NM_001161853","Smarcb1","Smarcb1","Midbrain","15.5","15.5",1,"higher",0.27655,0.27655,1.24589330631478e-09,0.0183,1.00012035286947e-09,0.2682,TRUE,TRUE
"NM_019466","Rcan1","Rcan1","Midbrain","15.5","15.5",1,"higher",0.6436,0.6436,1.33301173771328e-09,0.02945,8.55107211332782e-10,0.63,TRUE,TRUE
"NM_001081549","Rcan1","Rcan1","Midbrain","15.5","15.5",1,"lower",0.6436,0.6436,1.38893537846908e-09,0.02945,8.55107211332782e-10,0.63,TRUE,TRUE
"NM_172420","Ppp1r1c","Ppp1r1c","Midbrain","15.5","15.5",1,"lower",0.82565,0.82565,1.40045534508472e-09,0.0345499999999997,2.35658201503957e-09,0.7971,TRUE,FALSE
"NM_001123038","Eif4a2","Eif4a2","Midbrain","15.5","15.5",1,"higher",0.21265,0.21265,1.48708113353674e-09,0.02475,3.19374298851605e-09,0.1964,TRUE,TRUE
"NM_028476","Atat1","Atat1","Midbrain","15.5","15.5",1,"lower",0.26735,0.26735,1.5898619908443e-09,0.0181,2.66716531557639e-09,0.2323,TRUE,TRUE
"NM_001048167","Map6","Map6","Midbrain","15.5","15.5",1,"lower",0.50335,0.50335,1.5940088310597e-09,0.0700000000000001,2.66716531557639e-09,0.4388,TRUE,TRUE
"NM_011418","Smarcb1","Smarcb1","Midbrain","15.5","15.5",1,"lower",0.27655,0.27655,1.62278418228234e-09,0.0183000000000002,1.00012035286947e-09,0.2682,TRUE,TRUE
"NM_001081959","Klc1","Klc1","Midbrain","15.5","15.5",1,"higher",0.2409,0.2409,1.64320287269066e-09,0.0021,7.10764834294255e-11,0.2075,TRUE,TRUE
"NM_001159645","Araf","Araf","Midbrain","15.5","15.5",1,"lower",0.1751,0.1751,1.72404644036001e-09,0.0041500000000001,1.86173992561078e-09,0.1588,TRUE,TRUE
"NM_001161845","Sgk1","Sgk1","Midbrain","15.5","15.5",1,"lower",0.40525,0.40525,1.79479289229169e-09,0.0319500000000001,4.82077316038274e-09,0.3789,TRUE,TRUE
"NM_001113204","Ncam1","Ncam1","Midbrain","15.5","15.5",1,"lower",0.3013,0.3013,2.17898361944574e-09,0.0716999999999999,2.02062069757133e-15,0.2561,TRUE,TRUE
"NM_173868","St18","St18","Midbrain","15.5","15.5",1,"lower",0.77045,0.77045,2.19359319568003e-09,0.0274999999999999,4.77643745238018e-09,0.6177,TRUE,FALSE
"NM_001286602","Clasp2","Clasp2","Midbrain","15.5","15.5",1,"lower",0.2149,0.2149,2.44381359425276e-09,0.0923,5.24377569719173e-12,0.207,TRUE,TRUE
"NM_001038589","Usp14","Usp14","Midbrain","15.5","15.5",1,"lower",0.26805,0.26805,2.45848576649856e-09,0.017,1.65393061793762e-09,0.2482,TRUE,TRUE
"NM_001162872","Exoc7","Exoc7","Midbrain","15.5","15.5",1,"higher",0.52535,0.52535,2.4681999152301e-09,0.0829,1.66833388940334e-09,0.4682,TRUE,TRUE
"NM_021522","Usp14","Usp14","Midbrain","15.5","15.5",1,"higher",0.26805,0.26805,2.58226877015114e-09,0.0170000000000001,1.65393061793762e-09,0.2482,TRUE,TRUE
"NM_016857","Exoc7","Exoc7","Midbrain","15.5","15.5",1,"lower",0.52535,0.52535,2.60476933370797e-09,0.0829,1.66833388940334e-09,0.4682,TRUE,TRUE
"NM_001301340","Hnrnpk","Hnrnpk","Midbrain","15.5","15.5",1,"higher",0.228025,0.228025,2.68361085381605e-09,0.0251,1.20760886459081e-10,0.2013,TRUE,TRUE
"NM_013669","Snap91","Snap91","Midbrain","15.5","15.5",1,"lower",0.79465,0.79465,2.75942005539555e-09,0.0265999999999998,8.81031145839211e-09,0.7336,TRUE,TRUE
"NM_009703","Araf","Araf","Midbrain","15.5","15.5",1,"higher",0.1751,0.1751,2.89889477668128e-09,0.00415,1.86173992561078e-09,0.1588,TRUE,TRUE
"NM_134257","Rgs3","Rgs3","Midbrain","15.5","15.5",1,"lower",0.2272,0.2272,2.92234016339401e-09,0.0213500000000001,3.44049173670162e-09,0.2182,TRUE,FALSE
"NM_007470","Apod","Apod","Midbrain","15.5","15.5",1,"higher",0.24285,0.24285,2.92426014319442e-09,0.0149999999999999,5.00895005332351e-09,0.2216,TRUE,TRUE
"NM_001043355","Map6","Map6","Midbrain","15.5","15.5",1,"higher",0.5163,0.5163,2.99543102751019e-09,0.0604000000000001,2.66716531557639e-09,0.4886,TRUE,TRUE
"NM_011162","Mapk8ip1","Mapk8ip1","Midbrain","15.5","15.5",1,"lower",0.33975,0.33975,3.01316051256713e-09,0.03395,5.18850024449746e-09,0.3085,TRUE,TRUE
"NR_027818","1500011B03Rik","1500011B03Rik","Midbrain","15.5","15.5",1,"higher",0.2375,0.2375,3.01316051256713e-09,0.0362,2.66716531557639e-09,0.2295,TRUE,TRUE
"NM_001037940","Dnajb6","Dnajb6","Midbrain","15.5","15.5",1,"higher",0.22545,0.22545,3.07080482782351e-09,0.00739999999999999,6.94363959471714e-09,0.2151,TRUE,TRUE
"NM_001289710","Sh3glb2","Sh3glb2","Midbrain","15.5","15.5",1,"lower",0.25895,0.25895,3.41542225747079e-09,0.0576,1.34412465936736e-16,0.243,TRUE,TRUE
"NM_001080746","Gtf2i","Gtf2i","Midbrain","15.5","15.5",1,"lower",0.2981,0.2981,3.61291446395747e-09,0.0782,8.19368079785443e-09,0.2806,TRUE,TRUE
"NM_001168226","Morf4l2","Morf4l2","Midbrain","15.5","15.5",1,"higher",0.4781,0.4781,3.73480556100919e-09,0.0317500000000001,1.5853180464733e-12,0.4725,TRUE,TRUE
"NM_001272031","Arvcf","Arvcf","Midbrain","15.5","15.5",1,"lower",0.28425,0.28425,3.79430567201856e-09,0.082,3.99220222087171e-12,0.2663,TRUE,TRUE
"NM_011297","Rps24","Rps24","Midbrain","15.5","15.5",1,"lower",0.5474,0.5474,3.88894403579409e-09,0.0088499999999998,6.85130451244867e-09,0.5235,TRUE,TRUE
"NM_007471","App","App","Midbrain","15.5","15.5",1,"lower",0.43995,0.43995,3.91964276469211e-09,0.0243999999999999,1.10094225489185e-08,0.3883,TRUE,TRUE
"NR_027817","1500011B03Rik","1500011B03Rik","Midbrain","15.5","15.5",1,"lower",0.2375,0.2375,4.09448020416047e-09,0.0361999999999999,2.66716531557639e-09,0.2295,TRUE,TRUE
"NM_001163671","Mapk9","Mapk9","Midbrain","15.5","15.5",1,"lower",0.402975,0.402975,4.2324573217308e-09,0.0528000000000001,9.66197432615795e-09,0.3783,TRUE,TRUE
"NM_029673","Immt","Immt","Midbrain","15.5","15.5",1,"lower",0.3175,0.3175,4.2324573217308e-09,0.06675,1.23122591982581e-16,0.2808,TRUE,TRUE
"NM_152808","Slc44a2","Slc44a2","Midbrain","15.5","15.5",1,"higher",0.11915,0.11915,4.38151024261358e-09,0.0024,2.16343795067776e-09,0.0994,TRUE,TRUE
"NM_026887","Ap1s2","Ap1s2","Midbrain","15.5","15.5",1,"higher",0.2965,0.2965,4.51443622920725e-09,0.00605,3.20937941530207e-14,0.2948,TRUE,TRUE
"NM_001243050","Atp6v0a1","Atp6v0a1","Midbrain","15.5","15.5",1,"higher",0.6313,0.6313,4.8425504001909e-09,0,3.79657073732693e-13,0.578,TRUE,TRUE
"NM_001290543","Acer2","Acer2","Midbrain","15.5","15.5",1,"lower",0.22695,0.22695,4.8425504001909e-09,0.0120500000000002,5.93043574676775e-09,0.2037,TRUE,FALSE
"NM_144906","Sgip1","Sgip1","Midbrain","15.5","15.5",1,"higher",0.49875,0.49875,5.06081385767962e-09,0.05845,2.19298115802321e-14,0.4484,TRUE,TRUE
"NM_001199154","Sncaip","Sncaip","Midbrain","15.5","15.5",1,"higher",0.4016,0.4016,5.31322711810713e-09,0.014,3.99220222087171e-12,0.3176,TRUE,TRUE
"NM_001142744","Atat1","Atat1","Midbrain","15.5","15.5",1,"higher",0.5562,0.5562,5.91140919033651e-09,0.01225,2.66716531557639e-09,0.5202,TRUE,TRUE
"NM_001199186","Slc44a2","Slc44a2","Midbrain","15.5","15.5",1,"lower",0.11915,0.11915,6.01995315984271e-09,0.00240000000000007,2.16343795067776e-09,0.0993999999999999,TRUE,TRUE
"NM_011605","Tmpo","Tmpo","Midbrain","15.5","15.5",1,"higher",0.1536,0.1536,6.04256452632784e-09,0.01845,2.02060873214152e-08,0.1492,TRUE,TRUE
"NM_001136064","Bscl2","Bscl2","Midbrain","15.5","15.5",1,"higher",0.385125,0.385125,6.21478001160633e-09,0.04005,1.11224294478723e-08,0.3106,TRUE,TRUE
"NM_024287","Rab6a","Rab6a","Midbrain","15.5","15.5",1,"lower",0.20745,0.20745,6.22643320413281e-09,0.0146500000000002,4.38710768786927e-09,0.1871,TRUE,TRUE
"NM_001163663","Rab6a","Rab6a","Midbrain","15.5","15.5",1,"higher",0.20745,0.20745,6.58180483484989e-09,0.01465,4.38710768786927e-09,0.1871,TRUE,TRUE
"NM_001284503","Cask","Cask","Midbrain","15.5","15.5",1,"lower",0.395975,0.395975,7.81360841050158e-09,0.0422500000000001,1.80717948642881e-08,0.351,TRUE,TRUE
"NM_028190","Luc7l","Luc7l","Midbrain","15.5","15.5",1,"lower",0.2836,0.2836,8.59912748553525e-09,0.0401500000000001,1.9721063935445e-08,0.2543,TRUE,TRUE
"NM_001164671","Dnaja1","Dnaja1","Midbrain","15.5","15.5",1,"lower",0.1849,0.1849,9.09878699490255e-09,0.0186000000000001,1.21600016860604e-08,0.1744,TRUE,TRUE
"NM_027230","Zmynd8","Zmynd8","Midbrain","15.5","15.5",1,"lower",0.2674,0.2674,9.66055843127478e-09,0.01545,3.21375882617433e-08,0.2231,TRUE,TRUE
"NM_017477","Copg1","Copg1","Midbrain","15.5","15.5",1,"higher",0.3616,0.3616,1.04466462932306e-08,0.0382,7.4395090503662e-09,0.3581,TRUE,TRUE
"NM_001289682","Arhgap33","Arhgap33","Midbrain","15.5","15.5",1,"lower",0.415075,0.415075,1.10625132106367e-08,0.0201500000000001,1.95118924527909e-08,0.3952,TRUE,TRUE
"NM_178076","Mcf2l","Mcf2l","Midbrain","15.5","15.5",1,"lower",0.679,0.679,1.11132335410113e-08,0.0477000000000001,1.96246732611596e-08,0.5801,TRUE,TRUE
"NM_001293774","Palld","Palld","Midbrain","15.5","15.5",1,"lower",0.4853,0.4853,1.11132335410113e-08,0.0434499999999998,2.25482708956017e-09,0.4792,TRUE,TRUE
"NM_201244","Copg1","Copg1","Midbrain","15.5","15.5",1,"lower",0.3616,0.3616,1.14326936598919e-08,0.0382000000000001,7.4395090503662e-09,0.3581,TRUE,TRUE
"NM_019939","Mpp6","Mpp6","Midbrain","15.5","15.5",1,"lower",0.4991,0.4991,1.21445665266908e-08,0.0461,1.49821434376922e-08,0.4568,TRUE,FALSE
"NM_008298","Dnaja1","Dnaja1","Midbrain","15.5","15.5",1,"higher",0.2006,0.2006,1.2970985690497e-08,0.02015,1.21600016860604e-08,0.1874,TRUE,TRUE
"NM_007579","Cacna1b","Cacna1b","Midbrain","15.5","15.5",1,"higher",0.921475,0.921475,1.30074626027954e-08,0.05095,8.48088829212128e-09,0.8904,TRUE,TRUE
"NM_001042528","Cacna1b","Cacna1b","Midbrain","15.5","15.5",1,"lower",0.921475,0.921475,1.30074626027954e-08,0.0509500000000001,8.48088829212128e-09,0.8904,TRUE,TRUE
"NM_001199020","Angel2","Angel2","Midbrain","11.5","11.5",1,"higher",0.13235,0.13235,1.41579780838108e-08,0.00475,3.22551342385755e-08,0.0619,TRUE,FALSE
"NM_001077510","Gnas","Gnas","Midbrain","15.5","15.5",1,"higher",0.1347,0.1347,1.46829060591825e-08,0.0098,7.6796960657205e-08,0.1219,TRUE,FALSE
"NM_177357","Kalrn","Kalrn","Midbrain","15.5","15.5",1,"lower",0.67525,0.67525,1.53517880653e-08,0.0153500000000001,1.21233596424373e-08,0.6611,TRUE,TRUE
"NM_029931","Mllt3","Mllt3","Midbrain","15.5","15.5",1,"higher",0.1022,0.1022,1.7051678533403e-08,0.00245,2.05040930222634e-08,0.0895,TRUE,TRUE
"NM_153058","Mapre2","Mapre2","Midbrain","15.5","15.5",1,"lower",0.39345,0.39345,1.70788154683225e-08,0.00539999999999996,3.04558921429203e-08,0.3488,TRUE,TRUE
"NM_146123","Cacnb4","Cacnb4","Midbrain","15.5","15.5",1,"lower",0.48985,0.48985,1.72669203534712e-08,0.0674,3.94903787481697e-08,0.3978,TRUE,TRUE
"NM_001252288","Ogdh","Ogdh","Midbrain","15.5","15.5",1,"lower",0.1291,0.1291,1.83876980665525e-08,0.04545,6.8053663289042e-16,0.1163,TRUE,TRUE
"NM_001164268","Kalrn","Kalrn","Midbrain","15.5","15.5",1,"higher",0.67525,0.67525,1.86853329639247e-08,0.01535,1.21233596424373e-08,0.6611,TRUE,TRUE
"NM_178725","Lrrc4c","Lrrc4c","Midbrain","15.5","15.5",1,"lower",0.438,0.438,1.95051582755185e-08,0.0547500000000001,4.4456992160114e-08,0.3968,TRUE,FALSE
"NM_001302337","Aktip","Aktip","Midbrain","15.5","15.5",1,"lower",0.11115,0.11115,1.96088232177331e-08,0.02215,4.45577659895576e-08,0.0952,TRUE,FALSE
"NM_008144","Bscl2","Bscl2","Midbrain","15.5","15.5",1,"lower",0.4783,0.4783,1.98234116959341e-08,0.07495,1.11224294478723e-08,0.3934,TRUE,TRUE
"NM_001177884","Whsc1","Whsc1","Midbrain","15.5","15.5",1,"lower",0.27635,0.27635,2.03657301074608e-08,0.02585,3.57146588550657e-08,0.2388,TRUE,FALSE
"NM_001290493","Rhbdd3","Rhbdd3","Midbrain","12.5","12.5",1,"lower",0.2852,0.2852,2.1456222753235e-08,0.06445,6.02075289504872e-08,0.2253,TRUE,FALSE
"NM_178891","Prmt6","Prmt6","Midbrain","15.5","15.5",1,"higher",0.2423,0.2423,2.1456222753235e-08,0.0356,1.49807230236143e-08,0.2258,TRUE,TRUE
"NR_024139","Prmt6","Prmt6","Midbrain","15.5","15.5",1,"lower",0.2423,0.2423,2.27989621943272e-08,0.0356,1.49807230236143e-08,0.2258,TRUE,TRUE
"NM_139297","Ugp2","Ugp2","Midbrain","15.5","15.5",1,"higher",0.39525,0.39525,2.31354754085617e-08,0.0605,1.6820565646396e-08,0.3484,TRUE,TRUE
"NM_011218","Ptprs","Ptprs","Midbrain","15.5","15.5",1,"higher",0.28435,0.28435,2.47648690493429e-08,0.01155,8.90160645980331e-10,0.234,TRUE,TRUE
"NM_001290634","Ugp2","Ugp2","Midbrain","15.5","15.5",1,"lower",0.39525,0.39525,2.55768874194677e-08,0.0604999999999999,1.6820565646396e-08,0.3484,TRUE,TRUE
"NM_178080","Pde4dip","Pde4dip","Midbrain","15.5","15.5",1,"lower",0.5126,0.5126,2.78823698503647e-08,0.04595,7.7751721977872e-08,0.477,TRUE,TRUE
"NM_198160","Smarcc2","Smarcc2","Midbrain","15.5","15.5",1,"higher",0.4366,0.4366,2.84485742575391e-08,0.0125,5.01798580160228e-08,0.3756,TRUE,TRUE
"NM_001164254","Tpm1","Tpm1","Midbrain","15.5","15.5",1,"lower",0.121075,0.121075,3.19957676604935e-08,0.07045,6.23125568213409e-14,0.1129,TRUE,TRUE
"NM_001309645","2310045N01Rik","2310045N01Rik","Midbrain","15.5","15.5",1,"lower",0.33065,0.33065,3.80187044775529e-08,0.0317000000000001,1.23449956083453e-07,0.3047,TRUE,TRUE
"NM_001098171","Pcdh10","Pcdh10","Midbrain","15.5","15.5",1,"lower",0.2837,0.2837,4.28496286163651e-08,0.0499999999999999,9.607440802776e-08,0.2608,TRUE,TRUE
"NM_011816","G3bp2","G3bp2","Midbrain","15.5","15.5",1,"lower",0.227625,0.227625,4.88638857462218e-08,0.0848000000000001,1.33387093985714e-07,0.2169,TRUE,TRUE
"NM_178362","Sorbs1","Sorbs1","Midbrain","15.5","15.5",1,"higher",0.21545,0.21545,4.88638857462218e-08,0.0315,1.33387093985714e-07,0.1999,TRUE,TRUE
"NM_008781","Pax3","Pax3","Midbrain","15.5","15.5",1,"higher",0.14295,0.14295,4.88638857462218e-08,0.0412,3.19090384604682e-08,0.1297,TRUE,TRUE
"NM_001159520","Pax3","Pax3","Midbrain","15.5","15.5",1,"lower",0.14295,0.14295,4.88638857462218e-08,0.0412,3.19090384604682e-08,0.1297,TRUE,TRUE
"NM_009614","Adam15","Adam15","Midbrain","15.5","15.5",1,"higher",0.58955,0.58955,4.94677948060354e-08,0.0346,3.22411251359193e-08,0.5751,TRUE,TRUE
"NM_001037722","Adam15","Adam15","Midbrain","15.5","15.5",1,"lower",0.58955,0.58955,4.94677948060354e-08,0.0346000000000002,3.22411251359193e-08,0.5751,TRUE,TRUE
"NR_038075","Parp6","Parp6","Midbrain","15.5","15.5",1,"higher",0.26015,0.26015,4.94677948060354e-08,0.00195,3.68179947870252e-14,0.1919,TRUE,TRUE
"NM_001038609","Mapt","Mapt","Midbrain","15.5","15.5",1,"higher",0.346,0.346,4.9919960593398e-08,0.00165,1.38335682216197e-07,0.194,TRUE,FALSE
"NM_001272032","Arvcf","Arvcf","Midbrain","15.5","15.5",1,"higher",0.603525,0.603525,5.08116937034018e-08,0.0299,3.99220222087171e-12,0.5617,TRUE,TRUE
"NM_001277983","Snap91","Snap91","Midbrain","15.5","15.5",1,"higher",0.5536,0.5536,5.26808666285318e-08,0.00755,8.81031145839211e-09,0.5284,TRUE,TRUE
"NM_001077364","Tsc22d3","Tsc22d3","Midbrain","15.5","15.5",1,"higher",0.2355,0.2355,5.29450949882523e-08,0.01695,9.00421379001703e-10,0.2153,TRUE,TRUE
"NM_026884","Fam57b","Fam57b","Midbrain","15.5","15.5",1,"higher",0.8769,0.8769,6.16614768999823e-08,0.0045,3.14673718571413e-14,0.8275,TRUE,TRUE
"NM_001134743","Lrrtm4","Lrrtm4","Midbrain","15.5","15.5",1,"lower",0.2488,0.2488,6.3243262795612e-08,0.07005,1.10681664640704e-07,0.2283,TRUE,FALSE
"NM_001042743","Mast2","Mast2","Midbrain","15.5","15.5",1,"lower",0.525225,0.525225,6.4629328864569e-08,0.0735500000000001,4.2902247471245e-08,0.4992,TRUE,TRUE
"NM_008641","Mast2","Mast2","Midbrain","15.5","15.5",1,"higher",0.525225,0.525225,6.55262364953899e-08,0.0735500000000001,4.2902247471245e-08,0.4992,TRUE,TRUE
"NM_001310146","Pax6","Pax6","Midbrain","15.5","15.5",1,"higher",0.9384,0.9384,7.03551231243945e-08,0.03155,1.22933488012402e-13,0.9134,TRUE,TRUE
"NM_001177844","Frmd4a","Frmd4a","Midbrain","15.5","15.5",1,"higher",0.5225,0.5225,7.56813772567613e-08,0.0529,1.33297580443863e-07,0.4738,TRUE,TRUE
"NM_027530","Rufy3","Rufy3","Midbrain","15.5","15.5",1,"lower",0.53725,0.53725,7.82622735901961e-08,0.0417500000000001,3.88064046945934e-12,0.4527,TRUE,TRUE
"NM_001114361","Eml4","Eml4","Midbrain","15.5","15.5",1,"higher",0.66445,0.66445,7.87943236844716e-08,0.05955,5.68784803173048e-09,0.5639,TRUE,TRUE
"NM_001198886","Dpp6","Dpp6","Midbrain","15.5","15.5",1,"higher",0.5449,0.5449,8.00223164074642e-08,0.0679,1.82293764223878e-07,0.4821,TRUE,TRUE
"NM_178631","Ralyl","Ralyl","Midbrain","15.5","15.5",1,"lower",0.1223,0.1223,8.04795668703741e-08,0.017,1.32707388911756e-13,0.0983,TRUE,TRUE
"NM_012019","Aifm1","Aifm1","Midbrain","15.5","15.5",1,"higher",0.189225,0.189225,8.15838908718335e-08,0.0585499999999999,5.33723831582393e-08,0.187,TRUE,TRUE
"NM_001290364","Aifm1","Aifm1","Midbrain","15.5","15.5",1,"lower",0.189225,0.189225,8.16239318790134e-08,0.05855,5.33723831582393e-08,0.187,TRUE,TRUE
"NM_198249","Arhgef40","Arhgef40","Midbrain","15.5","15.5",1,"higher",0.43985,0.43985,8.18615693419373e-08,0.036,1.44174372581925e-07,0.3834,TRUE,TRUE
"NM_001159616","Pigp","Pigp","Midbrain","15.5","15.5",1,"higher",0.36635,0.36635,8.48974975326701e-08,0.0125,2.79733292729458e-07,0.301,TRUE,TRUE
"NM_001276461","Asap1","Asap1","Midbrain","15.5","15.5",1,"higher",0.34985,0.34985,8.63182800901432e-08,0,2.42570383846299e-07,0.3486,TRUE,FALSE
"NM_001252450","Cldnd1","Cldnd1","Midbrain","15.5","15.5",1,"lower",0.16705,0.16705,9.08470636912878e-08,0.02925,1.61253391322437e-12,0.1238,TRUE,TRUE
"NM_080288","Elmo1","Elmo1","Midbrain","15.5","15.5",1,"higher",0.83235,0.83235,9.23903102546793e-08,0.03145,6.15522535078747e-08,0.8232,TRUE,TRUE
"NM_198093","Elmo1","Elmo1","Midbrain","15.5","15.5",1,"lower",0.83235,0.83235,9.27618040946609e-08,0.0314500000000001,6.15522535078747e-08,0.8232,TRUE,TRUE
"NM_144800","Mtss1","Mtss1","Midbrain","15.5","15.5",1,"higher",0.42445,0.42445,9.72991482860319e-08,0.04195,6.9313145930999e-08,0.397,TRUE,TRUE
"NM_001252074","Nrxn3","Nrxn3","Midbrain","15.5","15.5",1,"lower",0.39845,0.39845,9.72991482860319e-08,0.08085,1.74472319852413e-07,0.3363,TRUE,TRUE
"NM_001243240","Cacfd1","Cacfd1","Midbrain","15.5","15.5",1,"lower",0.13125,0.13125,9.72991482860319e-08,0.00930000000000003,1.74472319852413e-07,0.1135,TRUE,TRUE
"NM_207692","Mapk9","Mapk9","Midbrain","15.5","15.5",1,"higher",0.4467,0.4467,1.0124474870816e-07,0.03435,9.66197432615795e-09,0.3756,TRUE,TRUE
"NM_001146180","Mtss1","Mtss1","Midbrain","15.5","15.5",1,"lower",0.42445,0.42445,1.0444406762407e-07,0.0419499999999998,6.9313145930999e-08,0.397,TRUE,TRUE
"NM_152808","Slc44a2","Slc44a2","Midbrain","11.5","12.5",2,"lower",0.12135,0.113825,1.05477615368529e-07,0.0474,2.16343795067776e-09,0.084,TRUE,TRUE
"NM_001163394","Evl","Evl","Midbrain","15.5","15.5",1,"higher",0.5071,0.5071,1.110234768621e-07,0.0121,2.58263751114767e-07,0.4856,TRUE,TRUE
"NM_011847","Dnajb6","Dnajb6","Midbrain","15.5","15.5",1,"lower",0.2545,0.2545,1.12255607752268e-07,0.01005,6.94363959471714e-09,0.2451,TRUE,TRUE
"NM_181681","Lppr3","Lppr3","Midbrain","15.5","15.5",1,"lower",0.26515,0.26515,1.12342711803463e-07,0.0392000000000001,3.05244711757129e-14,0.2238,TRUE,TRUE
"NM_027326","Mllt3","Mllt3","Midbrain","15.5","15.5",1,"lower",0.1022,0.1022,1.17384876132177e-07,0.0062500000000002,2.05040930222634e-08,0.0895,TRUE,TRUE
"NM_001284270","Tmem201","Tmem201","Midbrain","15.5","15.5",1,"lower",0.33045,0.33045,1.19914247402617e-07,0.06635,2.15126144547394e-07,0.3077,TRUE,TRUE
"NM_001177852","Asph","Asph","Midbrain","15.5","15.5",1,"higher",0.39985,0.39985,1.21738742150743e-07,0,9.67121974433011e-16,0.3868,TRUE,TRUE
"NM_001293773","Palld","Palld","Midbrain","15.5","15.5",1,"lower",0.3934,0.3934,1.28493376297074e-07,0.03145,2.25482708956017e-09,0.3747,TRUE,TRUE
"NM_178634","Csrnp3","Csrnp3","Midbrain","15.5","15.5",1,"lower",0.323,0.323,1.32468442268831e-07,0.0941,2.39042619509896e-07,0.2838,TRUE,FALSE
"NM_001199186","Slc44a2","Slc44a2","Midbrain","11.5","12.5",2,"higher",0.12135,0.113825,1.42937966018581e-07,0.0474000000000001,2.16343795067776e-09,0.084,TRUE,TRUE
"NM_172144","Ppp2r3a","Ppp2r3a","Midbrain","15.5","15.5",1,"higher",0.88745,0.88745,1.55727259459906e-07,0.0186,1.04009319824704e-07,0.8754,TRUE,TRUE
"NM_001161362","Ppp2r3a","Ppp2r3a","Midbrain","15.5","15.5",1,"lower",0.88745,0.88745,1.55727259459906e-07,0.0186000000000001,1.04009319824704e-07,0.8754,TRUE,TRUE
"NM_001033908","Med22","Med22","Midbrain","15.5","15.5",1,"lower",0.12955,0.12955,1.58852714751329e-07,0.00580000000000036,1.98691437811333e-07,0.0951,TRUE,TRUE
"NM_027270","Exoc1","Exoc1","Midbrain","15.5","15.5",1,"lower",0.6672,0.6672,1.65175053159172e-07,0.0531500000000003,2.94033150407258e-07,0.6312,TRUE,TRUE
"NM_001159617","Pigp","Pigp","Midbrain","15.5","15.5",1,"lower",0.223775,0.223775,1.68730281549985e-07,0.0797499999999999,2.79733292729458e-07,0.1979,TRUE,TRUE
"NM_001162942","Mapre2","Mapre2","Midbrain","15.5","15.5",1,"higher",0.2974,0.2974,1.68989071294733e-07,0.00360000000000001,3.04558921429203e-08,0.2946,TRUE,TRUE
"NM_001302163","Acsl1","Acsl1","Midbrain","15.5","15.5",1,"higher",0.3686,0.3686,1.77182196469405e-07,0.014,1.59429027722121e-07,0.359,TRUE,TRUE
"NM_001048139","Bdnf","Bdnf","Midbrain","15.5","15.5",1,"lower",0.1377,0.1377,1.77593036206672e-07,0.05595,6.96304051361776e-07,0.1307,TRUE,FALSE
"NM_001243769","Cdc42","Cdc42","Midbrain","15.5","15.5",1,"lower",0.39465,0.39465,1.940964363472e-07,0.0559499999999999,1.33387093985714e-07,0.3631,TRUE,TRUE
"NM_001083807","Rusc1","Rusc1","Midbrain","15.5","15.5",1,"lower",0.63375,0.63375,1.97474545933245e-07,0.0361000000000001,3.49643944024566e-07,0.5723,TRUE,TRUE
"NM_001282042","Sh3glb1","Sh3glb1","Midbrain","15.5","15.5",1,"higher",0.59625,0.59625,1.98715392258564e-07,0.04225,4.57952532319579e-17,0.5691,TRUE,FALSE
"NM_009861","Cdc42","Cdc42","Midbrain","15.5","15.5",1,"higher",0.39465,0.39465,2.00117872146191e-07,0.05595,1.33387093985714e-07,0.3631,TRUE,TRUE
"NM_001205239","Parp6","Parp6","Midbrain","15.5","15.5",1,"lower",0.394,0.394,2.07165528223743e-07,0.03325,3.68179947870252e-14,0.3103,TRUE,TRUE
"NM_001163397","Elavl4","Elavl4","Midbrain","15.5","15.5",1,"higher",0.3237,0.3237,2.24850367047303e-07,0.01225,4.00497247563733e-07,0.1498,TRUE,TRUE
"NM_007981","Acsl1","Acsl1","Midbrain","15.5","15.5",1,"lower",0.3686,0.3686,2.40616180235953e-07,0.0140000000000001,1.59429027722121e-07,0.359,TRUE,TRUE
"NM_001085371","Speg","Speg","Midbrain","15.5","15.5",1,"lower",0.14885,0.14885,2.43465747877113e-07,0.0583,2.33941676552492e-12,0.1313,TRUE,TRUE
"NM_207635","Rps24","Rps24","Midbrain","15.5","15.5",1,"higher",0.3604,0.3604,2.70997777855161e-07,0.00495,6.85130451244867e-09,0.301,TRUE,TRUE
"NM_001198570","Abi2","Abi2","Midbrain","15.5","15.5",1,"lower",0.1955,0.1955,2.85362466578113e-07,0.0940500000000001,1.82863091885445e-10,0.1801,TRUE,FALSE
"NM_001159567","Meis2","Meis2","Midbrain","15.5","15.5",1,"lower",0.32845,0.32845,2.85757831201818e-07,0.0419,9.57609269169376e-07,0.3131,TRUE,FALSE
"NM_001289673","Kctd17","Kctd17","Midbrain","15.5","15.5",1,"lower",0.3985,0.3985,3.07771957447866e-07,0.0505,7.15008736664618e-07,0.3399,TRUE,TRUE
"NM_030114","Herc4","Herc4","Midbrain","15.5","15.5",1,"lower",0.542875,0.542875,3.13441726332062e-07,0.0887500000000001,2.08499779396617e-07,0.4631,TRUE,TRUE
"NM_026101","Herc4","Herc4","Midbrain","15.5","15.5",1,"higher",0.542875,0.542875,3.1459145667859e-07,0.0887500000000001,2.08499779396617e-07,0.4631,TRUE,TRUE
"NM_133201","Mfn2","Mfn2","Midbrain","15.5","15.5",1,"lower",0.7149,0.7149,3.16051792566582e-07,0.0865999999999999,9.8197634055192e-08,0.7061,TRUE,TRUE
"NM_001293772","Palld","Palld","Midbrain","15.5","15.5",1,"higher",0.4631,0.4631,3.32741470059999e-07,0.0143,2.25482708956017e-09,0.4172,TRUE,TRUE
"NM_001164198","Prkacb","Prkacb","Midbrain","15.5","15.5",1,"lower",0.1799,0.1799,3.34091772508046e-07,0.04765,7.79913660854156e-07,0.1625,TRUE,TRUE
"NR_038074","Parp6","Parp6","Midbrain","15.5","15.5",1,"higher",0.5236,0.5236,3.41359033767258e-07,0.0076,3.68179947870252e-14,0.5097,TRUE,TRUE
"NM_010065","Dnm1","Dnm1","Midbrain","15.5","15.5",1,"higher",0.332,0.332,3.42530547351275e-07,0.0349999999999999,6.18584814912751e-07,0.295,TRUE,TRUE
"NM_001276764","Dst","Dst","Midbrain","15.5","15.5",1,"higher",0.1548,0.1548,3.43602961408906e-07,0.00234999999999999,6.19695775807616e-07,0.1482,TRUE,TRUE
"NM_001130456","Sema6b","Sema6b","Midbrain","15.5","15.5",1,"lower",0.9909,0.9909,3.49797950993786e-07,0.00909999999999989,2.36092364312019e-07,0.9883,TRUE,TRUE
"NM_013662","Sema6b","Sema6b","Midbrain","15.5","15.5",1,"higher",0.9909,0.9909,3.55309740945182e-07,0.0091,2.36092364312019e-07,0.9883,TRUE,TRUE
"NR_028316","Mdp1","Mdp1","Midbrain","15.5","15.5",1,"lower",0.20215,0.20215,3.65346885318312e-07,0.0194999999999999,2.76553837018061e-07,0.1723,TRUE,TRUE
"NM_001302636","Phactr1","Phactr1","Midbrain","15.5","15.5",1,"higher",0.87965,0.87965,3.67743462377337e-07,0.0213,8.6131153957679e-07,0.8188,TRUE,TRUE
"NM_053242","Foxp2","Foxp2","Midbrain","15.5","15.5",1,"higher",0.5388,0.5388,3.85745603281682e-07,0.0779499999999999,6.96304051361776e-07,0.4594,TRUE,TRUE
"NR_033241","Bmp1","Bmp1","Midbrain","15.5","15.5",1,"higher",0.24355,0.24355,3.87615224913355e-07,0.01775,2.79733292729458e-07,0.2241,TRUE,TRUE
"NM_001039511","Ivns1abp","Ivns1abp","Midbrain","15.5","15.5",1,"higher",0.1497,0.1497,3.87615224913355e-07,0.0204000000000001,4.29025254203989e-07,0.1406,TRUE,TRUE
"NM_011513","Med22","Med22","Midbrain","15.5","15.5",1,"higher",0.12955,0.12955,3.93237360306417e-07,0.0058,1.98691437811333e-07,0.0951,TRUE,TRUE
"NM_001076554","Sptan1","Sptan1","Midbrain","15.5","15.5",1,"higher",0.261925,0.261925,3.95499764737304e-07,0.0191,7.25726456323495e-07,0.1968,TRUE,TRUE
"NM_001122850","Pard3","Pard3","Midbrain","15.5","15.5",1,"lower",0.1915,0.1915,4.03100861307104e-07,0.0218999999999999,1.30955186496397e-10,0.1832,TRUE,FALSE
"NM_007532","Bcat1","Bcat1","Midbrain","15.5","15.5",1,"higher",0.788975,0.788975,4.05783090347995e-07,0.0348,2.74562328344125e-07,0.6798,TRUE,TRUE
"NM_001202445","Mapk8ip1","Mapk8ip1","Midbrain","15.5","15.5",1,"higher",0.37695,0.37695,4.06638511883568e-07,0.02305,5.18850024449746e-09,0.3514,TRUE,TRUE
"NM_001024468","Bcat1","Bcat1","Midbrain","15.5","15.5",1,"lower",0.788975,0.788975,4.07247339291406e-07,0.0347999999999998,2.74562328344125e-07,0.6798,TRUE,TRUE
"NM_023397","Mdp1","Mdp1","Midbrain","15.5","15.5",1,"higher",0.20215,0.20215,4.10890035373378e-07,0.0195,2.76553837018061e-07,0.1723,TRUE,TRUE
"NM_009755","Bmp1","Bmp1","Midbrain","15.5","15.5",1,"lower",0.24355,0.24355,4.17628875135458e-07,0.0177499999999999,2.79733292729458e-07,0.2241,TRUE,TRUE
"NM_011043","Pcdh10","Pcdh10","Midbrain","15.5","15.5",1,"higher",0.4004,0.4004,4.26561248871698e-07,0.03465,9.607440802776e-08,0.3568,TRUE,TRUE
"NM_001252497","Rapgef6","Rapgef6","Midbrain","15.5","15.5",1,"lower",0.22085,0.22085,4.26561248871698e-07,0.00979999999999992,9.9577728211603e-07,0.194,TRUE,FALSE
"NM_015828","Gne","Gne","Midbrain","15.5","15.5",1,"lower",0.1583,0.1583,4.32906320793824e-07,0.016,3.17707710631046e-07,0.1209,TRUE,TRUE
"NM_054102","Ivns1abp","Ivns1abp","Midbrain","15.5","15.5",1,"lower",0.1516,0.1516,4.39551287090509e-07,0.0183999999999997,4.29025254203989e-07,0.1386,TRUE,TRUE
"NM_001163775","Taok2","Taok2","Midbrain","15.5","15.5",1,"higher",0.353875,0.353875,4.69490960095906e-07,0.00550000000000006,3.17707710631046e-07,0.3204,TRUE,TRUE
"NM_001190414","Gne","Gne","Midbrain","15.5","15.5",1,"higher",0.1583,0.1583,4.70776204139789e-07,0.0160000000000001,3.17707710631046e-07,0.1209,TRUE,TRUE
"NM_001163774","Taok2","Taok2","Midbrain","15.5","15.5",1,"lower",0.353875,0.353875,4.71640022407389e-07,0.00549999999999984,3.17707710631046e-07,0.3204,TRUE,TRUE
"NM_001291014","Zkscan17","Zkscan17","Midbrain","14.5","14.5",1,"higher",0.12935,0.12935,4.75042849506428e-07,0.017,8.77802785571137e-07,0.1074,TRUE,FALSE
"NM_001291071","Pfkp","Pfkp","Midbrain","15.5","15.5",1,"lower",0.1961,0.1961,4.87601915627998e-07,0.0816,3.36490819362849e-07,0.1746,TRUE,TRUE
"NM_019703","Pfkp","Pfkp","Midbrain","15.5","15.5",1,"higher",0.1961,0.1961,4.98416831746849e-07,0.0816000000000001,3.36490819362849e-07,0.1746,TRUE,TRUE
"NM_001289539","Sh2b1","Sh2b1","Midbrain","15.5","15.5",1,"higher",0.5858,0.5858,5.04857909690398e-07,0.09945,1.99106365435989e-09,0.5596,TRUE,TRUE
"NM_007495","Astn1","Astn1","Midbrain","15.5","15.5",1,"higher",0.15785,0.15785,5.04857909690398e-07,0.0308499999999999,3.415892583183e-07,0.1326,TRUE,TRUE
"NM_001205204","Astn1","Astn1","Midbrain","15.5","15.5",1,"lower",0.15785,0.15785,5.04857909690398e-07,0.03085,3.415892583183e-07,0.1326,TRUE,TRUE
"NM_001114096","Smarcc2","Smarcc2","Midbrain","15.5","15.5",1,"lower",0.510775,0.510775,5.08096654778359e-07,0.0227000000000001,5.01798580160228e-08,0.4977,TRUE,TRUE
"NM_008440","Kif1a","Kif1a","Midbrain","15.5","15.5",1,"lower",0.361,0.361,5.16057857018168e-07,0.09545,1.24816162806476e-06,0.3144,TRUE,FALSE
"NM_175154","Galk2","Galk2","Midbrain","15.5","15.5",1,"lower",0.19395,0.19395,5.20892023053136e-07,0.0821000000000001,3.66505804663863e-07,0.1766,TRUE,TRUE
"NM_001038698","Elavl4","Elavl4","Midbrain","15.5","15.5",1,"lower",0.2158,0.2158,5.24458076718944e-07,0.0289000000000001,4.00497247563733e-07,0.1948,TRUE,TRUE
"NM_001289538","Sh2b1","Sh2b1","Midbrain","15.5","15.5",1,"lower",0.1001,0.1001,5.25913256191562e-07,0.02275,1.99106365435989e-09,0.0823,TRUE,TRUE
"NM_015782","Snrpa","Snrpa","Midbrain","15.5","15.5",1,"higher",0.2074,0.2074,5.38327564704759e-07,0.0364,1.0076044409625e-06,0.1842,TRUE,TRUE
"NM_001291002","Galk2","Galk2","Midbrain","15.5","15.5",1,"higher",0.19395,0.19395,5.38327564704759e-07,0.0821,3.66505804663863e-07,0.1766,TRUE,TRUE
"NM_001024458","Add1","Add1","Midbrain","15.5","15.5",1,"higher",0.46185,0.46185,5.42078055708625e-07,0.03405,1.04700101346299e-10,0.4335,TRUE,TRUE
"NM_001122737","Igf2","Igf2","Midbrain","15.5","15.5",1,"lower",0.28015,0.28015,6.02337461517382e-07,0.0192499999999999,1.12118930144499e-06,0.2598,TRUE,TRUE
"NM_177672","Tmem201","Tmem201","Midbrain","15.5","15.5",1,"higher",0.36105,0.36105,6.12201671978114e-07,0.0547,2.15126144547394e-07,0.348,TRUE,TRUE
"NM_001289720","Ampd2","Ampd2","Midbrain","15.5","15.5",1,"lower",0.405975,0.405975,6.15746481121035e-07,0.0415000000000001,1.14679686541858e-06,0.3627,TRUE,TRUE
"NM_001037755","Baiap2","Baiap2","Midbrain","15.5","15.5",1,"higher",0.20335,0.20335,6.24296867165882e-07,0.0973500000000002,1.16121403651713e-06,0.1957,TRUE,FALSE
"NM_052973","Strn3","Strn3","Midbrain","15.5","15.5",1,"lower",0.2507,0.2507,6.55474858629282e-07,0.04665,4.75917811038758e-07,0.2202,TRUE,TRUE
"NM_001302390","Ppap2c","Ppap2c","Midbrain","15.5","15.5",1,"lower",0.488275,0.488275,6.59580311521368e-07,0.06155,1.61585757221405e-06,0.4514,TRUE,TRUE
"NM_001083808","Rusc1","Rusc1","Midbrain","15.5","15.5",1,"higher",0.623675,0.623675,6.82056247205552e-07,0.0429,3.49643944024566e-07,0.555,TRUE,TRUE
"NM_001172098","Strn3","Strn3","Midbrain","15.5","15.5",1,"higher",0.2507,0.2507,6.95103485971743e-07,0.0466499999999999,4.75917811038758e-07,0.2202,TRUE,TRUE
"NM_001285890","Pde1b","Pde1b","Midbrain","15.5","15.5",1,"higher",0.5843,0.5843,7.47010189057273e-07,0.0243,5.15620660570657e-07,0.4512,TRUE,TRUE
"NM_008800","Pde1b","Pde1b","Midbrain","15.5","15.5",1,"lower",0.5843,0.5843,7.54118959201955e-07,0.0243000000000001,5.15620660570657e-07,0.4512,TRUE,TRUE
"NM_177710","Ssh2","Ssh2","Midbrain","15.5","15.5",1,"lower",0.56395,0.56395,7.55471148521246e-07,0.05625,5.16856217782815e-07,0.5026,TRUE,TRUE
"NM_001291190","Ssh2","Ssh2","Midbrain","15.5","15.5",1,"higher",0.56395,0.56395,7.55746504041285e-07,0.05625,5.16856217782815e-07,0.5026,TRUE,TRUE
"NM_001159647","Cntn1","Cntn1","Midbrain","15.5","15.5",1,"lower",0.3761,0.3761,7.76271066001891e-07,0.0410999999999999,1.45640655835598e-06,0.3692,TRUE,TRUE
"NM_133833","Dst","Dst","Midbrain","15.5","15.5",1,"lower",0.256,0.256,7.92424590835825e-07,0.0150499999999999,6.19695775807616e-07,0.2144,TRUE,TRUE
"NM_001110229","Celf2","Celf2","Midbrain","15.5","15.5",1,"higher",0.2337,0.2337,8.06704164244058e-07,0.04285,2.00449894653278e-23,0.215,TRUE,TRUE
"NM_011544","Tcf12","Tcf12","Midbrain","15.5","15.5",1,"higher",0.27965,0.27965,8.40129904756077e-07,0.04955,1.98875661404567e-06,0.2581,TRUE,TRUE
"NR_110357","Kctd17","Kctd17","Midbrain","15.5","15.5",1,"higher",0.4435,0.4435,8.48430294450132e-07,0.01685,7.15008736664618e-07,0.3787,TRUE,TRUE
"NM_010026","Asap1","Asap1","Midbrain","14.5","14.5",1,"lower",0.13895,0.13895,8.48430294450132e-07,0.0272,2.42570383846299e-07,0.1123,TRUE,FALSE
"NM_026324","Kirrel3","Kirrel3","Midbrain","15.5","15.5",1,"lower",0.235525,0.235525,8.49096232671036e-07,0.0726999999999999,2.0988261139863e-06,0.2113,TRUE,FALSE
"NM_001080795","G3bp2","G3bp2","Midbrain","15.5","15.5",1,"higher",0.1977,0.1977,8.59001019570954e-07,0.07035,1.33387093985714e-07,0.1798,TRUE,TRUE
"NM_001201415","Apbb2","Apbb2","Midbrain","12.5","12.5",1,"higher",0.14405,0.14405,8.84359330066493e-07,0.08055,2.66095006012372e-06,0.116,TRUE,FALSE
"NM_007835","Dctn1","Dctn1","Midbrain","15.5","15.5",1,"lower",0.18845,0.18845,9.26906732101144e-07,0.064,3.20937941530207e-14,0.1636,TRUE,TRUE
"NM_001113364","Tbc1d14","Tbc1d14","Midbrain","15.5","15.5",1,"lower",0.22105,0.22105,9.83887576342856e-07,0.0204500000000002,1.84671437520747e-06,0.1682,TRUE,TRUE
"NM_001080132","Tmpo","Tmpo","Midbrain","15.5","15.5",1,"lower",0.18865,0.18865,1.03657005407409e-06,0.0435,2.02060873214152e-08,0.155,TRUE,TRUE
"NM_001198823","App","App","Midbrain","15.5","15.5",1,"higher",0.1115,0.1115,1.06252734601911e-06,0.00615000000000001,1.10094225489185e-08,0.0913,TRUE,TRUE
"NM_001042577","Lhx9","Lhx9","Midbrain","15.5","15.5",1,"higher",0.23425,0.23425,1.08130208747177e-06,0.0201,2.75508652556473e-13,0.1594,TRUE,TRUE
"NM_008632","Map2","Map2","Midbrain","15.5","15.5",1,"lower",0.82015,0.82015,1.08937671698027e-06,0.0211,7.81780952816228e-07,0.6622,TRUE,TRUE
"NM_001195538","Dclk1","Dclk1","Midbrain","15.5","15.5",1,"lower",0.2922,0.2922,1.11350970257696e-06,0.0913499999999999,2.3587244249189e-09,0.2438,TRUE,TRUE
"NM_019561","Ensa","Ensa","Midbrain","15.5","15.5",1,"lower",0.17395,0.17395,1.11949031249236e-06,0.08245,8.76000434758424e-07,0.1568,TRUE,TRUE
"NM_001039934","Map2","Map2","Midbrain","15.5","15.5",1,"higher",0.82015,0.82015,1.14151385638378e-06,0.0211,7.81780952816228e-07,0.6622,TRUE,TRUE
"NM_009822","Runx1t1","Runx1t1","Midbrain","15.5","15.5",1,"higher",0.1985,0.1985,1.1658333375037e-06,0.0096,2.19654881960031e-06,0.163,TRUE,TRUE
"NM_080644","Cacng5","Cacng5","Midbrain","15.5","15.5",1,"higher",1,1,1.18723106978234e-06,0,8.35520989899126e-07,1,TRUE,TRUE
"NM_001290414","Fgf13","Fgf13","Midbrain","15.5","15.5",1,"higher",0.36985,0.36985,1.2050207175755e-06,0.0416500000000001,3.91981822442236e-15,0.3319,TRUE,FALSE
"NM_001199301","Cacng5","Cacng5","Midbrain","15.5","15.5",1,"lower",1,1,1.21943964194018e-06,0,8.35520989899126e-07,1,TRUE,TRUE
"NM_001290378","Ap1s2","Ap1s2","Midbrain","15.5","15.5",1,"higher",0.64325,0.64325,1.26161968812152e-06,0.0158,3.20937941530207e-14,0.6247,TRUE,TRUE
"NM_001026212","Ensa","Ensa","Midbrain","15.5","15.5",1,"higher",0.17395,0.17395,1.28241507551192e-06,0.08245,8.76000434758424e-07,0.1568,TRUE,TRUE
"NM_001285920","Mfn2","Mfn2","Midbrain","15.5","15.5",1,"higher",0.6182,0.6182,1.32925869366815e-06,0.0039,9.8197634055192e-08,0.6092,TRUE,TRUE
"NM_001093760","Trappc13","Trappc13","Midbrain","15.5","15.5",1,"lower",0.28515,0.28515,1.36291303510897e-06,0.0185000000000001,2.56844683788001e-06,0.2752,TRUE,FALSE
"NM_020012","Rnf14","Rnf14","Midbrain","15.5","15.5",1,"lower",0.26805,0.26805,1.40348565649309e-06,0.08705,2.63377884016617e-06,0.2596,TRUE,TRUE
"NM_009166","Sorbs1","Sorbs1","Midbrain","15.5","15.5",1,"lower",0.247175,0.247175,1.42046234380032e-06,0.09435,1.33387093985714e-07,0.2102,TRUE,TRUE
"NM_013910","Kdm2b","Kdm2b","Midbrain","15.5","15.5",1,"lower",0.1154,0.1154,1.43451714736896e-06,0.00595000000000012,1.69113335311722e-06,0.111,TRUE,TRUE
"NM_001253863","Tcf12","Tcf12","Midbrain","15.5","15.5",1,"lower",0.50215,0.50215,1.53918699255876e-06,0.0743,1.98875661404567e-06,0.4886,TRUE,TRUE
"NM_153399","Syne1","Syne1","Midbrain","15.5","15.5",1,"lower",0.4007,0.4007,1.66969395420473e-06,0.06135,3.12076123688032e-06,0.3558,TRUE,FALSE
"NM_027874","Csnk1d","Csnk1d","Midbrain","15.5","15.5",1,"higher",0.30555,0.30555,1.78448229706096e-06,0.0273,1.22510411858839e-06,0.2585,TRUE,TRUE
"NM_001109685","Kazn","Kazn","Midbrain","15.5","15.5",1,"higher",0.5465,0.5465,1.81815722677432e-06,0.0533,3.39446231826276e-06,0.5192,TRUE,TRUE
"NM_139059","Csnk1d","Csnk1d","Midbrain","15.5","15.5",1,"lower",0.30555,0.30555,1.82122495952596e-06,0.0273,1.22510411858839e-06,0.2585,TRUE,TRUE
"NM_001039586","Glyctk","Glyctk","Midbrain","15.5","15.5",1,"higher",0.7996,0.7996,1.84175318835113e-06,0.0661,1.36158999881737e-06,0.7581,TRUE,TRUE
"NM_001102455","Aplp2","Aplp2","Midbrain","15.5","15.5",1,"higher",0.22605,0.22605,1.89224946294337e-06,0.0636,1.26018419214305e-11,0.187,TRUE,TRUE
"NM_011100","Prkacb","Prkacb","Midbrain","15.5","15.5",1,"higher",0.369225,0.369225,1.94196515035819e-06,0.0393,7.79913660854156e-07,0.3534,TRUE,TRUE
"NM_001163622","Prepl","Prepl","Midbrain","15.5","15.5",1,"higher",0.19065,0.19065,1.97197247773058e-06,0.0131,3.67499793066861e-06,0.1811,TRUE,FALSE
"NM_001110844","Cacna2d1","Cacna2d1","Midbrain","15.5","15.5",1,"lower",0.89895,0.89895,2.00912109530137e-06,0.0371499999999999,3.73980266355776e-06,0.8334,TRUE,TRUE
"NM_174846","Glyctk","Glyctk","Midbrain","15.5","15.5",1,"lower",0.7996,0.7996,2.01447054629354e-06,0.0660999999999998,1.36158999881737e-06,0.7581,TRUE,TRUE
"NM_023215","Chtop","Chtop","Midbrain","15.5","15.5",1,"higher",0.134625,0.134625,2.06455213013223e-06,0.04115,1.48694420886133e-16,0.1205,TRUE,TRUE
"NM_007935","Epc1","Epc1","Midbrain","15.5","15.5",1,"lower",0.1441,0.1441,2.1700811781609e-06,0.01145,4.00793706000902e-06,0.1315,TRUE,TRUE
"NR_027859","Pfkfb2","Pfkfb2","Midbrain","11.5","11.5",1,"higher",0.14245,0.14245,2.22053362599454e-06,0.02865,4.08492043842017e-06,0.1094,TRUE,FALSE
"NM_001243051","Atp6v0a1","Atp6v0a1","Midbrain","15.5","15.5",1,"higher",0.25435,0.25435,2.34263511621497e-06,0.0293,3.79657073732693e-13,0.1954,TRUE,TRUE
"NM_001290535","Ogt","Ogt","Midbrain","15.5","15.5",1,"lower",0.2412,0.2412,2.35793967719319e-06,0.0397000000000001,1.75174486088312e-06,0.1967,TRUE,TRUE
"NM_019765","Clip1","Clip1","Midbrain","15.5","15.5",1,"higher",0.37985,0.37985,2.35985083635956e-06,0.04445,1.61585757221405e-06,0.3474,TRUE,TRUE
"NM_001291229","Clip1","Clip1","Midbrain","15.5","15.5",1,"lower",0.37985,0.37985,2.36597209111315e-06,0.0444499999999999,1.61585757221405e-06,0.3474,TRUE,TRUE
"NM_001289619","Zyx","Zyx","Midbrain","15.5","15.5",1,"lower",0.28715,0.28715,2.37373617306106e-06,0.00595000000000001,5.82515569076429e-06,0.2651,TRUE,TRUE
"NM_009792","Camk2a","Camk2a","Midbrain","15.5","15.5",1,"higher",0.48675,0.48675,2.41625865129664e-06,0.01595,3.99220222087171e-12,0.4587,TRUE,TRUE
"NM_153777","Lrrc56","Lrrc56","Midbrain","15.5","15.5",1,"lower",0.67,0.67,2.42756287146243e-06,0.05215,4.52039940919759e-06,0.6073,TRUE,FALSE
"NM_020011","Sphk2","Sphk2","Midbrain","15.5","15.5",1,"lower",0.2146,0.2146,2.44405567909019e-06,0.0496000000000001,4.55257192988152e-06,0.1635,TRUE,TRUE
"NM_001301354","Apod","Apod","Midbrain","15.5","15.5",1,"lower",0.1784,0.1784,2.44405567909019e-06,0.0589,5.00895005332351e-09,0.166,TRUE,TRUE
"NM_001253688","Immt","Immt","Midbrain","15.5","15.5",1,"higher",0.70065,0.70065,2.45473958784908e-06,0.0213,1.23122591982581e-16,0.6738,TRUE,TRUE
"NM_001003953","Kdm2b","Kdm2b","Midbrain","15.5","15.5",1,"higher",0.1154,0.1154,2.45647512066166e-06,0.00595,1.69113335311722e-06,0.111,TRUE,TRUE
"NM_206856","Tacc2","Tacc2","Midbrain","15.5","15.5",1,"higher",0.6457,0.6457,2.49742764418983e-06,0.01765,7.97793510882017e-07,0.5865,TRUE,TRUE
"NM_139144","Ogt","Ogt","Midbrain","15.5","15.5",1,"higher",0.2412,0.2412,2.54402942807747e-06,0.0397000000000001,1.75174486088312e-06,0.1967,TRUE,TRUE
"NM_001163542","Plec","Plec","Midbrain","15.5","15.5",1,"lower",0.2917,0.2917,2.62036980378888e-06,0.0331,4.5286342665047e-09,0.2751,TRUE,FALSE
"NM_001005740","Phactr1","Phactr1","Midbrain","15.5","15.5",1,"lower",0.87,0.87,2.75372530481314e-06,0.0801000000000002,8.6131153957679e-07,0.8282,TRUE,TRUE
"NM_001291213","Myo18a","Myo18a","Midbrain","15.5","15.5",1,"lower",0.25675,0.25675,2.86914391048571e-06,0.07305,8.73811109848573e-06,0.2514,TRUE,TRUE
"NM_001002011","Lmna","Lmna","Midbrain","15.5","15.5",1,"higher",0.1991,0.1991,3.38637050375077e-06,0.04075,6.39601951084842e-06,0.1703,TRUE,FALSE
"NM_001281847","Kcnk2","Kcnk2","Midbrain","15.5","15.5",1,"lower",0.1049,0.1049,3.59347993611094e-06,0.04835,8.85369539233053e-06,0.1047,TRUE,FALSE
"NM_001144993","2810459M11Rik","2810459M11Rik","Midbrain","15.5","15.5",1,"higher",0.36235,0.36235,3.61448583216237e-06,0.0383999999999999,2.56844683788001e-06,0.3572,TRUE,TRUE
"NM_001177843","Frmd4a","Frmd4a","Midbrain","15.5","15.5",1,"lower",0.220175,0.220175,3.62425014822065e-06,0.0281,1.33297580443863e-07,0.1793,TRUE,TRUE
"NM_001039092","Tom1l2","Tom1l2","Midbrain","15.5","15.5",1,"lower",0.18075,0.18075,3.62517790461872e-06,0.05585,6.91565891764483e-06,0.1718,TRUE,FALSE
"NM_001205330","Map4","Map4","Midbrain","15.5","15.5",1,"higher",0.24845,0.24845,3.62969191595031e-06,0.0087,1.27692771345271e-14,0.2041,TRUE,TRUE
"NM_001198824","App","App","Midbrain","15.5","15.5",1,"higher",0.1651,0.1651,3.62969191595031e-06,0.0145,1.10094225489185e-08,0.128,TRUE,TRUE
"NM_001144992","2810459M11Rik","2810459M11Rik","Midbrain","15.5","15.5",1,"lower",0.36235,0.36235,3.69467627986723e-06,0.0384,2.56844683788001e-06,0.3572,TRUE,TRUE
"NM_175643","Adamts2","Adamts2","Midbrain","15.5","15.5",1,"higher",0.5476,0.5476,3.7140906772072e-06,0.068,2.63377884016617e-06,0.5308,TRUE,TRUE
"NM_001277305","Adamts2","Adamts2","Midbrain","15.5","15.5",1,"lower",0.5476,0.5476,3.79779540681173e-06,0.0679999999999999,2.63377884016617e-06,0.5308,TRUE,TRUE
"NM_001159516","Qk","Qk","Midbrain","15.5","15.5",1,"lower",0.25455,0.25455,4.21431820267559e-06,0.06845,6.96044677668162e-08,0.2369,TRUE,FALSE
"NM_021314","Tacc2","Tacc2","Midbrain","15.5","15.5",1,"lower",0.658,0.658,4.30828015779365e-06,0.01695,7.97793510882017e-07,0.6026,TRUE,TRUE
"NM_025858","Shisa5","Shisa5","Midbrain","15.5","15.5",1,"higher",0.4032,0.4032,4.44833063554905e-06,0.07645,4.04018300311065e-08,0.3678,TRUE,FALSE
"NR_125917","Mpdu1","Mpdu1","Midbrain","15.5","15.5",1,"lower",0.24705,0.24705,4.62279269643809e-06,0.0493999999999999,8.7995333196955e-06,0.205,TRUE,TRUE
"NM_001304432","Eif4g1","Eif4g1","Midbrain","15.5","15.5",1,"higher",0.36085,0.36085,4.66642746548605e-06,0.01645,3.39446231826276e-06,0.3056,TRUE,TRUE
"NM_001161540","Islr2","Islr2","Midbrain","15.5","15.5",1,"lower",0.2897,0.2897,4.7351697694158e-06,0.03335,1.78273909480625e-08,0.2677,TRUE,FALSE
"NM_172441","Shroom2","Shroom2","Midbrain","15.5","15.5",1,"higher",0.60235,0.60235,4.85212751396977e-06,0.00325,1.46318821510421e-05,0.4951,TRUE,FALSE
"NM_029978","Fam57b","Fam57b","Midbrain","15.5","15.5",1,"lower",0.39275,0.39275,4.86583969917232e-06,0.0578500000000001,3.14673718571413e-14,0.346,TRUE,TRUE
"NM_001113188","Fxr1","Fxr1","Midbrain","15.5","15.5",1,"higher",0.3143,0.3143,4.86583969917232e-06,0.01155,9.3019507652527e-06,0.25,TRUE,TRUE
"NM_145941","Eif4g1","Eif4g1","Midbrain","15.5","15.5",1,"lower",0.36085,0.36085,4.87909330562437e-06,0.0164499999999999,3.39446231826276e-06,0.3056,TRUE,TRUE
"NM_001159515","H2afy","H2afy","Midbrain","15.5","15.5",1,"higher",0.21075,0.21075,5.00619112654324e-06,0.0239,9.5886226222546e-06,0.1702,TRUE,TRUE
"NM_030554","Rab27b","Rab27b","Midbrain","15.5","15.5",1,"higher",0.7867,0.7867,5.04206482783351e-06,0,1.2529503706627e-05,0.6082,TRUE,TRUE
"NM_001253717","Atg7","Atg7","Midbrain","15.5","15.5",1,"higher",0.46035,0.46035,5.0547298954764e-06,0.0081,9.67664894436434e-06,0.4279,TRUE,FALSE
"NM_001198876","Dync1i2","Dync1i2","Midbrain","15.5","15.5",1,"higher",0.4727,0.4727,5.07471115364555e-06,0,6.37010208947998e-12,0.4572,TRUE,TRUE
"NM_011878","Tiam2","Tiam2","Midbrain","15.5","15.5",1,"higher",0.3465,0.3465,5.16117507084194e-06,0.015,9.88191569225197e-06,0.2252,TRUE,FALSE
"NM_001271727","Trim2","Trim2","Midbrain","15.5","15.5",1,"higher",0.2099,0.2099,5.17932784428154e-06,0.02005,1.57280018774296e-05,0.1786,TRUE,TRUE
"NM_001286346","Eml1","Eml1","Midbrain","15.5","15.5",1,"higher",0.5659,0.5659,5.21212686102323e-06,0.02625,1.10556012570091e-16,0.5357,TRUE,TRUE
"NM_001122963","Gpbp1","Gpbp1","Midbrain","15.5","15.5",1,"higher",0.2649,0.2649,5.22881809248218e-06,0.0256,3.96588503468011e-06,0.17,TRUE,TRUE
"NM_001164622","Rnf14","Rnf14","Midbrain","15.5","15.5",1,"higher",0.2369,0.2369,5.41725651023719e-06,0.08835,2.63377884016617e-06,0.2306,TRUE,TRUE
"NM_007575","Ciita","Ciita","Midbrain","13.5","13.5",1,"lower",0.898775,0.898775,5.60133023245211e-06,0,7.45254481439952e-06,0.7975,TRUE,FALSE
"NM_028487","Gpbp1","Gpbp1","Midbrain","15.5","15.5",1,"lower",0.2649,0.2649,5.69381486058833e-06,0.0256,3.96588503468011e-06,0.17,TRUE,TRUE
"NM_001271764","Tpm3","Tpm3","Midbrain","15.5","15.5",1,"higher",0.10325,0.10325,5.92316047299924e-06,0.0047,2.17628821957527e-06,0.0996,TRUE,TRUE
"NM_001165999","Lingo2","Lingo2","Midbrain","15.5","15.5",1,"higher",0.15445,0.15445,6.3460621083339e-06,0.0532500000000001,4.00461444405822e-12,0.139,TRUE,FALSE
"NM_001025263","Tpd52","Tpd52","Midbrain","15.5","15.5",1,"lower",0.47955,0.47955,6.54176382853923e-06,0.0466500000000001,1.1390993128238e-05,0.3832,TRUE,TRUE
"NM_001290399","Cstf2","Cstf2","Midbrain","15.5","15.5",1,"higher",0.1654,0.1654,6.90718999865237e-06,0.0321,1.31710622976087e-05,0.144,TRUE,FALSE
"NM_013677","Surf1","Surf1","Midbrain","15.5","15.5",1,"higher",0.31145,0.31145,7.5983502351767e-06,0.07705,7.72863906266907e-06,0.2978,TRUE,TRUE
"NR_073420","Surf1","Surf1","Midbrain","15.5","15.5",1,"lower",0.28185,0.28185,7.63502319304736e-06,0.07145,7.72863906266907e-06,0.2618,TRUE,TRUE
"NM_001286041","Anks1","Anks1","Midbrain","15.5","15.5",1,"lower",0.3443,0.3443,7.73948904263445e-06,0.0810999999999999,5.54361446934312e-06,0.282,TRUE,TRUE
"NM_181413","Anks1","Anks1","Midbrain","15.5","15.5",1,"higher",0.3443,0.3443,7.96867481154057e-06,0.0811,5.54361446934312e-06,0.282,TRUE,TRUE
"NM_001285813","Dtna","Dtna","Midbrain","15.5","15.5",1,"lower",0.20065,0.20065,8.01444365767285e-06,0.07385,2.88419976709423e-05,0.1901,TRUE,FALSE
"NM_001038230","Anapc11","Anapc11","Midbrain","15.5","15.5",1,"higher",0.1689,0.1689,8.15697251197587e-06,0.07525,7.15954637483992e-06,0.1325,TRUE,TRUE
"NM_133885","Osbpl9","Osbpl9","Midbrain","15.5","15.5",1,"lower",0.3547,0.3547,8.28662524440786e-06,0.0569000000000001,1.57191713617203e-05,0.3431,TRUE,TRUE
"NM_028146","Dbndd1","Dbndd1","Midbrain","15.5","15.5",1,"lower",0.409875,0.409875,8.3197300441133e-06,0.00630000000000031,1.57280018774296e-05,0.2563,TRUE,TRUE
"NM_178142","Lcorl","Lcorl","Midbrain","15.5","15.5",1,"lower",0.28315,0.28315,8.55774126373627e-06,0.0278,1.6205586686981e-05,0.2633,TRUE,TRUE
"NM_013506","Eif4a2","Eif4a2","Midbrain","15.5","15.5",1,"lower",0.331425,0.331425,8.57050276825526e-06,0.0920999999999998,3.19374298851605e-09,0.3149,TRUE,TRUE
"NM_001173477","Speg","Speg","Midbrain","15.5","15.5",1,"higher",0.14275,0.14275,8.58458245656908e-06,0.0655500000000001,2.33941676552492e-12,0.1251,TRUE,TRUE
"NM_010211","Fhl1","Fhl1","Midbrain","15.5","15.5",1,"higher",0.20915,0.20915,8.69218992446231e-06,0.0291499999999999,2.52683232288274e-13,0.1751,TRUE,TRUE
"NM_001163450","Mapk8ip3","Mapk8ip3","Midbrain","15.5","15.5",1,"lower",0.140575,0.140575,8.70602140713629e-06,0.02015,3.65272838006258e-05,0.1285,TRUE,TRUE
"NM_145760","Arfgap1","Arfgap1","Midbrain","15.5","15.5",1,"higher",0.3183,0.3183,8.76182137524748e-06,0.0306999999999999,9.59362120862387e-10,0.2877,TRUE,TRUE
"NM_001164199","Prkacb","Prkacb","Midbrain","15.5","15.5",1,"lower",0.226875,0.226875,9.85381077536271e-06,0.08365,7.79913660854156e-07,0.2013,TRUE,TRUE
"NM_025389","Anapc11","Anapc11","Midbrain","15.5","15.5",1,"lower",0.1689,0.1689,1.01936708598459e-05,0.0752500000000002,7.15954637483992e-06,0.1325,TRUE,TRUE
"NM_001165988","Ubap2l","Ubap2l","Midbrain","15.5","15.5",1,"higher",0.16045,0.16045,1.07067407581068e-05,0.0378,5.07792581742429e-05,0.1575,TRUE,FALSE
"NM_001305046","Uap1","Uap1","Midbrain","15.5","15.5",1,"lower",0.590625,0.590625,1.12531589563047e-05,0.0850500000000001,2.15499388172465e-05,0.558,TRUE,TRUE
"NM_001122736","Igf2","Igf2","Midbrain","15.5","15.5",1,"higher",0.27695,0.27695,1.12531589563047e-05,0.0372,1.12118930144499e-06,0.2753,TRUE,TRUE
"NM_207634","Rps24","Rps24","Midbrain","15.5","15.5",1,"higher",0.18695,0.18695,1.15020511757798e-05,0.0039,6.85130451244867e-09,0.1119,TRUE,TRUE
"NM_001164594","Pdzrn4","Pdzrn4","Midbrain","15.5","15.5",1,"lower",0.6146,0.6146,1.25326936490245e-05,0.0678500000000002,9.89809969465567e-06,0.5912,TRUE,TRUE
"NM_001144993","2810459M11Rik","2810459M11Rik","Midbrain","13.5","13.5",1,"higher",0.56925,0.56925,1.26666892169631e-05,0.02315,2.56844683788001e-06,0.3985,TRUE,TRUE
"NM_001144992","2810459M11Rik","2810459M11Rik","Midbrain","13.5","13.5",1,"lower",0.56925,0.56925,1.30003150012771e-05,0.0231500000000001,2.56844683788001e-06,0.3985,TRUE,TRUE
"NM_011319","Sars","Sars","Midbrain","15.5","15.5",1,"lower",0.16575,0.16575,1.3435204592661e-05,0.0376,9.96975609904571e-06,0.1072,TRUE,TRUE
"NM_001198587","Nrxn3","Nrxn3","Midbrain","15.5","15.5",1,"higher",0.37835,0.37835,1.37395079299108e-05,0.0792,1.74472319852413e-07,0.2763,TRUE,TRUE
"NM_001164593","Pdzrn4","Pdzrn4","Midbrain","15.5","15.5",1,"higher",0.6146,0.6146,1.41780774166105e-05,0.06785,9.89809969465567e-06,0.5912,TRUE,TRUE
"NM_001204979","Sars","Sars","Midbrain","15.5","15.5",1,"higher",0.16575,0.16575,1.42985905715654e-05,0.0376,9.96975609904571e-06,0.1072,TRUE,TRUE
"NM_025459","Fam134b","Fam134b","Midbrain","15.5","15.5",1,"higher",0.3859,0.3859,1.46397662671957e-05,0.0337,3.66537878737e-05,0.3775,TRUE,FALSE
"NM_008487","Arhgef2","Arhgef2","Midbrain","15.5","15.5",1,"higher",0.20665,0.20665,1.49295340676296e-05,0.0289,3.71682995656475e-05,0.1867,TRUE,FALSE
"NM_001198839","Bcar1","Bcar1","Midbrain","15.5","15.5",1,"higher",0.24185,0.24185,1.60123620989433e-05,0.0314,1.1390993128238e-05,0.1887,TRUE,TRUE
"NM_009954","Bcar1","Bcar1","Midbrain","15.5","15.5",1,"lower",0.24185,0.24185,1.63599094379487e-05,0.0314,1.1390993128238e-05,0.1887,TRUE,TRUE
"NM_027590","Ints10","Ints10","Midbrain","15.5","15.5",1,"higher",0.505075,0.505075,1.6753684082636e-05,0.0436,3.21297950508097e-05,0.3911,TRUE,TRUE
"NM_001177696","Ablim2","Ablim2","Midbrain","15.5","15.5",1,"higher",0.34455,0.34455,1.71602862009941e-05,0.0206,6.24673810330523e-05,0.2261,TRUE,FALSE
"NM_001159646","Dut","Dut","Midbrain","15.5","15.5",1,"higher",0.2911,0.2911,1.71602862009941e-05,0.08555,1.28697534229027e-05,0.2688,TRUE,TRUE
"NM_029862","Cacfd1","Cacfd1","Midbrain","15.5","15.5",1,"higher",0.1894,0.1894,1.72919684993337e-05,0.0690500000000001,1.74472319852413e-07,0.1769,TRUE,TRUE
"NM_026332","Dnajc19","Dnajc19","Midbrain","15.5","15.5",1,"higher",0.10485,0.10485,1.73243333098133e-05,0.0113999999999999,7.45254481439952e-06,0.0790000000000001,TRUE,FALSE
"NM_011777","Zyx","Zyx","Midbrain","15.5","15.5",1,"higher",0.274375,0.274375,1.81288386918941e-05,0.0198,5.82515569076429e-06,0.2379,TRUE,TRUE
"NM_023595","Dut","Dut","Midbrain","15.5","15.5",1,"lower",0.2911,0.2911,1.83036443839314e-05,0.08555,1.28697534229027e-05,0.2688,TRUE,TRUE
"NM_007522","Bad","Bad","Midbrain","15.5","15.5",1,"lower",0.129125,0.129125,1.86220520096965e-05,0.03705,1.39539388879335e-05,0.1051,TRUE,TRUE
"NM_001293685","Vti1a","Vti1a","Midbrain","15.5","15.5",1,"lower",0.6674,0.6674,1.87154471921246e-05,0.0815000000000001,3.63775455722722e-05,0.6181,TRUE,FALSE
"NM_172475","Frmd4a","Frmd4a","Midbrain","15.5","15.5",1,"lower",0.3023,0.3023,1.93505797970712e-05,0.0302500000000001,1.33297580443863e-07,0.2766,TRUE,TRUE
"NM_009990","Clip2","Clip2","Midbrain","15.5","15.5",1,"lower",0.505075,0.505075,1.94153143661265e-05,0.0470500000000001,1.37158446774054e-05,0.4601,TRUE,TRUE
"NM_001039162","Clip2","Clip2","Midbrain","15.5","15.5",1,"higher",0.505075,0.505075,1.95009881920896e-05,0.04705,1.37158446774054e-05,0.4601,TRUE,TRUE
"NM_001285453","Bad","Bad","Midbrain","15.5","15.5",1,"higher",0.129125,0.129125,1.98769370674745e-05,0.03705,1.39539388879335e-05,0.1051,TRUE,TRUE
"NM_053204","Erc1","Erc1","Midbrain","15.5","15.5",1,"higher",0.2899,0.2899,2.04623427239866e-05,0.0214,3.95568565724885e-05,0.2259,TRUE,FALSE
"NM_016961","Mapk9","Mapk9","Midbrain","15.5","15.5",1,"lower",0.229075,0.229075,2.19014651391281e-05,0.0514,9.66197432615795e-09,0.2164,TRUE,TRUE
"NM_001025568","Pde1c","Pde1c","Midbrain","14.5","14.5",1,"lower",0.26655,0.26655,2.2043310270571e-05,0.06,8.00937875187289e-05,0.2345,TRUE,FALSE
"NM_024191","Arl2bp","Arl2bp","Midbrain","15.5","15.5",1,"lower",0.3136,0.3136,2.25583333008246e-05,0.0383499999999998,1.83378820422163e-05,0.2762,TRUE,TRUE
"NM_001037493","Slc41a3","Slc41a3","Midbrain","15.5","15.5",1,"higher",0.19465,0.19465,2.37768638698995e-05,0.00575,1.84465368465468e-05,0.1637,TRUE,TRUE
"NM_001289709","Sh3glb2","Sh3glb2","Midbrain","15.5","15.5",1,"lower",0.5071,0.5071,2.46157553950122e-05,0.0575999999999999,1.34412465936736e-16,0.4797,TRUE,TRUE
"NR_037906","Luc7l","Luc7l","Midbrain","15.5","15.5",1,"higher",0.3168,0.3168,2.47970515297062e-05,0.00880000000000003,1.9721063935445e-08,0.2868,TRUE,TRUE
"NM_001190376","Camta2","Camta2","Midbrain","15.5","15.5",1,"lower",0.7897,0.7897,2.53361984817056e-05,0.05485,6.37115913598056e-05,0.778,TRUE,FALSE
"NM_024269","Arl2bp","Arl2bp","Midbrain","15.5","15.5",1,"higher",0.3136,0.3136,2.61650714277347e-05,0.03835,1.83378820422163e-05,0.2762,TRUE,TRUE
"NM_027868","Slc41a3","Slc41a3","Midbrain","15.5","15.5",1,"lower",0.19465,0.19465,2.63484596163481e-05,0.00575000000000003,1.84465368465468e-05,0.1637,TRUE,TRUE
"NM_145457","Paip1","Paip1","Midbrain","15.5","15.5",1,"higher",0.4191,0.4191,2.65096939191191e-05,0.0584,1.90665088302155e-05,0.2848,TRUE,TRUE
"NM_001177883","Elavl2","Elavl2","Midbrain","15.5","15.5",1,"lower",0.24215,0.24215,2.66743326112806e-05,0.0433,6.76826128340347e-05,0.177,TRUE,FALSE
"NM_177698","Psd3","Psd3","Midbrain","15.5","15.5",1,"higher",0.4233,0.4233,2.71581656384916e-05,0.09345,7.7039026368948e-09,0.4141,TRUE,FALSE
"NM_001079849","Paip1","Paip1","Midbrain","15.5","15.5",1,"lower",0.4191,0.4191,2.71581656384916e-05,0.0584,1.90665088302155e-05,0.2848,TRUE,TRUE
"NM_011216","Ptpro","Ptpro","Midbrain","15.5","15.5",1,"lower",0.9329,0.9329,2.74318889920897e-05,0.0532499999999999,3.68566570659231e-05,0.9248,TRUE,FALSE
"NM_026131","Pdlim7","Pdlim7","Midbrain","15.5","15.5",1,"higher",0.51515,0.51515,2.74318889920897e-05,0.02445,6.97055072712115e-05,0.4888,TRUE,TRUE
"NM_133910","Tbc1d14","Tbc1d14","Midbrain","15.5","15.5",1,"higher",0.18375,0.18375,2.74318889920897e-05,0.01445,1.84671437520747e-06,0.1427,TRUE,TRUE
"NM_001081414","Grm5","Grm5","Midbrain","15.5","15.5",1,"higher",0.10155,0.10155,2.82990866041262e-05,0.00855000000000006,2.16820491686595e-05,0.0504,TRUE,TRUE
"NM_030706","Trim2","Trim2","Midbrain","15.5","15.5",1,"lower",0.2664,0.2664,2.83942487893661e-05,0.0425000000000001,1.57280018774296e-05,0.2052,TRUE,TRUE
"NM_001284505","Cask","Cask","Midbrain","15.5","15.5",1,"higher",0.144,0.144,2.86533088326396e-05,0,1.80717948642881e-08,0.0971,TRUE,TRUE
"NM_027413","Lrrc28","Lrrc28","Midbrain","15.5","15.5",1,"higher",0.1122,0.1122,2.87156904539992e-05,0.0088,7.33624141303614e-05,0.1091,TRUE,FALSE
"NM_001143834","Grm5","Grm5","Midbrain","15.5","15.5",1,"lower",0.10155,0.10155,3.04882780669181e-05,0.00855,2.16820491686595e-05,0.0504,TRUE,TRUE
"NM_001164531","Zfyve27","Zfyve27","Midbrain","15.5","15.5",1,"higher",0.43865,0.43865,3.08052721305443e-05,0.0997,2.24730841848553e-05,0.3897,TRUE,TRUE
"NM_203280","Sphk2","Sphk2","Midbrain","15.5","15.5",1,"higher",0.21815,0.21815,3.08268477874256e-05,0.0643500000000001,4.55257192988152e-06,0.1603,TRUE,TRUE
"NM_001163449","Mapk8ip3","Mapk8ip3","Midbrain","15.5","15.5",1,"lower",0.396175,0.396175,3.11771536892843e-05,0.05945,3.65272838006258e-05,0.3099,TRUE,TRUE
"NM_177319","Zfyve27","Zfyve27","Midbrain","15.5","15.5",1,"lower",0.43865,0.43865,3.14796870331922e-05,0.0997000000000001,2.24730841848553e-05,0.3897,TRUE,TRUE
"NM_013935","Hacd1","Hacd1","Midbrain","15.5","15.5",1,"higher",0.3632,0.3632,3.18712320474897e-05,0.00975,2.53560837980538e-05,0.3458,TRUE,TRUE
"NR_045779","Ubl4a","Ubl4a","Midbrain","15.5","15.5",1,"lower",0.1923,0.1923,3.22751340726492e-05,0.0166,2.30206763184717e-05,0.1807,TRUE,TRUE
"NM_145405","Ubl4a","Ubl4a","Midbrain","15.5","15.5",1,"higher",0.1923,0.1923,3.23616836132339e-05,0.0166000000000002,2.30206763184717e-05,0.1807,TRUE,TRUE
"NM_007871","Dnm2","Dnm2","Midbrain","15.5","15.5",1,"higher",0.230275,0.230275,3.46810665231346e-05,0.0593,6.78464122312592e-05,0.1959,TRUE,TRUE
"NM_177137","Gnal","Gnal","Midbrain","15.5","15.5",1,"lower",0.81775,0.81775,3.50484386563738e-05,0.0431999999999999,2.61902598784514e-05,0.7506,TRUE,TRUE
"NM_001012396","Hacd1","Hacd1","Midbrain","15.5","15.5",1,"lower",0.3632,0.3632,3.55979936626954e-05,0.00974999999999981,2.53560837980538e-05,0.3458,TRUE,TRUE
"NM_011247","Rbbp6","Rbbp6","Midbrain","15.5","15.5",1,"higher",0.1912,0.1912,3.56397289205263e-05,0.0318,2.8788639294161e-05,0.18,TRUE,TRUE
"NM_010307","Gnal","Gnal","Midbrain","15.5","15.5",1,"higher",0.81775,0.81775,3.67667394142092e-05,0.0432,2.61902598784514e-05,0.7506,TRUE,TRUE
"NM_001114125","Dab2ip","Dab2ip","Midbrain","15.5","15.5",1,"lower",0.39885,0.39885,3.70681206818975e-05,0.0125000000000002,0.000156439015513813,0.348,TRUE,TRUE
"NM_001136060","Dpp6","Dpp6","Midbrain","15.5","15.5",1,"lower",0.43235,0.43235,3.99717681068745e-05,0.0926,1.82293764223878e-07,0.3424,TRUE,TRUE
"NM_175023","Rbbp6","Rbbp6","Midbrain","15.5","15.5",1,"lower",0.1912,0.1912,4.04092499583791e-05,0.0318000000000002,2.8788639294161e-05,0.18,TRUE,TRUE
"NM_001205332","Map4","Map4","Midbrain","15.5","15.5",1,"higher",0.21405,0.21405,4.28594152588493e-05,0.0676,1.27692771345271e-14,0.1759,TRUE,TRUE
"NM_001039391","Pkig","Pkig","Midbrain","15.5","15.5",1,"lower",0.20195,0.20195,4.6620817119999e-05,0.0589000000000002,0.000145561125522982,0.1816,TRUE,TRUE
"NM_001177324","Sept6","Sept6","Midbrain","15.5","15.5",1,"higher",0.1103,0.1103,4.6962722756942e-05,0.01715,9.57445399277696e-05,0.1004,TRUE,TRUE
"NM_001252655","Kcnab2","Kcnab2","Midbrain","15.5","15.5",1,"higher",0.42965,0.42965,4.88664350256247e-05,0,0.000122027869507814,0.351,TRUE,TRUE
"NM_001004359","Gprasp1","Gprasp1","Midbrain","15.5","15.5",1,"lower",0.255475,0.255475,5.18067491858568e-05,0.0117500000000001,9.98504350408507e-05,0.1824,TRUE,TRUE
"NM_001293630","Slc37a4","Slc37a4","Midbrain","15.5","15.5",1,"higher",0.2333,0.2333,5.51311177144802e-05,0.0542500000000001,0.000105260221942697,0.1549,TRUE,TRUE
"NM_001111027","Runx1t1","Runx1t1","Midbrain","15.5","15.5",1,"lower",0.11825,0.11825,5.81574215560132e-05,0.03945,2.19654881960031e-06,0.0821,TRUE,TRUE
"NM_010698","Ldb2","Ldb2","Midbrain","15.5","15.5",1,"lower",0.2004,0.2004,5.9321159267803e-05,0.0343500000000003,0.000112686843186436,0.1866,TRUE,FALSE
"NM_182809","Ntrk3","Ntrk3","Midbrain","15.5","15.5",1,"higher",0.2558,0.2558,6.09451926401198e-05,0.0207999999999999,4.58105844079941e-05,0.1975,TRUE,TRUE
"NM_001039000","Kif5a","Kif5a","Midbrain","15.5","15.5",1,"lower",0.11875,0.11875,6.22563771276863e-05,0.0204500000000002,5.5400426640768e-05,0.1151,TRUE,TRUE
"NM_001145858","Sh3bp2","Sh3bp2","Midbrain","15.5","15.5",1,"higher",0.2194,0.2194,6.33068591462258e-05,0.00235,0.000120335914069194,0.2011,TRUE,TRUE
"NM_001033453","Pdp1","Pdp1","Midbrain","15.5","15.5",1,"higher",0.34475,0.34475,6.36606275816388e-05,0.0248,0.00019114902500868,0.2774,TRUE,TRUE
"NM_001166463","Spock1","Spock1","Midbrain","15.5","15.5",1,"higher",0.6542,0.6542,6.37983112899795e-05,0.03485,3.70576863473938e-12,0.5569,TRUE,TRUE
"NM_008990","Pvrl2","Pvrl2","Midbrain","15.5","15.5",1,"higher",0.1333,0.1333,6.38090805564068e-05,0.00769999999999998,4.98317185522683e-05,0.1155,TRUE,TRUE
"NM_008746","Ntrk3","Ntrk3","Midbrain","15.5","15.5",1,"lower",0.2558,0.2558,6.45159582251248e-05,0.0208000000000002,4.58105844079941e-05,0.1975,TRUE,TRUE
"NM_001199296","Acly","Acly","Midbrain","15.5","15.5",1,"higher",0.19115,0.19115,6.45643957535316e-05,0.0756500000000001,5.0693677408376e-05,0.1526,TRUE,TRUE
"NM_001164366","Atp13a2","Atp13a2","Midbrain","15.5","15.5",1,"lower",0.21345,0.21345,6.47686006637334e-05,0.0380500000000001,4.63246055816953e-05,0.1787,TRUE,TRUE
"NM_029097","Atp13a2","Atp13a2","Midbrain","15.5","15.5",1,"higher",0.21345,0.21345,6.51574863412424e-05,0.03805,4.63246055816953e-05,0.1787,TRUE,TRUE
"NM_001039520","Dnm2","Dnm2","Midbrain","15.5","15.5",1,"lower",0.195125,0.195125,6.80401339755694e-05,0.0558499999999998,6.78464122312592e-05,0.1622,TRUE,TRUE
"NM_001159724","Pvrl2","Pvrl2","Midbrain","15.5","15.5",1,"lower",0.1333,0.1333,7.02429662423276e-05,0.00770000000000004,4.98317185522683e-05,0.1155,TRUE,TRUE
"NM_134037","Acly","Acly","Midbrain","15.5","15.5",1,"lower",0.19115,0.19115,7.17021290403226e-05,0.0756500000000001,5.0693677408376e-05,0.1526,TRUE,TRUE
"NM_019942","Sept6","Sept6","Midbrain","15.5","15.5",1,"lower",0.1946,0.1946,7.21296570062203e-05,0.0129499999999999,9.57445399277696e-05,0.1477,TRUE,TRUE
"NM_001164053","Pkig","Pkig","Midbrain","15.5","15.5",1,"higher",0.1579,0.1579,7.59804424792387e-05,0.0083,0.000145561125522982,0.1394,TRUE,TRUE
"NM_008447","Kif5a","Kif5a","Midbrain","15.5","15.5",1,"higher",0.11875,0.11875,7.83410303361006e-05,0.02045,5.5400426640768e-05,0.1151,TRUE,TRUE
"NM_023429","Ociad1","Ociad1","Midbrain","15.5","15.5",1,"higher",0.11615,0.11615,7.87440364721315e-05,0.0553499999999998,7.50383977654258e-05,0.0932999999999999,TRUE,FALSE
"NM_001130165","Oxr1","Oxr1","Midbrain","15.5","15.5",1,"higher",0.3088,0.3088,8.16077594691049e-05,0.053,0.000156439015513813,0.2756,TRUE,FALSE
"NM_001290743","Ppp1r1c","Ppp1r1c","Midbrain","15.5","15.5",1,"lower",0.17435,0.17435,8.17022164581886e-05,0.0626,2.35658201503957e-09,0.1458,TRUE,FALSE
"NM_001079844","Gpc6","Gpc6","Midbrain","15.5","15.5",1,"lower",0.30195,0.30195,8.17178646086059e-05,0.0422999999999999,5.7944770918667e-05,0.2534,TRUE,TRUE
"NM_011821","Gpc6","Gpc6","Midbrain","15.5","15.5",1,"higher",0.30195,0.30195,8.2098597530674e-05,0.0423,5.7944770918667e-05,0.2534,TRUE,TRUE
"NM_001163024","Mon2","Mon2","Midbrain","15.5","15.5",1,"lower",0.2825,0.2825,8.33620171431895e-05,0.08475,0.000159106917495752,0.2309,TRUE,FALSE
"NM_001039158","Ube2j2","Ube2j2","Midbrain","15.5","15.5",1,"higher",0.1696,0.1696,9.03522211127603e-05,0.07605,0.000269016999424435,0.1692,TRUE,TRUE
"NM_021540","Rnf130","Rnf130","Midbrain","15.5","15.5",1,"higher",0.27085,0.27085,9.10178585091846e-05,0.0708500000000001,3.10267076632134e-11,0.1753,TRUE,TRUE
"NM_011179","Psap","Psap","Midbrain","15.5","15.5",1,"lower",0.3212,0.3212,9.16106780828988e-05,0.0879000000000001,0.000222520183377633,0.26,TRUE,FALSE
"NM_134074","Dock9","Dock9","Midbrain","15.5","15.5",1,"higher",0.463925,0.463925,9.18156491175749e-05,0.0466,0.000226007233753951,0.421,TRUE,FALSE
"NR_045510","Fam19a5","Fam19a5","Midbrain","15.5","15.5",1,"higher",0.5433,0.5433,9.30260067416293e-05,0.02225,2.93577439099402e-05,0.1546,TRUE,FALSE
"NM_001291166","Apba2","Apba2","Midbrain","15.5","15.5",1,"higher",0.31325,0.31325,9.30260067416293e-05,0.04305,0.00017868719681032,0.2591,TRUE,TRUE
"NM_001025192","Cxadr","Cxadr","Midbrain","15.5","15.5",1,"lower",0.24645,0.24645,9.43784939614412e-05,0.0519500000000001,0.000114866593022261,0.1893,TRUE,TRUE
"NM_001171026","Os9","Os9","Midbrain","15.5","15.5",1,"higher",0.204025,0.204025,9.45119157299578e-05,0.02085,7.51253590442233e-05,0.1681,TRUE,TRUE
"NR_104434","Nr2c2ap","Nr2c2ap","Midbrain","15.5","15.5",1,"lower",0.3449,0.3449,9.4886429303521e-05,0.0438000000000001,0.000182260335296189,0.3009,TRUE,FALSE
"NM_001083936","Pth1r","Pth1r","Midbrain","15.5","15.5",1,"lower",0.2281,0.2281,9.6020912849119e-05,0.0236,0.000100355725650059,0.154,TRUE,TRUE
"NM_001289690","Zfp740","Zfp740","Midbrain","15.5","15.5",1,"lower",0.1874,0.1874,9.62368254508563e-05,0.00475000000000003,0.000184538340782139,0.1599,TRUE,FALSE
"NM_001083935","Pth1r","Pth1r","Midbrain","15.5","15.5",1,"higher",0.2371,0.2371,9.74707535360797e-05,0.00540000000000018,0.000100355725650059,0.154,TRUE,TRUE
"NM_001302380","Cdc37l1","Cdc37l1","Midbrain","15.5","15.5",1,"lower",0.1501,0.1501,9.80874539066156e-05,0.02585,0.000241535952548618,0.1284,TRUE,TRUE
"NM_001081457","Ppp2r5c","Ppp2r5c","Midbrain","15.5","15.5",1,"higher",0.1577,0.1577,9.94779556940847e-05,0.0118,9.50271861307972e-05,0.1421,TRUE,TRUE
"NM_001289761","Rarb","Rarb","Midbrain","15.5","15.5",1,"lower",0.2149,0.2149,0.000101037845676342,0.05815,0.000248890406055699,0.1731,TRUE,FALSE
"NM_001290468","Hs6st2","Hs6st2","Midbrain","15.5","15.5",1,"lower",0.47605,0.47605,0.000103141032141424,0.0227500000000002,0.000253248618004395,0.4611,TRUE,TRUE
"NM_198409","Rai2","Rai2","Midbrain","15.5","15.5",1,"higher",0.30875,0.30875,0.000104900913575549,0.02065,7.76951751620238e-05,0.2568,TRUE,TRUE
"NM_177614","Os9","Os9","Midbrain","15.5","15.5",1,"lower",0.204025,0.204025,0.000105388610179033,0.0208499999999999,7.51253590442233e-05,0.1681,TRUE,TRUE
"NM_001122889","Epha7","Epha7","Midbrain","15.5","15.5",1,"lower",0.13705,0.13705,0.000105604782653896,0.0303,0.000202903953158006,0.0953000000000001,TRUE,TRUE
"NM_001103367","Rai2","Rai2","Midbrain","15.5","15.5",1,"lower",0.30875,0.30875,0.000109042466422117,0.0206500000000003,7.76951751620238e-05,0.2568,TRUE,TRUE
"NM_009988","Cxadr","Cxadr","Midbrain","15.5","15.5",1,"higher",0.247,0.247,0.000111598221706972,0.04705,0.000114866593022261,0.2037,TRUE,TRUE
"NM_001159513","H2afy","H2afy","Midbrain","15.5","15.5",1,"lower",0.197675,0.197675,0.000115372561374175,0.0616,9.5886226222546e-06,0.139,TRUE,TRUE
"NM_199024","Nol4","Nol4","Midbrain","15.5","15.5",1,"higher",0.45835,0.45835,0.000116707067277049,0.06485,8.49682162052862e-05,0.4021,TRUE,TRUE
"NM_001163073","Lcorl","Lcorl","Midbrain","15.5","15.5",1,"higher",0.313,0.313,0.000117191696532099,0.0547,1.6205586686981e-05,0.3035,TRUE,TRUE
"NM_001037878","Tcf25","Tcf25","Midbrain","15.5","15.5",1,"higher",0.1201,0.1201,0.000117259084492438,0.0245,0.000288606210541569,0.0781,TRUE,FALSE
"NM_001161483","Nol4","Nol4","Midbrain","15.5","15.5",1,"lower",0.45835,0.45835,0.000117654553697665,0.0648500000000001,8.49682162052862e-05,0.4021,TRUE,TRUE
"NM_001277293","Grip1","Grip1","Midbrain","15.5","15.5",1,"lower",0.1968,0.1968,0.000120344717145676,0.0806,0.000481079804808845,0.1274,TRUE,TRUE
"NM_001282045","Schip1","Schip1","Midbrain","15.5","15.5",1,"higher",0.31665,0.31665,0.000124159160302237,0.0113,2.03909622649851e-13,0.254,TRUE,TRUE
"NM_198942","Dhx57","Dhx57","Midbrain","15.5","15.5",1,"lower",0.547525,0.547525,0.000126993941885615,0.00795000000000012,9.23460453999764e-05,0.4886,TRUE,TRUE
"NM_001163759","Dhx57","Dhx57","Midbrain","15.5","15.5",1,"higher",0.547525,0.547525,0.000127238187271631,0.00795000000000012,9.23460453999764e-05,0.4886,TRUE,TRUE
"NM_001168592","Commd6","Commd6","Midbrain","15.5","15.5",1,"lower",0.1448,0.1448,0.000127817094134038,0.02565,9.29855477289363e-05,0.1182,TRUE,TRUE
"NM_001033132","Commd6","Commd6","Midbrain","15.5","15.5",1,"higher",0.1448,0.1448,0.000127968572326737,0.02565,9.29855477289363e-05,0.1182,TRUE,TRUE
"NR_104305","Dph3","Dph3","Midbrain","15.5","15.5",1,"lower",0.108575,0.108575,0.000127968572326737,0.0251,0.000452411931147601,0.1035,TRUE,FALSE
"NM_008443","Kif3a","Kif3a","Midbrain","15.5","15.5",1,"lower",0.4694,0.4694,0.000129940889892531,0.0337,0.000250146448946576,0.3131,TRUE,TRUE
"NR_027838","Atp2a2","Atp2a2","Midbrain","15.5","15.5",1,"lower",0.740825,0.740825,0.000130331387865352,0.04375,3.72368754175323e-19,0.7036,TRUE,TRUE
"NM_001042487","Dlgap4","Dlgap4","Midbrain","15.5","15.5",1,"higher",0.2067,0.2067,0.000130393113579998,0.02475,1.10681664640704e-07,0.1856,TRUE,FALSE
"NM_001110845","Cacna2d1","Cacna2d1","Midbrain","15.5","15.5",1,"higher",0.510425,0.510425,0.000133037800225196,0.0185,3.73980266355776e-06,0.3954,TRUE,TRUE
"NM_001302499","Gzmm","Gzmm","Midbrain","14.5","14.5",1,"lower",0.43625,0.43625,0.000133826684532238,0,0.000330518629477967,0.1378,TRUE,FALSE
"NM_001039105","Kcnrg","Kcnrg","Midbrain","15.5","15.5",1,"lower",0.9721,0.9721,0.000135753911696488,0.0549499999999999,9.90672356095948e-05,0.9442,TRUE,TRUE
"NM_206974","Kcnrg","Kcnrg","Midbrain","15.5","15.5",1,"higher",0.9721,0.9721,0.000135753911696488,0.05495,9.90672356095948e-05,0.9442,TRUE,TRUE
"NM_001205098","Mgat4c","Mgat4c","Midbrain","15.5","15.5",1,"lower",0.59695,0.59695,0.0001373347546277,0.02915,0.000265283084186773,0.5696,TRUE,TRUE
"NM_009560","Zfp60","Zfp60","Midbrain","15.5","15.5",1,"lower",0.194975,0.194975,0.000140236601307995,0.0463500000000001,0.00011028085685268,0.181,TRUE,TRUE
"NM_001161817","Myo1b","Myo1b","Midbrain","15.5","15.5",1,"lower",0.421325,0.421325,0.000142215444738463,0.0450499999999999,0.000273745515026379,0.3374,TRUE,TRUE
"NR_131128","C230072F16Rik","C230072F16Rik","Midbrain","11.5","11.5",1,"higher",0.44915,0.44915,0.000144661581991704,0.0407999999999998,0.000105260221942697,0.375,TRUE,TRUE
"NR_131127","C230072F16Rik","C230072F16Rik","Midbrain","11.5","11.5",1,"lower",0.44915,0.44915,0.000144661581991704,0.0408000000000001,0.000105260221942697,0.375,TRUE,TRUE
"NM_001184711","Tfdp2","Tfdp2","Midbrain","15.5","15.5",1,"lower",0.2007,0.2007,0.000149360482010406,0.0972000000000001,0.000453341952234242,0.191,TRUE,TRUE
"NM_178794","Zrsr2","Zrsr2","Midbrain","15.5","15.5",1,"lower",0.14725,0.14725,0.000149360482010406,0.0267500000000001,0.000111340546949797,0.1005,TRUE,TRUE
"NM_029531","Zfp60","Zfp60","Midbrain","15.5","15.5",1,"higher",0.194975,0.194975,0.000150954779735917,0.04635,0.00011028085685268,0.181,TRUE,TRUE
"NM_009453","Zrsr2","Zrsr2","Midbrain","15.5","15.5",1,"higher",0.14725,0.14725,0.000152565394951234,0.02675,0.000111340546949797,0.1005,TRUE,TRUE
"NM_010561","Ilf3","Ilf3","Midbrain","15.5","15.5",1,"higher",0.11985,0.11985,0.000154616944127553,0.03405,0.00054643494318976,0.0898,TRUE,TRUE
"NM_001005507","Smg7","Smg7","Midbrain","15.5","15.5",1,"higher",0.2939,0.2939,0.000158298723104826,0.0753,0.000305729530447279,0.2332,TRUE,FALSE
"NM_023908","Slco3a1","Slco3a1","Midbrain","15.5","15.5",1,"lower",0.129075,0.129075,0.000158298723104826,0.08325,0.000127336766238001,0.1156,TRUE,TRUE
"NM_001111312","Lrrfip1","Lrrfip1","Midbrain","15.5","15.5",1,"lower",0.2203,0.2203,0.000160303080812956,0.0404999999999999,0.000309354773644471,0.2085,TRUE,TRUE
"NM_001113399","Zfp385b","Zfp385b","Midbrain","15.5","15.5",1,"lower",0.71615,0.71615,0.000160718173432852,0.0629999999999999,0.000309665531593637,0.5749,TRUE,FALSE
"NM_027287","Dnajb4","Dnajb4","Midbrain","15.5","15.5",1,"lower",0.28875,0.28875,0.000170218498047204,0.05385,0.00012522625607259,0.2623,TRUE,TRUE
"NM_025926","Dnajb4","Dnajb4","Midbrain","15.5","15.5",1,"higher",0.28875,0.28875,0.000170788089642966,0.0538500000000001,0.00012522625607259,0.2623,TRUE,TRUE
"NM_001145922","Arhgef40","Arhgef40","Midbrain","15.5","15.5",1,"lower",0.400425,0.400425,0.00017100465658305,0.0904,1.44174372581925e-07,0.3233,TRUE,TRUE
"NM_001038643","Slco3a1","Slco3a1","Midbrain","15.5","15.5",1,"higher",0.129075,0.129075,0.000173308781804132,0.0832499999999999,0.000127336766238001,0.1156,TRUE,TRUE
"NM_001243041","Adk","Adk","Midbrain","15.5","15.5",1,"higher",0.24525,0.24525,0.000180832784823101,0.0282999999999999,0.000143016007700117,0.2043,TRUE,TRUE
"NM_145544","Rap1gds1","Rap1gds1","Midbrain","15.5","15.5",1,"lower",0.2681,0.2681,0.000182661821325486,0.0518,0.000353279592160318,0.2165,TRUE,FALSE
"NM_134079","Adk","Adk","Midbrain","15.5","15.5",1,"lower",0.24525,0.24525,0.000192573194224709,0.0283000000000001,0.000143016007700117,0.2043,TRUE,TRUE
"NM_007461","Apba2","Apba2","Midbrain","15.5","15.5",1,"lower",0.286175,0.286175,0.000192872690930097,0.0374999999999999,0.00017868719681032,0.2278,TRUE,TRUE
"NM_029810","Nt5c2","Nt5c2","Midbrain","15.5","15.5",1,"higher",0.78895,0.78895,0.000194660874290104,0.08135,3.12549521467479e-10,0.7322,TRUE,TRUE
"NM_001080749","Gtf2i","Gtf2i","Midbrain","15.5","15.5",1,"higher",0.157475,0.157475,0.000198296804471388,0.03865,8.19368079785443e-09,0.1345,TRUE,TRUE
"NM_001001602","Dab2ip","Dab2ip","Midbrain","15.5","15.5",1,"higher",0.1527,0.1527,0.000202126442539478,0.00285,0.000156439015513813,0.1352,TRUE,TRUE
"NM_001290370","Nmt2","Nmt2","Midbrain","15.5","15.5",1,"lower",0.2857,0.2857,0.000203129110024533,0.0407500000000001,0.00050013844675287,0.247,TRUE,FALSE
"NM_173350","Osbpl9","Osbpl9","Midbrain","15.5","15.5",1,"higher",0.28535,0.28535,0.000203565168944289,0.0323,1.57191713617203e-05,0.2533,TRUE,TRUE
"NM_001276425","St6galnac4","St6galnac4","Midbrain","15.5","15.5",1,"higher",0.2831,0.2831,0.000208718568484623,0.0573,0.000159106917495752,0.2427,TRUE,TRUE
"NM_199012","Fchsd2","Fchsd2","Midbrain","15.5","15.5",1,"lower",0.63315,0.63315,0.000209345330289828,0.0393,0.000156913360150881,0.5954,TRUE,TRUE
"NM_001146010","Fchsd2","Fchsd2","Midbrain","15.5","15.5",1,"higher",0.63315,0.63315,0.000209649915974684,0.0393,0.000156913360150881,0.5954,TRUE,TRUE
"NM_008053","Fxr1","Fxr1","Midbrain","15.5","15.5",1,"lower",0.2168,0.2168,0.000210637465228415,0.0664499999999999,9.3019507652527e-06,0.1741,TRUE,TRUE
"NM_011373","St6galnac4","St6galnac4","Midbrain","15.5","15.5",1,"lower",0.2831,0.2831,0.000212710613594013,0.0573000000000001,0.000159106917495752,0.2427,TRUE,TRUE
"NM_018882","Adgrg1","Adgrg1","Midbrain","15.5","15.5",1,"lower",0.4971,0.4971,0.000214607213609507,0.04205,0.000178164631712057,0.4251,TRUE,TRUE
"NM_001146073","Hexdc","Hexdc","Midbrain","15.5","15.5",1,"lower",0.2789,0.2789,0.000214607213609507,0.0423,0.000161788993342496,0.2642,TRUE,TRUE
"NM_001001333","Hexdc","Hexdc","Midbrain","15.5","15.5",1,"higher",0.2789,0.2789,0.000216631873660149,0.0423,0.000161788993342496,0.2642,TRUE,TRUE
"NM_023122","Gpm6b","Gpm6b","Midbrain","15.5","15.5",1,"lower",0.149475,0.149475,0.000217688208953696,0.0924,3.15255460736419e-09,0.1259,TRUE,FALSE
"NM_026148","Lims1","Lims1","Midbrain","15.5","15.5",1,"lower",0.19615,0.19615,0.00022198917750233,0.0534999999999998,2.90708386057109e-05,0.1668,TRUE,TRUE
"NM_001294140","Gyk","Gyk","Midbrain","15.5","15.5",1,"lower",0.6522,0.6522,0.000232846369833642,0.0949999999999998,0.000584784427773688,0.6121,TRUE,FALSE
"NM_001198894","Adgrg1","Adgrg1","Midbrain","15.5","15.5",1,"higher",0.4971,0.4971,0.000237525364306765,0.04205,0.000178164631712057,0.4251,TRUE,TRUE
"NM_001305045","Uap1","Uap1","Midbrain","15.5","15.5",1,"higher",0.44075,0.44075,0.000238541647344816,0.07005,2.15499388172465e-05,0.4142,TRUE,TRUE
"NM_001301211","Ap1g1","Ap1g1","Midbrain","15.5","15.5",1,"higher",0.50235,0.50235,0.0002396401882665,0.0816,0.000181849127950088,0.459,TRUE,TRUE
"NM_021465","Stag2","Stag2","Midbrain","15.5","15.5",1,"higher",0.211,0.211,0.000239908611125164,0.0563,0.000464764025242799,0.1986,TRUE,TRUE
"NM_023735","Actr3","Actr3","Midbrain","15.5","15.5",1,"lower",0.1718,0.1718,0.000241620000731496,0.0272999999999999,0.000468414864170284,0.1631,TRUE,FALSE
"NM_009677","Ap1g1","Ap1g1","Midbrain","15.5","15.5",1,"lower",0.50235,0.50235,0.000241870970613103,0.0816,0.000181849127950088,0.459,TRUE,TRUE
"NM_009412","Tpd52","Tpd52","Midbrain","15.5","15.5",1,"higher",0.504775,0.504775,0.000242639891306578,0.0938,1.1390993128238e-05,0.441,TRUE,TRUE
"NM_001286809","Camk2a","Camk2a","Midbrain","15.5","15.5",1,"higher",0.4627,0.4627,0.000243922097306509,0.0181,3.99220222087171e-12,0.4491,TRUE,TRUE
"NM_001291162","Znfx1","Znfx1","Midbrain","11.5","11.5",1,"higher",0.31875,0.31875,0.000245393754659267,0.026,0.000184538340782139,0.3,TRUE,TRUE
"NM_001033196","Znfx1","Znfx1","Midbrain","11.5","11.5",1,"lower",0.31875,0.31875,0.000245457938857481,0.0259999999999999,0.000184538340782139,0.3,TRUE,TRUE
"NM_001293776","Chtop","Chtop","Midbrain","15.5","15.5",1,"higher",0.16135,0.16135,0.00024673706830378,0.04515,1.48694420886133e-16,0.1439,TRUE,TRUE
"NM_018764","Pcdh7","Pcdh7","Midbrain","15.5","15.5",1,"higher",0.24205,0.24205,0.000264109347215472,0.00760000000000001,0.00020458590619849,0.1978,TRUE,TRUE
"NM_001122758","Pcdh7","Pcdh7","Midbrain","15.5","15.5",1,"lower",0.24205,0.24205,0.00027263568562159,0.00760000000000005,0.00020458590619849,0.1978,TRUE,TRUE
"NM_001252456","Ptprs","Ptprs","Midbrain","15.5","15.5",1,"higher",0.3187,0.3187,0.000276567699022612,0.02115,8.90160645980331e-10,0.2929,TRUE,TRUE
"NR_037603","Kat5","Kat5","Midbrain","15.5","15.5",1,"lower",0.2602,0.2602,0.000276840527126176,0.00719999999999998,0.000842284211955027,0.2242,TRUE,FALSE
"NM_172615","1700021K19Rik","1700021K19Rik","Midbrain","15.5","15.5",1,"higher",0.772775,0.772775,0.000283676264589898,0.02855,0.000213175596340347,0.7118,TRUE,TRUE
"NM_001200038","1700021K19Rik","1700021K19Rik","Midbrain","15.5","15.5",1,"lower",0.772775,0.772775,0.000284409660825362,0.02855,0.000213175596340347,0.7118,TRUE,TRUE
"NM_030263","Psd3","Psd3","Midbrain","15.5","15.5",1,"higher",0.28205,0.28205,0.000298694239475054,0.0654,7.7039026368948e-09,0.2625,TRUE,FALSE
"NM_001042707","Ilf3","Ilf3","Midbrain","15.5","15.5",1,"lower",0.121375,0.121375,0.000298747770860885,0.0111,0.00054643494318976,0.0901,TRUE,TRUE
"NM_001252621","Spock3","Spock3","Midbrain","15.5","15.5",1,"higher",0.38255,0.38255,0.00031529077884446,0.0236,0.000610172732929297,0.2248,TRUE,TRUE
"NM_001293792","Ints10","Ints10","Midbrain","15.5","15.5",1,"lower",0.59185,0.59185,0.00031898923286472,0.0483000000000002,3.21297950508097e-05,0.5164,TRUE,TRUE
"NM_199448","Fez2","Fez2","Midbrain","15.5","15.5",1,"higher",0.256375,0.256375,0.000320634625268309,0.0496,0.000744268148106676,0.2061,TRUE,TRUE
"NM_001163329","Ralyl","Ralyl","Midbrain","15.5","15.5",1,"lower",0.41705,0.41705,0.000330275872223628,0.08245,1.32707388911756e-13,0.3997,TRUE,TRUE
"NM_011551","Ubtf","Ubtf","Midbrain","15.5","15.5",1,"lower",0.179475,0.179475,0.000333835509232863,0.0477000000000001,0.000831098123929612,0.1338,TRUE,FALSE
"NM_001122832","Eps15l1","Eps15l1","Midbrain","15.5","15.5",1,"higher",0.12825,0.12825,0.000333835509232863,0.0193,0.000642742061379791,0.1126,TRUE,FALSE
"NM_015763","Lpin1","Lpin1","Midbrain","15.5","15.5",1,"higher",0.632375,0.632375,0.000342076051959247,0.0727,1.97585713664029e-12,0.5243,TRUE,FALSE
"NM_001160326","Serp2","Serp2","Midbrain","15.5","15.5",1,"lower",0.11365,0.11365,0.000345050333618666,0.01005,0.000285567397458785,0.1024,TRUE,TRUE
"NM_001282044","Schip1","Schip1","Midbrain","15.5","15.5",1,"higher",0.17845,0.17845,0.00034692097665721,0.02755,2.03909622649851e-13,0.1441,TRUE,TRUE
"NM_001290703","Slc25a14","Slc25a14","Midbrain","12.5","12.5",1,"lower",0.104875,0.104875,0.00034790312754056,0.02295,0.000462827000085164,0.0456,TRUE,FALSE
"NM_008028","Flot2","Flot2","Midbrain","15.5","15.5",1,"lower",0.1365,0.1365,0.000348631256153807,0.032,0.000866147672574437,0.1288,TRUE,TRUE
"NM_178279","Pxk","Pxk","Midbrain","15.5","15.5",1,"lower",0.47425,0.47425,0.000362646440561059,0.0773499999999999,0.000269016999424435,0.423,TRUE,TRUE
"NM_145458","Pxk","Pxk","Midbrain","15.5","15.5",1,"higher",0.47425,0.47425,0.000363239791394232,0.07735,0.000269016999424435,0.423,TRUE,TRUE
"NM_001252587","Zmynd8","Zmynd8","Midbrain","15.5","15.5",1,"higher",0.17655,0.17655,0.000371690358651168,0.0369500000000001,3.21375882617433e-08,0.1382,TRUE,TRUE
"NM_001289771","Exoc1","Exoc1","Midbrain","15.5","15.5",1,"higher",0.6672,0.6672,0.000373080502728167,0.0308,2.94033150407258e-07,0.6312,TRUE,TRUE
"NM_053082","Tspan4","Tspan4","Midbrain","15.5","15.5",1,"higher",0.359325,0.359325,0.000375018886583593,0.0366,0.000283729350386799,0.3313,TRUE,TRUE
"NM_001146031","Nrcam","Nrcam","Midbrain","15.5","15.5",1,"higher",0.5168,0.5168,0.000379283541792694,0.0753999999999999,0.000281657037264173,0.3849,TRUE,TRUE
"NM_176930","Nrcam","Nrcam","Midbrain","15.5","15.5",1,"lower",0.5168,0.5168,0.000379283541792694,0.0753999999999999,0.000281657037264173,0.3849,TRUE,TRUE
"NM_001252588","Tspan4","Tspan4","Midbrain","15.5","15.5",1,"lower",0.359325,0.359325,0.000382084974899919,0.0366,0.000283729350386799,0.3313,TRUE,TRUE
"NR_027699","Serp2","Serp2","Midbrain","15.5","15.5",1,"higher",0.11365,0.11365,0.000384726314989343,0.01005,0.000285567397458785,0.1024,TRUE,TRUE
"NM_001145552","2310045N01Rik","2310045N01Rik","Midbrain","15.5","15.5",1,"higher",0.39195,0.39195,0.000388101601333871,0,1.23449956083453e-07,0.367,TRUE,TRUE
"NM_001139509","Nr4a2","Nr4a2","Midbrain","15.5","15.5",1,"higher",0.7727,0.7727,0.000390059620596556,0.01025,0.000289208165285184,0.6982,TRUE,TRUE
"NM_013613","Nr4a2","Nr4a2","Midbrain","15.5","15.5",1,"lower",0.7727,0.7727,0.000390575378759029,0.0102500000000001,0.000289208165285184,0.6982,TRUE,TRUE
"NM_007709","Cited1","Cited1","Midbrain","15.5","15.5",1,"lower",0.1903,0.1903,0.000392381186214955,0.0257,0.000978429560318963,0.1548,TRUE,FALSE
"NM_001166456","Slc38a1","Slc38a1","Midbrain","15.5","15.5",1,"lower",0.118,0.118,0.000399724061876087,0.0578,0.000711797218230888,0.1035,TRUE,TRUE
"NM_001145807","Brinp3","Brinp3","Midbrain","15.5","15.5",1,"higher",0.78425,0.78425,0.000400247074057709,0.03475,0.000297174555723832,0.7831,TRUE,TRUE
"NM_153539","Brinp3","Brinp3","Midbrain","15.5","15.5",1,"lower",0.78425,0.78425,0.000400247074057709,0.0347499999999999,0.000297174555723832,0.7831,TRUE,TRUE
"NM_173021","Phka1","Phka1","Midbrain","15.5","15.5",1,"higher",0.4673,0.4673,0.000422938953256712,0.01445,0.000333127145623125,0.4234,TRUE,TRUE
"NM_001253831","Atp2c1","Atp2c1","Midbrain","15.5","15.5",1,"higher",0.19695,0.19695,0.000431570536966585,0.0414,0.0010755307158011,0.1433,TRUE,TRUE
"NM_008903","Ppap2a","Ppap2a","Midbrain","15.5","15.5",1,"higher",0.18545,0.18545,0.000437818596023111,0.0496,0.000326884581588301,0.172,TRUE,TRUE
"NM_008247","Ppap2a","Ppap2a","Midbrain","15.5","15.5",1,"lower",0.18545,0.18545,0.000440242936742845,0.0496000000000001,0.000326884581588301,0.172,TRUE,TRUE
"NM_145732","Ctnna2","Ctnna2","Midbrain","15.5","15.5",1,"higher",0.2721,0.2721,0.000441657750908459,0.02795,0.000856513499630006,0.2324,TRUE,TRUE
"NM_011514","Suv39h1","Suv39h1","Midbrain","14.5","14.5",1,"higher",0.210275,0.210275,0.000441657750908459,0.0710500000000001,0.000330518629477967,0.1998,TRUE,TRUE
"NM_001079844","Gpc6","Gpc6","Midbrain","11.5","11.5",1,"lower",0.12025,0.12025,0.00044193238687154,0.06215,5.7944770918667e-05,0.104,TRUE,TRUE
"NM_010598","Kcnab2","Kcnab2","Midbrain","15.5","15.5",1,"lower",0.6733,0.6733,0.000443609870336455,0.03825,0.000122027869507814,0.434,TRUE,TRUE
"NM_011821","Gpc6","Gpc6","Midbrain","11.5","11.5",1,"higher",0.12025,0.12025,0.000443609870336455,0.0621499999999999,5.7944770918667e-05,0.104,TRUE,TRUE
"NM_001290716","Suv39h1","Suv39h1","Midbrain","14.5","14.5",1,"lower",0.210275,0.210275,0.000444867255614057,0.0710500000000001,0.000330518629477967,0.1998,TRUE,TRUE
"NM_008832","Phka1","Phka1","Midbrain","15.5","15.5",1,"lower",0.4673,0.4673,0.000448791862648909,0.0144500000000001,0.000333127145623125,0.4234,TRUE,TRUE
"NM_001039387","Nsmf","Nsmf","Midbrain","15.5","15.5",1,"higher",0.646375,0.646375,0.000464329654992509,0.09935,0.00142331779112016,0.6198,TRUE,FALSE
"NM_001039195","Gria2","Gria2","Midbrain","15.5","15.5",1,"lower",0.6068,0.6068,0.000464329654992509,0.0174000000000001,0.000901614571904693,0.3788,TRUE,TRUE
"NM_009670","Ank3","Ank3","Midbrain","15.5","15.5",1,"higher",0.13495,0.13495,0.0004655421781894,0.0124,8.38491214082396e-10,0.123,TRUE,TRUE
"NM_001199187","Ascc1","Ascc1","Midbrain","15.5","15.5",1,"lower",0.29275,0.29275,0.00046965474508238,0.04525,0.000353279592160318,0.2447,TRUE,TRUE
"NM_026937","Ascc1","Ascc1","Midbrain","15.5","15.5",1,"higher",0.29275,0.29275,0.000474712977382656,0.0452500000000001,0.000353279592160318,0.2447,TRUE,TRUE
"NM_031998","Cep41","Cep41","Midbrain","15.5","15.5",1,"lower",0.18765,0.18765,0.000479362317898954,0.0421,0.000831098123929612,0.1678,TRUE,TRUE
"NM_001301737","Dnm1","Dnm1","Midbrain","15.5","15.5",1,"lower",0.25565,0.25565,0.000482958037059147,0.02515,6.18584814912751e-07,0.1967,TRUE,TRUE
"NM_001293631","Slc37a4","Slc37a4","Midbrain","15.5","15.5",1,"lower",0.318975,0.318975,0.000484171332736208,0.0731999999999999,0.000105260221942697,0.3041,TRUE,TRUE
"NM_001199204","Spag9","Spag9","Midbrain","15.5","15.5",1,"higher",0.332925,0.332925,0.000491027870190952,0.04275,3.86143830384325e-11,0.318,TRUE,TRUE
"NM_016759","Rundc3a","Rundc3a","Midbrain","15.5","15.5",1,"lower",0.23755,0.23755,0.000501022486541602,0.00474999999999992,0.000416689828155405,0.078,TRUE,TRUE
"NM_028975","Tmem33","Tmem33","Midbrain","15.5","15.5",1,"lower",0.187175,0.187175,0.000507842067351313,0.0220499999999998,0.000987793233780734,0.1856,TRUE,TRUE
"NM_001244200","Pax6","Pax6","Midbrain","15.5","15.5",1,"lower",0.1671,0.1671,0.000510881217510616,0.0864,1.22933488012402e-13,0.1551,TRUE,TRUE
"NM_001252250","Nf2","Nf2","Midbrain","15.5","15.5",1,"higher",0.381925,0.381925,0.000523797931136112,0.0558,0.00132195577472694,0.3039,TRUE,TRUE
"NM_029709","Clasp1","Clasp1","Midbrain","15.5","15.5",1,"higher",0.3255,0.3255,0.000533316633975926,0.0738999999999999,1.76893299048121e-12,0.2529,TRUE,TRUE
"NM_001114312","Shtn1","Shtn1","Midbrain","15.5","15.5",1,"higher",0.8418,0.8418,0.000542576866012091,0.0181,0.000408117183142284,0.84,TRUE,TRUE
"NM_175172","Shtn1","Shtn1","Midbrain","15.5","15.5",1,"lower",0.8418,0.8418,0.000542576866012091,0.0181,0.000408117183142284,0.84,TRUE,TRUE
"NM_001033988","Ncoa4","Ncoa4","Midbrain","15.5","15.5",1,"lower",0.396,0.396,0.000542576866012091,0.0751000000000001,0.000625836629744206,0.3402,TRUE,TRUE
"NM_153118","Fnbp1l","Fnbp1l","Midbrain","15.5","15.5",1,"higher",0.14615,0.14615,0.000542698216808442,0.0275000000000001,0.000429205255016154,0.1222,TRUE,TRUE
"NM_001285940","Fez2","Fez2","Midbrain","15.5","15.5",1,"lower",0.25545,0.25545,0.000542713447066816,0.04615,0.000744268148106676,0.2055,TRUE,TRUE
"NM_001284360","Nprl3","Nprl3","Midbrain","15.5","15.5",1,"lower",0.256975,0.256975,0.000543163265655433,0.0518999999999999,0.00137868867464922,0.2215,TRUE,TRUE
"NM_001093753","Srsf11","Srsf11","Midbrain","15.5","15.5",1,"lower",0.119975,0.119975,0.00054377053478841,0.02495,0.000462053067770836,0.0656,TRUE,TRUE
"NM_001267626","Dpf3","Dpf3","Midbrain","15.5","15.5",1,"higher",0.1089,0.1089,0.00054377053478841,0.0285500000000002,0.000493144054677104,0.0879,TRUE,FALSE
"NM_022332","St7","St7","Midbrain","15.5","15.5",1,"lower",0.433175,0.433175,0.000545922974916664,0.0998499999999999,0.00169519366936781,0.2243,TRUE,TRUE
"NM_029334","Zc3h14","Zc3h14","Midbrain","15.5","15.5",1,"higher",0.1997,0.1997,0.000546067171015797,0.03555,0.00138816943178084,0.1694,TRUE,TRUE
"NM_001252347","Rundc3a","Rundc3a","Midbrain","15.5","15.5",1,"higher",0.23755,0.23755,0.000550666731806611,0.00474999999999999,0.000416689828155405,0.078,TRUE,TRUE
"NM_001077362","Fhl1","Fhl1","Midbrain","15.5","15.5",1,"higher",0.17165,0.17165,0.000555701756884677,0.01445,2.52683232288274e-13,0.149,TRUE,TRUE
"NM_029791","Bicd2","Bicd2","Midbrain","15.5","15.5",1,"higher",0.86115,0.86115,0.000566501966586098,0.04815,6.22575399691615e-11,0.8417,TRUE,TRUE
"NM_001114665","Fnbp1l","Fnbp1l","Midbrain","15.5","15.5",1,"lower",0.14615,0.14615,0.000566501966586098,0.0275000000000001,0.000429205255016154,0.1222,TRUE,TRUE
"NR_015475","1700086O06Rik","1700086O06Rik","Midbrain","15.5","15.5",1,"higher",0.175825,0.175825,0.000580795873055521,0.01555,0.00114099081614457,0.1078,TRUE,FALSE
"NM_019744","Ncoa4","Ncoa4","Midbrain","15.5","15.5",1,"higher",0.39155,0.39155,0.000587968908833825,0.0751,0.000625836629744206,0.3402,TRUE,TRUE
"NM_138306","Dgkz","Dgkz","Midbrain","15.5","15.5",1,"lower",0.18005,0.18005,0.000596339627688977,0.0107499999999999,0.000492059785205378,0.1495,TRUE,TRUE
"NM_001001792","Zfp239","Zfp239","Midbrain","15.5","15.5",1,"higher",0.6099,0.6099,0.000602632149956698,0.0406500000000001,0.000456026816438336,0.4513,TRUE,TRUE
"NM_008616","Zfp239","Zfp239","Midbrain","15.5","15.5",1,"lower",0.6099,0.6099,0.000603294378541728,0.04065,0.000456026816438336,0.4513,TRUE,TRUE
"NM_177981","Hap1","Hap1","Midbrain","15.5","15.5",1,"lower",0.24525,0.24525,0.000604956692231287,0.0387,0.000457579495267464,0.1557,TRUE,TRUE
"NM_010404","Hap1","Hap1","Midbrain","15.5","15.5",1,"higher",0.24525,0.24525,0.000604956692231287,0.0387000000000001,0.000457579495267464,0.1557,TRUE,TRUE
"NM_001277954","Sh3gl3","Sh3gl3","Midbrain","15.5","15.5",1,"lower",0.233625,0.233625,0.000605819480261421,0.055,0.000460789056715552,0.1725,TRUE,TRUE
"NM_001093752","Srsf11","Srsf11","Midbrain","15.5","15.5",1,"higher",0.119975,0.119975,0.000611600352314203,0.0249499999999999,0.000462053067770836,0.0656,TRUE,TRUE
"NM_008851","Pitpnm1","Pitpnm1","Midbrain","11.5","11.5",1,"lower",0.143275,0.143275,0.000628807952876126,0.08665,5.41395432146627e-12,0.1035,TRUE,TRUE
"NM_001301424","Slc7a1","Slc7a1","Midbrain","15.5","15.5",1,"lower",0.452525,0.452525,0.0006313157894362,0.04055,0.000474489426809195,0.4464,TRUE,TRUE
"NM_007513","Slc7a1","Slc7a1","Midbrain","15.5","15.5",1,"higher",0.452525,0.452525,0.000631448133941802,0.0405500000000001,0.000474489426809195,0.4464,TRUE,TRUE
"NM_001177667","Sptan1","Sptan1","Midbrain","15.5","15.5",1,"lower",0.309175,0.309175,0.000631529537260261,0.0609499999999999,7.25726456323495e-07,0.2075,TRUE,TRUE
"NM_001046637","Snrpa","Snrpa","Midbrain","15.5","15.5",1,"lower",0.154025,0.154025,0.000635714624945297,0.0445,1.0076044409625e-06,0.0961,TRUE,TRUE
"NM_138681","Bcas3","Bcas3","Midbrain","15.5","15.5",1,"lower",0.3111,0.3111,0.000636101898792547,0.03255,0.00126713448304561,0.2617,TRUE,FALSE
"NM_001289654","Fhod3","Fhod3","Midbrain","15.5","15.5",1,"lower",0.3145,0.3145,0.000636774005814275,0.0982499999999999,0.00022766450337604,0.2783,TRUE,FALSE
"NM_001166597","Dgkz","Dgkz","Midbrain","15.5","15.5",1,"higher",0.18005,0.18005,0.000654243906357754,0.01075,0.000492059785205378,0.1495,TRUE,TRUE
"NM_001166458","Slc38a1","Slc38a1","Midbrain","15.5","15.5",1,"higher",0.1231,0.1231,0.0006586396624021,0.0374,0.000711797218230888,0.0905,TRUE,TRUE
"NR_075078","Pitpnm1","Pitpnm1","Midbrain","11.5","11.5",1,"higher",0.143275,0.143275,0.000670482868154967,0.0866499999999999,5.41395432146627e-12,0.1035,TRUE,TRUE
"NM_001039951","Zfp606","Zfp606","Midbrain","15.5","15.5",1,"higher",0.1348,0.1348,0.000670482868154967,0.0201,0.000592768568210467,0.0864,TRUE,TRUE
"NM_010064","Dync1i2","Dync1i2","Midbrain","15.5","15.5",1,"higher",0.14205,0.14205,0.000683210805255142,0.0227999999999999,6.37010208947998e-12,0.123,TRUE,TRUE
"NM_182716","Nfasc","Nfasc","Midbrain","15.5","15.5",1,"lower",0.6157,0.6157,0.000685493959534363,0.0296500000000003,0.00176481826006269,0.3246,TRUE,FALSE
"NM_001252501","Sorcs1","Sorcs1","Midbrain","15.5","15.5",1,"lower",0.266875,0.266875,0.000690400394104719,0.0972000000000001,0.000744268148106676,0.1882,TRUE,FALSE
"NM_133817","Zfp451","Zfp451","Midbrain","15.5","15.5",1,"higher",0.16915,0.16915,0.00070638893687215,0.03585,0.000792393705744769,0.1524,TRUE,TRUE
"NM_010611","Kcnq2","Kcnq2","Midbrain","15.5","15.5",1,"lower",0.15185,0.15185,0.000706900212513621,0.06855,2.6604623554228e-11,0.1084,TRUE,TRUE
"NM_001290700","Zfp451","Zfp451","Midbrain","15.5","15.5",1,"lower",0.16915,0.16915,0.000735361464150799,0.0358499999999999,0.000792393705744769,0.1524,TRUE,TRUE
"NM_001145834","Ralgds","Ralgds","Midbrain","15.5","15.5",1,"lower",0.22365,0.22365,0.000746965167930167,0.0742999999999999,0.00191705547704835,0.2014,TRUE,FALSE
"NM_028029","Dnmbp","Dnmbp","Midbrain","15.5","15.5",1,"higher",0.19355,0.19355,0.000771010852323121,0.0586999999999999,0.00060268359108255,0.1635,TRUE,TRUE
"NR_130775","Cep41","Cep41","Midbrain","15.5","15.5",1,"higher",0.1872,0.1872,0.000771844838792028,0.03995,0.000831098123929612,0.1652,TRUE,TRUE
"NM_001037099","Cacnb4","Cacnb4","Midbrain","15.5","15.5",1,"higher",0.50475,0.50475,0.000772863216235519,0.02355,3.94903787481697e-08,0.1827,TRUE,TRUE
"NM_001284248","Hdac5","Hdac5","Midbrain","15.5","15.5",1,"higher",0.13575,0.13575,0.000776076250896262,0.00515,0.00242791383298375,0.1137,TRUE,FALSE
"NM_026112","Zfp606","Zfp606","Midbrain","15.5","15.5",1,"lower",0.1348,0.1348,0.000780374377892841,0.0201000000000001,0.000592768568210467,0.0864,TRUE,TRUE
"NM_001306088","Dnmbp","Dnmbp","Midbrain","15.5","15.5",1,"lower",0.19355,0.19355,0.000793846450312743,0.0587,0.00060268359108255,0.1635,TRUE,TRUE
"NM_001146224","Dpy30","Dpy30","Midbrain","15.5","15.5",1,"higher",0.1384,0.1384,0.000801170855739859,0.0283,0.00161148636265332,0.0953,TRUE,TRUE
"NM_145602","Ndrg4","Ndrg4","Midbrain","15.5","15.5",1,"lower",0.38715,0.38715,0.000807645870030677,0.0184500000000001,0.00061618296514877,0.3598,TRUE,TRUE
"NM_001190817","Dnajc1","Dnajc1","Midbrain","14.5","14.5",1,"higher",0.186475,0.186475,0.000808260207140132,0.05595,0.000618934386235929,0.1499,TRUE,TRUE
"NM_001195006","Ndrg4","Ndrg4","Midbrain","15.5","15.5",1,"higher",0.38715,0.38715,0.000812525448578027,0.01845,0.00061618296514877,0.3598,TRUE,TRUE
"NM_001242390","Trip10","Trip10","Midbrain","15.5","15.5",1,"higher",0.264,0.264,0.000817992080142059,0.038,0.00164949921818542,0.2221,TRUE,FALSE
"NM_007869","Dnajc1","Dnajc1","Midbrain","14.5","14.5",1,"lower",0.186475,0.186475,0.000817992080142059,0.0559499999999998,0.000618934386235929,0.1499,TRUE,TRUE
"NM_001195048","Pak3","Pak3","Midbrain","15.5","15.5",1,"lower",0.3366,0.3366,0.000833607640178326,0.0187000000000001,0.00263616069733942,0.2123,TRUE,TRUE
"NM_001045864","Nelfe","Nelfe","Midbrain","15.5","15.5",1,"lower",0.22195,0.22195,0.000867594272114099,0.07825,0.00174277970997017,0.191,TRUE,FALSE
"NM_009806","Cask","Cask","Midbrain","15.5","15.5",1,"higher",0.6028,0.6028,0.000900096778041662,0.00555,1.80717948642881e-08,0.5375,TRUE,TRUE
"NM_001001737","Zfp950","Zfp950","Midbrain","15.5","15.5",1,"higher",0.1111,0.1111,0.000905386071672888,0.01245,0.00383705829784112,0.105,TRUE,FALSE
"NM_153410","Gpsm1","Gpsm1","Midbrain","15.5","15.5",1,"lower",0.258475,0.258475,0.000911509774348549,0.0436500000000002,0.000990343343411656,0.232,TRUE,TRUE
"NM_028387","Macrod2","Macrod2","Midbrain","15.5","15.5",1,"higher",0.2531,0.2531,0.000919859375556619,0.0294,0.000720550047677158,0.2323,TRUE,TRUE
"NM_001199146","Gpsm1","Gpsm1","Midbrain","15.5","15.5",1,"higher",0.259375,0.259375,0.000920653872756614,0.0412,0.000990343343411656,0.233,TRUE,TRUE
"NM_001162432","Lck","Lck","Midbrain","15.5","15.5",1,"lower",0.82665,0.82665,0.00092310506207462,0,0.00129175156076692,0.6957,TRUE,TRUE
"NM_001289732","Dach2","Dach2","Midbrain","15.5","15.5",1,"higher",0.423375,0.423375,0.000924659959977001,0.05775,0.00238801611697406,0.1743,TRUE,FALSE
"NM_019840","Pde4b","Pde4b","Midbrain","15.5","15.5",1,"higher",0.3192,0.3192,0.000929728303402645,0.0650499999999999,0.00239965537026829,0.2192,TRUE,TRUE
"NM_001114597","Ehbp1l1","Ehbp1l1","Midbrain","15.5","15.5",1,"higher",0.17845,0.17845,0.000932023836122155,0.0146,0.00240413047742765,0.1718,TRUE,FALSE
"NM_001122730","Tnrc18","Tnrc18","Midbrain","15.5","15.5",1,"higher",0.1979,0.1979,0.000941719539684824,0.07925,0.000768870906762927,0.1742,TRUE,TRUE
"NM_001013802","Macrod2","Macrod2","Midbrain","15.5","15.5",1,"lower",0.2531,0.2531,0.000949561835462573,0.0294000000000002,0.000720550047677158,0.2323,TRUE,TRUE
"NM_001291063","Elf2","Elf2","Midbrain","15.5","15.5",1,"higher",0.15165,0.15165,0.000949561835462573,0,9.87581641296144e-09,0.1276,TRUE,FALSE
"NM_028806","Phactr3","Phactr3","Midbrain","15.5","15.5",1,"lower",0.725325,0.725325,0.000958877138870313,0.0610499999999999,0.0030305089375396,0.5523,TRUE,FALSE
"NM_178590","Ikbkg","Ikbkg","Midbrain","14.5","14.5",1,"lower",0.106975,0.106975,0.000972246850552308,0.07615,0.00307576756490881,0.0845,TRUE,FALSE
"NM_021402","Ube2j2","Ube2j2","Midbrain","15.5","15.5",1,"lower",0.205525,0.205525,0.000997039538200147,0.0773000000000001,0.000269016999424435,0.1979,TRUE,TRUE
"NM_001253740","Tpm3","Tpm3","Midbrain","15.5","15.5",1,"lower",0.1112,0.1112,0.000998992948395113,0.0605,2.17628821957527e-06,0.084,TRUE,TRUE
"NM_178242","Tnrc18","Tnrc18","Midbrain","15.5","15.5",1,"lower",0.1979,0.1979,0.00101406908692444,0.07925,0.000768870906762927,0.1742,TRUE,TRUE
"NM_001079686","Syne1","Syne1","Midbrain","15.5","15.5",1,"lower",0.27695,0.27695,0.00102992972014269,0.06465,3.12076123688032e-06,0.2682,TRUE,FALSE
"NM_001286344","Pard6a","Pard6a","Midbrain","15.5","15.5",1,"higher",0.2971,0.2971,0.00104225407005831,0.078,0.00328436110358227,0.2822,TRUE,FALSE
"NM_007965","Evl","Evl","Midbrain","15.5","15.5",1,"lower",0.392975,0.392975,0.00106712927464735,0.06415,2.58263751114767e-07,0.3698,TRUE,TRUE
"NM_029096","Rita1","Rita1","Midbrain","11.5","11.5",1,"lower",0.11415,0.11415,0.00106712927464735,0.0478000000000001,0.000833324038864099,0.0706,TRUE,TRUE
"NM_001170976","Dbndd1","Dbndd1","Midbrain","15.5","15.5",1,"higher",0.1877,0.1877,0.00107994940546254,0.00775000000000001,1.57280018774296e-05,0.0811,TRUE,TRUE
"NM_001302505","Tmub2","Tmub2","Midbrain","15.5","15.5",1,"lower",0.1127,0.1127,0.00108134617524207,0.0515,0.00217753227440547,0.1002,TRUE,FALSE
"NM_008515","Lrrfip1","Lrrfip1","Midbrain","15.5","15.5",1,"higher",0.2041,0.2041,0.0010888096442362,0.02695,0.000309354773644471,0.1714,TRUE,TRUE
"NM_133908","Rita1","Rita1","Midbrain","11.5","11.5",1,"higher",0.11415,0.11415,0.00109368278613782,0.0478,0.000833324038864099,0.0706,TRUE,TRUE
"NM_001291508","Pbx1","Pbx1","Midbrain","15.5","15.5",1,"higher",0.6576,0.6576,0.00110501291828632,0.09215,2.24801474592769e-05,0.5896,TRUE,FALSE
"NM_001040403","Flot2","Flot2","Midbrain","15.5","15.5",1,"higher",0.1323,0.1323,0.00112601892767857,0.0279000000000001,0.000866147672574437,0.1104,TRUE,TRUE
"NM_011361","Sgk1","Sgk1","Midbrain","15.5","15.5",1,"higher",0.1888,0.1888,0.00120187851661781,0.0127999999999999,4.82077316038274e-09,0.1574,TRUE,TRUE
"NM_001170746","Magi2","Magi2","Midbrain","11.5","11.5",1,"higher",0.2412,0.2412,0.0012636660674457,0.0746,4.53440366897205e-11,0.2261,TRUE,FALSE
"NM_001159610","Lrrc57","Lrrc57","Midbrain","11.5","11.5",1,"higher",0.110025,0.110025,0.00126736941299681,0.0367,0.00400070187834013,0.0944,TRUE,FALSE
"NM_012015","H2afy","H2afy","Midbrain","15.5","15.5",1,"lower",0.11445,0.11445,0.0013407973469965,0.04085,9.5886226222546e-06,0.0793,TRUE,TRUE
"NM_010141","Epha7","Epha7","Midbrain","15.5","15.5",1,"higher",0.13035,0.13035,0.00136074863056525,0.0510499999999999,0.000202903953158006,0.1036,TRUE,TRUE
"NM_001038587","Adar","Adar","Midbrain","15.5","15.5",1,"lower",0.6024,0.6024,0.00136791323034296,0.0668000000000001,0.00276380011840388,0.4489,TRUE,FALSE
"NM_001113181","Gria4","Gria4","Midbrain","15.5","15.5",1,"lower",0.55865,0.55865,0.00138221217195571,0.0137500000000002,0.00278329068591493,0.3099,TRUE,FALSE
"NM_011181","Cyth2","Cyth2","Midbrain","15.5","15.5",1,"lower",0.112,0.112,0.00139378968984107,0.0134999999999998,0.0012920301148449,0.0976999999999999,TRUE,TRUE
"NM_001162369","Mgat4c","Mgat4c","Midbrain","15.5","15.5",1,"higher",0.9814,0.9814,0.00139454241284327,0.0122,0.000265283084186773,0.9779,TRUE,TRUE
"NM_008080","B4galnt1","B4galnt1","Midbrain","15.5","15.5",1,"lower",0.34685,0.34685,0.00139704651955504,0.0477500000000001,2.66095006012372e-06,0.3031,TRUE,TRUE
"NM_001164099","Add3","Add3","Midbrain","15.5","15.5",1,"lower",0.289225,0.289225,0.00144264254488601,0.09735,0.00046356530061397,0.2739,TRUE,FALSE
"NM_028709","Btbd11","Btbd11","Midbrain","11.5","11.5",1,"lower",0.30095,0.30095,0.00145806921788246,0.0820000000000002,0.00111713972769075,0.2811,TRUE,TRUE
"NM_001291214","Myo18a","Myo18a","Midbrain","15.5","15.5",1,"higher",0.6836,0.6836,0.00145858700703579,0.05085,8.73811109848573e-06,0.618,TRUE,TRUE
"NM_011733","Ybx3","Ybx3","Midbrain","15.5","15.5",1,"higher",0.367875,0.367875,0.00146014619387692,0.0611,0.00111705907729442,0.2852,TRUE,TRUE
"NM_139117","Ybx3","Ybx3","Midbrain","15.5","15.5",1,"lower",0.367875,0.367875,0.00146878357078111,0.0611,0.00111705907729442,0.2852,TRUE,TRUE
"NM_001017525","Btbd11","Btbd11","Midbrain","11.5","11.5",1,"higher",0.30095,0.30095,0.00147006025755624,0.082,0.00111713972769075,0.2811,TRUE,TRUE
"NM_207515","Mbnl2","Mbnl2","Midbrain","15.5","15.5",1,"higher",0.4091,0.4091,0.00148917567517515,0.0838,0.00114148519026434,0.3402,TRUE,TRUE
"NM_175341","Mbnl2","Mbnl2","Midbrain","15.5","15.5",1,"lower",0.4091,0.4091,0.00150575582564507,0.0838000000000001,0.00114148519026434,0.3402,TRUE,TRUE
"NM_010286","Tsc22d3","Tsc22d3","Midbrain","15.5","15.5",1,"higher",0.156,0.156,0.00151965067316041,0.01845,9.00421379001703e-10,0.1181,TRUE,TRUE
"NM_010327","Gp1bb","Gp1bb","Midbrain","15.5","15.5",1,"higher",0.87165,0.87165,0.00162593739433461,0.0757499999999999,0.00124438815779571,0.827,TRUE,TRUE
"NM_001001999","Gp1bb","Gp1bb","Midbrain","15.5","15.5",1,"lower",0.87165,0.87165,0.00162676525186663,0.0757500000000001,0.00124438815779571,0.827,TRUE,TRUE
"NM_001112701","Cyth2","Cyth2","Midbrain","15.5","15.5",1,"higher",0.112,0.112,0.00169193948471092,0.0135,0.0012920301148449,0.0977,TRUE,TRUE
"NM_010199","Fgf12","Fgf12","Midbrain","15.5","15.5",1,"higher",0.2755,0.2755,0.00171582025446164,0.02115,0.00446678303424723,0.1699,TRUE,TRUE
"NM_178162","Agfg2","Agfg2","Midbrain","11.5","11.5",1,"higher",0.39725,0.39725,0.00173125273958093,0.09855,0.00349985130934974,0.2058,TRUE,FALSE
"NM_001168679","Tspan8","Tspan8","Midbrain","13.5","13.5",1,"higher",1,1,0.00175244663161108,0.08595,0.00354725702791131,1,TRUE,FALSE
"NM_001242372","Gon4l","Gon4l","Midbrain","16.5","16.5",1,"higher",0.423525,0.423525,0.00182815473382151,0.0998,0.00142675605255587,0.3689,TRUE,TRUE
"NM_017392","Celsr2","Celsr2","Midbrain","15.5","15.5",1,"lower",0.43655,0.43655,0.00185014251652063,0.0313499999999999,0.00142310117029522,0.3141,TRUE,TRUE
"NM_001004177","Celsr2","Celsr2","Midbrain","15.5","15.5",1,"higher",0.43655,0.43655,0.00185444571834205,0.03135,0.00142310117029522,0.3141,TRUE,TRUE
"NM_027389","Gon4l","Gon4l","Midbrain","16.5","16.5",1,"lower",0.423525,0.423525,0.00186410271941126,0.0997999999999999,0.00142675605255587,0.3689,TRUE,TRUE
"NR_028053","Ngrn","Ngrn","Midbrain","15.5","15.5",1,"lower",0.1586,0.1586,0.00187642287880838,0.0246500000000001,0.00150244689984042,0.121,TRUE,TRUE
"NM_001163489","Sema4a","Sema4a","Midbrain","15.5","15.5",1,"higher",0.70585,0.70585,0.0018857658366309,0.0713,0.00442298946178275,0.5367,TRUE,TRUE
"NM_054052","B3gnt5","B3gnt5","Midbrain","15.5","15.5",1,"lower",0.20885,0.20885,0.00188689384320322,0.0364500000000001,0.00383340048593286,0.1665,TRUE,FALSE
"NM_010863","Myo1b","Myo1b","Midbrain","15.5","15.5",1,"higher",0.282625,0.282625,0.00192398304830147,0.00974999999999998,0.000273745515026379,0.1901,TRUE,TRUE
"NM_001115151","Uspl1","Uspl1","Midbrain","15.5","15.5",1,"higher",0.16315,0.16315,0.00192398304830147,0.0773,0.00812461082689651,0.1306,TRUE,FALSE
"NM_020035","Pigo","Pigo","Midbrain","15.5","15.5",1,"lower",0.230925,0.230925,0.00194095031226854,0.0690499999999999,0.00393874090416198,0.1803,TRUE,FALSE
"NM_001177813","Wbp1l","Wbp1l","Midbrain","15.5","15.5",1,"higher",0.5733,0.5733,0.00194351591323572,0.0356,0.00394158487482619,0.5211,TRUE,FALSE
"NM_031375","Ngrn","Ngrn","Midbrain","15.5","15.5",1,"higher",0.1586,0.1586,0.00195451878622503,0.0246500000000001,0.00150244689984042,0.121,TRUE,TRUE
"NM_001290805","Kif3a","Kif3a","Midbrain","15.5","15.5",1,"higher",0.4575,0.4575,0.00197968636528629,0.00805,0.000250146448946576,0.2808,TRUE,TRUE
"NM_175162","Stox2","Stox2","Midbrain","15.5","15.5",1,"higher",0.32895,0.32895,0.00201757234985695,0.04765,0.00342095224312728,0.2733,TRUE,TRUE
"NM_023813","Camk2d","Camk2d","Midbrain","15.5","15.5",1,"higher",0.1717,0.1717,0.00201757234985695,0,0.00850372977621909,0.14,TRUE,FALSE
"NM_010367","Magi1","Magi1","Midbrain","15.5","15.5",1,"higher",0.2836,0.2836,0.00202139067519089,0.01605,1.06347440328758e-10,0.257,TRUE,TRUE
"NM_001146223","Dpy30","Dpy30","Midbrain","15.5","15.5",1,"lower",0.157075,0.157075,0.00204834304400977,0.0263,0.00161148636265332,0.1147,TRUE,TRUE
"NM_010898","Nf2","Nf2","Midbrain","15.5","15.5",1,"lower",0.39255,0.39255,0.00206502876200567,0.0422000000000002,0.00132195577472694,0.2955,TRUE,TRUE
"NM_001081453","Nin","Nin","Midbrain","15.5","15.5",1,"higher",0.176775,0.176775,0.0020701829114709,0.0693000000000001,2.35406649159806e-10,0.0976,TRUE,TRUE
"NM_054082","Mta3","Mta3","Midbrain","15.5","15.5",1,"lower",0.1609,0.1609,0.00211267079023235,0.04785,0.00552408218083503,0.0898,TRUE,FALSE
"NR_027869","Dtnb","Dtnb","Midbrain","15.5","15.5",1,"lower",0.438875,0.438875,0.00219295782612347,0.0380499999999999,0.00570425819345965,0.3647,TRUE,FALSE
"NM_024186","Ssbp2","Ssbp2","Midbrain","15.5","15.5",1,"lower",0.13945,0.13945,0.00221983685359893,0.00939999999999996,0.00181260545175913,0.1268,TRUE,TRUE
"NM_001163330","Ralyl","Ralyl","Midbrain","12.5","12.5",1,"higher",0.22205,0.22205,0.00223413724472813,0.03535,1.32707388911756e-13,0.1329,TRUE,FALSE
"NM_001145956","Pigv","Pigv","Midbrain","15.5","15.5",1,"lower",0.3979,0.3979,0.00234595448841288,0.07395,0.00193854500014056,0.352,TRUE,TRUE
"NM_024272","Ssbp2","Ssbp2","Midbrain","15.5","15.5",1,"higher",0.13945,0.13945,0.00234595448841288,0.00939999999999996,0.00181260545175913,0.1268,TRUE,TRUE
"NM_030246","Dcaf4","Dcaf4","Midbrain","15.5","15.5",1,"lower",0.177525,0.177525,0.00237340909384402,0.0285999999999998,0.00191101647202366,0.121,TRUE,TRUE
"NM_001008506","Zc3h14","Zc3h14","Midbrain","15.5","15.5",1,"lower",0.18025,0.18025,0.00239626340046516,0.0308,0.00138816943178084,0.157,TRUE,TRUE
"NM_001163388","Apopt1","Apopt1","Midbrain","15.5","15.5",1,"lower",0.2047,0.2047,0.002405210047002,0.0988,0.00191101647202366,0.1295,TRUE,TRUE
"NM_177783","Ubr3","Ubr3","Midbrain","16.5","16.5",1,"lower",0.3737,0.3737,0.00241094578377076,0.0928999999999999,0.00188605211593817,0.3426,TRUE,TRUE
"NM_001303033","Ubr3","Ubr3","Midbrain","16.5","16.5",1,"higher",0.3737,0.3737,0.00242662974459242,0.0929,0.00188605211593817,0.3426,TRUE,TRUE
"NM_001302386","Clcn4-2","Clcn4-2","Midbrain","15.5","15.5",1,"higher",0.1888,0.1888,0.00245583954178499,0.0198,0.00644993264134552,0.1624,TRUE,FALSE
"NM_001165256","Dcaf4","Dcaf4","Midbrain","15.5","15.5",1,"higher",0.177525,0.177525,0.00246095812994196,0.0286,0.00191101647202366,0.121,TRUE,TRUE
"NM_026511","Apopt1","Apopt1","Midbrain","15.5","15.5",1,"higher",0.2047,0.2047,0.00246187229142147,0.0988000000000001,0.00191101647202366,0.1295,TRUE,TRUE
"NM_178698","Pigv","Pigv","Midbrain","15.5","15.5",1,"higher",0.3979,0.3979,0.00250301810344836,0.0739500000000001,0.00193854500014056,0.352,TRUE,TRUE
"NM_153597","Trpt1","Trpt1","Midbrain","15.5","15.5",1,"higher",0.3732,0.3732,0.00250354466609338,0.09915,0.00196011604195459,0.331,TRUE,TRUE
"NM_027884","Tns1","Tns1","Midbrain","15.5","15.5",1,"higher",0.1198,0.1198,0.00250354466609338,0.02705,0.00215856117087212,0.1164,TRUE,TRUE
"NR_027351","Trpt1","Trpt1","Midbrain","15.5","15.5",1,"lower",0.3732,0.3732,0.00252341217622893,0.09915,0.00196011604195459,0.331,TRUE,TRUE
"NR_033430","Gm2694","Gm2694","Midbrain","15.5","15.5",1,"lower",0.2312,0.2312,0.00255243506180841,0.02705,0.00199294758442485,0.1343,TRUE,TRUE
"NM_001163349","Ntng1","Ntng1","Midbrain","15.5","15.5",1,"higher",0.891325,0.891325,0.00256076714170158,0.01545,0.0061409920817646,0.8704,TRUE,FALSE
"NM_001308462","Alox5ap","Alox5ap","Midbrain","14.5","14.5",1,"higher",0.70855,0.70855,0.00256076714170158,0,0.00201579220157178,0.4784,TRUE,TRUE
"NM_001012623","Rims1","Rims1","Midbrain","15.5","15.5",1,"lower",0.301675,0.301675,0.00256076714170158,0.0502,0.00814992703988432,0.2114,TRUE,FALSE
"NR_125722","Gm2694","Gm2694","Midbrain","15.5","15.5",1,"higher",0.2312,0.2312,0.00256076714170158,0.0270499999999999,0.00199294758442485,0.1343,TRUE,TRUE
"NM_009663","Alox5ap","Alox5ap","Midbrain","14.5","14.5",1,"lower",0.70855,0.70855,0.00258557456850921,0,0.00201579220157178,0.4784,TRUE,TRUE
"NM_001164172","Map2k7","Map2k7","Midbrain","15.5","15.5",1,"higher",0.45855,0.45855,0.00258897505527622,0.0457,1.05054275017791e-06,0.3996,TRUE,FALSE
"NM_019640","Pitpnb","Pitpnb","Midbrain","15.5","15.5",1,"higher",0.281725,0.281725,0.00265254248787106,0.0468500000000001,0.00702737172032485,0.2304,TRUE,TRUE
"NM_026057","Zfp422","Zfp422","Midbrain","15.5","15.5",1,"higher",0.1133,0.1133,0.00272136258643116,0.0224000000000001,0.0055997597114555,0.0827,TRUE,FALSE
"NR_110358","Iqsec3","Iqsec3","Midbrain","15.5","15.5",1,"lower",0.12165,0.12165,0.00274015849372695,0.0343,0.00564676697063686,0.1041,TRUE,FALSE
"NM_001289895","Tns1","Tns1","Midbrain","15.5","15.5",1,"lower",0.1198,0.1198,0.00275324707464556,0.02705,0.00215856117087212,0.1164,TRUE,TRUE
"NM_001161852","Fbxo44","Fbxo44","Midbrain","15.5","15.5",1,"lower",0.1924,0.1924,0.00279917851484962,0.0393500000000001,0.00739679489375326,0.1726,TRUE,FALSE
"NM_025518","Dus2","Dus2","Midbrain","12.5","12.5",1,"lower",0.15775,0.15775,0.00285395387110324,0.0468500000000001,0.00230841419579521,0.0673,TRUE,TRUE
"NM_010801","Mlf1","Mlf1","Midbrain","15.5","15.5",1,"lower",0.4107,0.4107,0.00288825586697661,0.00780000000000003,0.00236361093522393,0.3642,TRUE,TRUE
"NM_001252637","Rhobtb1","Rhobtb1","Midbrain","15.5","15.5",1,"higher",0.308075,0.308075,0.00292164633308054,0.0372500000000001,0.00602061499713986,0.2072,TRUE,FALSE
"NM_001301176","Dus2","Dus2","Midbrain","12.5","12.5",1,"higher",0.15775,0.15775,0.00293425089971313,0.04685,0.00230841419579521,0.0673,TRUE,TRUE
"NM_175025","Atp2c1","Atp2c1","Midbrain","15.5","15.5",1,"lower",0.31745,0.31745,0.00298675704181866,0.0667999999999999,0.0010755307158011,0.2115,TRUE,TRUE
"NM_001039543","Mlf1","Mlf1","Midbrain","15.5","15.5",1,"higher",0.4107,0.4107,0.00300920667999887,0.00779999999999999,0.00236361093522393,0.3642,TRUE,TRUE
"NM_001252520","Picalm","Picalm","Midbrain","15.5","15.5",1,"lower",0.148,0.148,0.00301861500704762,0.07455,0.00565658659064172,0.1276,TRUE,FALSE
"NM_001193303","Lims1","Lims1","Midbrain","15.5","15.5",1,"higher",0.1589,0.1589,0.00301861900295742,0.0549,2.90708386057109e-05,0.1178,TRUE,TRUE
"NM_001114311","Stox2","Stox2","Midbrain","15.5","15.5",1,"lower",0.30555,0.30555,0.00304504616330926,0.0168,0.00342095224312728,0.2395,TRUE,TRUE
"NM_001163490","Sema4a","Sema4a","Midbrain","15.5","15.5",1,"lower",0.569375,0.569375,0.00304551218541393,0.0592,0.00442298946178275,0.5615,TRUE,TRUE
"NM_001270446","Ccdc30","Ccdc30","Midbrain","15.5","15.5",1,"higher",0.32215,0.32215,0.00312080253069895,0.0602,0.00990200305490276,0.2873,TRUE,TRUE
"NM_001289775","Rufy3","Rufy3","Midbrain","15.5","15.5",1,"lower",0.1261,0.1261,0.00318561608404373,0.05295,3.88064046945934e-12,0.0736,TRUE,TRUE
"NM_001164150","Tcf3","Tcf3","Midbrain","15.5","15.5",1,"higher",0.19815,0.19815,0.0031973408496345,0.07815,0.000497591200618112,0.1624,TRUE,FALSE
"NM_001164798","Slc38a10","Slc38a10","Midbrain","15.5","15.5",1,"lower",0.212875,0.212875,0.00323785172663421,0.0693999999999999,0.00480221593638098,0.1663,TRUE,TRUE
"NM_001081458","Ppp2r5c","Ppp2r5c","Midbrain","15.5","15.5",1,"lower",0.16315,0.16315,0.00324268317326463,0.0354,9.50271861307972e-05,0.1491,TRUE,TRUE
"NM_133752","Opa1","Opa1","Midbrain","15.5","15.5",1,"lower",0.15985,0.15985,0.00324582042733479,0.0204000000000001,0.00263616069733942,0.1439,TRUE,TRUE
"NM_001039076","Ldb3","Ldb3","Midbrain","15.5","15.5",1,"higher",0.82305,0.82305,0.00326195464286445,0,0.0138506417972572,0.8138,TRUE,FALSE
"NM_010693","Lck","Lck","Midbrain","15.5","15.5",1,"higher",0.68355,0.68355,0.00329752811898307,0,0.00129175156076692,0.6494,TRUE,TRUE
"NM_007540","Bdnf","Bdnf","Midbrain","15.5","15.5",1,"lower",0.1403,0.1403,0.00333956415663696,0.0314,6.96304051361776e-07,0.1247,TRUE,FALSE
"NM_001199177","Opa1","Opa1","Midbrain","15.5","15.5",1,"higher",0.15985,0.15985,0.00333972407859509,0.0204,0.00263616069733942,0.1439,TRUE,TRUE
"NM_001308095","Nadsyn1","Nadsyn1","Midbrain","15.5","15.5",1,"lower",0.4149,0.4149,0.00343341239134223,0.09005,0.00272292762254118,0.3583,TRUE,TRUE
"NM_001164051","Pik3cd","Pik3cd","Midbrain","15.5","15.5",1,"lower",0.32165,0.32165,0.00343341239134223,0.0952499999999999,0.00900614014158549,0.19,TRUE,FALSE
"NM_030221","Nadsyn1","Nadsyn1","Midbrain","15.5","15.5",1,"higher",0.4149,0.4149,0.00343905812768882,0.09005,0.00272292762254118,0.3583,TRUE,TRUE
"NM_001136104","Abl2","Abl2","Midbrain","11.5","11.5",1,"higher",0.16665,0.16665,0.0034694656447135,0.0951500000000001,0.00277655175519977,0.1522,TRUE,TRUE
"NM_009595","Abl2","Abl2","Midbrain","11.5","11.5",1,"lower",0.16665,0.16665,0.00349570337308101,0.09515,0.00277655175519977,0.1522,TRUE,TRUE
"NM_001024504","Dcun1d2","Dcun1d2","Midbrain","15.5","15.5",1,"higher",0.28245,0.28245,0.0036285686837053,0.09245,0.00955559891721927,0.2214,TRUE,FALSE
"NM_001170907","Trip4","Trip4","Midbrain","15.5","15.5",1,"higher",0.20635,0.20635,0.0037332728498301,0.0342000000000001,0.00298483809553789,0.185,TRUE,TRUE
"NM_198091","Usp2","Usp2","Midbrain","15.5","15.5",1,"higher",0.3705,0.3705,0.00375155033988926,0.09905,0.00773278483190949,0.3228,TRUE,FALSE
"NM_019797","Trip4","Trip4","Midbrain","15.5","15.5",1,"lower",0.20635,0.20635,0.00376509024361629,0.0342,0.00298483809553789,0.185,TRUE,TRUE
"NM_001277986","Snap91","Snap91","Midbrain","15.5","15.5",1,"lower",0.150725,0.150725,0.00376740165642842,0.0488,8.81031145839211e-09,0.1158,TRUE,TRUE
"NM_011586","Myo18a","Myo18a","Midbrain","11.5","11.5",1,"higher",0.30315,0.30315,0.00376811019505985,0.0308500000000002,8.73811109848573e-06,0.2904,TRUE,FALSE
"NM_146118","Slc25a25","Slc25a25","Midbrain","15.5","15.5",1,"lower",0.293675,0.293675,0.00379959245412161,0.0603,3.48178299064136e-12,0.2277,TRUE,TRUE
"NM_018875","Snx12","Snx12","Midbrain","15.5","15.5",1,"higher",0.17475,0.17475,0.00380689028162721,0.0473,0.0078326632503104,0.1488,TRUE,TRUE
"NM_001291202","Tpd52l2","Tpd52l2","Midbrain","15.5","15.5",1,"lower",0.169675,0.169675,0.00388821100266942,0.0506,0.0146227610080511,0.1203,TRUE,TRUE
"NM_001163643","Map3k12","Map3k12","Midbrain","11.5","11.5",1,"higher",0.16675,0.16675,0.00388948220858251,0.05845,0.0031409464322112,0.1647,TRUE,TRUE
"NM_001160214","Smek1","Smek1","Midbrain","15.5","15.5",1,"higher",0.18395,0.18395,0.00390127087495744,0.0267,0.0031409464322112,0.106,TRUE,TRUE
"NM_009582","Map3k12","Map3k12","Midbrain","11.5","11.5",1,"lower",0.16675,0.16675,0.00395997818787941,0.05845,0.0031409464322112,0.1647,TRUE,TRUE
"NM_001130450","Nfe2l1","Nfe2l1","Midbrain","15.5","15.5",1,"higher",0.312225,0.312225,0.00396679050039037,0.0251,0.0147483988379121,0.2786,TRUE,FALSE
"NM_211355","Smek1","Smek1","Midbrain","15.5","15.5",1,"lower",0.18395,0.18395,0.00396679050039037,0.0266999999999999,0.0031409464322112,0.106,TRUE,TRUE
"NM_001146293","Celf4","Celf4","Midbrain","15.5","15.5",1,"lower",0.1661,0.1661,0.00402246756889667,0.00744999999999998,0.012818457255551,0.1591,TRUE,FALSE
"NM_001109684","Kazn","Kazn","Midbrain","15.5","15.5",1,"lower",0.48175,0.48175,0.00405353770407728,0.0816999999999999,3.39446231826276e-06,0.4517,TRUE,TRUE
"NM_153158","E130308A19Rik","E130308A19Rik","Midbrain","15.5","15.5",1,"lower",0.11885,0.11885,0.00407181498775836,0.015,0.00331857845553789,0.0746,TRUE,TRUE
"NM_015756","Shroom3","Shroom3","Midbrain","15.5","15.5",1,"lower",0.6233,0.6233,0.00408024455417965,0.0877499999999999,0.0083898716817339,0.5767,TRUE,FALSE
"NM_001164185","Lsr","Lsr","Midbrain","15.5","15.5",1,"higher",0.2618,0.2618,0.00409015901278229,0.00565,0.0084238771510219,0.163,TRUE,FALSE
"NM_001142642","Fbrsl1","Fbrsl1","Midbrain","15.5","15.5",1,"higher",0.28375,0.28375,0.00414807181811456,0.07165,0.00339199580937703,0.239,TRUE,TRUE
"NM_001015681","E130308A19Rik","E130308A19Rik","Midbrain","15.5","15.5",1,"higher",0.11885,0.11885,0.00416908932659791,0.0149999999999999,0.00331857845553789,0.0746,TRUE,TRUE
"NM_028596","Fbrsl1","Fbrsl1","Midbrain","15.5","15.5",1,"lower",0.28375,0.28375,0.004263492361838,0.07165,0.00339199580937703,0.239,TRUE,TRUE
"NM_001276486","Dag1","Dag1","Midbrain","15.5","15.5",1,"higher",0.21055,0.21055,0.004263492361838,0.0300500000000001,0.0202685497625446,0.1826,TRUE,FALSE
"NM_001195003","Kat7","Kat7","Midbrain","15.5","15.5",1,"higher",0.182025,0.182025,0.00427857935979882,0.03305,0.00709280581918552,0.1324,TRUE,TRUE
"NM_177370","Rhbdd3","Rhbdd3","Midbrain","15.5","15.5",1,"higher",0.288375,0.288375,0.00428246057958055,0.0197500000000001,6.02075289504872e-08,0.1876,TRUE,FALSE
"NM_001252189","Epn2","Epn2","Midbrain","15.5","15.5",1,"higher",0.311,0.311,0.00429004750282548,0.0399,0.00883814644270696,0.2572,TRUE,TRUE
"NM_001256382","Rims2","Rims2","Midbrain","15.5","15.5",1,"lower",0.464625,0.464625,0.00434478712436665,0.0352,0.011466765068422,0.443,TRUE,FALSE
"NM_146178","Ccdc106","Ccdc106","Midbrain","15.5","15.5",1,"lower",0.1567,0.1567,0.00446414299767481,0.00555,0.00917511252025399,0.1063,TRUE,FALSE
"NM_001172096","Cacul1","Cacul1","Midbrain","15.5","15.5",1,"lower",0.21435,0.21435,0.00449756585605942,0.0758,0.00592421709537635,0.1239,TRUE,TRUE
"NM_133348","Acot7","Acot7","Midbrain","15.5","15.5",1,"lower",0.5768,0.5768,0.00451859352794715,0.0770000000000003,1.10421245101466e-11,0.5526,TRUE,TRUE
"NM_144901","Csde1","Csde1","Midbrain","14.5","15.5",2,"lower",0.1133,0.108825,0.00452825538095764,0.0682999999999999,0.00137868867464922,0.0821,TRUE,TRUE
"NM_001289611","Tasp1","Tasp1","Midbrain","15.5","15.5",1,"higher",0.16585,0.16585,0.00460230116002374,0.01065,0.0171797717179959,0.1565,TRUE,FALSE
"NM_001163355","Rhot1","Rhot1","Midbrain","15.5","15.5",1,"higher",0.2177,0.2177,0.00463961561511485,0.0669,0.00955669528982813,0.1824,TRUE,TRUE
"NM_009280","Ss18","Ss18","Midbrain","15.5","15.5",1,"lower",0.165825,0.165825,0.00464951602183892,0.0591,0.00956913924722113,0.1158,TRUE,FALSE
"NM_001038619","Dnm3","Dnm3","Midbrain","15.5","15.5",1,"lower",0.23635,0.23635,0.00468915010657964,0.09485,0.00383340048593286,0.1723,TRUE,TRUE
"NM_001083618","Ttll9","Ttll9","Midbrain","15.5","15.5",1,"higher",0.56795,0.56795,0.00477282705212492,0.0529,0.00383340048593286,0.5381,TRUE,TRUE
"NM_029064","Ttll9","Ttll9","Midbrain","15.5","15.5",1,"lower",0.56795,0.56795,0.00477282705212492,0.0528999999999999,0.00383340048593286,0.5381,TRUE,TRUE
"NM_172646","Dnm3","Dnm3","Midbrain","15.5","15.5",1,"higher",0.23635,0.23635,0.00477282705212492,0.0948499999999999,0.00383340048593286,0.1723,TRUE,TRUE
"NM_001290749","Rnf130","Rnf130","Midbrain","15.5","15.5",1,"lower",0.187175,0.187175,0.00484908233386475,0.0720000000000001,3.10267076632134e-11,0.0814,TRUE,TRUE
"NM_152220","Stx3","Stx3","Midbrain","15.5","15.5",1,"higher",0.22825,0.22825,0.00491600299254665,0.0908,0.00736437968078543,0.1281,TRUE,FALSE
"NM_001276350","Epc1","Epc1","Midbrain","15.5","15.5",1,"higher",0.1936,0.1936,0.00491884691086761,0.02475,4.00793706000902e-06,0.1934,TRUE,TRUE
"NM_001142920","Tcf7l2","Tcf7l2","Midbrain","12.5","12.5",1,"lower",0.1089,0.1089,0.00495456520219824,0.0959,0.000591007118091285,0.0905,TRUE,FALSE
"NM_001252521","Picalm","Picalm","Midbrain","15.5","15.5",1,"lower",0.2047,0.2047,0.00496594522237992,0.0909999999999999,0.00565658659064172,0.1613,TRUE,FALSE
"NM_001042491","Anapc5","Anapc5","Midbrain","15.5","15.5",1,"higher",0.1236,0.1236,0.00511303042190685,0.0297499999999999,0.0162485452185506,0.0977000000000001,TRUE,TRUE
"NM_001110305","Keap1","Keap1","Midbrain","15.5","15.5",1,"lower",0.12835,0.12835,0.00511460177581151,0.0396,0.0134312101617076,0.0958,TRUE,FALSE
"NM_001161854","Csde1","Csde1","Midbrain","14.5","15.5",2,"higher",0.1133,0.108825,0.00514007988571799,0.0683,0.00137868867464922,0.0821000000000001,TRUE,TRUE
"NM_001198790","Ak1","Ak1","Midbrain","11.5","11.5",1,"lower",0.1019,0.1019,0.00517431525762496,0.0339,3.42878052640753e-08,0.0791,TRUE,FALSE
"NM_001164357","Slc25a25","Slc25a25","Midbrain","15.5","15.5",1,"higher",0.53735,0.53735,0.00517473399744467,0.03325,3.48178299064136e-12,0.4579,TRUE,TRUE
"NM_030197","Cacul1","Cacul1","Midbrain","15.5","15.5",1,"higher",0.2184,0.2184,0.00519592515671897,0.0678500000000001,0.00592421709537635,0.1239,TRUE,TRUE
"NM_001242396","Jmjd1c","Jmjd1c","Midbrain","15.5","15.5",1,"higher",0.1538,0.1538,0.00519889300384084,0.00805000000000011,0.00444617269615124,0.0885,TRUE,TRUE
"NM_183064","Fgf12","Fgf12","Midbrain","15.5","15.5",1,"lower",0.3226,0.3226,0.00527598927006597,0.0727,0.00446678303424723,0.2984,TRUE,TRUE
"NM_024249","Slc38a10","Slc38a10","Midbrain","15.5","15.5",1,"lower",0.34655,0.34655,0.00530163156504851,0.08875,0.00480221593638098,0.3009,TRUE,TRUE
"NM_001309848","Synj2bp-cox16","Synj2bp-cox16","Midbrain","15.5","15.5",1,"lower",0.10635,0.10635,0.00547790616584426,0.0163999999999999,0.00449284966885764,0.0891000000000001,TRUE,TRUE
"NM_015819","Hs6st2","Hs6st2","Midbrain","15.5","15.5",1,"higher",0.4612,0.4612,0.00551435271858769,0.06935,0.000253248618004395,0.3914,TRUE,TRUE
"NM_207221","Jmjd1c","Jmjd1c","Midbrain","15.5","15.5",1,"lower",0.1538,0.1538,0.00551435271858769,0.00805,0.00444617269615124,0.0885,TRUE,TRUE
"NM_001039376","Pde4dip","Pde4dip","Midbrain","15.5","15.5",1,"higher",0.2814,0.2814,0.0055369458201834,0.00325,7.7751721977872e-08,0.2249,TRUE,TRUE
"NM_026942","Stoml1","Stoml1","Midbrain","15.5","15.5",1,"lower",0.1128,0.1128,0.00559463840884506,0.0335999999999997,0.00459865098603295,0.0718,TRUE,TRUE
"NM_001309460","Sptan1","Sptan1","Midbrain","15.5","15.5",1,"higher",0.203,0.203,0.0055971731402729,0.0209,7.25726456323495e-07,0.1597,TRUE,TRUE
"NM_001309847","Synj2bp-cox16","Synj2bp-cox16","Midbrain","15.5","15.5",1,"higher",0.10635,0.10635,0.0055971731402729,0.0164,0.00449284966885764,0.0891,TRUE,TRUE
"NM_001290280","Rcor3","Rcor3","Midbrain","15.5","15.5",1,"higher",0.186975,0.186975,0.00566168422396202,0.0545499999999999,0.0180642931116128,0.1464,TRUE,FALSE
"NM_001255992","Bbs12","Bbs12","Midbrain","13.5","13.5",1,"lower",0.170275,0.170275,0.00566168422396202,0,0.00483333664967332,0.0415,TRUE,TRUE
"NM_207625","Acsl4","Acsl4","Midbrain","15.5","15.5",1,"lower",0.609,0.609,0.00566712785587623,0.00434999999999997,0.0117321991314953,0.566,TRUE,FALSE
"NM_001290994","Usp29","Usp29","Midbrain","15.5","15.5",1,"higher",0.48935,0.48935,0.00571098440186865,0.0235,0.00459865098603295,0.2623,TRUE,TRUE
"NM_021323","Usp29","Usp29","Midbrain","15.5","15.5",1,"lower",0.48935,0.48935,0.00572437242885712,0.0235,0.00459865098603295,0.2623,TRUE,TRUE
"NM_010274","Gpd2","Gpd2","Midbrain","15.5","15.5",1,"higher",0.303,0.303,0.00572437242885712,0.04135,0.00463303598994589,0.2814,TRUE,TRUE
"NR_028146","Stoml1","Stoml1","Midbrain","15.5","15.5",1,"higher",0.1128,0.1128,0.00572437242885712,0.0336,0.00459865098603295,0.0718,TRUE,TRUE
"NM_001145820","Gpd2","Gpd2","Midbrain","15.5","15.5",1,"lower",0.303,0.303,0.00574860455772556,0.04135,0.00463303598994589,0.2814,TRUE,TRUE
"NM_178660","Rbms3","Rbms3","Midbrain","15.5","15.5",1,"lower",0.19065,0.19065,0.00575165424474925,0.0287499999999998,4.71282899871197e-05,0.1859,TRUE,FALSE
"NM_011286","Rph3a","Rph3a","Midbrain","15.5","15.5",1,"lower",0.913625,0.913625,0.00588114961773824,0.07635,7.46351530281583e-10,0.8825,TRUE,TRUE
"NM_001082553","Rab27b","Rab27b","Midbrain","15.5","15.5",1,"lower",0.6946,0.6946,0.00599443524990526,0.0549499999999999,1.2529503706627e-05,0.5651,TRUE,TRUE
"NM_001008502","Bbs12","Bbs12","Midbrain","13.5","13.5",1,"higher",0.170275,0.170275,0.00599443524990526,0,0.00483333664967332,0.0415,TRUE,TRUE
"NM_175007","Amph","Amph","Midbrain","15.5","15.5",1,"higher",0.43,0.43,0.00612038137123982,0.0923,0.00495893567220877,0.2917,TRUE,TRUE
"NM_001289546","Amph","Amph","Midbrain","15.5","15.5",1,"lower",0.43,0.43,0.00612038137123982,0.0922999999999999,0.00495893567220877,0.2917,TRUE,TRUE
"NM_001195004","Kat7","Kat7","Midbrain","15.5","15.5",1,"lower",0.17965,0.17965,0.00612038137123982,0.0330500000000002,0.00709280581918552,0.1244,TRUE,TRUE
"NM_011514","Suv39h1","Suv39h1","Midbrain","12.5","12.5",1,"higher",0.16755,0.16755,0.00612599317402901,0.0811500000000002,0.000330518629477967,0.1075,TRUE,TRUE
"NM_001301818","Fgd4","Fgd4","Midbrain","15.5","15.5",1,"higher",0.698,0.698,0.00615930913001056,0.0098,1.138637230651e-09,0.6387,TRUE,TRUE
"NM_026081","Gprasp1","Gprasp1","Midbrain","15.5","15.5",1,"higher",0.1816,0.1816,0.00615930913001056,0.03085,9.98504350408507e-05,0.1489,TRUE,TRUE
"NM_001037709","Rusc2","Rusc2","Midbrain","15.5","15.5",1,"higher",0.29455,0.29455,0.0061654668592904,0.0366,0.00511485966031699,0.2094,TRUE,TRUE
"NM_001290716","Suv39h1","Suv39h1","Midbrain","12.5","12.5",1,"lower",0.16755,0.16755,0.0061654668592904,0.0811499999999999,0.000330518629477967,0.1075,TRUE,TRUE
"NM_183284","Spink2","Spink2","Midbrain","12.5","14.5",3,"lower",1,1,0.00618682413906787,0.0234000000000001,0.00393350269977027,1,TRUE,FALSE
"NM_183284","Spink2","Spink2","Midbrain","16.5","16.5",1,"lower",1,1,0.00618682413906787,0.0234000000000001,0.00393350269977027,1,TRUE,FALSE
"NM_199057","Rusc2","Rusc2","Midbrain","15.5","15.5",1,"lower",0.29455,0.29455,0.00626759489158583,0.0366000000000002,0.00511485966031699,0.2094,TRUE,TRUE
"NM_001042565","Wsb1","Wsb1","Midbrain","15.5","15.5",1,"lower",0.1102,0.1102,0.00636133723523347,0.0302500000000001,0.00563702443418073,0.0816,TRUE,TRUE
"NM_010685","Lamp2","Lamp2","Midbrain","15.5","15.5",1,"higher",0.12275,0.12275,0.00636957701098132,0.03285,0.0102516447193214,0.1035,TRUE,FALSE
"NM_001243192","Serpinb6a","Serpinb6a","Midbrain","15.5","15.5",1,"lower",0.33475,0.33475,0.00655626936145079,0.0926499999999999,0.017578361985194,0.3194,TRUE,TRUE
"NM_019716","Orc6","Orc6","Midbrain","15.5","15.5",1,"higher",0.10045,0.10045,0.00671568534052905,0.0663500000000001,0.00778039413053575,0.0847,TRUE,FALSE
"NM_023328","Agtpbp1","Agtpbp1","Midbrain","11.5","11.5",1,"higher",0.1468,0.1468,0.00672537777390612,0.06245,0.0180063255000453,0.1377,TRUE,FALSE
"NM_053270","Rims1","Rims1","Midbrain","15.5","15.5",1,"lower",0.13345,0.13345,0.00673194315713066,0.0583,0.00814992703988432,0.1304,TRUE,FALSE
"NM_008935","Prom1","Prom1","Midbrain","12.5","12.5",1,"lower",0.104125,0.104125,0.00673361102786978,0.09235,1.30855051532679e-21,0.0837,TRUE,FALSE
"NM_019870","Naa10","Naa10","Midbrain","15.5","15.5",1,"lower",0.1603,0.1603,0.00677053119837227,0.08125,0.00569899420409334,0.137,TRUE,TRUE
"NM_019653","Wsb1","Wsb1","Midbrain","15.5","15.5",1,"higher",0.1102,0.1102,0.00685908145814553,0.0302500000000001,0.00563702443418073,0.0816,TRUE,TRUE
"NM_001177965","Naa10","Naa10","Midbrain","15.5","15.5",1,"higher",0.1603,0.1603,0.00694687440751281,0.08125,0.00569899420409334,0.137,TRUE,TRUE
"NM_001243043","Ap1b1","Ap1b1","Midbrain","15.5","15.5",1,"lower",0.192525,0.192525,0.00722931073469938,0.04295,0.0151466665545556,0.1604,TRUE,FALSE
"NM_001290701","Meaf6","Meaf6","Midbrain","15.5","15.5",1,"lower",0.2574,0.2574,0.00727408125587244,0.0188000000000001,0.00602061499713986,0.2152,TRUE,TRUE
"NM_001300827","Poglut1","Poglut1","Midbrain","15.5","15.5",1,"lower",0.1929,0.1929,0.00730350119139383,0.0590499999999999,0.00615034678647007,0.1175,TRUE,TRUE
"NM_001290402","Dlg3","Dlg3","Midbrain","15.5","15.5",1,"lower",0.507475,0.507475,0.00733043965749999,0.0257000000000001,0.0196190456424346,0.331,TRUE,FALSE
"NM_027310","Meaf6","Meaf6","Midbrain","15.5","15.5",1,"higher",0.2574,0.2574,0.00733043965749999,0.0188,0.00602061499713986,0.2152,TRUE,TRUE
"NM_001252200","Map4k4","Map4k4","Midbrain","15.5","15.5",1,"lower",0.299925,0.299925,0.00734026691843515,0.0856000000000001,0.0196420874289231,0.2494,TRUE,FALSE
"NM_001290385","Arhgef9","Arhgef9","Midbrain","15.5","15.5",1,"higher",0.29975,0.29975,0.00746952625667857,0.0365,0.0157257797123586,0.1762,TRUE,TRUE
"NM_172380","Poglut1","Poglut1","Midbrain","15.5","15.5",1,"higher",0.1929,0.1929,0.00748050852959095,0.05905,0.00615034678647007,0.1175,TRUE,TRUE
"NM_010081","Dst","Dst","Midbrain","15.5","15.5",1,"higher",0.10125,0.10125,0.00751180316352116,0.01265,6.19695775807616e-07,0.0598,TRUE,TRUE
"NM_001159606","Pum1","Pum1","Midbrain","15.5","15.5",1,"lower",0.103425,0.103425,0.00754477149425341,0.0833,0.0246678391430037,0.0956,TRUE,FALSE
"NM_001199349","Cd99l2","Cd99l2","Midbrain","15.5","15.5",1,"lower",0.33195,0.33195,0.00766768457148842,0.0536000000000001,0.00648289855307057,0.3049,TRUE,TRUE
"NM_138309","Cd99l2","Cd99l2","Midbrain","15.5","15.5",1,"higher",0.33195,0.33195,0.00784679339721739,0.0536,0.00648289855307057,0.3049,TRUE,TRUE
"NM_001081981","Nfix","Nfix","Midbrain","15.5","15.5",1,"lower",0.1166,0.1166,0.00785337693518367,0.0145,0.0165410949579805,0.0937,TRUE,FALSE
"NM_001165902","Ctnnb1","Ctnnb1","Midbrain","14.5","14.5",1,"higher",0.14465,0.14465,0.00785448915450047,0.0120500000000001,0.00691749371420489,0.08,TRUE,TRUE
"NM_019688","Rapgef4","Rapgef4","Midbrain","11.5","12.5",2,"lower",0.269725,0.2097875,0.00806922374166306,0.0962999999999999,1.44174372581925e-07,0.1196,TRUE,FALSE
"NM_008844","Pip5k1c","Pip5k1c","Midbrain","15.5","15.5",1,"lower",0.230825,0.230825,0.00808602081479904,0.0539000000000002,3.5430624171302e-09,0.1874,TRUE,FALSE
"NR_045541","Oprl1","Oprl1","Midbrain","15.5","15.5",1,"lower",0.1322,0.1322,0.00822613376026947,0.0463,0.00525981874605741,0.1271,TRUE,FALSE
"NM_001305652","Bcs1l","Bcs1l","Midbrain","12.5","12.5",1,"higher",0.26115,0.26115,0.00835418090268398,0.0593,0.00691749371420489,0.2007,TRUE,TRUE
"NM_025784","Bcs1l","Bcs1l","Midbrain","12.5","12.5",1,"lower",0.26115,0.26115,0.00835418090268398,0.0593,0.00691749371420489,0.2007,TRUE,TRUE
"NM_007614","Ctnnb1","Ctnnb1","Midbrain","14.5","14.5",1,"lower",0.14465,0.14465,0.00835418090268398,0.0120500000000001,0.00691749371420489,0.08,TRUE,TRUE
"NM_001044747","Zfp68","Zfp68","Midbrain","15.5","15.5",1,"lower",0.14705,0.14705,0.00843147404888932,0.0331499999999999,0.0177811663640652,0.1372,TRUE,FALSE
"NM_020331","Gtf2ird1","Gtf2ird1","Midbrain","15.5","15.5",1,"higher",0.1589,0.1589,0.00847693121898762,0.03205,0.0369000964911146,0.1391,TRUE,FALSE
"NM_177259","Dab1","Dab1","Midbrain","15.5","15.5",1,"lower",0.1276,0.1276,0.00851727733218531,0.00605000000000003,1.04993376458078e-05,0.0701,TRUE,FALSE
"NM_133734","Dcaf11","Dcaf11","Midbrain","15.5","15.5",1,"higher",0.26245,0.26245,0.00855204488539703,0.02545,0.0180063255000453,0.2272,TRUE,FALSE
"NM_001004357","Cntnap2","Cntnap2","Midbrain","14.5","15.5",2,"lower",0.20095,0.1851,0.00860868697363163,0.05615,7.51045434990652e-10,0.1184,TRUE,TRUE
"NM_023689","Spock3","Spock3","Midbrain","15.5","15.5",1,"lower",0.332625,0.332625,0.00866409408635745,0.0656500000000001,0.000610172732929297,0.1413,TRUE,TRUE
"NM_025771","Cntnap2","Cntnap2","Midbrain","14.5","15.5",2,"higher",0.20095,0.1851,0.00866409408635745,0.0561499999999999,7.51045434990652e-10,0.1184,TRUE,TRUE
"NM_001163448","Mapk8ip3","Mapk8ip3","Midbrain","15.5","15.5",1,"higher",0.280175,0.280175,0.00870846372217792,0.04535,3.65272838006258e-05,0.1467,TRUE,TRUE
"NM_001017959","Lamp2","Lamp2","Midbrain","16.5","16.5",1,"lower",0.12295,0.12295,0.00880823739877351,0.0964,0.0102516447193214,0.0861,TRUE,FALSE
"NM_025391","Nip7","Nip7","Midbrain","15.5","15.5",1,"higher",0.1104,0.1104,0.00883557485731985,0.09035,0.00992632016946739,0.0951000000000001,TRUE,TRUE
"NM_011951","Mapk14","Mapk14","Midbrain","15.5","15.5",1,"higher",0.6967,0.6967,0.00899580751153519,0.052,5.04331596421961e-09,0.6745,TRUE,FALSE
"NM_001272029","Arvcf","Arvcf","Midbrain","15.5","15.5",1,"lower",0.105925,0.105925,0.00908294382759107,0.07035,3.99220222087171e-12,0.0821,TRUE,TRUE
"NM_013565","Itga3","Itga3","Midbrain","11.5","11.5",1,"higher",0.151125,0.151125,0.00921204482456677,0.0720500000000001,0.0194573934027951,0.1199,TRUE,FALSE
"NM_001242378","Slc4a10","Slc4a10","Midbrain","13.5","13.5",1,"lower",0.3911,0.3911,0.00941317608752902,0.0989,0.00167696981741763,0.2465,TRUE,FALSE
"NM_001289701","Pde4dip","Pde4dip","Midbrain","15.5","15.5",1,"higher",0.1589,0.1589,0.00943188469539784,0.0144,7.7751721977872e-08,0.1322,TRUE,TRUE
"NM_001243712","Itch","Itch","Midbrain","15.5","15.5",1,"lower",0.2225,0.2225,0.00950241083866828,0.0392499999999999,0.00800629598582176,0.074,TRUE,TRUE
"NM_011641","Trp63","Trp63","Midbrain","15.5","15.5",1,"higher",0.2818,0.2818,0.00965720826205554,0,0.0369352887367682,0.2794,TRUE,FALSE
"NM_008395","Itch","Itch","Midbrain","15.5","15.5",1,"higher",0.2225,0.2225,0.00966967200589544,0.03925,0.00800629598582176,0.0740000000000001,TRUE,TRUE
"NM_011900","Mpdu1","Mpdu1","Midbrain","15.5","15.5",1,"higher",0.211275,0.211275,0.00976445104946439,0.0388499999999999,8.7995333196955e-06,0.1447,TRUE,TRUE
"NM_175099","Repin1","Repin1","Midbrain","14.5","14.5",1,"higher",0.180375,0.180375,0.00976798934850759,0.05775,0.0372990183497611,0.1421,TRUE,FALSE
"NM_001277219","Crk","Crk","Midbrain","15.5","15.5",1,"lower",0.13365,0.13365,0.00982701422841573,0.0644,0.0165689464203531,0.094,TRUE,TRUE
"NM_173758","Vwa8","Vwa8","Midbrain","15.5","15.5",1,"higher",0.269925,0.269925,0.0100242118411892,0.04965,0.00832882066061171,0.1957,TRUE,TRUE
"NM_027906","Vwa8","Vwa8","Midbrain","15.5","15.5",1,"lower",0.269925,0.269925,0.010079554264067,0.04965,0.00832882066061171,0.1957,TRUE,TRUE
"NM_170689","Ank3","Ank3","Midbrain","15.5","15.5",1,"higher",0.3531,0.3531,0.0101626614210114,0.0099,8.38491214082396e-10,0.349,TRUE,TRUE
"NM_021399","Bcl11b","Bcl11b","Midbrain","15.5","15.5",1,"lower",0.470375,0.470375,0.0102369864894052,0.0417500000000001,0.0216599525454674,0.2093,TRUE,FALSE
"NM_008697","Nin","Nin","Midbrain","15.5","15.5",1,"higher",0.37365,0.37365,0.0107206060190048,0.0427,2.35406649159806e-10,0.2706,TRUE,TRUE
"NM_001160268","Plekha6","Plekha6","Midbrain","15.5","15.5",1,"higher",0.3058,0.3058,0.0107481657502742,0.0793,0.00893080756249115,0.2443,TRUE,TRUE
"NM_001271409","Sorbs3","Sorbs3","Midbrain","15.5","15.5",1,"lower",0.15255,0.15255,0.0107859470191207,0.0386499999999999,0.029114295260855,0.1211,TRUE,FALSE
"NM_182930","Plekha6","Plekha6","Midbrain","15.5","15.5",1,"lower",0.3058,0.3058,0.0107918330120488,0.0793,0.00893080756249115,0.2443,TRUE,TRUE
"NM_001253864","Tcf12","Tcf12","Midbrain","15.5","15.5",1,"higher",0.204975,0.204975,0.0108336262874384,0.0301,1.98875661404567e-06,0.1778,TRUE,TRUE
"NM_001243762","Clcn5","Clcn5","Midbrain","15.5","15.5",1,"higher",0.364675,0.364675,0.0109923540842228,0.0706,0.00918249262640468,0.3207,TRUE,TRUE
"NM_016691","Clcn5","Clcn5","Midbrain","15.5","15.5",1,"lower",0.364675,0.364675,0.0111103519631232,0.0706000000000003,0.00918249262640468,0.3207,TRUE,TRUE
"NM_001040395","Nadk2","Nadk2","Midbrain","15.5","15.5",1,"lower",0.310575,0.310575,0.0112355006182267,0.0737500000000002,0.0181094877789723,0.2171,TRUE,FALSE
"NM_144516","Zmynd11","Zmynd11","Midbrain","15.5","15.5",1,"higher",0.13235,0.13235,0.0112475477704953,0.0113000000000001,0.00989905229698345,0.0779,TRUE,TRUE
"NM_010148","Epn2","Epn2","Midbrain","15.5","15.5",1,"lower",0.239975,0.239975,0.0112489106209935,0.067,0.00883814644270696,0.2068,TRUE,TRUE
"NM_027569","Spag9","Spag9","Midbrain","15.5","15.5",1,"higher",0.1625,0.1625,0.0114601504524255,0.05045,3.86143830384325e-11,0.1164,TRUE,TRUE
"NM_001160112","Foxg1","Foxg1","Midbrain","14.5","14.5",1,"lower",1,1,0.0114699348309808,0.0265500000000001,0.0095236682324215,1,TRUE,TRUE
"NM_008241","Foxg1","Foxg1","Midbrain","14.5","14.5",1,"higher",1,1,0.0114699348309808,0.02655,0.0095236682324215,1,TRUE,TRUE
"NM_052977","Adarb2","Adarb2","Midbrain","15.5","15.5",1,"lower",0.2911,0.2911,0.0115471814179249,0.0432000000000001,0.0246032094290991,0.2719,TRUE,FALSE
"NM_172415","Arhgef10l","Arhgef10l","Midbrain","15.5","15.5",1,"lower",0.6967,0.6967,0.0116660274827632,0.01755,0.0175348799065448,0.6538,TRUE,FALSE
"NR_027924","2010204K13Rik","2010204K13Rik","Midbrain","15.5","15.5",1,"higher",0.22535,0.22535,0.0116767668454628,0.04475,0.00974783245286997,0.1884,TRUE,TRUE
"NR_027925","2010204K13Rik","2010204K13Rik","Midbrain","15.5","15.5",1,"lower",0.22535,0.22535,0.0117581486102982,0.0447500000000002,0.00974783245286997,0.1884,TRUE,TRUE
"NM_178788","Dctd","Dctd","Midbrain","15.5","15.5",1,"higher",0.4861,0.4861,0.0117681283121814,0.0790999999999999,8.77305340096403e-07,0.4316,TRUE,FALSE
"NM_001177976","Irak1","Irak1","Midbrain","15.5","15.5",1,"lower",0.343075,0.343075,0.0117940998502124,0.08205,0.0235853013747611,0.3257,TRUE,FALSE
"NM_028789","Unkl","Unkl","Midbrain","15.5","15.5",1,"lower",0.160325,0.160325,0.0118478716633811,0.0504000000000001,0.0251341293584572,0.0734,TRUE,FALSE
"NM_001199141","Zmynd11","Zmynd11","Midbrain","15.5","15.5",1,"lower",0.13235,0.13235,0.0119439177764227,0.0113000000000001,0.00989905229698345,0.0779,TRUE,TRUE
"NR_028367","Nip7","Nip7","Midbrain","15.5","15.5",1,"lower",0.10725,0.10725,0.0119977614591547,0.0918,0.00992632016946739,0.0888,TRUE,TRUE
"NM_001113486","Sept9","Sept9","Midbrain","15.5","15.5",1,"higher",0.19495,0.19495,0.0120044312277997,0.0095,0.00331857845553789,0.1562,TRUE,TRUE
"NM_053187","Gopc","Gopc","Midbrain","15.5","15.5",1,"higher",0.491375,0.491375,0.0120748721850918,0.0153,0.0100399922139602,0.3298,TRUE,TRUE
"NM_001083806","Gria2","Gria2","Midbrain","15.5","15.5",1,"higher",0.52575,0.52575,0.0121131461378252,0.0108,0.000901614571904693,0.1274,TRUE,TRUE
"NM_001199272","Gopc","Gopc","Midbrain","15.5","15.5",1,"lower",0.491375,0.491375,0.0121131461378252,0.0153,0.0100399922139602,0.3298,TRUE,TRUE
"NM_001159517","Qk","Qk","Midbrain","14.5","15.5",2,"higher",0.28445,0.203025,0.0122920110105714,0.0954,6.96044677668162e-08,0.0841,TRUE,FALSE
"NM_009083","Rpl30","Rpl30","Midbrain","15.5","15.5",1,"lower",0.12895,0.12895,0.0123386049351289,0.00724999999999992,0.0107327453524109,0.1045,TRUE,TRUE
"NM_001271599","Sort1","Sort1","Midbrain","15.5","15.5",1,"lower",0.377075,0.377075,0.0123516836697445,0.0540499999999999,0.0102638464066289,0.2359,TRUE,TRUE
"NM_019972","Sort1","Sort1","Midbrain","15.5","15.5",1,"higher",0.377075,0.377075,0.0123545551031325,0.05405,0.0102638464066289,0.2359,TRUE,TRUE
"NM_001110140","Atp2a2","Atp2a2","Midbrain","15.5","15.5",1,"lower",0.17215,0.17215,0.0124747213308872,0.04145,3.72368754175323e-19,0.1273,TRUE,TRUE
"NM_009528","Wnt7b","Wnt7b","Midbrain","14.5","15.5",2,"higher",0.2306,0.1975,0.0125142063624095,0.0330000000000003,5.72516794993583e-12,0.1172,TRUE,TRUE
"NM_001038613","Olfm1","Olfm1","Midbrain","15.5","15.5",1,"lower",0.10165,0.10165,0.0125144075869871,0.0198,0.0232324814244701,0.0574,TRUE,TRUE
"NM_001166381","Rad52","Rad52","Midbrain","13.5","13.5",1,"lower",0.2471,0.2471,0.0126156657430853,0.0556500000000001,0.0344280881603744,0.1558,TRUE,FALSE
"NM_028459","Wasl","Wasl","Midbrain","11.5","11.5",1,"higher",0.1693,0.1693,0.0128605395157744,0.00665000000000002,0.01087969770972,0.0995,TRUE,TRUE
"NM_001163485","Rpl30","Rpl30","Midbrain","15.5","15.5",1,"higher",0.12895,0.12895,0.0129006552586058,0.0072500000000002,0.0107327453524109,0.1045,TRUE,TRUE
"NM_001110311","Snx12","Snx12","Midbrain","15.5","15.5",1,"lower",0.1557,0.1557,0.0129155706181962,0.0769,0.0078326632503104,0.1334,TRUE,TRUE
"NM_080428","Fbxw7","Fbxw7","Midbrain","15.5","15.5",1,"lower",0.23545,0.23545,0.0129282685139859,0.0764,0.0276451233932568,0.2188,TRUE,FALSE
"NM_001167745","Wasl","Wasl","Midbrain","11.5","11.5",1,"lower",0.1693,0.1693,0.0130744356370738,0.00664999999999993,0.01087969770972,0.0994999999999999,TRUE,TRUE
"NM_001077515","Slc1a2","Slc1a2","Midbrain","15.5","15.5",1,"lower",0.176925,0.176925,0.0130837873887727,0.0129,0.0279615169913245,0.1368,TRUE,FALSE
"NM_011868","Eci2","Eci2","Midbrain","15.5","15.5",1,"lower",0.123725,0.123725,0.0131714433926971,0.0302500000000001,0.0280883129418769,0.0999,TRUE,FALSE
"NM_001160370","A830018L16Rik","A830018L16Rik","Midbrain","15.5","15.5",1,"lower",0.2294,0.2294,0.0136469804984099,0.0254000000000001,0.0372990183497611,0.152,TRUE,FALSE
"NM_001289496","Egflam","Egflam","Midbrain","15.5","15.5",1,"lower",0.22375,0.22375,0.01368899300659,0.06145,0.0180063255000453,0.1713,TRUE,TRUE
"NR_104287","Pdlim7","Pdlim7","Midbrain","15.5","15.5",1,"lower",0.408425,0.408425,0.013721283954171,0.0794000000000001,6.97055072712115e-05,0.3634,TRUE,TRUE
"NM_024427","Tpm1","Tpm1","Midbrain","15.5","15.5",1,"lower",0.105125,0.105125,0.0137597464834874,0.0797,6.23125568213409e-14,0.0834,TRUE,TRUE
"NM_001024854","Timm9","Timm9","Midbrain","15.5","15.5",1,"higher",0.144125,0.144125,0.013792402148962,0.02075,0.0249757798406052,0.1255,TRUE,TRUE
"NM_001161849","Sgk1","Sgk1","Midbrain","15.5","15.5",1,"higher",0.10865,0.10865,0.0139750515298605,0.00215,4.82077316038274e-09,0.0953,TRUE,TRUE
"NM_133656","Crk","Crk","Midbrain","15.5","15.5",1,"higher",0.130725,0.130725,0.0139965739590712,0.06155,0.0165689464203531,0.092,TRUE,TRUE
"NM_001039138","Camk2g","Camk2g","Midbrain","15.5","15.5",1,"higher",0.1655,0.1655,0.0140069406329952,0.02585,0.0299376084013299,0.1639,TRUE,FALSE
"NM_001048061","Hnrnpab","Hnrnpab","Midbrain","15.5","15.5",1,"higher",0.10575,0.10575,0.0140382473741865,0.0326,0.0130734338839704,0.0822,TRUE,TRUE
"NM_001301643","Pitpnb","Pitpnb","Midbrain","15.5","15.5",1,"lower",0.21065,0.21065,0.0140811988241326,0.03625,0.00702737172032485,0.1301,TRUE,TRUE
"NM_173785","Iba57","Iba57","Midbrain","11.5","11.5",1,"higher",0.32675,0.32675,0.0142396080273395,0.09175,0.012015788953931,0.161,TRUE,TRUE
"NM_001168568","Ctps2","Ctps2","Midbrain","15.5","15.5",1,"higher",0.1984,0.1984,0.0142475930248022,0.03845,0.0387990348624302,0.1436,TRUE,FALSE
"NM_001270791","Iba57","Iba57","Midbrain","11.5","11.5",1,"lower",0.32675,0.32675,0.0143183191068129,0.09175,0.012015788953931,0.161,TRUE,TRUE
"NM_001145896","Gse1","Gse1","Midbrain","15.5","15.5",1,"higher",0.250725,0.250725,0.0143405783156516,0.0213,0.0162870105520735,0.2264,TRUE,TRUE
"NM_001113487","Sept9","Sept9","Midbrain","15.5","15.5",1,"higher",0.11585,0.11585,0.0146123299799637,0.03895,0.00331857845553789,0.0871,TRUE,TRUE
"NM_021505","Anapc5","Anapc5","Midbrain","15.5","15.5",1,"lower",0.13795,0.13795,0.0146915800305982,0.03655,0.0162485452185506,0.1078,TRUE,TRUE
"NM_133197","Mcf2","Mcf2","Midbrain","15.5","15.5",1,"lower",0.9425,0.9425,0.0146930381628783,0.0700000000000002,0.0149728638132648,0.9266,TRUE,TRUE
"NM_008450","Klc1","Klc1","Midbrain","15.5","15.5",1,"lower",0.1041,0.1041,0.0150209393581765,0.04435,7.10764834294255e-11,0.086,TRUE,TRUE
"NM_146183","Zfp428","Zfp428","Midbrain","15.5","15.5",1,"lower",0.14515,0.14515,0.0150566897363181,0.03335,0.0282441094952439,0.0725,TRUE,TRUE
"NM_001177464","Zfp516","Zfp516","Midbrain","16.5","16.5",1,"lower",0.18515,0.18515,0.0150762611000019,0.07175,0.0127127720199269,0.0414,TRUE,TRUE
"NM_183033","Zfp516","Zfp516","Midbrain","16.5","16.5",1,"higher",0.18515,0.18515,0.0150852990980654,0.07175,0.0127127720199269,0.0414,TRUE,TRUE
"NM_178748","Egflam","Egflam","Midbrain","15.5","15.5",1,"higher",0.2547,0.2547,0.0151615838787232,0.0614499999999999,0.0180063255000453,0.2332,TRUE,TRUE
"NM_001110328","Fiz1","Fiz1","Midbrain","11.5","11.5",1,"higher",0.11225,0.11225,0.0151615838787232,0.03915,0.032741168154121,0.0779,TRUE,FALSE
"NM_172718","Sgsm1","Sgsm1","Midbrain","15.5","15.5",1,"lower",0.5851,0.5851,0.0152808564975058,0.0969500000000001,0.00784634801704474,0.3321,TRUE,FALSE
"NM_030260","Zxdc","Zxdc","Midbrain","15.5","15.5",1,"lower",0.12545,0.12545,0.0153571233305118,0.0448999999999999,0.0133186482795247,0.1059,TRUE,TRUE
"NM_133797","4833439L19Rik","4833439L19Rik","Midbrain","15.5","15.5",1,"higher",0.1179,0.1179,0.0154047571094115,0.05225,0.0394546393554024,0.0743,TRUE,FALSE
"NM_001035533","Akap2","Akap2","Midbrain","15.5","15.5",1,"lower",0.229325,0.229325,0.0154239184080405,0.0678,0.00331857845553789,0.1737,TRUE,FALSE
"NM_030560","Cwc22","Cwc22","Midbrain","15.5","15.5",1,"lower",0.1971,0.1971,0.0154815384298174,0.0709,0.0334666248726393,0.1788,TRUE,FALSE
"NM_010448","Hnrnpab","Hnrnpab","Midbrain","15.5","15.5",1,"lower",0.10575,0.10575,0.0155178446262719,0.0326000000000002,0.0130734338839704,0.0822000000000001,TRUE,TRUE
"NM_001122952","Nfia","Nfia","Midbrain","15.5","15.5",1,"lower",0.217375,0.217375,0.0156049176130489,0.0727999999999999,0.0337730959075196,0.1774,TRUE,FALSE
"NM_001166394","4931428F04Rik","4931428F04Rik","Midbrain","15.5","15.5",1,"lower",0.166725,0.166725,0.015632358070267,0.04185,0.013570662345651,0.1456,TRUE,TRUE
"NM_001290384","Arhgef9","Arhgef9","Midbrain","15.5","15.5",1,"lower",0.27025,0.27025,0.0156763814396441,0.02025,0.0157257797123586,0.2252,TRUE,TRUE
"NM_173002","Zxdc","Zxdc","Midbrain","15.5","15.5",1,"higher",0.12545,0.12545,0.0157958261178998,0.0448999999999998,0.0133186482795247,0.1059,TRUE,TRUE
"NM_018825","Sh2b2","Sh2b2","Midbrain","15.5","15.5",1,"lower",0.5476,0.5476,0.015842670526796,0.06695,0.03421930554223,0.2319,TRUE,FALSE
"NM_008034","Folr1","Folr1","Midbrain","12.5","12.5",1,"higher",0.65475,0.65475,0.0159785685913095,0.01445,0.0436725986845841,0.3637,TRUE,FALSE
"NM_028888","4931428F04Rik","4931428F04Rik","Midbrain","15.5","15.5",1,"higher",0.166725,0.166725,0.0160852303102426,0.0418500000000001,0.013570662345651,0.1456,TRUE,TRUE
"NM_007667","Cdh8","Cdh8","Midbrain","15.5","15.5",1,"lower",0.1191,0.1191,0.0161838294099212,0.01605,0.044190477007795,0.0994,TRUE,FALSE
"NM_001037955","Dusp22","Dusp22","Midbrain","15.5","15.5",1,"lower",0.20535,0.20535,0.0162622584000064,0.0594,0.0139480445630628,0.1493,TRUE,TRUE
"NM_001177980","Pde4b","Pde4b","Midbrain","15.5","15.5",1,"higher",0.2312,0.2312,0.0162803138611096,0.0268,0.00239965537026829,0.1772,TRUE,TRUE
"NM_001286203","Timm9","Timm9","Midbrain","15.5","15.5",1,"lower",0.17405,0.17405,0.0163342974399015,0.0201,0.0249757798406052,0.1518,TRUE,TRUE
"NM_001110222","Dcx","Dcx","Midbrain","15.5","15.5",1,"lower",0.14185,0.14185,0.0163699598477994,0.0564,7.79001703028881e-17,0.0621,TRUE,FALSE
"NM_001286784","Magi1","Magi1","Midbrain","12.5","12.5",1,"higher",0.1206,0.1206,0.0164012718487992,0.0226,1.06347440328758e-10,0.0699,TRUE,FALSE
"NM_011586","Myo18a","Myo18a","Midbrain","15.5","15.5",1,"lower",0.178975,0.178975,0.0164485962343785,0.01245,8.73811109848573e-06,0.1266,TRUE,TRUE
"NM_134068","Dusp22","Dusp22","Midbrain","15.5","15.5",1,"higher",0.20535,0.20535,0.0164850250925345,0.0594,0.0139480445630628,0.1493,TRUE,TRUE
"NM_001025375","Wdr61","Wdr61","Midbrain","15.5","15.5",1,"lower",0.1412,0.1412,0.0166136174063395,0.0291000000000001,0.0282441094952439,0.1363,TRUE,TRUE
"NM_025482","Tpd52l2","Tpd52l2","Midbrain","15.5","15.5",1,"lower",0.121525,0.121525,0.0166242129089913,0.0572,0.0146227610080511,0.089,TRUE,TRUE
"NM_001164314","Wars","Wars","Midbrain","15.5","15.5",1,"lower",0.21655,0.21655,0.0166997937454211,0.01535,0.0146227610080511,0.2041,TRUE,TRUE
"NM_001159485","Mcf2l","Mcf2l","Midbrain","15.5","15.5",1,"higher",0.6194,0.6194,0.0167246917739604,0,1.96246732611596e-08,0.374,TRUE,TRUE
"NM_001025600","Cadm1","Cadm1","Midbrain","15.5","15.5",1,"higher",0.1044,0.1044,0.017061509605678,0.02155,2.76850870662477e-10,0.0661,TRUE,FALSE
"NM_001285427","Cacnb4","Cacnb4","Midbrain","15.5","15.5",1,"lower",0.289275,0.289275,0.0171829565921461,0.0843,3.94903787481697e-08,0.1858,TRUE,TRUE
"NM_011576","Tfpi","Tfpi","Midbrain","15.5","15.5",1,"lower",0.10695,0.10695,0.0171857736607077,0.043,0.0372990183497611,0.0994,TRUE,FALSE
"NM_011710","Wars","Wars","Midbrain","15.5","15.5",1,"higher",0.21655,0.21655,0.0172110093463819,0.01535,0.0146227610080511,0.2041,TRUE,TRUE
"NM_001277315","Fam134b","Fam134b","Midbrain","15.5","15.5",1,"higher",0.408325,0.408325,0.0173006473942503,0.02645,3.66537878737e-05,0.3901,TRUE,FALSE
"NM_001163559","Lrriq1","Lrriq1","Midbrain","15.5","15.5",1,"higher",0.47145,0.47145,0.0175131262461087,0.07635,0.0148947607269712,0.1311,TRUE,TRUE
"NM_029134","Lrriq1","Lrriq1","Midbrain","15.5","15.5",1,"lower",0.47145,0.47145,0.0175137052260372,0.07635,0.0148947607269712,0.1311,TRUE,TRUE
"NM_001077363","Ptbp1","Ptbp1","Midbrain","15.5","15.5",1,"higher",0.1197,0.1197,0.0176021756007022,0.04765,0.0127201507044187,0.0908,TRUE,TRUE
"NM_001277985","Snap91","Snap91","Midbrain","15.5","15.5",1,"higher",0.39705,0.39705,0.017771526141457,0.0357,8.81031145839211e-09,0.3571,TRUE,TRUE
"NM_001012335","Mdk","Mdk","Midbrain","12.5","13.5",2,"higher",0.11685,0.11435,0.0177729028401586,0.08335,0.000302103804517411,0.101,TRUE,FALSE
"NM_001177983","Pde4b","Pde4b","Midbrain","15.5","15.5",1,"lower",0.1216,0.1216,0.0180957709826363,0.0886,0.00239965537026829,0.0723,TRUE,TRUE
"NM_138755","Phf21a","Phf21a","Midbrain","15.5","15.5",1,"lower",0.1701,0.1701,0.0182268983035066,0.0475,0.0393281808571352,0.1201,TRUE,FALSE
"NM_001161540","Islr2","Islr2","Midbrain","12.5","12.5",1,"higher",0.14495,0.14495,0.01824966603582,0.01235,1.78273909480625e-08,0.1032,TRUE,FALSE
"NM_001290383","Esrp1","Esrp1","Midbrain","15.5","15.5",1,"lower",1,1,0.0183032952204556,1.11022302462516e-16,0.0156066988526682,1,TRUE,TRUE
"NM_194055","Esrp1","Esrp1","Midbrain","15.5","15.5",1,"higher",1,1,0.0183032952204556,0,0.0156066988526682,1,TRUE,TRUE
"NM_001293622","Ppp3ca","Ppp3ca","Midbrain","15.5","15.5",1,"lower",0.26315,0.26315,0.0183032952204556,0.0542000000000002,0.0159994676877797,0.2176,TRUE,TRUE
"NM_175142","Zfp428","Zfp428","Midbrain","15.5","15.5",1,"higher",0.1569,0.1569,0.018370069618456,0.02705,0.0282441094952439,0.0874,TRUE,TRUE
"NM_001077363","Ptbp1","Ptbp1","Midbrain","13.5","13.5",1,"lower",0.11555,0.11555,0.0184255008844755,0.09155,0.0127201507044187,0.1079,TRUE,FALSE
"NM_001111015","Syn2","Syn2","Midbrain","15.5","15.5",1,"higher",0.18885,0.18885,0.0184804808766993,0.05995,0.0161069287121202,0.1817,TRUE,TRUE
"NM_001136063","Gfra4","Gfra4","Midbrain","12.5","12.5",1,"higher",0.16925,0.16925,0.0185073365399043,0.07175,0.0110347202986039,0.0271,TRUE,TRUE
"NM_001113416","Epb4.1l5","Epb4.1l5","Midbrain","15.5","15.5",1,"higher",0.3524,0.3524,0.0186183016760771,0.00784999999999998,0.0160215014344356,0.2266,TRUE,TRUE
"NM_001302382","Cdc37l1","Cdc37l1","Midbrain","15.5","15.5",1,"higher",0.1037,0.1037,0.0186445787642148,0.0394499999999999,0.000241535952548618,0.0816,TRUE,TRUE
"NM_008913","Ppp3ca","Ppp3ca","Midbrain","15.5","15.5",1,"higher",0.26315,0.26315,0.018663241224268,0.0542,0.0159994676877797,0.2176,TRUE,TRUE
"NM_145506","Epb4.1l5","Epb4.1l5","Midbrain","15.5","15.5",1,"lower",0.3524,0.3524,0.0187029341431373,0.00785000000000013,0.0160215014344356,0.2266,TRUE,TRUE
"NM_001287093","Amigo1","Amigo1","Midbrain","11.5","12.5",2,"lower",0.4941,0.35895,0.0187057140874892,0.0909,0.00234925403537751,0.1915,TRUE,FALSE
"NM_013681","Syn2","Syn2","Midbrain","15.5","15.5",1,"lower",0.18885,0.18885,0.0188136323796003,0.0599500000000002,0.0161069287121202,0.1817,TRUE,TRUE
"NM_001163634","Wnt7b","Wnt7b","Midbrain","14.5","15.5",2,"lower",0.23785,0.1878125,0.0188601463697473,0.02855,5.72516794993583e-12,0.0722,TRUE,TRUE
"NM_008956","Ptbp1","Ptbp1","Midbrain","15.5","15.5",1,"lower",0.11695,0.11695,0.018967035859685,0.0317999999999999,0.0127201507044187,0.0902999999999999,TRUE,TRUE
"NM_198671","Gse1","Gse1","Midbrain","15.5","15.5",1,"lower",0.2535,0.2535,0.0190327979707809,0.0255499999999997,0.0162870105520735,0.232,TRUE,TRUE
"NM_001145859","Sh3bp2","Sh3bp2","Midbrain","15.5","15.5",1,"lower",0.3412,0.3412,0.0190495386931844,0.0354500000000001,0.000120335914069194,0.2253,TRUE,TRUE
"NM_029286","Ccdc30","Ccdc30","Midbrain","15.5","15.5",1,"lower",0.44135,0.44135,0.019050930587057,0.00604999999999989,0.00990200305490276,0.1388,TRUE,TRUE
"NM_019498","Olfm1","Olfm1","Midbrain","15.5","15.5",1,"higher",0.1757,0.1757,0.0190661912726901,0.0223,0.0232324814244701,0.1593,TRUE,TRUE
"NM_001271001","Gfra4","Gfra4","Midbrain","12.5","12.5",1,"lower",0.16925,0.16925,0.0191991014561702,0.07175,0.0110347202986039,0.0271,TRUE,TRUE
"NM_001277294","Grip1","Grip1","Midbrain","15.5","15.5",1,"lower",0.642125,0.642125,0.0193038867373413,0.0950000000000001,0.000481079804808845,0.6274,TRUE,TRUE
"NM_001289626","St7","St7","Midbrain","15.5","15.5",1,"higher",0.3404,0.3404,0.0193792405819425,0,0.00169519366936781,0.2875,TRUE,TRUE
"NR_131230","Pank4","Pank4","Midbrain","12.5","12.5",1,"higher",0.187475,0.187475,0.0193815575896611,0.0755999999999999,0.0421797511170966,0.1438,TRUE,TRUE
"NM_001163643","Map3k12","Map3k12","Midbrain","15.5","15.5",1,"lower",0.222625,0.222625,0.0197057257085267,0.0597999999999999,0.0031409464322112,0.1904,TRUE,TRUE
"NM_028779","Ampd2","Ampd2","Midbrain","15.5","15.5",1,"higher",0.17665,0.17665,0.0198450319765668,0.05545,1.14679686541858e-06,0.1313,TRUE,TRUE
"NR_045514","Fam19a2","Fam19a2","Midbrain","15.5","15.5",1,"lower",0.243975,0.243975,0.0198545729296602,0.0152,0.0432865545609646,0.1916,TRUE,FALSE
"NM_009582","Map3k12","Map3k12","Midbrain","15.5","15.5",1,"higher",0.222625,0.222625,0.0199849931399395,0.0598,0.0031409464322112,0.1904,TRUE,TRUE
"NM_001252395","Slc25a19","Slc25a19","Midbrain","15.5","15.5",1,"higher",0.1798,0.1798,0.0201886861144147,0.0284,0.0132963595313287,0.1649,TRUE,FALSE
"NM_194444","Cdk10","Cdk10","Midbrain","15.5","15.5",1,"lower",0.171025,0.171025,0.0204237267833965,0.0116000000000001,0.0178021159333509,0.0785,TRUE,TRUE
"NM_194446","Cdk10","Cdk10","Midbrain","15.5","15.5",1,"higher",0.171025,0.171025,0.0207109809502409,0.0115999999999998,0.0178021159333509,0.0785,TRUE,TRUE
"NM_180956","Ndrg3","Ndrg3","Midbrain","15.5","15.5",1,"lower",0.1649,0.1649,0.0211075585125952,0.08955,0.0183223466969639,0.1416,TRUE,TRUE
"NM_198711","Col25a1","Col25a1","Midbrain","15.5","16.5",2,"higher",0.6329,0.381425,0.0211885267775007,0.03105,0.00832882066061171,0.1251,TRUE,FALSE
"NM_178252","Arhgap33","Arhgap33","Midbrain","15.5","15.5",1,"higher",0.30945,0.30945,0.0213327831258176,0.05255,1.95118924527909e-08,0.2375,TRUE,TRUE
"NM_013865","Ndrg3","Ndrg3","Midbrain","15.5","15.5",1,"higher",0.1649,0.1649,0.0213327831258176,0.0895500000000002,0.0183223466969639,0.1416,TRUE,TRUE
"NM_001136471","Ccdc9","Ccdc9","Midbrain","15.5","15.5",1,"lower",0.16405,0.16405,0.0214310548546843,0.0621,0.0189371071644573,0.1347,TRUE,TRUE
"NM_175242","Ppp1r18","Ppp1r18","Midbrain","15.5","15.5",1,"higher",0.21705,0.21705,0.0214403331383087,0.0681,0.0420898325873255,0.1568,TRUE,TRUE
"NM_001285862","Sgip1","Sgip1","Midbrain","15.5","15.5",1,"higher",0.25935,0.25935,0.0215520722512109,0.05035,2.19298115802321e-14,0.2203,TRUE,TRUE
"NM_001164272","Cpsf7","Cpsf7","Midbrain","12.5","12.5",1,"higher",0.12615,0.12615,0.0215634401896732,0.0713,0.0193637720292158,0.0664,TRUE,TRUE
"NM_172297","Ccdc9","Ccdc9","Midbrain","15.5","15.5",1,"higher",0.16405,0.16405,0.0219581291136995,0.0620999999999999,0.0189371071644573,0.1347,TRUE,TRUE
"NR_045517","Cldnd1","Cldnd1","Midbrain","13.5","13.5",1,"higher",0.15385,0.15385,0.0219952038709708,0.0801500000000001,1.61253391322437e-12,0.1247,TRUE,FALSE
"NM_001199352","Pnck","Pnck","Midbrain","12.5","12.5",1,"higher",0.11635,0.11635,0.0220286310994886,0.0626499999999997,1.26018419214305e-11,0.0613,TRUE,FALSE
"NR_073014","A930016O22Rik","A930016O22Rik","Midbrain","15.5","15.5",1,"higher",1,1,0.0221186909753884,0,0.0191145518086362,1,TRUE,TRUE
"NR_073015","A930016O22Rik","A930016O22Rik","Midbrain","15.5","15.5",1,"lower",1,1,0.0221551622691389,0,0.0191145518086362,1,TRUE,TRUE
"NM_001141975","Tpx2","Tpx2","Midbrain","14.5","14.5",1,"lower",0.21365,0.21365,0.0223146753645279,0.0219,0.000908812948239068,0.1783,TRUE,FALSE
"NM_172302","Cpsf7","Cpsf7","Midbrain","12.5","12.5",1,"lower",0.12615,0.12615,0.022399837957401,0.0713,0.0193637720292158,0.0664,TRUE,TRUE
"NM_013732","Cartpt","Cartpt","Midbrain","15.5","15.5",1,"higher",0.42505,0.42505,0.0224330106886626,0.021,0.019418971368209,0.0906,TRUE,TRUE
"NM_001081493","Cartpt","Cartpt","Midbrain","15.5","15.5",1,"lower",0.42505,0.42505,0.0224460070899001,0.0209999999999999,0.019418971368209,0.0906,TRUE,TRUE
"NM_199240","Sema6d","Sema6d","Midbrain","15.5","15.5",1,"higher",0.2294,0.2294,0.0224460070899001,0.0848,6.70228904942584e-08,0.1417,TRUE,FALSE
"NM_010063","Dync1i1","Dync1i1","Midbrain","15.5","15.5",1,"lower",0.703625,0.703625,0.022807736436163,0.07745,0.0436103559752786,0.6274,TRUE,FALSE
"NM_001039169","Eif4e2","Eif4e2","Midbrain","15.5","15.5",1,"lower",0.1121,0.1121,0.0228490721273448,0.08365,1.98691437811333e-07,0.0932,TRUE,FALSE
"NM_001289731","Mcf2","Mcf2","Midbrain","15.5","15.5",1,"higher",0.9425,0.9425,0.0230232947144133,0.07,0.0149728638132648,0.9266,TRUE,TRUE
"NM_001184706","Tfdp2","Tfdp2","Midbrain","15.5","15.5",1,"higher",0.18355,0.18355,0.0230592398217429,0.0992999999999999,0.000453341952234242,0.1401,TRUE,TRUE
"NM_023191","Wdr61","Wdr61","Midbrain","15.5","15.5",1,"higher",0.16565,0.16565,0.0230592398217429,0.0241,0.0282441094952439,0.1298,TRUE,TRUE
"NM_001164799","Slc38a10","Slc38a10","Midbrain","15.5","15.5",1,"higher",0.266325,0.266325,0.0230756486764367,0.04365,0.00480221593638098,0.2114,TRUE,TRUE
"NM_001145831","Kifc3","Kifc3","Midbrain","15.5","15.5",1,"higher",0.12235,0.12235,0.0233911189219909,0.03025,0.0202885355894184,0.0942,TRUE,FALSE
"NM_001204281","Hdac7","Hdac7","Midbrain","15.5","15.5",1,"lower",0.218,0.218,0.0238031919242729,0.03165,0.0427028273074595,0.1626,TRUE,FALSE
"NM_001001454","Ttyh1","Ttyh1","Midbrain","15.5","15.5",1,"higher",0.2357,0.2357,0.0243110874576428,0.0141,0.00317063969661518,0.1389,TRUE,FALSE
"NM_011627","Tpbg","Tpbg","Midbrain","15.5","15.5",1,"lower",0.15005,0.15005,0.0243110874576428,0.03335,0.0212732017750161,0.0517,TRUE,TRUE
"NM_001164792","Tpbg","Tpbg","Midbrain","15.5","15.5",1,"higher",0.15005,0.15005,0.0243509691816672,0.0333499999999999,0.0212732017750161,0.0517,TRUE,TRUE
"NM_133834","Hnrnpf","Hnrnpf","Midbrain","15.5","15.5",1,"lower",0.11545,0.11545,0.0244125325356539,0.0509500000000001,0.043993415578331,0.0652,TRUE,FALSE
"NM_001170907","Trip4","Trip4","Midbrain","13.5","13.5",1,"higher",0.1616,0.1616,0.0244503123069897,0.0393499999999999,0.00298483809553789,0.0954,TRUE,TRUE
"NM_019797","Trip4","Trip4","Midbrain","13.5","13.5",1,"lower",0.1616,0.1616,0.0246482837389948,0.03935,0.00298483809553789,0.0954,TRUE,TRUE
"NM_001293621","Ganab","Ganab","Midbrain","15.5","15.5",1,"lower",0.31395,0.31395,0.0246982586175776,0.02855,0.0217883449319232,0.2373,TRUE,TRUE
"NM_008060","Ganab","Ganab","Midbrain","15.5","15.5",1,"higher",0.31395,0.31395,0.0248817584820468,0.02855,0.0217883449319232,0.2373,TRUE,TRUE
"NM_001164800","Slc38a10","Slc38a10","Midbrain","15.5","15.5",1,"higher",0.219425,0.219425,0.0248819109018561,0.0256,0.00480221593638098,0.1771,TRUE,TRUE
"NM_015817","Ppap2c","Ppap2c","Midbrain","15.5","15.5",1,"higher",0.4034,0.4034,0.0249580733144503,0.02565,1.61585757221405e-06,0.3867,TRUE,TRUE
"NR_027976","Wdr73","Wdr73","Midbrain","15.5","15.5",1,"lower",0.1493,0.1493,0.0251301682167732,0.06585,0.022725946747503,0.0999,TRUE,TRUE
"NM_001252193","Amz2","Amz2","Midbrain","15.5","15.5",1,"higher",0.2504,0.2504,0.0258250995038959,0.0432500000000001,0.022708537246094,0.1349,TRUE,TRUE
"NM_017400","Sh3gl3","Sh3gl3","Midbrain","15.5","15.5",1,"higher",0.233625,0.233625,0.0258459103116626,0.0509500000000001,0.000460789056715552,0.1725,TRUE,TRUE
"NM_025275","Amz2","Amz2","Midbrain","15.5","15.5",1,"lower",0.2504,0.2504,0.0258558203314098,0.04325,0.022708537246094,0.1349,TRUE,TRUE
"NM_028026","Wdr73","Wdr73","Midbrain","15.5","15.5",1,"higher",0.1493,0.1493,0.0258833099320333,0.0658500000000001,0.022725946747503,0.0999,TRUE,TRUE
"NM_001159648","Cntn1","Cntn1","Midbrain","15.5","15.5",1,"higher",0.39925,0.39925,0.0258884073210529,0.0446000000000001,1.45640655835598e-06,0.3851,TRUE,TRUE
"NM_027871","Arhgef3","Arhgef3","Midbrain","15.5","15.5",1,"higher",0.28715,0.28715,0.0263420184163389,0.0445,0.0232070054469507,0.2101,TRUE,FALSE
"NM_001134384","Iqsec1","Iqsec1","Midbrain","16.5","16.5",1,"lower",0.13415,0.13415,0.0267071047968036,0.0455,0.0246714501499655,0.0967,TRUE,TRUE
"NM_009524","Wnt5a","Wnt5a","Midbrain","13.5","13.5",1,"higher",0.32255,0.32255,0.0267252899336506,0.06965,0.0235321544504493,0.3094,TRUE,TRUE
"NM_001256224","Wnt5a","Wnt5a","Midbrain","13.5","13.5",1,"lower",0.32255,0.32255,0.0267384203128826,0.06965,0.0235321544504493,0.3094,TRUE,TRUE
"NM_001286393","Zfp821","Zfp821","Midbrain","15.5","16.5",2,"lower",0.232825,0.1718125,0.0272667411941543,0.0338499999999998,5.01002116060962e-07,0.086,TRUE,FALSE
"NM_001048227","Dbndd2","Dbndd2","Midbrain","13.5","13.5",1,"lower",0.19305,0.19305,0.0273714535708547,0.0625,1.73393812571872e-05,0.1904,TRUE,FALSE
"NM_001308647","Aqp4","Aqp4","Midbrain","13.5","13.5",1,"lower",0.597025,0.597025,0.027525890654121,0.0467,0.0433309109019562,0.3131,TRUE,FALSE
"NM_001177854","Asph","Asph","Midbrain","15.5","15.5",1,"higher",0.115725,0.115725,0.0275684270743941,0.0154,9.67121974433011e-16,0.0895,TRUE,TRUE
"NM_001134383","Iqsec1","Iqsec1","Midbrain","16.5","16.5",1,"higher",0.13415,0.13415,0.0279613981806802,0.0454999999999998,0.0246714501499655,0.0967,TRUE,TRUE
"NM_001080754","Ambra1","Ambra1","Midbrain","15.5","15.5",1,"higher",0.23195,0.23195,0.02823473510325,0.0438000000000001,0.0248470883666971,0.1604,TRUE,TRUE
"NM_172669","Ambra1","Ambra1","Midbrain","15.5","15.5",1,"lower",0.23195,0.23195,0.028251670717166,0.0438,0.0248470883666971,0.1604,TRUE,TRUE
"NR_102725","Flt3l","Flt3l","Midbrain","11.5","11.5",1,"lower",0.334275,0.334275,0.0283040618322477,0,0.0252924800183411,0.2535,TRUE,TRUE
"NM_201601","Fgfr2","Fgfr2","Midbrain","15.5","15.5",1,"higher",0.22495,0.22495,0.028357881107336,0.06285,0.0253786214150827,0.0992,TRUE,TRUE
"NM_001286417","Rbfox2","Rbfox2","Midbrain","15.5","15.5",1,"lower",0.110625,0.110625,0.0283776146994347,0.07005,2.15422984440092e-17,0.1099,TRUE,FALSE
"NR_037970","Brd2","Brd2","Midbrain","15.5","15.5",1,"higher",0.11165,0.11165,0.0285872590664755,0.08295,0.0039132437712076,0.107,TRUE,FALSE
"NM_134011","Tbrg4","Tbrg4","Midbrain","15.5","15.5",1,"lower",0.1096,0.1096,0.0286654620915105,0.0619,0.0268532082452741,0.0919,TRUE,TRUE
"NM_013520","Flt3l","Flt3l","Midbrain","11.5","11.5",1,"higher",0.334275,0.334275,0.0286934961142777,0,0.0252924800183411,0.2535,TRUE,TRUE
"NM_001115150","Uspl1","Uspl1","Midbrain","14.5","15.5",2,"lower",0.243975,0.2176625,0.0287620486208011,0.0854,0.00812461082689651,0.1239,TRUE,FALSE
"NM_010207","Fgfr2","Fgfr2","Midbrain","15.5","15.5",1,"lower",0.22495,0.22495,0.0287674059869091,0.0628499999999999,0.0253786214150827,0.0992,TRUE,TRUE
"NM_001199246","Maged2","Maged2","Midbrain","14.5","14.5",1,"higher",0.1106,0.1106,0.0294342991643832,0.07935,0.0276223123387034,0.0791,TRUE,TRUE
"NM_028736","Grip1","Grip1","Midbrain","15.5","15.5",1,"higher",0.463825,0.463825,0.0300277874521334,0.02305,0.000481079804808845,0.4458,TRUE,TRUE
"NM_001291020","Sirpa","Sirpa","Midbrain","15.5","15.5",1,"higher",0.2463,0.2463,0.0301456173474748,0.0800999999999999,0.00437001594656542,0.2108,TRUE,FALSE
"NM_001130457","Tbrg4","Tbrg4","Midbrain","15.5","15.5",1,"higher",0.1096,0.1096,0.030295316783574,0.0619000000000001,0.0268532082452741,0.0919000000000001,TRUE,TRUE
"NM_001277982","Snap91","Snap91","Midbrain","11.5","11.5",1,"lower",0.111025,0.111025,0.030321580326484,0.00995,8.81031145839211e-09,0.0968,TRUE,FALSE
"NM_001025560","Sox6","Sox6","Midbrain","15.5","15.5",1,"higher",0.37775,0.37775,0.0303715225948676,0.0949999999999999,0.00717099893061621,0.3209,TRUE,FALSE
"NM_001254745","E030030I06Rik","E030030I06Rik","Midbrain","16.5","16.5",1,"higher",0.11385,0.11385,0.0308026307380992,0.0649999999999999,0.0273932047702027,0.0754,TRUE,TRUE
"NM_001039878","Strn4","Strn4","Midbrain","15.5","15.5",1,"higher",0.13615,0.13615,0.0308256247320379,0.0317499999999999,0.0280182526248109,0.1302,TRUE,TRUE
"NM_001254744","E030030I06Rik","E030030I06Rik","Midbrain","16.5","16.5",1,"lower",0.11385,0.11385,0.0309228914797415,0.065,0.0273932047702027,0.0754,TRUE,TRUE
"NM_030700","Maged2","Maged2","Midbrain","14.5","14.5",1,"lower",0.1106,0.1106,0.0311663571567736,0.07935,0.0276223123387034,0.0791000000000001,TRUE,TRUE
"NM_001112796","Bicd1","Bicd1","Midbrain","15.5","15.5",1,"higher",0.754175,0.754175,0.0315711328681096,0.09995,0.0279615169913245,0.7307,TRUE,TRUE
"NM_009753","Bicd1","Bicd1","Midbrain","15.5","15.5",1,"lower",0.754175,0.754175,0.031587154654521,0.0999499999999999,0.0279615169913245,0.7307,TRUE,TRUE
"NM_133789","Strn4","Strn4","Midbrain","15.5","15.5",1,"lower",0.13615,0.13615,0.0316402847379156,0.0317500000000001,0.0280182526248109,0.1302,TRUE,TRUE
"NM_027689","Rfx4","Rfx4","Midbrain","15.5","15.5",1,"higher",0.767725,0.767725,0.0318736244133814,0.05105,0.0282089748422508,0.7223,TRUE,TRUE
"NM_001024918","Rfx4","Rfx4","Midbrain","15.5","15.5",1,"lower",0.767725,0.767725,0.0318736244133814,0.0510500000000002,0.0282089748422508,0.7223,TRUE,TRUE
"NM_001290690","Kcnip1","Kcnip1","Midbrain","15.5","15.5",1,"higher",0.34475,0.34475,0.0322105299046561,0.00519999999999998,5.2901541360424e-08,0.1513,TRUE,FALSE
"NM_001290713","Stag2","Stag2","Midbrain","15.5","15.5",1,"lower",0.15745,0.15745,0.0333758491988337,0.0960499999999999,0.000464764025242799,0.0943,TRUE,TRUE
"NM_001146710","Ppp1r18","Ppp1r18","Midbrain","15.5","15.5",1,"lower",0.20555,0.20555,0.0336615102936863,0.0681,0.0420898325873255,0.138,TRUE,TRUE
"NM_170729","Ank3","Ank3","Midbrain","15.5","15.5",1,"higher",0.13825,0.13825,0.0337256610192757,0.0085,8.38491214082396e-10,0.0898,TRUE,TRUE
"NM_009254","Serpinb6a","Serpinb6a","Midbrain","15.5","15.5",1,"higher",0.2973,0.2973,0.0338106675447258,0.0699,0.017578361985194,0.2733,TRUE,TRUE
"NM_029837","Mpped2","Mpped2","Midbrain","15.5","16.5",2,"lower",0.1327,0.123525,0.0341470845718377,0.08735,0.00580036532807159,0.0934,TRUE,TRUE
"NM_001205234","Nrxn2","Nrxn2","Midbrain","15.5","15.5",1,"higher",0.1769,0.1769,0.0343272062598182,0.0566000000000002,0.0305479047252539,0.1661,TRUE,TRUE
"NM_001205235","Nrxn2","Nrxn2","Midbrain","15.5","15.5",1,"lower",0.1769,0.1769,0.0343272062598182,0.0566,0.0305479047252539,0.1661,TRUE,TRUE
"NM_024446","Nudt7","Nudt7","Midbrain","12.5","12.5",1,"lower",0.23145,0.23145,0.0344027272079302,0.0273,0.038513489571603,0.169,TRUE,FALSE
"NM_001143683","Mpped2","Mpped2","Midbrain","15.5","16.5",2,"higher",0.1327,0.123525,0.0352292445488952,0.08735,0.00580036532807159,0.0934,TRUE,TRUE
"NM_001113514","Itga9","Itga9","Midbrain","16.5","16.5",1,"lower",0.6769,0.6769,0.035944092197875,3.92523114670944e-17,0.0324427619538532,0.5879,TRUE,TRUE
"NM_001302888","Kcnq2","Kcnq2","Midbrain","15.5","15.5",1,"higher",0.44985,0.44985,0.035944092197875,0.06345,2.6604623554228e-11,0.0525,TRUE,TRUE
"NM_001205067","Jkamp","Jkamp","Midbrain","14.5","14.5",1,"higher",0.15835,0.15835,0.035944092197875,0.0962999999999999,0.0333530475176256,0.1284,TRUE,TRUE
"NM_001289728","Tmem255a","Tmem255a","Midbrain","15.5","15.5",1,"lower",0.247675,0.247675,0.0359615725968321,0.05275,0.000804418289872216,0.1732,TRUE,FALSE
"NM_001195049","Pak3","Pak3","Midbrain","15.5","15.5",1,"higher",0.18155,0.18155,0.0359615725968321,0.01595,0.00263616069733942,0.1237,TRUE,TRUE
"NM_181569","Nprl3","Nprl3","Midbrain","15.5","15.5",1,"higher",0.22255,0.22255,0.036046300684228,0.0439000000000001,0.00137868867464922,0.1885,TRUE,TRUE
"NM_133721","Itga9","Itga9","Midbrain","16.5","16.5",1,"higher",0.6769,0.6769,0.036062544748474,2.22044604925031e-16,0.0324427619538532,0.5879,TRUE,TRUE
"NM_008442","Kif2a","Kif2a","Midbrain","15.5","15.5",1,"lower",0.136575,0.136575,0.0362335054382133,0.02495,0.032741168154121,0.1071,TRUE,TRUE
"NM_001145779","Kif2a","Kif2a","Midbrain","15.5","15.5",1,"higher",0.136575,0.136575,0.0363727037346457,0.02495,0.032741168154121,0.1071,TRUE,TRUE
"NM_021536","Rhot1","Rhot1","Midbrain","15.5","15.5",1,"lower",0.1755,0.1755,0.036833077682269,0.0881500000000002,0.00955669528982813,0.1349,TRUE,TRUE
"NM_024205","Jkamp","Jkamp","Midbrain","14.5","14.5",1,"lower",0.15835,0.15835,0.0369907550250062,0.0963000000000001,0.0333530475176256,0.1284,TRUE,TRUE
"NM_001025254","Mbp","Mbp","Midbrain","14.5","14.5",1,"lower",0.24025,0.24025,0.0370775124290992,0.0699,7.10764834294255e-11,0.1668,TRUE,FALSE
"NM_172510","Mfsd4","Mfsd4","Midbrain","15.5","15.5",1,"higher",0.11505,0.11505,0.037140015054142,0.0148499999999998,0.0340851090291194,0.0669,TRUE,TRUE
"NM_011995","Pclo","Pclo","Midbrain","15.5","15.5",1,"lower",0.20255,0.20255,0.037168130942053,0.0428500000000002,0.0342648488666637,0.1405,TRUE,TRUE
"NM_010954","Ncam2","Ncam2","Midbrain","15.5","15.5",1,"higher",0.47965,0.47965,0.0374252909090231,0.0302,0.0338322045402831,0.0242,TRUE,TRUE
"NM_001113208","Ncam2","Ncam2","Midbrain","15.5","15.5",1,"lower",0.47965,0.47965,0.0374281143436927,0.0302000000000001,0.0338322045402831,0.0242,TRUE,TRUE
"NM_001145552","2310045N01Rik","2310045N01Rik","Midbrain","11.5","11.5",1,"higher",0.10475,0.10475,0.0375353949709287,0.0491,1.23449956083453e-07,0.0866,TRUE,FALSE
"NR_073583","Ppp2r2b","Ppp2r2b","Midbrain","15.5","15.5",1,"higher",0.1048,0.1048,0.0375820140526925,0.05375,0.0340851090291194,0.0905,TRUE,TRUE
"NM_001114662","Mfsd4","Mfsd4","Midbrain","15.5","15.5",1,"lower",0.11505,0.11505,0.0377757244482516,0.01485,0.0340851090291194,0.0669,TRUE,TRUE
"NM_028392","Ppp2r2b","Ppp2r2b","Midbrain","15.5","15.5",1,"lower",0.1048,0.1048,0.0377757244482516,0.05375,0.0340851090291194,0.0905,TRUE,TRUE
"NM_001110796","Pclo","Pclo","Midbrain","15.5","15.5",1,"higher",0.20255,0.20255,0.0379950700648462,0.04285,0.0342648488666637,0.1405,TRUE,TRUE
"NM_001291203","Tpd52l2","Tpd52l2","Midbrain","15.5","15.5",1,"higher",0.109775,0.109775,0.0382948397788684,0.04965,0.0146227610080511,0.0867,TRUE,TRUE
"NM_001033319","Ppfia1","Ppfia1","Midbrain","15.5","15.5",1,"lower",0.3203,0.3203,0.0383072915006435,0.0797499999999998,0.0345177679257012,0.2099,TRUE,TRUE
"NM_001195086","Ppfia1","Ppfia1","Midbrain","15.5","15.5",1,"higher",0.3203,0.3203,0.0383088900921963,0.07975,0.0345177679257012,0.2099,TRUE,TRUE
"NM_012040","Pnck","Pnck","Midbrain","15.5","15.5",1,"lower",0.180775,0.180775,0.0383148734297553,0.03195,1.26018419214305e-11,0.1691,TRUE,TRUE
"NM_001243046","Dlg2","Dlg2","Midbrain","15.5","15.5",1,"higher",0.43485,0.43485,0.0383855885060226,0.02715,0.000210565259946253,0.2903,TRUE,FALSE
"NR_045539","Mllt10","Mllt10","Midbrain","15.5","15.5",1,"lower",0.20945,0.20945,0.0386285008390848,0.07765,0.0125561950099502,0.1518,TRUE,FALSE
"NM_008956","Ptbp1","Ptbp1","Midbrain","12.5","13.5",2,"higher",0.126775,0.1145125,0.0390427675707661,0.05175,0.0127201507044187,0.0491,TRUE,FALSE
"NM_001242378","Slc4a10","Slc4a10","Midbrain","15.5","15.5",1,"lower",0.226675,0.226675,0.0391980462343204,0.0989,0.00167696981741763,0.1984,TRUE,FALSE
"NM_001104617","Rdx","Rdx","Midbrain","15.5","15.5",1,"lower",0.13175,0.13175,0.0393597201769624,0.0587000000000002,0.049688272444594,0.0676,TRUE,FALSE
"NM_001103156","Steap2","Steap2","Midbrain","15.5","15.5",1,"lower",0.3694,0.3694,0.0396622129220301,0.0661,0.0446763970489614,0.3091,TRUE,FALSE
"NM_001293707","Pip5k1a","Pip5k1a","Midbrain","14.5","14.5",1,"higher",0.328725,0.328725,0.0396622129220301,0.0845500000000001,0.0359809709520306,0.2042,TRUE,TRUE
"NM_008847","Pip5k1a","Pip5k1a","Midbrain","14.5","14.5",1,"lower",0.328725,0.328725,0.0396759969377847,0.08455,0.0359809709520306,0.2042,TRUE,TRUE
"NM_001252529","Pqbp1","Pqbp1","Midbrain","15.5","15.5",1,"lower",0.118,0.118,0.0397561412475052,0.0136500000000002,0.0279615169913245,0.0922000000000001,TRUE,FALSE
"NM_027379","Far1","Far1","Midbrain","15.5","15.5",1,"lower",0.1356,0.1356,0.0407230250832041,0.0211999999999999,0.0408136021082191,0.0905,TRUE,TRUE
"NR_028315","Yaf2","Yaf2","Midbrain","15.5","15.5",1,"lower",0.11355,0.11355,0.0410141664871224,0.05125,0.0387990348624302,0.0702,TRUE,TRUE
"NM_007891","E2f1","E2f1","Midbrain","16.5","16.5",1,"higher",0.122625,0.122625,0.0413571841949353,0.0625000000000004,0.0374525802597956,0.0438000000000001,TRUE,TRUE
"NM_001291105","E2f1","E2f1","Midbrain","16.5","16.5",1,"lower",0.122625,0.122625,0.041429870642973,0.0625,0.0374525802597956,0.0438,TRUE,TRUE
"NR_027008","Gt(ROSA)26Sor","Gt(ROSA)26Sor","Midbrain","15.5","15.5",1,"lower",0.17735,0.17735,0.0414460807373404,0.08365,0.0171797717179959,0.1312,TRUE,FALSE
"NM_001145880","Zfp790","Zfp790","Midbrain","15.5","15.5",1,"lower",0.204825,0.204825,0.0414741478508686,0.0267,0.0375959880543298,0.0955,TRUE,TRUE
"NM_146185","Zfp790","Zfp790","Midbrain","15.5","15.5",1,"higher",0.204825,0.204825,0.041557991215171,0.0266999999999999,0.0375959880543298,0.0955,TRUE,TRUE
"NM_011406","Slc8a1","Slc8a1","Midbrain","15.5","15.5",1,"higher",0.9353,0.9353,0.0416082863453951,0,0.00838154452212863,0.9267,TRUE,FALSE
"NM_016913","Porcn","Porcn","Midbrain","15.5","15.5",1,"higher",0.28545,0.28545,0.0419690210276535,0,0.0447661482894048,0.2227,TRUE,FALSE
"NM_030108","Tmem33","Tmem33","Midbrain","15.5","15.5",1,"higher",0.1032,0.1032,0.0420275038995773,0.02075,0.000987793233780734,0.0666,TRUE,TRUE
"NM_001286607","Foxp2","Foxp2","Midbrain","15.5","15.5",1,"lower",0.1552,0.1552,0.0421299085477019,0.09045,6.96304051361776e-07,0.0431,TRUE,TRUE
"NM_001243041","Adk","Adk","Midbrain","12.5","12.5",1,"lower",0.10645,0.10645,0.0423768013234179,0.08715,0.000143016007700117,0.0834,TRUE,TRUE
"NM_001109764","Ctnna2","Ctnna2","Midbrain","15.5","15.5",1,"lower",0.18045,0.18045,0.0425016954686703,0.0596,0.000856513499630006,0.1757,TRUE,TRUE
"NM_001198835","Coch","Coch","Midbrain","12.5","12.5",1,"higher",0.1218,0.1218,0.0425225937919678,0.0558500000000001,0.0385951515438864,0.0872000000000001,TRUE,TRUE
"NM_007728","Coch","Coch","Midbrain","12.5","12.5",1,"lower",0.1218,0.1218,0.0425225937919678,0.05585,0.0385951515438864,0.0872,TRUE,TRUE
"NM_001093765","Myadm","Myadm","Midbrain","15.5","15.5",1,"higher",0.2286,0.2286,0.04271500852684,0.0874,8.22478238146385e-08,0.1567,TRUE,FALSE
"NM_024189","Yaf2","Yaf2","Midbrain","15.5","15.5",1,"higher",0.11355,0.11355,0.0429063838110784,0.05125,0.0387990348624302,0.0702,TRUE,TRUE
"NM_145633","Ankrd27","Ankrd27","Midbrain","15.5","15.5",1,"higher",0.19735,0.19735,0.0429334004577287,0.0608,0.0388046092507492,0.1913,TRUE,TRUE
"NM_178263","Ankrd27","Ankrd27","Midbrain","15.5","15.5",1,"lower",0.19735,0.19735,0.0429348709808276,0.0608,0.0388046092507492,0.1913,TRUE,TRUE
"NM_017380","Sept9","Sept9","Midbrain","15.5","15.5",1,"lower",0.1156,0.1156,0.0429839581908494,0.08995,0.00331857845553789,0.0726,TRUE,TRUE
"NM_001109042","Kif21a","Kif21a","Midbrain","15.5","15.5",1,"higher",0.1967,0.1967,0.0430731077535819,0.0696499999999999,7.98109895943366e-12,0.0548999999999999,TRUE,TRUE
"NM_001159603","Pum1","Pum1","Midbrain","14.5","14.5",1,"lower",0.102125,0.102125,0.0437336905461137,0.05785,0.0246678391430037,0.0466,TRUE,FALSE
"NM_134079","Adk","Adk","Midbrain","12.5","12.5",1,"higher",0.10645,0.10645,0.0437778888694016,0.0871500000000001,0.000143016007700117,0.0834,TRUE,TRUE
"NM_001161850","Sgk1","Sgk1","Midbrain","15.5","15.5",1,"higher",0.11715,0.11715,0.0438129746614926,0.03185,4.82077316038274e-09,0.1055,TRUE,TRUE
"NM_001285831","Far1","Far1","Midbrain","15.5","15.5",1,"higher",0.1356,0.1356,0.044858476303333,0.0212,0.0408136021082191,0.0905,TRUE,TRUE
"NM_172990","Pank4","Pank4","Midbrain","12.5","12.5",1,"lower",0.17915,0.17915,0.0453645046802213,0.0789000000000001,0.0421797511170966,0.1253,TRUE,TRUE
"NM_001289719","Ampd2","Ampd2","Midbrain","15.5","15.5",1,"higher",0.22935,0.22935,0.0455339950523693,0.09685,1.14679686541858e-06,0.1407,TRUE,TRUE
"NM_001039655","Rasgrf1","Rasgrf1","Midbrain","15.5","15.5",1,"lower",0.91335,0.91335,0.0457061383239971,0.01645,0.0417021533165067,0.9052,TRUE,TRUE
"NM_011245","Rasgrf1","Rasgrf1","Midbrain","15.5","15.5",1,"higher",0.91335,0.91335,0.0457061383239971,0.01645,0.0417021533165067,0.9052,TRUE,TRUE
"NM_001164195","Pex3","Pex3","Midbrain","11.5","11.5",1,"lower",0.217675,0.217675,0.0457061383239971,0.08995,0.0417231733840236,0.0712,TRUE,TRUE
"NM_019961","Pex3","Pex3","Midbrain","11.5","11.5",1,"higher",0.217675,0.217675,0.0457531421617995,0.08995,0.0417231733840236,0.0711999999999999,TRUE,TRUE
"NM_001160292","Celf2","Celf2","Midbrain","15.5","15.5",1,"higher",0.12885,0.12885,0.0462669064352285,0,2.00449894653278e-23,0.1282,TRUE,TRUE
"NM_001024846","Zfp62","Zfp62","Midbrain","15.5","15.5",1,"lower",0.13995,0.13995,0.0476095070271307,0.0807,0.0439949175678927,0.0895,TRUE,TRUE
"NM_001098230","Pdp1","Pdp1","Midbrain","15.5","15.5",1,"lower",0.2628,0.2628,0.0476493307408569,0.08795,0.00019114902500868,0.2091,TRUE,TRUE
"NM_027739","B4galnt1","B4galnt1","Midbrain","15.5","15.5",1,"higher",0.1899,0.1899,0.0476493307408569,0.0537,2.66095006012372e-06,0.0876,TRUE,TRUE
"NM_001304938","Oprm1","Oprm1","Midbrain","12.5","13.5",2,"lower",0.792925,0.635325,0.0477743420102841,0,0.000768870906762927,0.457,TRUE,FALSE
"NM_199466","Eml4","Eml4","Midbrain","15.5","15.5",1,"lower",0.2345,0.2345,0.0477743420102841,0.0747,5.68784803173048e-09,0.1235,TRUE,TRUE
"NM_009562","Zfp62","Zfp62","Midbrain","15.5","15.5",1,"higher",0.13995,0.13995,0.0480105416352005,0.0807,0.0439949175678927,0.0894999999999999,TRUE,TRUE
"NM_001109043","Zfp185","Zfp185","Midbrain","16.5","16.5",1,"higher",0.7885,0.7885,0.0480665487525118,0.0492,0.0246947364647793,0.577,TRUE,TRUE
"NM_009549","Zfp185","Zfp185","Midbrain","16.5","16.5",1,"lower",0.7885,0.7885,0.0480665487525118,0.0491999999999999,0.0246947364647793,0.577,TRUE,TRUE
"NM_029090","Naa60","Naa60","Midbrain","13.5","13.5",1,"lower",0.11245,0.11245,0.0480811914001012,0.02145,0.0451611246663811,0.0611,TRUE,TRUE
"NM_021565","Midn","Midn","Midbrain","15.5","15.5",1,"higher",0.1795,0.1795,0.0485481844174264,0.05135,0.0454866211322099,0.1637,TRUE,TRUE
"NM_028584","Marveld3","Marveld3","Midbrain","15.5","15.5",1,"higher",0.67595,0.67595,0.0489596981244382,0.05565,0.0449825644345768,0.5073,TRUE,TRUE
"NM_212447","Marveld3","Marveld3","Midbrain","15.5","15.5",1,"lower",0.67595,0.67595,0.0489799782727744,0.0556500000000002,0.0449825644345768,0.5073,TRUE,TRUE
"NM_001204166","Rapgef4","Rapgef4","Midbrain","15.5","15.5",1,"higher",0.3295,0.3295,0.0491079978257681,0.0658,1.44174372581925e-07,0.2722,TRUE,FALSE
"NM_001290689","Naa60","Naa60","Midbrain","13.5","13.5",1,"higher",0.11245,0.11245,0.0491831697956423,0.02145,0.0451611246663811,0.0611,TRUE,TRUE
"NM_001161782","Trim32","Trim32","Midbrain","15.5","16.5",2,"lower",0.10835,0.1061875,0.0492904705708284,0.0321,0.0130846118233981,0.0452,TRUE,FALSE
"NM_001305798","Midn","Midn","Midbrain","15.5","15.5",1,"lower",0.1795,0.1795,0.0495339278420232,0.05135,0.0454866211322099,0.1637,TRUE,TRUE
