"isoform_id","gene_id","gene_name","region","start_stage","end_stage","n_stages","direction","max_abs_usage_difference","mean_abs_usage_difference","worst_pair_q","flanking_max_abs_difference","gene_q","replicate_separation","replicate_consistent","reciprocal_exchange"
"NM_001110228","Celf2","Celf2","Midbrain","15.5","15.5",1,"lower",0.68345,0.68345,1.03294140545254e-22,0.0437499999999998,3.61055319139331e-22,0.6795,TRUE,TRUE
"NM_001164790","Scg3","Scg3","Midbrain","15.5","15.5",1,"lower",0.605825,0.605825,3.56053265613862e-21,0.0609000000000001,6.1456928423584e-21,0.5955,TRUE,TRUE
"NM_009130","Scg3","Scg3","Midbrain","15.5","15.5",1,"higher",0.605825,0.605825,3.56053265613862e-21,0.0609000000000001,6.1456928423584e-21,0.5955,TRUE,TRUE
"NM_001290664","Sh3kbp1","Sh3kbp1","Midbrain","15.5","15.5",1,"higher",0.1664,0.1664,3.56053265613862e-21,0.0039,7.05865381388997e-21,0.1519,TRUE,TRUE
"NM_009722","Atp2a2","Atp2a2","Midbrain","15.5","15.5",1,"higher",0.913,0.913,3.73111491506598e-18,0.00245,6.70719830553366e-18,0.9054,TRUE,TRUE
"NM_001110830","Rbfox2","Rbfox2","Midbrain","15.5","15.5",1,"lower",0.359725,0.359725,9.51513825006604e-17,0.0310000000000001,3.77427842661621e-16,0.351,TRUE,FALSE
"NM_001253754","Gpm6a","Gpm6a","Midbrain","15.5","15.5",1,"higher",0.5719,0.5719,4.00464853085905e-16,0.0710499999999999,7.64170927927897e-16,0.5672,TRUE,TRUE
"NM_153581","Gpm6a","Gpm6a","Midbrain","15.5","15.5",1,"lower",0.5715,0.5715,4.00464853085905e-16,0.0703,7.64170927927897e-16,0.5668,TRUE,TRUE
"NM_198894","Abr","Abr","Midbrain","15.5","15.5",1,"higher",0.5696,0.5696,4.00464853085905e-16,0.0053,8.82022969300117e-16,0.5208,TRUE,FALSE
"NM_001110223","Dcx","Dcx","Midbrain","15.5","15.5",1,"lower",0.3712,0.3712,5.32931011593456e-16,0.0409,1.40315717792559e-15,0.3642,TRUE,FALSE
"NM_001293780","Chtop","Chtop","Midbrain","15.5","15.5",1,"lower",0.123825,0.123825,6.70459549574239e-16,0.01655,1.83299137522954e-15,0.1162,TRUE,TRUE
"NM_001253681","Immt","Immt","Midbrain","15.5","15.5",1,"lower",0.43025,0.43025,7.03756783550821e-16,0.0898,2.05930645817476e-15,0.4192,TRUE,TRUE
"NM_139302","Sh3glb2","Sh3glb2","Midbrain","15.5","15.5",1,"higher",0.7661,0.7661,1.25701864281147e-15,0,2.2596659451697e-15,0.7547,TRUE,TRUE
"NM_001177856","Asph","Asph","Midbrain","15.5","15.5",1,"lower",0.5033,0.5033,3.12136434934858e-15,0.0917,1.7379775508017e-14,0.4925,TRUE,TRUE
"NM_001252283","Ogdh","Ogdh","Midbrain","15.5","15.5",1,"lower",0.287775,0.287775,3.92770973178293e-15,0.0519999999999999,1.22415468520618e-14,0.2869,TRUE,TRUE
"NM_010875","Ncam1","Ncam1","Midbrain","15.5","15.5",1,"higher",0.40375,0.40375,2.08249825907474e-14,0.01705,3.63959208900101e-14,0.3952,TRUE,TRUE
"NM_029663","Eef1d","Eef1d","Midbrain","15.5","15.5",1,"lower",0.42375,0.42375,3.41840985946713e-14,0.08905,1.03599278197588e-13,0.4057,TRUE,TRUE
"NM_001113214","Odf2","Odf2","Midbrain","15.5","15.5",1,"higher",0.2036,0.2036,4.14894747740838e-14,0,1.08091456298308e-13,0.1871,TRUE,TRUE
"NM_001286388","Trim9","Trim9","Midbrain","15.5","15.5",1,"lower",0.22665,0.22665,4.77822749055344e-14,0.0291,1.26755200527784e-13,0.2261,TRUE,FALSE
"NM_001113517","Arhgef7","Arhgef7","Midbrain","15.5","15.5",1,"lower",0.5468,0.5468,5.53255118883267e-14,0.0409,1.03599278197588e-13,0.5399,TRUE,TRUE
"NM_001025074","Ntrk2","Ntrk2","Midbrain","15.5","15.5",1,"lower",0.49275,0.49275,5.53255118883267e-14,0.0943499999999999,7.40885727529421e-14,0.4897,TRUE,TRUE
"NM_001009930","Brsk2","Brsk2","Midbrain","15.5","15.5",1,"higher",0.7068,0.7068,5.66551895693926e-14,0.09345,1.29004411147227e-13,0.6978,TRUE,TRUE
"NM_008745","Ntrk2","Ntrk2","Midbrain","15.5","15.5",1,"higher",0.49275,0.49275,5.9309290199767e-14,0.09435,7.40885727529421e-14,0.4897,TRUE,TRUE
"NM_001293779","Chtop","Chtop","Midbrain","15.5","15.5",1,"lower",0.1922,0.1922,5.9309290199767e-14,0.0346,1.83299137522954e-15,0.1746,TRUE,TRUE
"NM_001205331","Map4","Map4","Midbrain","15.5","15.5",1,"lower",0.50515,0.50515,1.02195711660696e-13,0.0842499999999999,2.30003385083338e-13,0.4889,TRUE,TRUE
"NM_001252665","Dmtn","Dmtn","Midbrain","15.5","15.5",1,"lower",0.51665,0.51665,1.26761668768721e-13,0.03915,3.48137381430243e-13,0.5035,TRUE,FALSE
"NM_134118","Tecr","Tecr","Midbrain","15.5","15.5",1,"higher",0.51175,0.51175,1.86959374323401e-13,0.03835,2.30003385083338e-13,0.4983,TRUE,TRUE
"NM_027179","Tecr","Tecr","Midbrain","15.5","15.5",1,"lower",0.51175,0.51175,2.24745961034902e-13,0.0383499999999999,2.30003385083338e-13,0.4983,TRUE,TRUE
"NM_001285859","Sgip1","Sgip1","Midbrain","15.5","15.5",1,"lower",0.7582,0.7582,2.28049851580634e-13,0.0540999999999999,3.95005202295657e-13,0.7469,TRUE,TRUE
"NM_001164252","Tpm1","Tpm1","Midbrain","15.5","15.5",1,"lower",0.2053,0.2053,2.60263068425824e-13,0.0543,1.12415565001639e-12,0.1934,TRUE,TRUE
"NM_016760","Clta","Clta","Midbrain","15.5","15.5",1,"lower",0.6625,0.6625,3.01838997345603e-13,0.0473,8.27593857376812e-13,0.6487,TRUE,TRUE
"NM_001289150","Fam110a","Fam110a","Midbrain","15.5","15.5",1,"lower",0.560575,0.560575,3.01838997345603e-13,0.0778000000000001,6.80179332104267e-13,0.5541,TRUE,FALSE
"NM_028768","Armc8","Armc8","Midbrain","15.5","15.5",1,"higher",0.4992,0.4992,3.01838997345603e-13,0.0143,3.82458891101705e-13,0.485,TRUE,TRUE
"NM_001146347","Fam57b","Fam57b","Midbrain","15.5","15.5",1,"lower",0.48415,0.48415,3.01838997345603e-13,0.0602000000000001,5.66798102239381e-13,0.4815,TRUE,TRUE
"NM_029922","Parp6","Parp6","Midbrain","15.5","15.5",1,"lower",0.3898,0.3898,3.01838997345603e-13,0.0313000000000001,6.80179332104267e-13,0.3604,TRUE,TRUE
"NM_001170935","Lppr3","Lppr3","Midbrain","15.5","15.5",1,"higher",0.256,0.256,3.01838997345603e-13,0.00285,5.49814341432786e-13,0.2452,TRUE,TRUE
"NM_001290379","Ap1s2","Ap1s2","Midbrain","15.5","15.5",1,"lower",0.9397,0.9397,3.02003774761995e-13,0.0219000000000001,5.78081375914627e-13,0.9222,TRUE,TRUE
"NM_008441","Kif1b","Kif1b","Midbrain","15.5","15.5",1,"higher",0.63045,0.63045,3.05800216376651e-13,0.02615,5.81909165855015e-13,0.5895,TRUE,TRUE
"NM_001166138","Armc8","Armc8","Midbrain","15.5","15.5",1,"lower",0.4992,0.4992,3.46556850766456e-13,0.0143000000000001,3.82458891101705e-13,0.485,TRUE,TRUE
"NM_001310144","Pax6","Pax6","Midbrain","15.5","15.5",1,"lower",0.3574,0.3574,5.26308968057488e-13,0.0873,2.21430845967786e-12,0.344,TRUE,TRUE
"NM_001293778","Chtop","Chtop","Midbrain","15.5","15.5",1,"lower",0.20725,0.20725,6.09801672066085e-13,0.0913,1.83299137522954e-15,0.1991,TRUE,TRUE
"NM_001005865","Mtus1","Mtus1","Midbrain","15.5","15.5",1,"higher",0.81715,0.81715,7.19789768439337e-13,0.0233,1.6293836109651e-12,0.786,TRUE,TRUE
"NM_207706","Elmo2","Elmo2","Midbrain","15.5","15.5",1,"lower",0.69215,0.69215,7.74898094801363e-13,0.07045,1.74964571469002e-12,0.6728,TRUE,TRUE
"NM_001083334","Bin1","Bin1","Midbrain","15.5","15.5",1,"higher",0.73465,0.73465,8.55054074101069e-13,0.09355,1.11806169694697e-12,0.712,TRUE,TRUE
"NM_009668","Bin1","Bin1","Midbrain","15.5","15.5",1,"lower",0.73465,0.73465,8.55054074101069e-13,0.09355,1.11806169694697e-12,0.712,TRUE,TRUE
"NM_001163330","Ralyl","Ralyl","Midbrain","15.5","15.5",1,"lower",0.20015,0.20015,1.00778847803955e-12,0.08195,2.3903583854988e-12,0.1789,TRUE,TRUE
"NM_001038621","Rabgap1l","Rabgap1l","Midbrain","15.5","15.5",1,"lower",0.4708,0.4708,1.07384426235946e-12,0.0441,1.41366542003125e-12,0.4455,TRUE,TRUE
"NM_013862","Rabgap1l","Rabgap1l","Midbrain","15.5","15.5",1,"higher",0.4708,0.4708,1.13912563216914e-12,0.0441,1.41366542003125e-12,0.4455,TRUE,TRUE
"NM_013928","Schip1","Schip1","Midbrain","15.5","15.5",1,"lower",0.81895,0.81895,1.22589807957322e-12,0.028,3.74782721396813e-12,0.7991,TRUE,TRUE
"NM_001077361","Fhl1","Fhl1","Midbrain","15.5","15.5",1,"lower",0.3812,0.3812,1.87440231988548e-12,0.0365500000000001,4.6424208771705e-12,0.3757,TRUE,TRUE
"NM_010714","Lhx9","Lhx9","Midbrain","15.5","15.5",1,"lower",0.28295,0.28295,2.75543155638302e-12,0.0201000000000001,5.17989195920939e-12,0.2308,TRUE,TRUE
"NM_001163555","Pou2f2","Pou2f2","Midbrain","15.5","15.5",1,"lower",0.30395,0.30395,2.84990882455878e-12,0.06475,5.33657054541455e-12,0.2683,TRUE,FALSE
"NM_016920","Atp6v0a1","Atp6v0a1","Midbrain","15.5","15.5",1,"lower",0.86365,0.86365,2.90498229804802e-12,0.0478,6.96281327542669e-12,0.8604,TRUE,TRUE
"NM_017402","Arhgef7","Arhgef7","Midbrain","15.5","15.5",1,"higher",0.73215,0.73215,3.41118356909056e-12,0.08365,1.03599278197588e-13,0.7043,TRUE,TRUE
"NM_145121","Cacnb1","Cacnb1","Midbrain","15.5","15.5",1,"lower",0.84405,0.84405,3.96833100525354e-12,0.0982,1.15871063928941e-11,0.8332,TRUE,FALSE
"NM_001290646","Lhx2","Lhx2","Midbrain","15.5","15.5",1,"higher",0.78525,0.78525,4.39694408651394e-12,0.0709,5.79966795761647e-12,0.7745,TRUE,TRUE
"NM_010710","Lhx2","Lhx2","Midbrain","15.5","15.5",1,"lower",0.78525,0.78525,4.43570257584137e-12,0.0709000000000001,5.79966795761647e-12,0.7745,TRUE,TRUE
"NM_001291455","Dpysl3","Dpysl3","Midbrain","15.5","15.5",1,"higher",0.76035,0.76035,4.90097827669406e-12,0.02015,9.12369612238136e-12,0.7392,TRUE,TRUE
"NM_009468","Dpysl3","Dpysl3","Midbrain","15.5","15.5",1,"lower",0.75975,0.75975,4.90097827669406e-12,0.0200000000000002,9.12369612238136e-12,0.7388,TRUE,TRUE
"NM_001024716","Triobp","Triobp","Midbrain","15.5","15.5",1,"higher",0.37005,0.37005,4.91721592290519e-12,0.0549499999999999,1.20756556454798e-11,0.3558,TRUE,TRUE
"NM_001034168","Ank2","Ank2","Midbrain","15.5","15.5",1,"lower",0.31945,0.31945,4.91721592290519e-12,0.0122500000000001,6.79876260561921e-12,0.2942,TRUE,TRUE
"NM_178655","Ank2","Ank2","Midbrain","15.5","15.5",1,"higher",0.31945,0.31945,6.24647903003731e-12,0.0122500000000001,6.79876260561921e-12,0.2942,TRUE,TRUE
"NM_001168229","Morf4l2","Morf4l2","Midbrain","15.5","15.5",1,"lower",0.4923,0.4923,6.70303718837820e-12,0.0292999999999999,2.90083978490082e-11,0.4887,TRUE,TRUE
"NR_045517","Cldnd1","Cldnd1","Midbrain","15.5","15.5",1,"higher",0.4526,0.4526,1.18151742101168e-11,0.04235,2.94991943299158e-11,0.4194,TRUE,TRUE
"NM_001005864","Mtus1","Mtus1","Midbrain","15.5","15.5",1,"lower",0.887,0.887,1.23497888839297e-11,0.0325500000000002,1.6293836109651e-12,0.8556,TRUE,TRUE
"NM_001293300","Clasp1","Clasp1","Midbrain","15.5","15.5",1,"lower",0.4286,0.4286,1.71693846883842e-11,0.0615,3.23452240580021e-11,0.4008,TRUE,TRUE
"NM_001289774","Rufy3","Rufy3","Midbrain","15.5","15.5",1,"higher",0.75555,0.75555,2.37643372553488e-11,0.00279999999999999,7.08698783470799e-11,0.7199,TRUE,TRUE
"NM_001164358","Slc25a25","Slc25a25","Midbrain","15.5","15.5",1,"lower",0.36845,0.36845,2.56241045845983e-11,0.00279999999999991,6.31104831365314e-11,0.3446,TRUE,FALSE
"NM_001039155","Triobp","Triobp","Midbrain","15.5","15.5",1,"lower",0.3045,0.3045,2.58167163018727e-11,0.04405,1.20756556454798e-11,0.2777,TRUE,TRUE
"NM_001042752","Neo1","Neo1","Midbrain","15.5","15.5",1,"higher",0.7077,0.7077,2.62237495811614e-11,0.0497,3.47888449494975e-11,0.6932,TRUE,TRUE
"NM_008684","Neo1","Neo1","Midbrain","15.5","15.5",1,"lower",0.7077,0.7077,2.62261970536708e-11,0.0497000000000002,3.47888449494975e-11,0.6932,TRUE,TRUE
"NM_009262","Spock1","Spock1","Midbrain","15.5","15.5",1,"lower",0.62335,0.62335,2.64409654141225e-11,0.00309999999999999,6.76893531654163e-11,0.6093,TRUE,TRUE
"NM_001080384","Clta","Clta","Midbrain","15.5","15.5",1,"higher",0.67465,0.67465,2.71262152473263e-11,0.0617,8.27593857376812e-13,0.6554,TRUE,TRUE
"NM_001114347","Clasp2","Clasp2","Midbrain","15.5","15.5",1,"higher",0.53875,0.53875,2.74576155880752e-11,0.00955,9.68433823468492e-11,0.5047,TRUE,TRUE
"NM_033474","Arvcf","Arvcf","Midbrain","15.5","15.5",1,"lower",0.213375,0.213375,2.89946150582114e-11,0.0414,7.28673164971092e-11,0.2034,TRUE,TRUE
"NM_001198874","Dync1i2","Dync1i2","Midbrain","15.5","15.5",1,"lower",0.52785,0.52785,3.51054444217643e-11,0.0194000000000001,1.20203660657593e-10,0.517,TRUE,TRUE
"NM_177407","Camk2a","Camk2a","Midbrain","15.5","15.5",1,"lower",0.94945,0.94945,3.7226026992553e-11,0.031,7.28673164971092e-11,0.9331,TRUE,TRUE
"NM_001199151","Sncaip","Sncaip","Midbrain","15.5","15.5",1,"lower",0.535875,0.535875,3.7226026992553e-11,0.0782499999999999,7.28673164971092e-11,0.4891,TRUE,TRUE
"NM_180960","Nnat","Nnat","Midbrain","15.5","15.5",1,"lower",0.3989,0.3989,3.81283076255101e-11,0.06335,1.14931452817592e-10,0.3609,TRUE,TRUE
"NM_001098168","Asap2","Asap2","Midbrain","15.5","15.5",1,"lower",0.758325,0.758325,4.99601167088497e-11,0.0816,9.68128575193084e-11,0.7475,TRUE,FALSE
"NM_027985","Mad2l2","Mad2l2","Midbrain","15.5","15.5",1,"higher",0.43305,0.43305,5.83219890728654e-11,0.0624000000000001,7.79128056076945e-11,0.4119,TRUE,TRUE
"NM_001305420","Mad2l2","Mad2l2","Midbrain","15.5","15.5",1,"lower",0.43305,0.43305,5.98929372043443e-11,0.0624,7.79128056076945e-11,0.4119,TRUE,TRUE
"NM_001109040","Kif21a","Kif21a","Midbrain","15.5","15.5",1,"lower",0.1513,0.1513,6.23767426379418e-11,0.0569,1.5036707460803e-10,0.1392,TRUE,FALSE
"NM_010923","Nnat","Nnat","Midbrain","15.5","15.5",1,"higher",0.3705,0.3705,6.47376651853321e-11,0.0511499999999999,1.14931452817592e-10,0.334,TRUE,TRUE
"NM_001037761","Capzb","Capzb","Midbrain","15.5","15.5",1,"higher",0.54335,0.54335,8.78118163141396e-11,0.03735,1.59627489977995e-10,0.4847,TRUE,TRUE
"NM_013680","Syn1","Syn1","Midbrain","15.5","15.5",1,"lower",0.337875,0.337875,1.01052699887842e-10,0.00645000000000012,1.32236105660194e-10,0.336,TRUE,TRUE
"NM_001110780","Syn1","Syn1","Midbrain","15.5","15.5",1,"higher",0.337875,0.337875,1.03491178044565e-10,0.00645000000000007,1.32236105660194e-10,0.336,TRUE,TRUE
"NM_001164256","Tpm1","Tpm1","Midbrain","15.5","15.5",1,"lower",0.25945,0.25945,1.06432938948874e-10,0.0653,1.12415565001639e-12,0.241,TRUE,TRUE
"NM_001146057","Acot7","Acot7","Midbrain","15.5","15.5",1,"higher",0.6533,0.6533,1.07475244130646e-10,0.0035,2.01055369568813e-10,0.6428,TRUE,FALSE
"NM_001198867","Dctn1","Dctn1","Midbrain","15.5","15.5",1,"higher",0.71765,0.71765,1.17313942676629e-10,0.0906,5.78081375914627e-13,0.6811,TRUE,TRUE
"NM_008851","Pitpnm1","Pitpnm1","Midbrain","15.5","15.5",1,"lower",0.3595,0.3595,1.2190967407998e-10,0.08555,1.59627489977995e-10,0.3506,TRUE,TRUE
"NM_001199352","Pnck","Pnck","Midbrain","15.5","15.5",1,"higher",0.3854,0.3854,1.22481685771005e-10,0.0537500000000001,2.34231782451542e-10,0.3556,TRUE,FALSE
"NM_009691","Aplp2","Aplp2","Midbrain","15.5","15.5",1,"higher",0.27345,0.27345,1.22481685771005e-10,0.0353,2.34231782451542e-10,0.2285,TRUE,TRUE
"NM_001006674","Kcnq2","Kcnq2","Midbrain","15.5","15.5",1,"lower",0.4738,0.4738,1.326382619152e-10,0.08175,4.98768628452785e-10,0.4489,TRUE,FALSE
"NR_075078","Pitpnm1","Pitpnm1","Midbrain","15.5","15.5",1,"higher",0.3595,0.3595,1.326382619152e-10,0.08555,1.59627489977995e-10,0.3506,TRUE,TRUE
"NM_001290745","Nckap1","Nckap1","Midbrain","15.5","15.5",1,"lower",0.444425,0.444425,1.36997808744253e-10,0.0520999999999999,1.86239203475219e-10,0.3992,TRUE,TRUE
"NM_016965","Nckap1","Nckap1","Midbrain","15.5","15.5",1,"higher",0.444425,0.444425,1.41028873934698e-10,0.0520999999999999,1.86239203475219e-10,0.3992,TRUE,TRUE
"NM_001025430","Spag9","Spag9","Midbrain","15.5","15.5",1,"lower",0.4779,0.4779,1.66737887230715e-10,0.07885,6.41786876591917e-10,0.4593,TRUE,TRUE
"NR_033657","Miat","Miat","Midbrain","15.5","15.5",1,"lower",0.392775,0.392775,1.82277764149767e-10,0.09485,2.45994869599431e-10,0.3567,TRUE,TRUE
"NR_003718","Miat","Miat","Midbrain","15.5","15.5",1,"higher",0.392775,0.392775,1.86329677759065e-10,0.0948499999999999,2.45994869599431e-10,0.3567,TRUE,TRUE
"NM_001164255","Tpm1","Tpm1","Midbrain","15.5","15.5",1,"lower",0.13575,0.13575,2.5422520273525e-10,0.01675,1.12415565001639e-12,0.1281,TRUE,TRUE
"NM_001102456","Aplp2","Aplp2","Midbrain","15.5","15.5",1,"lower",0.49955,0.49955,2.54507699790497e-10,0.0636,2.34231782451542e-10,0.4936,TRUE,TRUE
"NM_001159964","Eps15","Eps15","Midbrain","15.5","15.5",1,"lower",0.63435,0.63435,2.89541536078826e-10,0.0980500000000001,4.00207753657705e-10,0.5968,TRUE,TRUE
"NM_007943","Eps15","Eps15","Midbrain","15.5","15.5",1,"higher",0.63435,0.63435,2.89541536078826e-10,0.09805,4.00207753657705e-10,0.5968,TRUE,TRUE
"NM_009798","Capzb","Capzb","Midbrain","15.5","15.5",1,"lower",0.5352,0.5352,3.05660258220283e-10,0.0392499999999999,1.59627489977995e-10,0.4794,TRUE,TRUE
"NM_001025358","Klc1","Klc1","Midbrain","15.5","15.5",1,"lower",0.5258,0.5258,3.05660258220283e-10,0.027,1.3379160329835e-09,0.4986,TRUE,TRUE
"NM_001113420","Schip1","Schip1","Midbrain","15.5","15.5",1,"higher",0.33015,0.33015,3.69984865073316e-10,0.00425,3.74782721396813e-12,0.2412,TRUE,TRUE
"NM_001170746","Magi2","Magi2","Midbrain","15.5","15.5",1,"higher",0.67005,0.67005,4.1176984358297e-10,0.0328000000000001,8.40083687019681e-10,0.6403,TRUE,FALSE
"NM_172952","Gphn","Gphn","Midbrain","15.5","15.5",1,"lower",0.616125,0.616125,4.14988454461788e-10,0.0796,5.96230471428096e-10,0.5879,TRUE,TRUE
"NM_145965","Gphn","Gphn","Midbrain","15.5","15.5",1,"higher",0.616125,0.616125,4.18804237589448e-10,0.0796000000000001,5.96230471428096e-10,0.5879,TRUE,TRUE
"NM_001043335","Eml1","Eml1","Midbrain","15.5","15.5",1,"lower",0.3155,0.3155,4.22642846293816e-10,0.08535,1.83299137522954e-15,0.2727,TRUE,TRUE
"NM_001029850","Magi1","Magi1","Midbrain","15.5","15.5",1,"higher",0.43875,0.43875,4.47363767081792e-10,0.00935,1.97940308275454e-09,0.355,TRUE,TRUE
"NM_001161747","Palm","Palm","Midbrain","15.5","15.5",1,"lower",0.46945,0.46945,4.52305412036019e-10,0.00800000000000001,6.55425515945507e-10,0.4534,TRUE,TRUE
"NM_019798","Pde4a","Pde4a","Midbrain","15.5","15.5",1,"lower",0.86095,0.86095,5.12195728119345e-10,0.0256000000000001,7.42330966162769e-10,0.8525,TRUE,TRUE
"NM_001163565","Ptpn5","Ptpn5","Midbrain","15.5","15.5",1,"higher",0.1668,0.1668,5.12195728119345e-10,0.0266500000000001,7.42227218754875e-10,0.1579,TRUE,TRUE
"NM_013643","Ptpn5","Ptpn5","Midbrain","15.5","15.5",1,"lower",0.1668,0.1668,5.12195728119345e-10,0.02665,7.42227218754875e-10,0.1579,TRUE,TRUE
"NM_183408","Pde4a","Pde4a","Midbrain","15.5","15.5",1,"higher",0.86095,0.86095,5.21015715710324e-10,0.0256,7.42330966162769e-10,0.8525,TRUE,TRUE
"NM_023128","Palm","Palm","Midbrain","15.5","15.5",1,"higher",0.46945,0.46945,5.43119546762661e-10,0.008,6.55425515945507e-10,0.4534,TRUE,TRUE
"NM_001039179","Bicd2","Bicd2","Midbrain","15.5","15.5",1,"lower",0.80785,0.80785,5.44422289160778e-10,0.05845,1.17380002979619e-09,0.7901,TRUE,TRUE
"NM_001301345","Hnrnpk","Hnrnpk","Midbrain","15.5","15.5",1,"lower",0.1076,0.1076,5.72431401021139e-10,0.0259,2.12746495333125e-09,0.1046,TRUE,TRUE
"NM_008935","Prom1","Prom1","Midbrain","15.5","15.5",1,"higher",0.9911,0.9911,6.99113063157457e-10,0,2.35699362545673e-20,0.9822,TRUE,FALSE
"NM_001135727","Sh3kbp1","Sh3kbp1","Midbrain","15.5","15.5",1,"lower",0.7261,0.7261,7.59625273995966e-10,0.00969999999999993,7.05865381388997e-21,0.6799,TRUE,TRUE
"NM_001083897","Mpzl1","Mpzl1","Midbrain","15.5","15.5",1,"higher",0.6224,0.6224,8.01323962211992e-10,0.08265,1.20408042642616e-09,0.602,TRUE,TRUE
"NM_001290995","Kif1b","Kif1b","Midbrain","15.5","15.5",1,"lower",0.54195,0.54195,8.13669761007508e-10,0.0828,5.81909165855015e-13,0.4976,TRUE,TRUE
"NM_001001880","Mpzl1","Mpzl1","Midbrain","15.5","15.5",1,"lower",0.6224,0.6224,8.53154666078236e-10,0.08265,1.20408042642616e-09,0.602,TRUE,TRUE
"NM_001102444","Add1","Add1","Midbrain","15.5","15.5",1,"lower",0.395975,0.395975,8.86449497694087e-10,0.07985,1.96521491840125e-09,0.3787,TRUE,TRUE
"NM_001083320","Magi1","Magi1","Midbrain","15.5","15.5",1,"lower",0.3168,0.3168,1.16019858854943e-09,0.0437,1.97940308275454e-09,0.2936,TRUE,TRUE
"NR_104398","Nin","Nin","Midbrain","15.5","15.5",1,"lower",0.6171,0.6171,1.25443250739854e-09,0.0683999999999999,4.30645608949317e-09,0.5733,TRUE,TRUE
"NM_001163328","Ralyl","Ralyl","Midbrain","15.5","15.5",1,"higher",0.73945,0.73945,1.25983598365846e-09,0.0407,2.3903583854988e-12,0.7193,TRUE,TRUE
"NM_011810","Faim","Faim","Midbrain","15.5","15.5",1,"higher",0.70745,0.70745,1.29549892336546e-09,0.0779,1.97940308275454e-09,0.671,TRUE,TRUE
"NM_001039079","Prkcz","Prkcz","Midbrain","15.5","15.5",1,"lower",0.78725,0.78725,1.32715468806045e-09,0.01505,2.04188124008044e-09,0.6786,TRUE,TRUE
"NM_001122851","Faim","Faim","Midbrain","15.5","15.5",1,"lower",0.70745,0.70745,1.32715468806045e-09,0.0779000000000002,1.97940308275454e-09,0.671,TRUE,TRUE
"NM_008860","Prkcz","Prkcz","Midbrain","15.5","15.5",1,"higher",0.78725,0.78725,1.57378293011898e-09,0.01505,2.04188124008044e-09,0.6786,TRUE,TRUE
"NM_171826","Cldnd1","Cldnd1","Midbrain","15.5","15.5",1,"lower",0.2924,0.2924,1.68120656281775e-09,0.07915,2.94991943299158e-11,0.2757,TRUE,TRUE
"NM_018770","Cadm1","Cadm1","Midbrain","15.5","15.5",1,"higher",0.6654,0.6654,1.75688620690383e-09,0.03695,5.10178435261044e-09,0.6555,TRUE,FALSE
"NM_198438","Ssbp3","Ssbp3","Midbrain","15.5","15.5",1,"higher",0.66645,0.66645,2.22032410697812e-09,0.04925,3.41552975428035e-09,0.6155,TRUE,TRUE
"NM_023672","Ssbp3","Ssbp3","Midbrain","15.5","15.5",1,"lower",0.66645,0.66645,2.3292012716251e-09,0.0492499999999999,3.41552975428035e-09,0.6155,TRUE,TRUE
"NM_001286647","Atl2","Atl2","Midbrain","15.5","15.5",1,"lower",0.3817,0.3817,2.33825498553635e-09,0.0677500000000001,3.58618186402472e-09,0.3626,TRUE,TRUE
"NM_019717","Atl2","Atl2","Midbrain","15.5","15.5",1,"higher",0.3817,0.3817,2.51805782048256e-09,0.06775,3.58618186402472e-09,0.3626,TRUE,TRUE
"NM_001164363","Nt5c2","Nt5c2","Midbrain","15.5","15.5",1,"lower",0.837,0.837,2.58737212378171e-09,0.0677499999999999,5.78465513688771e-09,0.7996,TRUE,TRUE
"NM_001252566","Sez6l2","Sez6l2","Midbrain","15.5","15.5",1,"lower",0.4359,0.4359,2.58783919380347e-09,0.0896499999999999,5.80031701691828e-09,0.345,TRUE,FALSE
"NM_080287","Elmo2","Elmo2","Midbrain","15.5","15.5",1,"higher",0.67305,0.67305,2.78288516424289e-09,0.07725,1.74964571469002e-12,0.641,TRUE,TRUE
"NM_170730","Ank3","Ank3","Midbrain","15.5","15.5",1,"lower",0.5441,0.5441,3.13073404331022e-09,0.0659500000000001,1.54717432745371e-08,0.5271,TRUE,TRUE
"NM_001164253","Tpm1","Tpm1","Midbrain","15.5","15.5",1,"lower",0.132125,0.132125,3.60259999105984e-09,0.0321,1.12415565001639e-12,0.1179,TRUE,TRUE
"NM_010956","Ogdh","Ogdh","Midbrain","15.5","15.5",1,"higher",0.4388,0.4388,3.71337783842798e-09,0.0851499999999999,1.22415468520618e-14,0.412,TRUE,TRUE
"NM_001170561","Sbf1","Sbf1","Midbrain","15.5","15.5",1,"higher",0.7756,0.7756,3.89687227549604e-09,0.0796,5.99847654128158e-09,0.7641,TRUE,TRUE
"NM_001081030","Sbf1","Sbf1","Midbrain","15.5","15.5",1,"lower",0.7756,0.7756,3.90210092873535e-09,0.0796000000000001,5.99847654128158e-09,0.7641,TRUE,TRUE
"NM_023240","Eef1d","Eef1d","Midbrain","15.5","15.5",1,"higher",0.40475,0.40475,4.0001908899509e-09,0.0759,1.03599278197588e-13,0.3634,TRUE,TRUE
"NM_001083321","Magi1","Magi1","Midbrain","15.5","15.5",1,"lower",0.46025,0.46025,4.5570388308417e-09,0.049,1.97940308275454e-09,0.4561,TRUE,TRUE
"NM_001177709","Arfgap1","Arfgap1","Midbrain","15.5","15.5",1,"lower",0.2396,0.2396,4.89706484550194e-09,0.0418500000000001,1.76329268716876e-08,0.2298,TRUE,TRUE
"NM_139293","Ece2","Ece2","Midbrain","15.5","15.5",1,"lower",0.13255,0.13255,5.07229444262736e-09,0.0533,1.15605181409252e-08,0.123,TRUE,TRUE
"NM_001009929","Brsk2","Brsk2","Midbrain","15.5","15.5",1,"lower",0.292275,0.292275,5.42955874717335e-09,0.0161500000000001,1.29004411147227e-13,0.2901,TRUE,TRUE
"NM_001252453","Ptprs","Ptprs","Midbrain","15.5","15.5",1,"lower",0.611275,0.611275,5.51303480026379e-09,0.02205,1.64279156355169e-08,0.5809,TRUE,TRUE
"NM_001113518","Arhgef7","Arhgef7","Midbrain","15.5","15.5",1,"lower",0.1854,0.1854,5.57764452261939e-09,0.04455,1.03599278197588e-13,0.1645,TRUE,TRUE
"NM_001302344","Rph3a","Rph3a","Midbrain","15.5","15.5",1,"higher",0.913625,0.913625,5.91426960010065e-09,0.0642,1.36920017523958e-08,0.8825,TRUE,FALSE
"NM_010546","Ikbkb","Ikbkb","Midbrain","15.5","15.5",1,"lower",0.27055,0.27055,6.20854863886982e-09,0.0375,9.8622394476422e-09,0.2403,TRUE,TRUE
"NM_001164248","Tpm1","Tpm1","Midbrain","15.5","15.5",1,"higher",0.9578,0.9578,6.39736754159399e-09,0,1.12415565001639e-12,0.9472,TRUE,TRUE
"NM_001159774","Ikbkb","Ikbkb","Midbrain","15.5","15.5",1,"higher",0.27055,0.27055,6.74277703051768e-09,0.0375,9.8622394476422e-09,0.2403,TRUE,TRUE
"NR_122039","Tsc22d3","Tsc22d3","Midbrain","15.5","15.5",1,"lower",0.3915,0.3915,7.25017835797223e-09,0.0232499999999999,1.66660230972564e-08,0.3737,TRUE,TRUE
"NM_019808","Pdlim5","Pdlim5","Midbrain","15.5","15.5",1,"lower",0.4389,0.4389,7.46627085139729e-09,0.075,4.68709564562281e-08,0.4188,TRUE,FALSE
"NM_001289541","Sh2b1","Sh2b1","Midbrain","15.5","15.5",1,"lower",0.59035,0.59035,8.44019278355637e-09,0.08955,3.67890426067116e-08,0.5664,TRUE,TRUE
"NM_139232","Fgd4","Fgd4","Midbrain","15.5","15.5",1,"lower",0.76075,0.76075,9.18771258897965e-09,0.0241000000000001,2.09223573144996e-08,0.7392,TRUE,FALSE
"NM_001177850","Asph","Asph","Midbrain","15.5","15.5",1,"lower",0.137875,0.137875,1.04379814359505e-08,0.02525,1.7379775508017e-14,0.124,TRUE,TRUE
"NR_024325","9130024F11Rik","9130024F11Rik","Midbrain","15.5","15.5",1,"higher",0.9124,0.9124,1.08663576455744e-08,0.06365,1.72129670675467e-08,0.8909,TRUE,TRUE
"NR_024326","9130024F11Rik","9130024F11Rik","Midbrain","15.5","15.5",1,"lower",0.9124,0.9124,1.08663576455744e-08,0.0636499999999998,1.72129670675467e-08,0.8909,TRUE,TRUE
"NM_025462","Ece2","Ece2","Midbrain","15.5","15.5",1,"higher",0.1417,0.1417,1.11207077244919e-08,0.05245,1.15605181409252e-08,0.128,TRUE,TRUE
"NM_201386","Plec","Plec","Midbrain","15.5","15.5",1,"lower",0.26245,0.26245,1.11422919133224e-08,0.05665,8.25084793535809e-08,0.2222,TRUE,FALSE
"NM_001111053","Dclk1","Dclk1","Midbrain","15.5","15.5",1,"higher",0.4168,0.4168,1.17282051318676e-08,0.0782,4.35547574419553e-08,0.3841,TRUE,TRUE
"NM_001177661","Odf2","Odf2","Midbrain","15.5","15.5",1,"lower",0.295375,0.295375,1.18884341247695e-08,0.02495,1.08091456298308e-13,0.2548,TRUE,TRUE
"NM_001290702","Tenm2","Tenm2","Midbrain","15.5","15.5",1,"lower",0.417625,0.417625,1.20333247068532e-08,0.0810999999999999,1.93890217611243e-08,0.4075,TRUE,TRUE
"NM_011856","Tenm2","Tenm2","Midbrain","15.5","15.5",1,"higher",0.417625,0.417625,1.22258170028361e-08,0.0811000000000002,1.93890217611243e-08,0.4075,TRUE,TRUE
"NM_001081390","Palld","Palld","Midbrain","15.5","15.5",1,"higher",0.4155,0.4155,1.3500046976039e-08,0.0023,4.16492689245342e-08,0.3916,TRUE,TRUE
"NM_001161853","Smarcb1","Smarcb1","Midbrain","15.5","15.5",1,"higher",0.27655,0.27655,1.64334749402005e-08,0.0183,2.65074122300229e-08,0.2682,TRUE,TRUE
"NM_019466","Rcan1","Rcan1","Midbrain","15.5","15.5",1,"higher",0.6436,0.6436,1.7582576995698e-08,0.02945,2.82903315598793e-08,0.63,TRUE,TRUE
"NM_001081549","Rcan1","Rcan1","Midbrain","15.5","15.5",1,"lower",0.6436,0.6436,1.83202162014527e-08,0.02945,2.82903315598793e-08,0.63,TRUE,TRUE
"NM_172420","Ppp1r1c","Ppp1r1c","Midbrain","15.5","15.5",1,"lower",0.82565,0.82565,1.84721658762207e-08,0.0345499999999997,4.35219556085144e-08,0.7971,TRUE,FALSE
"NM_001123038","Eif4a2","Eif4a2","Midbrain","15.5","15.5",1,"higher",0.21265,0.21265,1.96147699150145e-08,0.02475,5.84173267125623e-08,0.1964,TRUE,TRUE
"NM_028476","Atat1","Atat1","Midbrain","15.5","15.5",1,"lower",0.26735,0.26735,2.0970461156259e-08,0.0181,4.92679807639146e-08,0.2323,TRUE,TRUE
"NM_001048167","Map6","Map6","Midbrain","15.5","15.5",1,"lower",0.50335,0.50335,2.10251584520991e-08,0.0700000000000001,4.92859920124907e-08,0.4388,TRUE,TRUE
"NM_011418","Smarcb1","Smarcb1","Midbrain","15.5","15.5",1,"lower",0.27655,0.27655,2.14047086196905e-08,0.0183000000000002,2.65074122300229e-08,0.2682,TRUE,TRUE
"NM_001081959","Klc1","Klc1","Midbrain","15.5","15.5",1,"higher",0.2409,0.2409,2.16740334771531e-08,0.0021,1.3379160329835e-09,0.2075,TRUE,TRUE
"NM_001159645","Araf","Araf","Midbrain","15.5","15.5",1,"lower",0.1751,0.1751,2.27403693637311e-08,0.0041500000000001,3.76325355227421e-08,0.1588,TRUE,TRUE
"NM_001161845","Sgk1","Sgk1","Midbrain","15.5","15.5",1,"lower",0.40525,0.40525,2.36735231410527e-08,0.0319500000000001,8.76563331393514e-08,0.3789,TRUE,TRUE
"NM_001113204","Ncam1","Ncam1","Midbrain","15.5","15.5",1,"lower",0.3013,0.3013,2.8741042691036e-08,0.0716999999999999,3.63959208900101e-14,0.2561,TRUE,TRUE
"NM_173868","St18","St18","Midbrain","15.5","15.5",1,"lower",0.77045,0.77045,2.89337446693806e-08,0.0274999999999999,8.70176254131049e-08,0.6177,TRUE,FALSE
"NM_001286602","Clasp2","Clasp2","Midbrain","15.5","15.5",1,"lower",0.2149,0.2149,3.22341802914603e-08,0.0923,9.68433823468492e-11,0.207,TRUE,TRUE
"NM_001038589","Usp14","Usp14","Midbrain","15.5","15.5",1,"lower",0.26805,0.26805,3.24277079183426e-08,0.017,5.29807479942284e-08,0.2482,TRUE,TRUE
"NM_001162872","Exoc7","Exoc7","Midbrain","15.5","15.5",1,"higher",0.52535,0.52535,3.2555838649069e-08,0.0829,5.29807479942284e-08,0.4682,TRUE,TRUE
"NM_021522","Usp14","Usp14","Midbrain","15.5","15.5",1,"higher",0.26805,0.26805,3.40604198674615e-08,0.0170000000000001,5.29807479942284e-08,0.2482,TRUE,TRUE
"NM_016857","Exoc7","Exoc7","Midbrain","15.5","15.5",1,"lower",0.52535,0.52535,3.43572048694175e-08,0.0829,5.29807479942284e-08,0.4682,TRUE,TRUE
"NM_001301340","Hnrnpk","Hnrnpk","Midbrain","15.5","15.5",1,"higher",0.228025,0.228025,3.53971335201106e-08,0.0251,2.12746495333125e-09,0.2013,TRUE,TRUE
"NM_013669","Snap91","Snap91","Midbrain","15.5","15.5",1,"lower",0.79465,0.79465,3.63970655432453e-08,0.0265999999999998,1.59533162171109e-07,0.7336,TRUE,TRUE
"NM_009703","Araf","Araf","Midbrain","15.5","15.5",1,"higher",0.1751,0.1751,3.82367530392959e-08,0.00415,3.76325355227421e-08,0.1588,TRUE,TRUE
"NM_134257","Rgs3","Rgs3","Midbrain","15.5","15.5",1,"lower",0.2272,0.2272,3.85460003665383e-08,0.0213500000000001,6.30645957203562e-08,0.2182,TRUE,FALSE
"NM_007470","Apod","Apod","Midbrain","15.5","15.5",1,"higher",0.24285,0.24285,3.85713251192886e-08,0.0149999999999999,9.12419127254675e-08,0.2216,TRUE,TRUE
"NM_001043355","Map6","Map6","Midbrain","15.5","15.5",1,"higher",0.5163,0.5163,3.95100772082092e-08,0.0604000000000001,4.92859920124907e-08,0.4886,TRUE,TRUE
"NM_011162","Mapk8ip1","Mapk8ip1","Midbrain","15.5","15.5",1,"lower",0.33975,0.33975,3.97439311400901e-08,0.03395,9.45007598562417e-08,0.3085,TRUE,TRUE
"NR_027818","1500011B03Rik","1500011B03Rik","Midbrain","15.5","15.5",1,"higher",0.2375,0.2375,3.97439311400901e-08,0.0362,6.55983472117962e-08,0.2295,TRUE,TRUE
"NM_001037940","Dnajb6","Dnajb6","Midbrain","15.5","15.5",1,"higher",0.22545,0.22545,4.0504266238938e-08,0.00739999999999999,1.25070557617182e-07,0.2151,TRUE,TRUE
"NM_001289710","Sh3glb2","Sh3glb2","Midbrain","15.5","15.5",1,"lower",0.25895,0.25895,4.50498094771597e-08,0.0576,2.2596659451697e-15,0.243,TRUE,TRUE
"NM_001080746","Gtf2i","Gtf2i","Midbrain","15.5","15.5",1,"lower",0.2981,0.2981,4.76547542262278e-08,0.0782,1.47586609636902e-07,0.2806,TRUE,TRUE
"NM_001168226","Morf4l2","Morf4l2","Midbrain","15.5","15.5",1,"higher",0.4781,0.4781,4.92625117113033e-08,0.0317500000000001,2.90083978490082e-11,0.4725,TRUE,TRUE
"NM_001272031","Arvcf","Arvcf","Midbrain","15.5","15.5",1,"lower",0.28425,0.28425,5.00473249679889e-08,0.082,7.28673164971092e-11,0.2663,TRUE,TRUE
"NM_011297","Rps24","Rps24","Midbrain","15.5","15.5",1,"lower",0.5474,0.5474,5.12956157900071e-08,0.0088499999999998,1.20857351104802e-07,0.5235,TRUE,TRUE
"NM_007471","App","App","Midbrain","15.5","15.5",1,"lower",0.43995,0.43995,5.17005355287076e-08,0.0243999999999999,2.00380934409435e-07,0.3883,TRUE,TRUE
"NR_027817","1500011B03Rik","1500011B03Rik","Midbrain","15.5","15.5",1,"lower",0.2375,0.2375,5.4006661314559e-08,0.0361999999999999,6.55983472117962e-08,0.2295,TRUE,TRUE
"NM_001163671","Mapk9","Mapk9","Midbrain","15.5","15.5",1,"lower",0.402975,0.402975,5.58265952466386e-08,0.0528000000000001,1.21591199402721e-07,0.3783,TRUE,TRUE
"NM_029673","Immt","Immt","Midbrain","15.5","15.5",1,"lower",0.3175,0.3175,5.58265952466386e-08,0.06675,2.05930645817476e-15,0.2808,TRUE,TRUE
"NM_152808","Slc44a2","Slc44a2","Midbrain","15.5","15.5",1,"higher",0.11915,0.11915,5.77926202888118e-08,0.0024,7.95396771431204e-08,0.0994,TRUE,TRUE
"NM_026887","Ap1s2","Ap1s2","Midbrain","15.5","15.5",1,"higher",0.2965,0.2965,5.95459292266772e-08,0.00605,5.78081375914627e-13,0.2948,TRUE,TRUE
"NM_001243050","Atp6v0a1","Atp6v0a1","Midbrain","15.5","15.5",1,"higher",0.6313,0.6313,6.38737925991306e-08,0,6.96281327542669e-12,0.578,TRUE,TRUE
"NM_001290543","Acer2","Acer2","Midbrain","15.5","15.5",1,"lower",0.22695,0.22695,6.38737925991306e-08,0.0120500000000002,1.07407404455386e-07,0.2037,TRUE,FALSE
"NM_144906","Sgip1","Sgip1","Midbrain","15.5","15.5",1,"higher",0.49875,0.49875,6.67527125201404e-08,0.05845,3.95005202295657e-13,0.4484,TRUE,TRUE
"NM_001199154","Sncaip","Sncaip","Midbrain","15.5","15.5",1,"higher",0.4016,0.4016,7.00820722404196e-08,0.014,7.28673164971092e-11,0.3176,TRUE,TRUE
"NM_001142744","Atat1","Atat1","Midbrain","15.5","15.5",1,"higher",0.5562,0.5562,7.79721620609801e-08,0.01225,4.92679807639146e-08,0.5202,TRUE,TRUE
"NM_001199186","Slc44a2","Slc44a2","Midbrain","15.5","15.5",1,"lower",0.11915,0.11915,7.94038694100357e-08,0.00240000000000007,7.95396771431204e-08,0.0993999999999999,TRUE,TRUE
"NM_011605","Tmpo","Tmpo","Midbrain","15.5","15.5",1,"higher",0.1536,0.1536,7.97021159152651e-08,0.01845,3.69309363269828e-07,0.1492,TRUE,TRUE
"NM_001136064","Bscl2","Bscl2","Midbrain","15.5","15.5",1,"higher",0.385125,0.385125,8.19736578260324e-08,0.04005,2.01013851803357e-07,0.3106,TRUE,TRUE
"NM_024287","Rab6a","Rab6a","Midbrain","15.5","15.5",1,"lower",0.20745,0.20745,8.21273647657732e-08,0.0146500000000002,1.39257959571715e-07,0.1871,TRUE,TRUE
"NM_001163663","Rab6a","Rab6a","Midbrain","15.5","15.5",1,"higher",0.20745,0.20745,8.68147571437943e-08,0.01465,1.39257959571715e-07,0.1871,TRUE,TRUE
"NM_001284503","Cask","Cask","Midbrain","15.5","15.5",1,"lower",0.395975,0.395975,1.03062386928079e-07,0.0422500000000001,3.31739825385967e-07,0.351,TRUE,TRUE
"NM_028190","Luc7l","Luc7l","Midbrain","15.5","15.5",1,"lower",0.2836,0.2836,1.1342347320183e-07,0.0401500000000001,3.60470259077971e-07,0.2543,TRUE,TRUE
"NM_001164671","Dnaja1","Dnaja1","Midbrain","15.5","15.5",1,"lower",0.1849,0.1849,1.20014039171004e-07,0.0186000000000001,2.97195525910385e-07,0.1744,TRUE,TRUE
"NM_027230","Zmynd8","Zmynd8","Midbrain","15.5","15.5",1,"lower",0.2674,0.2674,1.27423868548008e-07,0.01545,5.87061765779427e-07,0.2231,TRUE,TRUE
"NM_017477","Copg1","Copg1","Midbrain","15.5","15.5",1,"higher",0.3616,0.3616,1.37792457186193e-07,0.0382,2.33155629080961e-07,0.3581,TRUE,TRUE
"NM_001289682","Arhgap33","Arhgap33","Midbrain","15.5","15.5",1,"lower",0.415075,0.415075,1.45915812133519e-07,0.0201500000000001,3.56320438788874e-07,0.3952,TRUE,FALSE
"NM_178076","Mcf2l","Mcf2l","Midbrain","15.5","15.5",1,"lower",0.679,0.679,1.4658481908134e-07,0.0477000000000001,3.58734248976194e-07,0.5801,TRUE,FALSE
"NM_001293774","Palld","Palld","Midbrain","15.5","15.5",1,"lower",0.4853,0.4853,1.4658481908134e-07,0.0434499999999998,4.16492689245342e-08,0.4792,TRUE,TRUE
"NM_201244","Copg1","Copg1","Midbrain","15.5","15.5",1,"lower",0.3616,0.3616,1.50798534518617e-07,0.0382000000000001,2.33155629080961e-07,0.3581,TRUE,TRUE
"NM_019939","Mpp6","Mpp6","Midbrain","15.5","15.5",1,"lower",0.4991,0.4991,1.60188218898375e-07,0.0461,2.75426248104847e-07,0.4568,TRUE,FALSE
"NM_008298","Dnaja1","Dnaja1","Midbrain","15.5","15.5",1,"higher",0.2006,0.2006,1.71088782012147e-07,0.02015,2.97195525910385e-07,0.1874,TRUE,TRUE
"NM_007579","Cacna1b","Cacna1b","Midbrain","15.5","15.5",1,"higher",0.921475,0.921475,1.7156991664953e-07,0.05095,2.95125102546991e-07,0.8904,TRUE,TRUE
"NM_001042528","Cacna1b","Cacna1b","Midbrain","15.5","15.5",1,"lower",0.921475,0.921475,1.7156991664953e-07,0.0509500000000001,2.95125102546991e-07,0.8904,TRUE,TRUE
"NM_001199020","Angel2","Angel2","Midbrain","11.5","11.5",1,"higher",0.13235,0.13235,1.86745347185797e-07,0.00475,5.91898036412918e-07,0.0619,TRUE,FALSE
"NM_001077510","Gnas","Gnas","Midbrain","15.5","15.5",1,"higher",0.1347,0.1347,1.93669207106192e-07,0.0098,1.42538589773468e-06,0.1219,TRUE,FALSE
"NM_177357","Kalrn","Kalrn","Midbrain","15.5","15.5",1,"lower",0.67525,0.67525,2.02491837125769e-07,0.0153500000000001,3.44795763152045e-07,0.6611,TRUE,TRUE
"NM_029931","Mllt3","Mllt3","Midbrain","15.5","15.5",1,"higher",0.1022,0.1022,2.24913586457808e-07,0.00245,3.74729559474251e-07,0.0895,TRUE,TRUE
"NM_153058","Mapre2","Mapre2","Midbrain","15.5","15.5",1,"lower",0.39345,0.39345,2.25271525727322e-07,0.00539999999999996,5.51191360222351e-07,0.3488,TRUE,TRUE
"NM_146123","Cacnb4","Cacnb4","Midbrain","15.5","15.5",1,"lower",0.48985,0.48985,2.27752650636295e-07,0.0674,7.2448290766165e-07,0.3978,TRUE,TRUE
"NM_001252288","Ogdh","Ogdh","Midbrain","15.5","15.5",1,"lower",0.1291,0.1291,2.42535836618677e-07,0.04545,1.22415468520618e-14,0.1163,TRUE,TRUE
"NM_001164268","Kalrn","Kalrn","Midbrain","15.5","15.5",1,"higher",0.67525,0.67525,2.46461674892712e-07,0.01535,3.44795763152045e-07,0.6611,TRUE,TRUE
"NM_178725","Lrrc4c","Lrrc4c","Midbrain","15.5","15.5",1,"lower",0.438,0.438,2.57275264343055e-07,0.0547500000000001,8.11689958953299e-07,0.3968,TRUE,FALSE
"NM_001302337","Aktip","Aktip","Midbrain","15.5","15.5",1,"lower",0.11115,0.11115,2.5864261676515e-07,0.02215,8.11689958953299e-07,0.0952,TRUE,FALSE
"NM_008144","Bscl2","Bscl2","Midbrain","15.5","15.5",1,"lower",0.4783,0.4783,2.61473063289823e-07,0.07495,2.01013851803357e-07,0.3934,TRUE,TRUE
"NM_001177884","Whsc1","Whsc1","Midbrain","15.5","15.5",1,"lower",0.27635,0.27635,2.68626305048377e-07,0.02585,6.55269684557687e-07,0.2388,TRUE,FALSE
"NM_001290493","Rhbdd3","Rhbdd3","Midbrain","12.5","12.5",1,"lower",0.2852,0.2852,2.83010027535666e-07,0.06445,1.10069816722469e-06,0.2253,TRUE,FALSE
"NM_178891","Prmt6","Prmt6","Midbrain","15.5","15.5",1,"higher",0.2423,0.2423,2.83010027535666e-07,0.0356,4.80846258321437e-07,0.2258,TRUE,TRUE
"NR_024139","Prmt6","Prmt6","Midbrain","15.5","15.5",1,"lower",0.2423,0.2423,3.00720914049437e-07,0.0356,4.80846258321437e-07,0.2258,TRUE,TRUE
"NM_139297","Ugp2","Ugp2","Midbrain","15.5","15.5",1,"higher",0.39525,0.39525,3.05159561761195e-07,0.0605,5.20569751557699e-07,0.3484,TRUE,TRUE
"NM_011218","Ptprs","Ptprs","Midbrain","15.5","15.5",1,"higher",0.28435,0.28435,3.26651449893015e-07,0.01155,1.64279156355169e-08,0.234,TRUE,TRUE
"NM_001290634","Ugp2","Ugp2","Midbrain","15.5","15.5",1,"lower",0.39525,0.39525,3.3736206489415e-07,0.0604999999999999,5.20569751557699e-07,0.3484,TRUE,TRUE
"NM_178080","Pde4dip","Pde4dip","Midbrain","15.5","15.5",1,"lower",0.5126,0.5126,3.67771641349203e-07,0.04595,1.44292217746964e-06,0.477,TRUE,FALSE
"NM_198160","Smarcc2","Smarcc2","Midbrain","15.5","15.5",1,"higher",0.4366,0.4366,3.75239942117151e-07,0.0125,9.28391010965757e-07,0.3756,TRUE,TRUE
"NM_001164254","Tpm1","Tpm1","Midbrain","15.5","15.5",1,"lower",0.121075,0.121075,4.22027828046099e-07,0.07045,1.12415565001639e-12,0.1129,TRUE,TRUE
"NM_001309645","2310045N01Rik","2310045N01Rik","Midbrain","15.5","15.5",1,"lower",0.33065,0.33065,5.01471052235434e-07,0.0317000000000001,2.25061863420982e-06,0.3047,TRUE,TRUE
"NM_001098171","Pcdh10","Pcdh10","Midbrain","15.5","15.5",1,"lower",0.2837,0.2837,5.65191493119738e-07,0.0499999999999999,1.77432658596788e-06,0.2608,TRUE,TRUE
"NM_011816","G3bp2","G3bp2","Midbrain","15.5","15.5",1,"lower",0.227625,0.227625,6.44520231244005e-07,0.0848000000000001,1.9436365637826e-06,0.2169,TRUE,TRUE
"NM_178362","Sorbs1","Sorbs1","Midbrain","15.5","15.5",1,"higher",0.21545,0.21545,6.44520231244005e-07,0.0315,2.43930106366282e-06,0.1999,TRUE,TRUE
"NM_008781","Pax3","Pax3","Midbrain","15.5","15.5",1,"higher",0.14295,0.14295,6.44520231244005e-07,0.0412,1.0882839818937e-06,0.1297,TRUE,TRUE
"NM_001159520","Pax3","Pax3","Midbrain","15.5","15.5",1,"lower",0.14295,0.14295,6.44520231244005e-07,0.0412,1.0882839818937e-06,0.1297,TRUE,TRUE
"NM_009614","Adam15","Adam15","Midbrain","15.5","15.5",1,"higher",0.58955,0.58955,6.52485860684588e-07,0.0346,1.10069816722469e-06,0.5751,TRUE,TRUE
"NM_001037722","Adam15","Adam15","Midbrain","15.5","15.5",1,"lower",0.58955,0.58955,6.52485860684588e-07,0.0346000000000002,1.10069816722469e-06,0.5751,TRUE,TRUE
"NR_038075","Parp6","Parp6","Midbrain","15.5","15.5",1,"higher",0.26015,0.26015,6.52485860684588e-07,0.00195,6.80179332104267e-13,0.1919,TRUE,TRUE
"NM_001038609","Mapt","Mapt","Midbrain","15.5","15.5",1,"higher",0.346,0.346,6.58449979038686e-07,0.00165,2.53144554947412e-06,0.194,TRUE,FALSE
"NM_001272032","Arvcf","Arvcf","Midbrain","15.5","15.5",1,"higher",0.603525,0.603525,6.70212040558978e-07,0.0299,7.28673164971092e-11,0.5617,TRUE,TRUE
"NM_001277983","Snap91","Snap91","Midbrain","15.5","15.5",1,"higher",0.5536,0.5536,6.94866644824317e-07,0.00755,1.59533162171109e-07,0.5284,TRUE,TRUE
"NM_001077364","Tsc22d3","Tsc22d3","Midbrain","15.5","15.5",1,"higher",0.2355,0.2355,6.9835184705307e-07,0.01695,1.66660230972564e-08,0.2153,TRUE,TRUE
"NM_026884","Fam57b","Fam57b","Midbrain","15.5","15.5",1,"higher",0.8769,0.8769,8.13321919522054e-07,0.0045,5.66798102239381e-13,0.8275,TRUE,TRUE
"NM_001134743","Lrrtm4","Lrrtm4","Midbrain","15.5","15.5",1,"lower",0.2488,0.2488,8.34185856060473e-07,0.07005,2.02041823201903e-06,0.2283,TRUE,FALSE
"NM_001042743","Mast2","Mast2","Midbrain","15.5","15.5",1,"lower",0.525225,0.525225,8.52468225741904e-07,0.0735500000000001,1.45260464201918e-06,0.4992,TRUE,TRUE
"NM_008641","Mast2","Mast2","Midbrain","15.5","15.5",1,"higher",0.525225,0.525225,8.64298539782492e-07,0.0735500000000001,1.45260464201918e-06,0.4992,TRUE,TRUE
"NM_001310146","Pax6","Pax6","Midbrain","15.5","15.5",1,"higher",0.9384,0.9384,9.27992105679833e-07,0.03155,2.21430845967786e-12,0.9134,TRUE,TRUE
"NM_001177844","Frmd4a","Frmd4a","Midbrain","15.5","15.5",1,"higher",0.5225,0.5225,9.98246005725489e-07,0.0529,2.42027411438007e-06,0.4738,TRUE,TRUE
"NM_027530","Rufy3","Rufy3","Midbrain","15.5","15.5",1,"lower",0.53725,0.53725,1.03228832299598e-06,0.0417500000000001,7.08698783470799e-11,0.4527,TRUE,TRUE
"NM_001114361","Eml4","Eml4","Midbrain","15.5","15.5",1,"higher",0.66445,0.66445,1.03930612447778e-06,0.05955,1.03419358243626e-07,0.5639,TRUE,FALSE
"NM_001198886","Dpp6","Dpp6","Midbrain","15.5","15.5",1,"higher",0.5449,0.5449,1.05550348868044e-06,0.0679,3.33462584638863e-06,0.4821,TRUE,TRUE
"NM_178631","Ralyl","Ralyl","Midbrain","15.5","15.5",1,"lower",0.1223,0.1223,1.06153467448547e-06,0.017,2.3903583854988e-12,0.0983,TRUE,TRUE
"NM_012019","Aifm1","Aifm1","Midbrain","15.5","15.5",1,"higher",0.189225,0.189225,1.07610083413322e-06,0.0585499999999999,1.83503062481367e-06,0.187,TRUE,TRUE
"NM_001290364","Aifm1","Aifm1","Midbrain","15.5","15.5",1,"lower",0.189225,0.189225,1.07662897958897e-06,0.05855,1.83503062481367e-06,0.187,TRUE,TRUE
"NM_198249","Arhgef40","Arhgef40","Midbrain","15.5","15.5",1,"higher",0.43985,0.43985,1.07976344485338e-06,0.036,2.63796231713569e-06,0.3834,TRUE,TRUE
"NM_001159616","Pigp","Pigp","Midbrain","15.5","15.5",1,"higher",0.36635,0.36635,1.11980768426761e-06,0.0125,5.13193328883426e-06,0.301,TRUE,TRUE
"NM_001276461","Asap1","Asap1","Midbrain","15.5","15.5",1,"higher",0.34985,0.34985,1.13854796839577e-06,0,4.40184413671913e-06,0.3486,TRUE,FALSE
"NM_001252450","Cldnd1","Cldnd1","Midbrain","15.5","15.5",1,"lower",0.16705,0.16705,1.19828314109618e-06,0.02925,2.94991943299158e-11,0.1238,TRUE,TRUE
"NM_080288","Elmo1","Elmo1","Midbrain","15.5","15.5",1,"higher",0.83235,0.83235,1.21863873944277e-06,0.03145,2.08635497873599e-06,0.8232,TRUE,TRUE
"NM_198093","Elmo1","Elmo1","Midbrain","15.5","15.5",1,"lower",0.83235,0.83235,1.22353878560148e-06,0.0314500000000001,2.08635497873599e-06,0.8232,TRUE,TRUE
"NM_144800","Mtss1","Mtss1","Midbrain","15.5","15.5",1,"higher",0.42445,0.42445,1.28338687346425e-06,0.04195,2.2040413360229e-06,0.397,TRUE,TRUE
"NM_001252074","Nrxn3","Nrxn3","Midbrain","15.5","15.5",1,"lower",0.39845,0.39845,1.28338687346425e-06,0.08085,3.19174240387055e-06,0.3363,TRUE,TRUE
"NM_001243240","Cacfd1","Cacfd1","Midbrain","15.5","15.5",1,"lower",0.13125,0.13125,1.28338687346425e-06,0.00930000000000003,3.19174240387055e-06,0.1135,TRUE,TRUE
"NM_207692","Mapk9","Mapk9","Midbrain","15.5","15.5",1,"higher",0.4467,0.4467,1.33542979345783e-06,0.03435,1.21591199402721e-07,0.3756,TRUE,TRUE
"NM_001146180","Mtss1","Mtss1","Midbrain","15.5","15.5",1,"lower",0.42445,0.42445,1.37762917518967e-06,0.0419499999999998,2.2040413360229e-06,0.397,TRUE,TRUE
"NM_152808","Slc44a2","Slc44a2","Midbrain","11.5","12.5",2,"lower",0.12135,0.113825,1.39126178792785e-06,0.0474,7.95396771431204e-08,0.084,TRUE,TRUE
"NM_001163394","Evl","Evl","Midbrain","15.5","15.5",1,"higher",0.5071,0.5071,1.46441233413793e-06,0.0121,4.68649740196749e-06,0.4856,TRUE,TRUE
"NM_011847","Dnajb6","Dnajb6","Midbrain","15.5","15.5",1,"lower",0.2545,0.2545,1.48066428123806e-06,0.01005,1.25070557617182e-07,0.2451,TRUE,TRUE
"NM_181681","Lppr3","Lppr3","Midbrain","15.5","15.5",1,"lower",0.26515,0.26515,1.48181319361703e-06,0.0392000000000001,5.49814341432786e-13,0.2238,TRUE,TRUE
"NM_027326","Mllt3","Mllt3","Midbrain","15.5","15.5",1,"lower",0.1022,0.1022,1.5483199167211e-06,0.0062500000000002,3.74729559474251e-07,0.0895,TRUE,TRUE
"NM_001284270","Tmem201","Tmem201","Midbrain","15.5","15.5",1,"lower",0.33045,0.33045,1.58168261252865e-06,0.06635,3.91893845892835e-06,0.3077,TRUE,TRUE
"NM_001177852","Asph","Asph","Midbrain","15.5","15.5",1,"higher",0.39985,0.39985,1.60574790653889e-06,0,1.7379775508017e-14,0.3868,TRUE,TRUE
"NM_001293773","Palld","Palld","Midbrain","15.5","15.5",1,"lower",0.3934,0.3934,1.69484230203113e-06,0.03145,4.16492689245342e-08,0.3747,TRUE,TRUE
"NM_178634","Csrnp3","Csrnp3","Midbrain","15.5","15.5",1,"lower",0.323,0.323,1.74727387598809e-06,0.0941,4.35425538714236e-06,0.2838,TRUE,FALSE
"NM_001199186","Slc44a2","Slc44a2","Midbrain","11.5","12.5",2,"higher",0.12135,0.113825,1.88536808943744e-06,0.0474000000000001,7.95396771431204e-08,0.084,TRUE,TRUE
"NM_172144","Ppp2r3a","Ppp2r3a","Midbrain","15.5","15.5",1,"higher",0.88745,0.88745,2.0540603299412e-06,0.0186,3.54083971363568e-06,0.8754,TRUE,TRUE
"NM_001161362","Ppp2r3a","Ppp2r3a","Midbrain","15.5","15.5",1,"lower",0.88745,0.88745,2.0540603299412e-06,0.0186000000000001,3.54083971363568e-06,0.8754,TRUE,TRUE
"NM_001033908","Med22","Med22","Midbrain","15.5","15.5",1,"lower",0.12955,0.12955,2.09528544203386e-06,0.00580000000000036,3.60630379431266e-06,0.0951,TRUE,TRUE
"NM_027270","Exoc1","Exoc1","Midbrain","15.5","15.5",1,"lower",0.6672,0.6672,2.17867780738501e-06,0.0531500000000003,5.41345698823001e-06,0.6312,TRUE,TRUE
"NM_001159617","Pigp","Pigp","Midbrain","15.5","15.5",1,"lower",0.223775,0.223775,2.22557167572108e-06,0.0797499999999999,5.13193328883426e-06,0.1979,TRUE,TRUE
"NM_001162942","Mapre2","Mapre2","Midbrain","15.5","15.5",1,"higher",0.2974,0.2974,2.22898514199748e-06,0.00360000000000001,5.51191360222351e-07,0.2946,TRUE,TRUE
"NM_001302163","Acsl1","Acsl1","Midbrain","15.5","15.5",1,"higher",0.3686,0.3686,2.33705339837021e-06,0.014,4.02502867152788e-06,0.359,TRUE,TRUE
"NM_001048139","Bdnf","Bdnf","Midbrain","15.5","15.5",1,"lower",0.1377,0.1377,2.34247242140581e-06,0.05595,1.2669116054567e-05,0.1307,TRUE,FALSE
"NM_001243769","Cdc42","Cdc42","Midbrain","15.5","15.5",1,"lower",0.39465,0.39465,2.56015415327069e-06,0.0559499999999999,4.39539142828666e-06,0.3631,TRUE,TRUE
"NM_001083807","Rusc1","Rusc1","Midbrain","15.5","15.5",1,"lower",0.63375,0.63375,2.60471180435217e-06,0.0361000000000001,6.57470299156065e-06,0.5723,TRUE,TRUE
"NM_001282042","Sh3glb1","Sh3glb1","Midbrain","15.5","15.5",1,"higher",0.59625,0.59625,2.62107870903688e-06,0.04225,8.24875453256352e-16,0.5691,TRUE,FALSE
"NM_009861","Cdc42","Cdc42","Midbrain","15.5","15.5",1,"higher",0.39465,0.39465,2.63957757886035e-06,0.05595,4.39539142828666e-06,0.3631,TRUE,TRUE
"NM_001205239","Parp6","Parp6","Midbrain","15.5","15.5",1,"lower",0.394,0.394,2.73253696707649e-06,0.03325,6.80179332104267e-13,0.3103,TRUE,TRUE
"NM_001163397","Elavl4","Elavl4","Midbrain","15.5","15.5",1,"higher",0.3237,0.3237,2.9658020100424e-06,0.01225,7.5013644428418e-06,0.1498,TRUE,TRUE
"NM_007981","Acsl1","Acsl1","Midbrain","15.5","15.5",1,"lower",0.3686,0.3686,3.17375488580985e-06,0.0140000000000001,4.02502867152788e-06,0.359,TRUE,TRUE
"NM_001085371","Speg","Speg","Midbrain","15.5","15.5",1,"lower",0.14885,0.14885,3.21134100830048e-06,0.0583,4.21381546913519e-11,0.1313,TRUE,TRUE
"NM_207635","Rps24","Rps24","Midbrain","15.5","15.5",1,"higher",0.3604,0.3604,3.57449162673939e-06,0.00495,1.20857351104802e-07,0.301,TRUE,TRUE
"NM_001198570","Abi2","Abi2","Midbrain","15.5","15.5",1,"lower",0.1955,0.1955,3.76396351085333e-06,0.0940500000000001,3.40088998561779e-09,0.1801,TRUE,FALSE
"NM_001159567","Meis2","Meis2","Midbrain","15.5","15.5",1,"lower",0.32845,0.32845,3.76917841537442e-06,0.0419,1.64427333703698e-05,0.3131,TRUE,FALSE
"NM_001289673","Kctd17","Kctd17","Midbrain","15.5","15.5",1,"lower",0.3985,0.3985,4.05954725366998e-06,0.0505,1.29653502745834e-05,0.3399,TRUE,TRUE
"NM_030114","Herc4","Herc4","Midbrain","15.5","15.5",1,"lower",0.542875,0.542875,4.13433215250756e-06,0.0887500000000001,7.15701302425812e-06,0.4631,TRUE,TRUE
"NM_026101","Herc4","Herc4","Midbrain","15.5","15.5",1,"higher",0.542875,0.542875,4.14949722703031e-06,0.0887500000000001,7.15701302425812e-06,0.4631,TRUE,TRUE
"NM_133201","Mfn2","Mfn2","Midbrain","15.5","15.5",1,"lower",0.7149,0.7149,4.16875922410337e-06,0.0865999999999999,1.81335071793154e-06,0.7061,TRUE,TRUE
"NM_001293772","Palld","Palld","Midbrain","15.5","15.5",1,"higher",0.4631,0.4631,4.38889797551809e-06,0.0143,4.16492689245342e-08,0.4172,TRUE,TRUE
"NM_001164198","Prkacb","Prkacb","Midbrain","15.5","15.5",1,"lower",0.1799,0.1799,4.40670861895699e-06,0.04765,1.41889480042792e-05,0.1625,TRUE,TRUE
"NR_038074","Parp6","Parp6","Midbrain","15.5","15.5",1,"higher",0.5236,0.5236,4.50256462458912e-06,0.0076,6.80179332104267e-13,0.5097,TRUE,TRUE
"NM_010065","Dnm1","Dnm1","Midbrain","15.5","15.5",1,"higher",0.332,0.332,4.51801702250111e-06,0.0349999999999999,1.13742301716264e-05,0.295,TRUE,TRUE
"NM_001276764","Dst","Dst","Midbrain","15.5","15.5",1,"higher",0.1548,0.1548,4.53216228634695e-06,0.00234999999999999,1.13938533178125e-05,0.1482,TRUE,TRUE
"NM_001130456","Sema6b","Sema6b","Midbrain","15.5","15.5",1,"lower",0.9909,0.9909,4.61387490618521e-06,0.00909999999999989,8.08448449393124e-06,0.9883,TRUE,TRUE
"NM_013662","Sema6b","Sema6b","Midbrain","15.5","15.5",1,"higher",0.9909,0.9909,4.68657604486445e-06,0.0091,8.08448449393124e-06,0.9883,TRUE,TRUE
"NR_028316","Mdp1","Mdp1","Midbrain","15.5","15.5",1,"lower",0.20215,0.20215,4.81896712497618e-06,0.0194999999999999,8.46541090756334e-06,0.1723,TRUE,TRUE
"NM_001302636","Phactr1","Phactr1","Midbrain","15.5","15.5",1,"higher",0.87965,0.87965,4.85057824997551e-06,0.0213,1.57196424813167e-05,0.8188,TRUE,TRUE
"NM_053242","Foxp2","Foxp2","Midbrain","15.5","15.5",1,"higher",0.5388,0.5388,5.08802854360986e-06,0.0779499999999999,1.2669116054567e-05,0.4594,TRUE,FALSE
"NR_033241","Bmp1","Bmp1","Midbrain","15.5","15.5",1,"higher",0.24355,0.24355,5.11268906636572e-06,0.01775,9.01677016157407e-06,0.2241,TRUE,TRUE
"NM_001039511","Ivns1abp","Ivns1abp","Midbrain","15.5","15.5",1,"higher",0.1497,0.1497,5.11268906636572e-06,0.0204000000000001,1.27649584877061e-05,0.1406,TRUE,TRUE
"NM_011513","Med22","Med22","Midbrain","15.5","15.5",1,"higher",0.12955,0.12955,5.18684567401746e-06,0.0058,3.60630379431266e-06,0.0951,TRUE,TRUE
"NM_001076554","Sptan1","Sptan1","Midbrain","15.5","15.5",1,"higher",0.261925,0.261925,5.21668704673464e-06,0.0191,7.15701302425812e-06,0.1968,TRUE,TRUE
"NM_001122850","Pard3","Pard3","Midbrain","15.5","15.5",1,"lower",0.1915,0.1915,5.31694637822373e-06,0.0218999999999999,2.40639768590221e-09,0.1832,TRUE,FALSE
"NM_007532","Bcat1","Bcat1","Midbrain","15.5","15.5",1,"higher",0.788975,0.788975,5.35232528547362e-06,0.0348,9.44931106103332e-06,0.6798,TRUE,TRUE
"NM_001202445","Mapk8ip1","Mapk8ip1","Midbrain","15.5","15.5",1,"higher",0.37695,0.37695,5.36360839318187e-06,0.02305,9.45007598562417e-08,0.3514,TRUE,TRUE
"NM_001024468","Bcat1","Bcat1","Midbrain","15.5","15.5",1,"lower",0.788975,0.788975,5.37163889619437e-06,0.0347999999999998,9.44931106103332e-06,0.6798,TRUE,TRUE
"NM_023397","Mdp1","Mdp1","Midbrain","15.5","15.5",1,"higher",0.20215,0.20215,5.41968647336204e-06,0.0195,8.46541090756334e-06,0.1723,TRUE,TRUE
"NM_009755","Bmp1","Bmp1","Midbrain","15.5","15.5",1,"lower",0.24355,0.24355,5.50857253912295e-06,0.0177499999999999,9.01677016157407e-06,0.2241,TRUE,TRUE
"NM_011043","Pcdh10","Pcdh10","Midbrain","15.5","15.5",1,"higher",0.4004,0.4004,5.62639156841463e-06,0.03465,1.77432658596788e-06,0.3568,TRUE,TRUE
"NM_001252497","Rapgef6","Rapgef6","Midbrain","15.5","15.5",1,"lower",0.22085,0.22085,5.62639156841463e-06,0.00979999999999992,2.26594717195785e-05,0.194,TRUE,FALSE
"NM_015828","Gne","Gne","Midbrain","15.5","15.5",1,"lower",0.1583,0.1583,5.71008379141441e-06,0.016,1.02157197286792e-05,0.1209,TRUE,TRUE
"NM_054102","Ivns1abp","Ivns1abp","Midbrain","15.5","15.5",1,"lower",0.1516,0.1516,5.79773165545025e-06,0.0183999999999997,1.27649584877061e-05,0.1386,TRUE,TRUE
"NM_001163775","Taok2","Taok2","Midbrain","15.5","15.5",1,"higher",0.353875,0.353875,6.19263936027396e-06,0.00550000000000006,1.1098891663542e-05,0.3204,TRUE,TRUE
"NM_001190414","Gne","Gne","Midbrain","15.5","15.5",1,"higher",0.1583,0.1583,6.20959187593493e-06,0.0160000000000001,1.02157197286792e-05,0.1209,TRUE,TRUE
"NM_001163774","Taok2","Taok2","Midbrain","15.5","15.5",1,"lower",0.353875,0.353875,6.22098573749718e-06,0.00549999999999984,1.1098891663542e-05,0.3204,TRUE,TRUE
"NM_001291014","Zkscan17","Zkscan17","Midbrain","14.5","14.5",1,"higher",0.12935,0.12935,6.26586941539678e-06,0.017,1.60712540236023e-05,0.1074,TRUE,FALSE
"NM_001291071","Pfkp","Pfkp","Midbrain","15.5","15.5",1,"lower",0.1961,0.1961,6.43152493127047e-06,0.0816,1.15504868236523e-05,0.1746,TRUE,TRUE
"NM_019703","Pfkp","Pfkp","Midbrain","15.5","15.5",1,"higher",0.1961,0.1961,6.57417490949789e-06,0.0816000000000001,1.15504868236523e-05,0.1746,TRUE,TRUE
"NM_001289539","Sh2b1","Sh2b1","Midbrain","15.5","15.5",1,"higher",0.5858,0.5858,6.65913346288018e-06,0.09945,3.67890426067116e-08,0.5596,TRUE,TRUE
"NM_007495","Astn1","Astn1","Midbrain","15.5","15.5",1,"higher",0.15785,0.15785,6.65913346288018e-06,0.0308499999999999,1.19676123420841e-05,0.1326,TRUE,TRUE
"NM_001205204","Astn1","Astn1","Midbrain","15.5","15.5",1,"lower",0.15785,0.15785,6.65913346288018e-06,0.03085,1.19676123420841e-05,0.1326,TRUE,TRUE
"NM_001114096","Smarcc2","Smarcc2","Midbrain","15.5","15.5",1,"lower",0.510775,0.510775,6.70185288032223e-06,0.0227000000000001,9.28391010965757e-07,0.4977,TRUE,TRUE
"NM_008440","Kif1a","Kif1a","Midbrain","15.5","15.5",1,"lower",0.361,0.361,6.80686204670803e-06,0.09545,2.27264888906276e-05,0.3144,TRUE,FALSE
"NM_175154","Galk2","Galk2","Midbrain","15.5","15.5",1,"lower",0.19395,0.19395,6.87062524857273e-06,0.0821000000000001,1.23766653695275e-05,0.1766,TRUE,TRUE
"NM_001038698","Elavl4","Elavl4","Midbrain","15.5","15.5",1,"lower",0.2158,0.2158,6.91766190352178e-06,0.0289000000000001,7.5013644428418e-06,0.1948,TRUE,TRUE
"NM_001289538","Sh2b1","Sh2b1","Midbrain","15.5","15.5",1,"lower",0.1001,0.1001,6.93685588688741e-06,0.02275,3.67890426067116e-08,0.0823,TRUE,TRUE
"NM_015782","Snrpa","Snrpa","Midbrain","15.5","15.5",1,"higher",0.2074,0.2074,7.10060203338127e-06,0.0364,1.83849251308797e-05,0.1842,TRUE,TRUE
"NM_001291002","Galk2","Galk2","Midbrain","15.5","15.5",1,"higher",0.19395,0.19395,7.10060203338127e-06,0.0821,1.23766653695275e-05,0.1766,TRUE,TRUE
"NM_001024458","Add1","Add1","Midbrain","15.5","15.5",1,"higher",0.46185,0.46185,7.1500714378745e-06,0.03405,1.96521491840125e-09,0.4335,TRUE,TRUE
"NM_001122737","Igf2","Igf2","Midbrain","15.5","15.5",1,"lower",0.28015,0.28015,7.94489987964429e-06,0.0192499999999999,2.04548841868449e-05,0.2598,TRUE,TRUE
"NM_177672","Tmem201","Tmem201","Midbrain","15.5","15.5",1,"higher",0.36105,0.36105,8.07500994170954e-06,0.0547,3.91893845892835e-06,0.348,TRUE,TRUE
"NM_001289720","Ampd2","Ampd2","Midbrain","15.5","15.5",1,"lower",0.405975,0.405975,8.12176637897646e-06,0.0415000000000001,2.08690411181666e-05,0.3627,TRUE,FALSE
"NM_001037755","Baiap2","Baiap2","Midbrain","15.5","15.5",1,"higher",0.20335,0.20335,8.23454694701134e-06,0.0973500000000002,2.11833731594996e-05,0.1957,TRUE,FALSE
"NM_052973","Strn3","Strn3","Midbrain","15.5","15.5",1,"lower",0.2507,0.2507,8.64578821366128e-06,0.04665,1.54903729405117e-05,0.2202,TRUE,TRUE
"NM_001302390","Ppap2c","Ppap2c","Midbrain","15.5","15.5",1,"lower",0.488275,0.488275,8.69993960598221e-06,0.06155,2.93152832197913e-05,0.4514,TRUE,FALSE
"NM_001083808","Rusc1","Rusc1","Midbrain","15.5","15.5",1,"higher",0.623675,0.623675,8.99639976348648e-06,0.0429,6.57470299156065e-06,0.555,TRUE,TRUE
"NM_001172098","Strn3","Strn3","Midbrain","15.5","15.5",1,"higher",0.2507,0.2507,9.16849433227201e-06,0.0466499999999999,1.54903729405117e-05,0.2202,TRUE,TRUE
"NM_001285890","Pde1b","Pde1b","Midbrain","15.5","15.5",1,"higher",0.5843,0.5843,9.8531496715864e-06,0.0243,1.7525893663998e-05,0.4512,TRUE,TRUE
"NM_008800","Pde1b","Pde1b","Midbrain","15.5","15.5",1,"lower",0.5843,0.5843,9.94691516132471e-06,0.0243000000000001,1.7525893663998e-05,0.4512,TRUE,TRUE
"NM_177710","Ssh2","Ssh2","Midbrain","15.5","15.5",1,"lower",0.56395,0.56395,9.96475069281071e-06,0.05625,1.77314970906095e-05,0.5026,TRUE,TRUE
"NM_001291190","Ssh2","Ssh2","Midbrain","15.5","15.5",1,"higher",0.56395,0.56395,9.96838266355434e-06,0.05625,1.77314970906095e-05,0.5026,TRUE,TRUE
"NM_001159647","Cntn1","Cntn1","Midbrain","15.5","15.5",1,"lower",0.3761,0.3761,1.02391039788778e-05,0.0410999999999999,2.64806385565138e-05,0.3692,TRUE,FALSE
"NM_133833","Dst","Dst","Midbrain","15.5","15.5",1,"lower",0.256,0.256,1.04521708155073e-05,0.0150499999999999,1.13938533178125e-05,0.2144,TRUE,TRUE
"NM_001110229","Celf2","Celf2","Midbrain","15.5","15.5",1,"higher",0.2337,0.2337,1.06405200189034e-05,0.04285,3.61055319139331e-22,0.215,TRUE,TRUE
"NM_011544","Tcf12","Tcf12","Midbrain","15.5","15.5",1,"higher",0.27965,0.27965,1.10814093521054e-05,0.04955,3.78603627351428e-05,0.2581,TRUE,TRUE
"NR_110357","Kctd17","Kctd17","Midbrain","15.5","15.5",1,"higher",0.4435,0.4435,1.1190892439734e-05,0.01685,1.29653502745834e-05,0.3787,TRUE,TRUE
"NM_010026","Asap1","Asap1","Midbrain","14.5","14.5",1,"lower",0.13895,0.13895,1.1190892439734e-05,0.0272,4.40184413671913e-06,0.1123,TRUE,FALSE
"NM_026324","Kirrel3","Kirrel3","Midbrain","15.5","15.5",1,"lower",0.235525,0.235525,1.11996762408905e-05,0.0726999999999999,3.83342079099643e-05,0.2113,TRUE,FALSE
"NM_001080795","G3bp2","G3bp2","Midbrain","15.5","15.5",1,"higher",0.1977,0.1977,1.13303215108208e-05,0.07035,1.9436365637826e-06,0.1798,TRUE,TRUE
"NM_001201415","Apbb2","Apbb2","Midbrain","12.5","12.5",1,"higher",0.14405,0.14405,1.16648005211358e-05,0.08055,4.89402578947874e-05,0.116,TRUE,FALSE
"NM_007835","Dctn1","Dctn1","Midbrain","15.5","15.5",1,"lower",0.18845,0.18845,1.22260056111409e-05,0.064,5.78081375914627e-13,0.1636,TRUE,TRUE
"NM_001113364","Tbc1d14","Tbc1d14","Midbrain","15.5","15.5",1,"lower",0.22105,0.22105,1.29775894515641e-05,0.0204500000000002,3.38852243380577e-05,0.1682,TRUE,TRUE
"NM_001080132","Tmpo","Tmpo","Midbrain","15.5","15.5",1,"lower",0.18865,0.18865,1.3672477347017e-05,0.0435,3.69309363269828e-07,0.155,TRUE,TRUE
"NM_001198823","App","App","Midbrain","15.5","15.5",1,"higher",0.1115,0.1115,1.40148569910297e-05,0.00615000000000001,2.00380934409435e-07,0.0913,TRUE,TRUE
"NM_001042577","Lhx9","Lhx9","Midbrain","15.5","15.5",1,"higher",0.23425,0.23425,1.42624979740957e-05,0.0201,5.17989195920939e-12,0.1594,TRUE,TRUE
"NM_008632","Map2","Map2","Midbrain","15.5","15.5",1,"lower",0.82015,0.82015,1.43690032591042e-05,0.0211,2.55896000231249e-05,0.6622,TRUE,TRUE
"NM_001195538","Dclk1","Dclk1","Midbrain","15.5","15.5",1,"lower",0.2922,0.2922,1.46873200941215e-05,0.0913499999999999,4.35547574419553e-08,0.2438,TRUE,TRUE
"NM_019561","Ensa","Ensa","Midbrain","15.5","15.5",1,"lower",0.17395,0.17395,1.47662050216461e-05,0.08245,2.63535765107492e-05,0.1568,TRUE,TRUE
"NM_001039934","Map2","Map2","Midbrain","15.5","15.5",1,"higher",0.82015,0.82015,1.50566980797592e-05,0.0211,2.55896000231249e-05,0.6622,TRUE,TRUE
"NM_009822","Runx1t1","Runx1t1","Midbrain","15.5","15.5",1,"higher",0.1985,0.1985,1.53774748120181e-05,0.0096,4.01716036415426e-05,0.163,TRUE,TRUE
"NM_080644","Cacng5","Cacng5","Midbrain","15.5","15.5",1,"higher",1,1,1.56597133435166e-05,0,2.79200936015107e-05,1,TRUE,TRUE
"NM_001290414","Fgf13","Fgf13","Midbrain","15.5","15.5",1,"higher",0.36985,0.36985,1.58943608287565e-05,0.0416500000000001,7.40885727529421e-14,0.3319,TRUE,FALSE
"NM_001199301","Cacng5","Cacng5","Midbrain","15.5","15.5",1,"lower",1,1,1.60845480871762e-05,0,2.79200936015107e-05,1,TRUE,TRUE
"NM_001290378","Ap1s2","Ap1s2","Midbrain","15.5","15.5",1,"higher",0.64325,0.64325,1.66409077115391e-05,0.0158,5.78081375914627e-13,0.6247,TRUE,TRUE
"NM_001026212","Ensa","Ensa","Midbrain","15.5","15.5",1,"higher",0.17395,0.17395,1.69152012451987e-05,0.08245,2.63535765107492e-05,0.1568,TRUE,TRUE
"NM_001285920","Mfn2","Mfn2","Midbrain","15.5","15.5",1,"higher",0.6182,0.6182,1.75330739162991e-05,0.0039,1.81335071793154e-06,0.6092,TRUE,TRUE
"NM_001093760","Trappc13","Trappc13","Midbrain","15.5","15.5",1,"lower",0.28515,0.28515,1.79769785218488e-05,0.0185000000000001,4.71072123949363e-05,0.2752,TRUE,FALSE
"NM_020012","Rnf14","Rnf14","Midbrain","15.5","15.5",1,"lower",0.26805,0.26805,1.85121360296344e-05,0.08705,4.84465862617342e-05,0.2596,TRUE,TRUE
"NM_009166","Sorbs1","Sorbs1","Midbrain","15.5","15.5",1,"lower",0.247175,0.247175,1.87360604732581e-05,0.09435,2.43930106366282e-06,0.2102,TRUE,TRUE
"NM_013910","Kdm2b","Kdm2b","Midbrain","15.5","15.5",1,"lower",0.1154,0.1154,1.89214449368105e-05,0.00595000000000012,3.39493768043102e-05,0.111,TRUE,TRUE
"NM_001253863","Tcf12","Tcf12","Midbrain","15.5","15.5",1,"lower",0.50215,0.50215,2.03020521438667e-05,0.0743,3.78603627351428e-05,0.4886,TRUE,TRUE
"NM_153399","Syne1","Syne1","Midbrain","15.5","15.5",1,"lower",0.4007,0.4007,2.20234538665185e-05,0.06135,5.70484119735307e-05,0.3558,TRUE,FALSE
"NM_027874","Csnk1d","Csnk1d","Midbrain","15.5","15.5",1,"higher",0.30555,0.30555,2.35375252129123e-05,0.0273,4.18734738705302e-05,0.2585,TRUE,TRUE
"NM_001109685","Kazn","Kazn","Midbrain","15.5","15.5",1,"higher",0.5465,0.5465,2.39817013801272e-05,0.0533,6.22564299588751e-05,0.5192,TRUE,FALSE
"NM_139059","Csnk1d","Csnk1d","Midbrain","15.5","15.5",1,"lower",0.30555,0.30555,2.40221651253305e-05,0.0273,4.18734738705302e-05,0.2585,TRUE,TRUE
"NM_001039586","Glyctk","Glyctk","Midbrain","15.5","15.5",1,"higher",0.7996,0.7996,2.42929348070162e-05,0.0661,4.33444776591888e-05,0.7581,TRUE,TRUE
"NM_001102455","Aplp2","Aplp2","Midbrain","15.5","15.5",1,"higher",0.22605,0.22605,2.49589864334911e-05,0.0636,2.34231782451542e-10,0.187,TRUE,TRUE
"NM_011100","Prkacb","Prkacb","Midbrain","15.5","15.5",1,"higher",0.369225,0.369225,2.56147420259846e-05,0.0393,1.41889480042792e-05,0.3534,TRUE,TRUE
"NM_001163622","Prepl","Prepl","Midbrain","15.5","15.5",1,"higher",0.19065,0.19065,2.60105420996323e-05,0.0131,6.7557811405014e-05,0.1811,TRUE,FALSE
"NM_001110844","Cacna2d1","Cacna2d1","Midbrain","15.5","15.5",1,"lower",0.89895,0.89895,2.65005366062394e-05,0.0371499999999999,6.87450554637959e-05,0.8334,TRUE,TRUE
"NM_174846","Glyctk","Glyctk","Midbrain","15.5","15.5",1,"lower",0.7996,0.7996,2.65710964755139e-05,0.0660999999999998,4.33444776591888e-05,0.7581,TRUE,TRUE
"NM_023215","Chtop","Chtop","Midbrain","15.5","15.5",1,"higher",0.134625,0.134625,2.72316782836088e-05,0.04115,1.83299137522954e-15,0.1205,TRUE,TRUE
"NM_007935","Epc1","Epc1","Midbrain","15.5","15.5",1,"lower",0.1441,0.1441,2.86236184741953e-05,0.01145,7.40752242530997e-05,0.1315,TRUE,FALSE
"NR_027859","Pfkfb2","Pfkfb2","Midbrain","11.5","11.5",1,"higher",0.14245,0.14245,2.92890920207211e-05,0.02865,7.57051486545042e-05,0.1094,TRUE,FALSE
"NM_001243051","Atp6v0a1","Atp6v0a1","Midbrain","15.5","15.5",1,"higher",0.25435,0.25435,3.08996246157101e-05,0.0293,6.96281327542669e-12,0.1954,TRUE,TRUE
"NM_001290535","Ogt","Ogt","Midbrain","15.5","15.5",1,"lower",0.2412,0.2412,3.11014935221659e-05,0.0397000000000001,5.5861784846166e-05,0.1967,TRUE,TRUE
"NM_019765","Clip1","Clip1","Midbrain","15.5","15.5",1,"higher",0.37985,0.37985,3.11267019297462e-05,0.04445,5.5861784846166e-05,0.3474,TRUE,TRUE
"NM_001291229","Clip1","Clip1","Midbrain","15.5","15.5",1,"lower",0.37985,0.37985,3.12074419787422e-05,0.0444499999999999,5.5861784846166e-05,0.3474,TRUE,TRUE
"NM_001289619","Zyx","Zyx","Midbrain","15.5","15.5",1,"lower",0.28715,0.28715,3.13098511059749e-05,0.00595000000000001,0.000106702523676306,0.2651,TRUE,TRUE
"NM_009792","Camk2a","Camk2a","Midbrain","15.5","15.5",1,"higher",0.48675,0.48675,3.18707274482249e-05,0.01595,7.28673164971092e-11,0.4587,TRUE,TRUE
"NM_153777","Lrrc56","Lrrc56","Midbrain","15.5","15.5",1,"lower",0.67,0.67,3.20198314026899e-05,0.05215,8.35182353764504e-05,0.6073,TRUE,FALSE
"NM_020011","Sphk2","Sphk2","Midbrain","15.5","15.5",1,"lower",0.2146,0.2146,3.22373734181022e-05,0.0496000000000001,8.41167202760575e-05,0.1635,TRUE,TRUE
"NM_001301354","Apod","Apod","Midbrain","15.5","15.5",1,"lower",0.1784,0.1784,3.22373734181022e-05,0.0589,9.12419127254675e-08,0.166,TRUE,TRUE
"NM_001253688","Immt","Immt","Midbrain","15.5","15.5",1,"higher",0.70065,0.70065,3.2378295394296e-05,0.0213,2.05930645817476e-15,0.6738,TRUE,TRUE
"NM_001003953","Kdm2b","Kdm2b","Midbrain","15.5","15.5",1,"higher",0.1154,0.1154,3.24011872702206e-05,0.00595,3.39493768043102e-05,0.111,TRUE,TRUE
"NM_206856","Tacc2","Tacc2","Midbrain","15.5","15.5",1,"higher",0.6457,0.6457,3.29413557306555e-05,0.01765,1.45616552069565e-05,0.5865,TRUE,TRUE
"NM_139144","Ogt","Ogt","Midbrain","15.5","15.5",1,"higher",0.2412,0.2412,3.35560385801455e-05,0.0397000000000001,5.5861784846166e-05,0.1967,TRUE,TRUE
"NM_001163542","Plec","Plec","Midbrain","15.5","15.5",1,"lower",0.2917,0.2917,3.45629768507185e-05,0.0331,8.25084793535809e-08,0.2751,TRUE,FALSE
"NM_001005740","Phactr1","Phactr1","Midbrain","15.5","15.5",1,"lower",0.87,0.87,3.63219511329564e-05,0.0801000000000002,1.57196424813167e-05,0.8282,TRUE,TRUE
"NM_001291213","Myo18a","Myo18a","Midbrain","15.5","15.5",1,"lower",0.25675,0.25675,3.78443357178479e-05,0.07305,0.000159543201081145,0.2514,TRUE,TRUE
"NM_001002011","Lmna","Lmna","Midbrain","15.5","15.5",1,"higher",0.1991,0.1991,4.46666135290741e-05,0.04075,0.000116815720886845,0.1703,TRUE,FALSE
"NM_001281847","Kcnk2","Kcnk2","Midbrain","15.5","15.5",1,"lower",0.1049,0.1049,4.73984105853062e-05,0.04835,0.000162075091275718,0.1047,TRUE,FALSE
"NM_001144993","2810459M11Rik","2810459M11Rik","Midbrain","15.5","15.5",1,"higher",0.36235,0.36235,4.76754807522363e-05,0.0383999999999999,8.55947919295039e-05,0.3572,TRUE,TRUE
"NM_001177843","Frmd4a","Frmd4a","Midbrain","15.5","15.5",1,"lower",0.220175,0.220175,4.78042731957293e-05,0.0281,2.42027411438007e-06,0.1793,TRUE,TRUE
"NM_001039092","Tom1l2","Tom1l2","Midbrain","15.5","15.5",1,"lower",0.18075,0.18075,4.78165104085316e-05,0.05585,0.000126301473070083,0.1718,TRUE,FALSE
"NM_001205330","Map4","Map4","Midbrain","15.5","15.5",1,"higher",0.24845,0.24845,4.78760507333102e-05,0.0087,2.30003385083338e-13,0.2041,TRUE,TRUE
"NM_001198824","App","App","Midbrain","15.5","15.5",1,"higher",0.1651,0.1651,4.78760507333102e-05,0.0145,2.00380934409435e-07,0.128,TRUE,TRUE
"NM_001144992","2810459M11Rik","2810459M11Rik","Midbrain","15.5","15.5",1,"lower",0.36235,0.36235,4.8733201911923e-05,0.0384,8.55947919295039e-05,0.3572,TRUE,TRUE
"NM_175643","Adamts2","Adamts2","Midbrain","15.5","15.5",1,"higher",0.5476,0.5476,4.8989280029165e-05,0.068,8.85376197955349e-05,0.5308,TRUE,TRUE
"NM_001277305","Adamts2","Adamts2","Midbrain","15.5","15.5",1,"lower",0.5476,0.5476,5.00933549682953e-05,0.0679999999999999,8.85376197955349e-05,0.5308,TRUE,TRUE
"NM_001159516","Qk","Qk","Midbrain","15.5","15.5",1,"lower",0.25455,0.25455,5.5587338195557e-05,0.06845,1.29205664138959e-06,0.2369,TRUE,FALSE
"NM_021314","Tacc2","Tacc2","Midbrain","15.5","15.5",1,"lower",0.658,0.658,5.68267071101652e-05,0.01695,1.45616552069565e-05,0.6026,TRUE,TRUE
"NM_025858","Shisa5","Shisa5","Midbrain","15.5","15.5",1,"higher",0.4032,0.4032,5.86739888997785e-05,0.07645,7.41142114518135e-07,0.3678,TRUE,FALSE
"NR_125917","Mpdu1","Mpdu1","Midbrain","15.5","15.5",1,"lower",0.24705,0.24705,6.09751633993157e-05,0.0493999999999999,0.000160658767479204,0.205,TRUE,FALSE
"NM_001304432","Eif4g1","Eif4g1","Midbrain","15.5","15.5",1,"higher",0.36085,0.36085,6.15507109843591e-05,0.01645,0.000111944630388572,0.3056,TRUE,TRUE
"NM_001161540","Islr2","Islr2","Midbrain","15.5","15.5",1,"lower",0.2897,0.2897,6.24574298207438e-05,0.03335,3.27282068769378e-07,0.2677,TRUE,FALSE
"NM_172441","Shroom2","Shroom2","Midbrain","15.5","15.5",1,"higher",0.60235,0.60235,6.40001158231875e-05,0.00325,0.000271102786199684,0.4951,TRUE,FALSE
"NM_029978","Fam57b","Fam57b","Midbrain","15.5","15.5",1,"lower",0.39275,0.39275,6.41809811113782e-05,0.0578500000000001,5.66798102239381e-13,0.346,TRUE,TRUE
"NM_001113188","Fxr1","Fxr1","Midbrain","15.5","15.5",1,"higher",0.3143,0.3143,6.41809811113782e-05,0.01155,0.000170273417698436,0.25,TRUE,TRUE
"NM_145941","Eif4g1","Eif4g1","Midbrain","15.5","15.5",1,"lower",0.36085,0.36085,6.43557976934989e-05,0.0164499999999999,0.000111944630388572,0.3056,TRUE,TRUE
"NM_001159515","H2afy","H2afy","Midbrain","15.5","15.5",1,"higher",0.21075,0.21075,6.60322324607763e-05,0.0239,0.000175513393201972,0.1702,TRUE,TRUE
"NM_030554","Rab27b","Rab27b","Midbrain","15.5","15.5",1,"higher",0.7867,0.7867,6.65054106761001e-05,0,0.000230448316144336,0.6082,TRUE,FALSE
"NM_001253717","Atg7","Atg7","Midbrain","15.5","15.5",1,"higher",0.46035,0.46035,6.6672464364141e-05,0.0081,0.000176968051303026,0.4279,TRUE,FALSE
"NM_001198876","Dync1i2","Dync1i2","Midbrain","15.5","15.5",1,"higher",0.4727,0.4727,6.69360194404321e-05,0,1.20203660657593e-10,0.4572,TRUE,TRUE
"NM_011878","Tiam2","Tiam2","Midbrain","15.5","15.5",1,"higher",0.3465,0.3465,6.80764883788851e-05,0.015,0.000180858713679515,0.2252,TRUE,FALSE
"NM_001271727","Trim2","Trim2","Midbrain","15.5","15.5",1,"higher",0.2099,0.2099,6.83159255328556e-05,0.02005,0.000291989274758298,0.1786,TRUE,TRUE
"NM_001286346","Eml1","Eml1","Midbrain","15.5","15.5",1,"higher",0.5659,0.5659,6.87485483079807e-05,0.02625,1.83299137522954e-15,0.5357,TRUE,TRUE
"NM_001122963","Gpbp1","Gpbp1","Midbrain","15.5","15.5",1,"higher",0.2649,0.2649,6.89687075563781e-05,0.0256,0.000127137769747535,0.17,TRUE,TRUE
"NM_001164622","Rnf14","Rnf14","Midbrain","15.5","15.5",1,"higher",0.2369,0.2369,7.14542317985042e-05,0.08835,4.84465862617342e-05,0.2306,TRUE,TRUE
"NM_007575","Ciita","Ciita","Midbrain","13.5","13.5",1,"lower",0.898775,0.898775,7.38821852081874e-05,0,0.000135997264087263,0.7975,TRUE,FALSE
"NM_028487","Gpbp1","Gpbp1","Midbrain","15.5","15.5",1,"lower",0.2649,0.2649,7.51020680112548e-05,0.0256,0.000127137769747535,0.17,TRUE,TRUE
"NM_001271764","Tpm3","Tpm3","Midbrain","15.5","15.5",1,"higher",0.10325,0.10325,7.8127162820816e-05,0.0047,3.98029173901929e-05,0.0996,TRUE,TRUE
"NM_001165999","Lingo2","Lingo2","Midbrain","15.5","15.5",1,"higher",0.15445,0.15445,8.37052836688992e-05,0.0532500000000001,7.30812147427169e-11,0.139,TRUE,FALSE
"NM_001025263","Tpd52","Tpd52","Midbrain","15.5","15.5",1,"lower",0.47955,0.47955,8.62866116995163e-05,0.0466500000000001,0.000371513046632114,0.3832,TRUE,TRUE
"NM_001290399","Cstf2","Cstf2","Midbrain","15.5","15.5",1,"higher",0.1654,0.1654,9.11066245999873e-05,0.0321,0.000242844543897198,0.144,TRUE,FALSE
"NM_013677","Surf1","Surf1","Midbrain","15.5","15.5",1,"higher",0.31145,0.31145,0.000100223107021891,0.07705,0.000266562637378235,0.2978,TRUE,TRUE
"NR_073420","Surf1","Surf1","Midbrain","15.5","15.5",1,"lower",0.28185,0.28185,0.000100706827522752,0.07145,0.000266562637378235,0.2618,TRUE,TRUE
"NM_001286041","Anks1","Anks1","Midbrain","15.5","15.5",1,"lower",0.3443,0.3443,0.000102084744004521,0.0810999999999999,0.000185910377694087,0.282,TRUE,TRUE
"NM_181413","Anks1","Anks1","Midbrain","15.5","15.5",1,"higher",0.3443,0.3443,0.000105107730460006,0.0811,0.000185910377694087,0.282,TRUE,TRUE
"NM_001285813","Dtna","Dtna","Midbrain","15.5","15.5",1,"lower",0.20065,0.20065,0.000105711426765415,0.07385,0.000532273565695165,0.1901,TRUE,FALSE
"NM_001038230","Anapc11","Anapc11","Midbrain","15.5","15.5",1,"higher",0.1689,0.1689,0.000107591398624621,0.07525,0.000195234601842322,0.1325,TRUE,TRUE
"NM_133885","Osbpl9","Osbpl9","Midbrain","15.5","15.5",1,"lower",0.3547,0.3547,0.000109301532966422,0.0569000000000001,0.000291206299544076,0.3431,TRUE,TRUE
"NM_028146","Dbndd1","Dbndd1","Midbrain","15.5","15.5",1,"lower",0.409875,0.409875,0.000109738189053747,0.00630000000000031,0.000291206299544076,0.2563,TRUE,TRUE
"NM_178142","Lcorl","Lcorl","Midbrain","15.5","15.5",1,"lower",0.28315,0.28315,0.000112877584211692,0.0278,0.00030015325918579,0.2633,TRUE,TRUE
"NM_013506","Eif4a2","Eif4a2","Midbrain","15.5","15.5",1,"lower",0.331425,0.331425,0.000113045909913138,0.0920999999999998,5.84173267125623e-08,0.3149,TRUE,TRUE
"NM_001173477","Speg","Speg","Midbrain","15.5","15.5",1,"higher",0.14275,0.14275,0.00011323162260932,0.0655500000000001,4.21381546913519e-11,0.1251,TRUE,TRUE
"NM_010211","Fhl1","Fhl1","Midbrain","15.5","15.5",1,"higher",0.20915,0.20915,0.000114650977395191,0.0291499999999999,4.6424208771705e-12,0.1751,TRUE,TRUE
"NM_001163450","Mapk8ip3","Mapk8ip3","Midbrain","15.5","15.5",1,"lower",0.140575,0.140575,0.000114833416230648,0.02015,0.000667444929348156,0.1285,TRUE,FALSE
"NM_145760","Arfgap1","Arfgap1","Midbrain","15.5","15.5",1,"higher",0.3183,0.3183,0.000115569424180102,0.0306999999999999,1.76329268716876e-08,0.2877,TRUE,TRUE
"NM_001164199","Prkacb","Prkacb","Midbrain","15.5","15.5",1,"lower",0.226875,0.226875,0.000129972889028018,0.08365,1.41889480042792e-05,0.2013,TRUE,TRUE
"NM_025389","Anapc11","Anapc11","Midbrain","15.5","15.5",1,"lower",0.1689,0.1689,0.000134455682340432,0.0752500000000002,0.000195234601842322,0.1325,TRUE,TRUE
"NM_001165988","Ubap2l","Ubap2l","Midbrain","15.5","15.5",1,"higher",0.16045,0.16045,0.00014122313287003,0.0378,0.000923097995314306,0.1575,TRUE,FALSE
"NM_001305046","Uap1","Uap1","Midbrain","15.5","15.5",1,"lower",0.590625,0.590625,0.000148430451282803,0.0850500000000001,0.000398016456131409,0.558,TRUE,TRUE
"NM_001122736","Igf2","Igf2","Midbrain","15.5","15.5",1,"higher",0.27695,0.27695,0.000148430451282803,0.0372,2.04548841868449e-05,0.2753,TRUE,TRUE
"NM_207634","Rps24","Rps24","Midbrain","15.5","15.5",1,"higher",0.18695,0.18695,0.000151713368070961,0.0039,1.20857351104802e-07,0.1119,TRUE,TRUE
"NM_001164594","Pdzrn4","Pdzrn4","Midbrain","15.5","15.5",1,"lower",0.6146,0.6146,0.000165307659950152,0.0678500000000002,0.000303724826907579,0.5912,TRUE,TRUE
"NM_001144993","2810459M11Rik","2810459M11Rik","Midbrain","13.5","13.5",1,"higher",0.56925,0.56925,0.00016707507678806,0.02315,8.55947919295039e-05,0.3985,TRUE,TRUE
"NM_001144992","2810459M11Rik","2810459M11Rik","Midbrain","13.5","13.5",1,"lower",0.56925,0.56925,0.000171475638969541,0.0231500000000001,8.55947919295039e-05,0.3985,TRUE,TRUE
"NM_011319","Sars","Sars","Midbrain","15.5","15.5",1,"lower",0.16575,0.16575,0.000177211882326446,0.0376,0.000327027255257356,0.1072,TRUE,TRUE
"NM_001198587","Nrxn3","Nrxn3","Midbrain","15.5","15.5",1,"higher",0.37835,0.37835,0.000181225678083729,0.0792,3.19174240387055e-06,0.2763,TRUE,TRUE
"NM_001164593","Pdzrn4","Pdzrn4","Midbrain","15.5","15.5",1,"higher",0.6146,0.6146,0.000187010459679944,0.06785,0.000303724826907579,0.5912,TRUE,TRUE
"NM_001204979","Sars","Sars","Midbrain","15.5","15.5",1,"higher",0.16575,0.16575,0.000188600041951457,0.0376,0.000327027255257356,0.1072,TRUE,TRUE
"NM_025459","Fam134b","Fam134b","Midbrain","15.5","15.5",1,"higher",0.3859,0.3859,0.000193100188325091,0.0337,0.000671273380619607,0.3775,TRUE,FALSE
"NM_008487","Arhgef2","Arhgef2","Midbrain","15.5","15.5",1,"higher",0.20665,0.20665,0.00019692225869241,0.0289,0.000680616198652611,0.1867,TRUE,FALSE
"NM_001198839","Bcar1","Bcar1","Midbrain","15.5","15.5",1,"higher",0.24185,0.24185,0.000211204884039981,0.0314,0.000391952047836347,0.1887,TRUE,TRUE
"NM_009954","Bcar1","Bcar1","Midbrain","15.5","15.5",1,"lower",0.24185,0.24185,0.000215789073117112,0.0314,0.000391952047836347,0.1887,TRUE,TRUE
"NM_027590","Ints10","Ints10","Midbrain","15.5","15.5",1,"higher",0.505075,0.505075,0.000220983005633449,0.0436,0.000588627699279526,0.3911,TRUE,TRUE
"NM_001177696","Ablim2","Ablim2","Midbrain","15.5","15.5",1,"higher",0.34455,0.34455,0.000226346133991876,0.0206,0.00114835095331137,0.2261,TRUE,FALSE
"NM_001159646","Dut","Dut","Midbrain","15.5","15.5",1,"higher",0.2911,0.2911,0.000226346133991876,0.08555,0.000420073099176811,0.2688,TRUE,TRUE
"NM_029862","Cacfd1","Cacfd1","Midbrain","15.5","15.5",1,"higher",0.1894,0.1894,0.000228083038539692,0.0690500000000001,3.19174240387055e-06,0.1769,TRUE,TRUE
"NM_026332","Dnajc19","Dnajc19","Midbrain","15.5","15.5",1,"higher",0.10485,0.10485,0.000228509934084651,0.0113999999999999,0.000135997264087263,0.0790000000000001,TRUE,FALSE
"NM_011777","Zyx","Zyx","Midbrain","15.5","15.5",1,"higher",0.274375,0.274375,0.00023912145191581,0.0198,0.000106702523676306,0.2379,TRUE,TRUE
"NM_023595","Dut","Dut","Midbrain","15.5","15.5",1,"lower",0.2911,0.2911,0.000241427158949422,0.08555,0.000420073099176811,0.2688,TRUE,TRUE
"NM_007522","Bad","Bad","Midbrain","15.5","15.5",1,"lower",0.129125,0.129125,0.000245626991882353,0.03705,0.000437007574345984,0.1051,TRUE,TRUE
"NM_001293685","Vti1a","Vti1a","Midbrain","15.5","15.5",1,"lower",0.6674,0.6674,0.000246858885000479,0.0815000000000001,0.000666267064466227,0.6181,TRUE,FALSE
"NM_172475","Frmd4a","Frmd4a","Midbrain","15.5","15.5",1,"lower",0.3023,0.3023,0.000255236356565815,0.0302500000000001,2.42027411438007e-06,0.2766,TRUE,TRUE
"NM_009990","Clip2","Clip2","Midbrain","15.5","15.5",1,"lower",0.505075,0.505075,0.000256090212921686,0.0470500000000001,0.000476287396323129,0.4601,TRUE,TRUE
"NM_001039162","Clip2","Clip2","Midbrain","15.5","15.5",1,"higher",0.505075,0.505075,0.000257220260466577,0.04705,0.000476287396323129,0.4601,TRUE,TRUE
"NM_001285453","Bad","Bad","Midbrain","15.5","15.5",1,"higher",0.129125,0.129125,0.000262179069050843,0.03705,0.000437007574345984,0.1051,TRUE,TRUE
"NM_053204","Erc1","Erc1","Midbrain","15.5","15.5",1,"higher",0.2899,0.2899,0.000269900636489549,0.0214,0.000720910122084431,0.2259,TRUE,FALSE
"NM_016961","Mapk9","Mapk9","Midbrain","15.5","15.5",1,"lower",0.229075,0.229075,0.000288882825434013,0.0514,1.21591199402721e-07,0.2164,TRUE,TRUE
"NM_001025568","Pde1c","Pde1c","Midbrain","14.5","14.5",1,"lower",0.26655,0.26655,0.00029075377891064,0.06,0.00148481454603078,0.2345,TRUE,FALSE
"NM_024191","Arl2bp","Arl2bp","Midbrain","15.5","15.5",1,"lower",0.3136,0.3136,0.000297546991474188,0.0383499999999998,0.000550464735061558,0.2762,TRUE,TRUE
"NM_001037493","Slc41a3","Slc41a3","Midbrain","15.5","15.5",1,"higher",0.19465,0.19465,0.000313619548786493,0.00575,0.000581073632036157,0.1637,TRUE,TRUE
"NM_001289709","Sh3glb2","Sh3glb2","Midbrain","15.5","15.5",1,"lower",0.5071,0.5071,0.00032468462376973,0.0575999999999999,2.2596659451697e-15,0.4797,TRUE,TRUE
"NR_037906","Luc7l","Luc7l","Midbrain","15.5","15.5",1,"higher",0.3168,0.3168,0.000327075940482925,0.00880000000000003,3.60470259077971e-07,0.2868,TRUE,TRUE
"NM_001190376","Camta2","Camta2","Midbrain","15.5","15.5",1,"lower",0.7897,0.7897,0.000334187350328265,0.05485,0.00117109464719655,0.778,TRUE,FALSE
"NM_024269","Arl2bp","Arl2bp","Midbrain","15.5","15.5",1,"higher",0.3136,0.3136,0.000345120279109678,0.03835,0.000550464735061558,0.2762,TRUE,TRUE
"NM_027868","Slc41a3","Slc41a3","Midbrain","15.5","15.5",1,"lower",0.19465,0.19465,0.000347539190252897,0.00575000000000003,0.000581073632036157,0.1637,TRUE,TRUE
"NM_145457","Paip1","Paip1","Midbrain","15.5","15.5",1,"higher",0.4191,0.4191,0.00034966588911279,0.0584,0.000653287525422693,0.2848,TRUE,TRUE
"NM_001177883","Elavl2","Elavl2","Midbrain","15.5","15.5",1,"lower",0.24215,0.24215,0.000351837492257385,0.0433,0.00124337622001463,0.177,TRUE,FALSE
"NM_177698","Psd3","Psd3","Midbrain","15.5","15.5",1,"higher",0.4233,0.4233,0.000358219305120183,0.09345,1.39257959571715e-07,0.4141,TRUE,FALSE
"NM_001079849","Paip1","Paip1","Midbrain","15.5","15.5",1,"lower",0.4191,0.4191,0.000358219305120183,0.0584,0.000653287525422693,0.2848,TRUE,TRUE
"NM_011216","Ptpro","Ptpro","Midbrain","15.5","15.5",1,"lower",0.9329,0.9329,0.000361829747402121,0.0532499999999999,0.000674935764075591,0.9248,TRUE,FALSE
"NM_026131","Pdlim7","Pdlim7","Midbrain","15.5","15.5",1,"higher",0.51515,0.51515,0.000361829747402121,0.02445,0.00128402346280809,0.4888,TRUE,FALSE
"NM_133910","Tbc1d14","Tbc1d14","Midbrain","15.5","15.5",1,"higher",0.18375,0.18375,0.000361829747402121,0.01445,3.38852243380577e-05,0.1427,TRUE,TRUE
"NM_001081414","Grm5","Grm5","Midbrain","15.5","15.5",1,"higher",0.10155,0.10155,0.000373268182903277,0.00855000000000006,0.000694763933381512,0.0504,TRUE,TRUE
"NM_030706","Trim2","Trim2","Midbrain","15.5","15.5",1,"lower",0.2664,0.2664,0.000374523382990209,0.0425000000000001,0.000291989274758298,0.2052,TRUE,TRUE
"NM_001284505","Cask","Cask","Midbrain","15.5","15.5",1,"higher",0.144,0.144,0.000377940414535016,0,3.31739825385967e-07,0.0971,TRUE,TRUE
"NM_027413","Lrrc28","Lrrc28","Midbrain","15.5","15.5",1,"higher",0.1122,0.1122,0.000378763235242172,0.0088,0.00135131841398396,0.1091,TRUE,FALSE
"NM_001143834","Grm5","Grm5","Midbrain","15.5","15.5",1,"lower",0.10155,0.10155,0.000402143868213365,0.00855,0.000694763933381512,0.0504,TRUE,TRUE
"NM_001164531","Zfyve27","Zfyve27","Midbrain","15.5","15.5",1,"higher",0.43865,0.43865,0.000406325056100314,0.0997,0.000758592583011959,0.3897,TRUE,TRUE
"NM_203280","Sphk2","Sphk2","Midbrain","15.5","15.5",1,"higher",0.21815,0.21815,0.000406609641477633,0.0643500000000001,8.41167202760575e-05,0.1603,TRUE,TRUE
"NM_001163449","Mapk8ip3","Mapk8ip3","Midbrain","15.5","15.5",1,"lower",0.396175,0.396175,0.000411230216313714,0.05945,0.000667444929348156,0.3099,TRUE,FALSE
"NM_177319","Zfyve27","Zfyve27","Midbrain","15.5","15.5",1,"lower",0.43865,0.43865,0.000415220665656756,0.0997000000000001,0.000758592583011959,0.3897,TRUE,TRUE
"NM_013935","Hacd1","Hacd1","Midbrain","15.5","15.5",1,"higher",0.3632,0.3632,0.000420385189093721,0.00975,0.000786573906713405,0.3458,TRUE,TRUE
"NR_045779","Ubl4a","Ubl4a","Midbrain","15.5","15.5",1,"lower",0.1923,0.1923,0.000425712702914617,0.0166,0.000786504408027341,0.1807,TRUE,TRUE
"NM_145405","Ubl4a","Ubl4a","Midbrain","15.5","15.5",1,"higher",0.1923,0.1923,0.000426854301235336,0.0166000000000002,0.000786504408027341,0.1807,TRUE,TRUE
"NM_007871","Dnm2","Dnm2","Midbrain","15.5","15.5",1,"higher",0.230275,0.230275,0.000457447226595313,0.0593,0.00124337622001463,0.1959,TRUE,TRUE
"NM_177137","Gnal","Gnal","Midbrain","15.5","15.5",1,"lower",0.81775,0.81775,0.000462292906971566,0.0431999999999999,0.000864720660644606,0.7506,TRUE,TRUE
"NM_001012396","Hacd1","Hacd1","Midbrain","15.5","15.5",1,"lower",0.3632,0.3632,0.000469541600241586,0.00974999999999981,0.000786573906713405,0.3458,TRUE,TRUE
"NM_011247","Rbbp6","Rbbp6","Midbrain","15.5","15.5",1,"higher",0.1912,0.1912,0.000470092093056831,0.0318,0.000877407288467053,0.18,TRUE,TRUE
"NM_010307","Gnal","Gnal","Midbrain","15.5","15.5",1,"higher",0.81775,0.81775,0.000484957490126876,0.0432,0.000864720660644606,0.7506,TRUE,TRUE
"NM_001114125","Dab2ip","Dab2ip","Midbrain","15.5","15.5",1,"lower",0.39885,0.39885,0.000488932743453063,0.0125000000000002,0.00293772548944848,0.348,TRUE,TRUE
"NM_001136060","Dpp6","Dpp6","Midbrain","15.5","15.5",1,"lower",0.43235,0.43235,0.000527232184465937,0.0926,3.33462584638863e-06,0.3424,TRUE,TRUE
"NM_175023","Rbbp6","Rbbp6","Midbrain","15.5","15.5",1,"lower",0.1912,0.1912,0.000533002620029764,0.0318000000000002,0.000877407288467053,0.18,TRUE,TRUE
"NM_001205332","Map4","Map4","Midbrain","15.5","15.5",1,"higher",0.21405,0.21405,0.000565320580051337,0.0676,2.30003385083338e-13,0.1759,TRUE,TRUE
"NM_001039391","Pkig","Pkig","Midbrain","15.5","15.5",1,"lower",0.20195,0.20195,0.000614933899997701,0.0589000000000002,0.00316695787205245,0.1816,TRUE,TRUE
"NM_001177324","Sept6","Sept6","Midbrain","15.5","15.5",1,"higher",0.1103,0.1103,0.000619443674380577,0.01715,0.00220405795772882,0.1004,TRUE,TRUE
"NM_001252655","Kcnab2","Kcnab2","Midbrain","15.5","15.5",1,"higher",0.42965,0.42965,0.000644553856530352,0,0.00228858610118763,0.351,TRUE,TRUE
"NM_001004359","Gprasp1","Gprasp1","Midbrain","15.5","15.5",1,"lower",0.255475,0.255475,0.000683336935967078,0.0117500000000001,0.00184517011169477,0.1824,TRUE,FALSE
"NM_001293630","Slc37a4","Slc37a4","Midbrain","15.5","15.5",1,"higher",0.2333,0.2333,0.00072718573636614,0.0542500000000001,0.00196249858605817,0.1549,TRUE,TRUE
"NM_001111027","Runx1t1","Runx1t1","Midbrain","15.5","15.5",1,"lower",0.11825,0.11825,0.000767103029515718,0.03945,4.01716036415426e-05,0.0821,TRUE,TRUE
"NM_010698","Ldb2","Ldb2","Midbrain","15.5","15.5",1,"lower",0.2004,0.2004,0.000782452862785336,0.0343500000000003,0.0021139466799376,0.1866,TRUE,FALSE
"NM_182809","Ntrk3","Ntrk3","Midbrain","15.5","15.5",1,"higher",0.2558,0.2558,0.000803874048364186,0.0207999999999999,0.00148863654351512,0.1975,TRUE,TRUE
"NM_001039000","Kif5a","Kif5a","Midbrain","15.5","15.5",1,"lower",0.11875,0.11875,0.000821168721438672,0.0204500000000002,0.0015209306876731,0.1151,TRUE,TRUE
"NM_001145858","Sh3bp2","Sh3bp2","Midbrain","15.5","15.5",1,"higher",0.2194,0.2194,0.000835024699185164,0.00235,0.00225704832687409,0.2011,TRUE,FALSE
"NM_001033453","Pdp1","Pdp1","Midbrain","15.5","15.5",1,"higher",0.34475,0.34475,0.000839690945234105,0.0248,0.00357735103208704,0.2774,TRUE,FALSE
"NM_001166463","Spock1","Spock1","Midbrain","15.5","15.5",1,"higher",0.6542,0.6542,0.00084150700906495,0.03485,6.76893531654163e-11,0.5569,TRUE,TRUE
"NM_008990","Pvrl2","Pvrl2","Midbrain","15.5","15.5",1,"higher",0.1333,0.1333,0.000841649056918535,0.00769999999999998,0.00156288867862088,0.1155,TRUE,TRUE
"NM_008746","Ntrk3","Ntrk3","Midbrain","15.5","15.5",1,"lower",0.2558,0.2558,0.000850972854065359,0.0208000000000002,0.00148863654351512,0.1975,TRUE,TRUE
"NM_001199296","Acly","Acly","Midbrain","15.5","15.5",1,"higher",0.19115,0.19115,0.000851611750594623,0.0756500000000001,0.00158003033687841,0.1526,TRUE,TRUE
"NM_001164366","Atp13a2","Atp13a2","Midbrain","15.5","15.5",1,"lower",0.21345,0.21345,0.000854305236672009,0.0380500000000001,0.00158340496089776,0.1787,TRUE,TRUE
"NM_029097","Atp13a2","Atp13a2","Midbrain","15.5","15.5",1,"higher",0.21345,0.21345,0.000859434683153146,0.03805,0.00158340496089776,0.1787,TRUE,TRUE
"NM_001039520","Dnm2","Dnm2","Midbrain","15.5","15.5",1,"lower",0.195125,0.195125,0.000897457134530031,0.0558499999999998,0.00124337622001463,0.1622,TRUE,TRUE
"NM_001159724","Pvrl2","Pvrl2","Midbrain","15.5","15.5",1,"lower",0.1333,0.1333,0.000926512743601655,0.00770000000000004,0.00156288867862088,0.1155,TRUE,TRUE
"NM_134037","Acly","Acly","Midbrain","15.5","15.5",1,"lower",0.19115,0.19115,0.000945759267483746,0.0756500000000001,0.00158003033687841,0.1526,TRUE,TRUE
"NM_019942","Sept6","Sept6","Midbrain","15.5","15.5",1,"lower",0.1946,0.1946,0.000951398410160092,0.0129499999999999,0.00220405795772882,0.1477,TRUE,TRUE
"NM_001164053","Pkig","Pkig","Midbrain","15.5","15.5",1,"higher",0.1579,0.1579,0.00100219071015095,0.0083,0.00316695787205245,0.1394,TRUE,TRUE
"NM_008447","Kif5a","Kif5a","Midbrain","15.5","15.5",1,"higher",0.11875,0.11875,0.00103332713346526,0.02045,0.0015209306876731,0.1151,TRUE,TRUE
"NM_023429","Ociad1","Ociad1","Midbrain","15.5","15.5",1,"higher",0.11615,0.11615,0.00103864283040627,0.0553499999999998,0.00138205189324227,0.0932999999999999,TRUE,FALSE
"NM_001130165","Oxr1","Oxr1","Midbrain","15.5","15.5",1,"higher",0.3088,0.3088,0.00107641566365605,0.053,0.00293772548944848,0.2756,TRUE,FALSE
"NM_001290743","Ppp1r1c","Ppp1r1c","Midbrain","15.5","15.5",1,"lower",0.17435,0.17435,0.00107766156212517,0.0626,4.35219556085144e-08,0.1458,TRUE,FALSE
"NM_001079844","Gpc6","Gpc6","Midbrain","15.5","15.5",1,"lower",0.30195,0.30195,0.00107786796301556,0.0422999999999999,0.00201629069111758,0.2534,TRUE,TRUE
"NM_011821","Gpc6","Gpc6","Midbrain","15.5","15.5",1,"higher",0.30195,0.30195,0.00108288987372172,0.0423,0.00201629069111758,0.2534,TRUE,TRUE
"NM_001163024","Mon2","Mon2","Midbrain","15.5","15.5",1,"lower",0.2825,0.2825,0.00109955452264149,0.08475,0.0029931107395233,0.2309,TRUE,FALSE
"NM_001039158","Ube2j2","Ube2j2","Midbrain","15.5","15.5",1,"higher",0.1696,0.1696,0.00119175611099468,0.07605,0.00501053113835418,0.1692,TRUE,TRUE
"NM_021540","Rnf130","Rnf130","Midbrain","15.5","15.5",1,"higher",0.27085,0.27085,0.001200535944242,0.0708500000000001,5.87086039924464e-10,0.1753,TRUE,FALSE
"NM_011179","Psap","Psap","Midbrain","15.5","15.5",1,"lower",0.3212,0.3212,0.00120835530209497,0.0879000000000001,0.0059584291186316,0.26,TRUE,FALSE
"NM_134074","Dock9","Dock9","Midbrain","15.5","15.5",1,"higher",0.463925,0.463925,0.00121105889344163,0.0466,0.00420905932703882,0.421,TRUE,FALSE
"NR_045510","Fam19a5","Fam19a5","Midbrain","15.5","15.5",1,"higher",0.5433,0.5433,0.0012270236486761,0.02225,0.000542404541414836,0.1546,TRUE,FALSE
"NM_001291166","Apba2","Apba2","Midbrain","15.5","15.5",1,"higher",0.31325,0.31325,0.0012270236486761,0.04305,0.0033388805807979,0.2591,TRUE,TRUE
"NM_001025192","Cxadr","Cxadr","Midbrain","15.5","15.5",1,"lower",0.24645,0.24645,0.00124486310950398,0.0519500000000001,0.0033955729729595,0.1893,TRUE,TRUE
"NM_001171026","Os9","Os9","Midbrain","15.5","15.5",1,"higher",0.204025,0.204025,0.00124662295786201,0.02085,0.00234628449261904,0.1681,TRUE,TRUE
"NR_104434","Nr2c2ap","Nr2c2ap","Midbrain","15.5","15.5",1,"lower",0.3449,0.3449,0.0012515628346514,0.0438000000000001,0.00339718637023636,0.3009,TRUE,FALSE
"NM_001083936","Pth1r","Pth1r","Midbrain","15.5","15.5",1,"lower",0.2281,0.2281,0.00126652680212932,0.0236,0.00344302717208712,0.154,TRUE,TRUE
"NM_001289690","Zfp740","Zfp740","Midbrain","15.5","15.5",1,"lower",0.1874,0.1874,0.00126937471399459,0.00475000000000003,0.00344756832660761,0.1599,TRUE,FALSE
"NM_001083935","Pth1r","Pth1r","Midbrain","15.5","15.5",1,"higher",0.2371,0.2371,0.00128565036630266,0.00540000000000018,0.00344302717208712,0.154,TRUE,TRUE
"NM_001302380","Cdc37l1","Cdc37l1","Midbrain","15.5","15.5",1,"lower",0.1501,0.1501,0.00129378471459192,0.02585,0.0044967720371938,0.1284,TRUE,FALSE
"NM_001081457","Ppp2r5c","Ppp2r5c","Midbrain","15.5","15.5",1,"higher",0.1577,0.1577,0.0013121255919069,0.0118,0.00175321655610879,0.1421,TRUE,TRUE
"NM_001289761","Rarb","Rarb","Midbrain","15.5","15.5",1,"lower",0.2149,0.2149,0.00133270071884832,0.05815,0.00462427492488859,0.1731,TRUE,FALSE
"NM_001290468","Hs6st2","Hs6st2","Midbrain","15.5","15.5",1,"lower",0.47605,0.47605,0.00136044198842037,0.0227500000000002,0.00429349791745464,0.4611,TRUE,FALSE
"NM_198409","Rai2","Rai2","Midbrain","15.5","15.5",1,"higher",0.30875,0.30875,0.00138365502544275,0.02065,0.0026386001500197,0.2568,TRUE,TRUE
"NM_177614","Os9","Os9","Midbrain","15.5","15.5",1,"lower",0.204025,0.204025,0.00139008779931765,0.0208499999999999,0.00234628449261904,0.1681,TRUE,TRUE
"NM_001122889","Epha7","Epha7","Midbrain","15.5","15.5",1,"lower",0.13705,0.13705,0.00139293913893912,0.0303,0.00376618179850659,0.0953000000000001,TRUE,TRUE
"NM_001103367","Rai2","Rai2","Midbrain","15.5","15.5",1,"lower",0.30875,0.30875,0.00143828258028443,0.0206500000000003,0.0026386001500197,0.2568,TRUE,TRUE
"NM_009988","Cxadr","Cxadr","Midbrain","15.5","15.5",1,"higher",0.247,0.247,0.00147199328425409,0.04705,0.0033955729729595,0.2037,TRUE,TRUE
"NM_001159513","H2afy","H2afy","Midbrain","15.5","15.5",1,"lower",0.197675,0.197675,0.00152177725533926,0.0616,0.000175513393201972,0.139,TRUE,TRUE
"NM_199024","Nol4","Nol4","Midbrain","15.5","15.5",1,"higher",0.45835,0.45835,0.001539379540544,0.06485,0.00295395176144773,0.4021,TRUE,TRUE
"NM_001163073","Lcorl","Lcorl","Midbrain","15.5","15.5",1,"higher",0.313,0.313,0.00154577185574288,0.0547,0.00030015325918579,0.3035,TRUE,TRUE
"NM_001037878","Tcf25","Tcf25","Midbrain","15.5","15.5",1,"higher",0.1201,0.1201,0.0015466607106327,0.0245,0.00537804744839973,0.0781,TRUE,FALSE
"NM_001161483","Nol4","Nol4","Midbrain","15.5","15.5",1,"lower",0.45835,0.45835,0.001551876994596,0.0648500000000001,0.00295395176144773,0.4021,TRUE,TRUE
"NM_001277293","Grip1","Grip1","Midbrain","15.5","15.5",1,"lower",0.1968,0.1968,0.00158736055758159,0.0806,0.00902122612623845,0.1274,TRUE,FALSE
"NM_001282045","Schip1","Schip1","Midbrain","15.5","15.5",1,"higher",0.31665,0.31665,0.00163767349826957,0.0113,3.74782721396813e-12,0.254,TRUE,TRUE
"NM_198942","Dhx57","Dhx57","Midbrain","15.5","15.5",1,"lower",0.547525,0.547525,0.00167506459097009,0.00795000000000012,0.0032095654253239,0.4886,TRUE,TRUE
"NM_001163759","Dhx57","Dhx57","Midbrain","15.5","15.5",1,"higher",0.547525,0.547525,0.00167828621549445,0.00795000000000012,0.0032095654253239,0.4886,TRUE,TRUE
"NM_001168592","Commd6","Commd6","Midbrain","15.5","15.5",1,"lower",0.1448,0.1448,0.00168592206309701,0.02565,0.00323505449701363,0.1182,TRUE,TRUE
"NM_001033132","Commd6","Commd6","Midbrain","15.5","15.5",1,"higher",0.1448,0.1448,0.00168792007775131,0.02565,0.00323505449701363,0.1182,TRUE,TRUE
"NR_104305","Dph3","Dph3","Midbrain","15.5","15.5",1,"lower",0.108575,0.108575,0.00168792007775131,0.0251,0.00838685781468464,0.1035,TRUE,FALSE
"NM_008443","Kif3a","Kif3a","Midbrain","15.5","15.5",1,"lower",0.4694,0.4694,0.00171393517160189,0.0337,0.00464733284751499,0.3131,TRUE,TRUE
"NR_027838","Atp2a2","Atp2a2","Midbrain","15.5","15.5",1,"lower",0.740825,0.740825,0.00171908588444225,0.04375,6.70719830553366e-18,0.7036,TRUE,TRUE
"NM_001042487","Dlgap4","Dlgap4","Midbrain","15.5","15.5",1,"higher",0.2067,0.2067,0.00171990005366498,0.02475,2.33263641707141e-06,0.1856,TRUE,FALSE
"NM_001110845","Cacna2d1","Cacna2d1","Midbrain","15.5","15.5",1,"higher",0.510425,0.510425,0.00175478377242986,0.0185,6.87450554637959e-05,0.3954,TRUE,TRUE
"NM_001302499","Gzmm","Gzmm","Midbrain","14.5","14.5",1,"lower",0.43625,0.43625,0.00176518924649797,0,0.00616175946037343,0.1378,TRUE,FALSE
"NM_001039105","Kcnrg","Kcnrg","Midbrain","15.5","15.5",1,"lower",0.9721,0.9721,0.00179060959280472,0.0549499999999999,0.00344302717208712,0.9442,TRUE,TRUE
"NM_206974","Kcnrg","Kcnrg","Midbrain","15.5","15.5",1,"higher",0.9721,0.9721,0.00179060959280472,0.05495,0.00344302717208712,0.9442,TRUE,TRUE
"NM_001205098","Mgat4c","Mgat4c","Midbrain","15.5","15.5",1,"lower",0.59695,0.59695,0.00181146109153482,0.02915,0.00492737686508426,0.5696,TRUE,TRUE
"NM_009560","Zfp60","Zfp60","Midbrain","15.5","15.5",1,"lower",0.194975,0.194975,0.00184973678051977,0.0463500000000001,0.00355266904891593,0.181,TRUE,TRUE
"NM_001161817","Myo1b","Myo1b","Midbrain","15.5","15.5",1,"lower",0.421325,0.421325,0.00187583795127039,0.0450499999999999,0.00509637486163596,0.3374,TRUE,TRUE
"NR_131128","C230072F16Rik","C230072F16Rik","Midbrain","11.5","11.5",1,"higher",0.44915,0.44915,0.00190810278088918,0.0407999999999998,0.00366505323018907,0.375,TRUE,TRUE
"NR_131127","C230072F16Rik","C230072F16Rik","Midbrain","11.5","11.5",1,"lower",0.44915,0.44915,0.00190810278088918,0.0408000000000001,0.00366505323018907,0.375,TRUE,TRUE
"NM_001184711","Tfdp2","Tfdp2","Midbrain","15.5","15.5",1,"lower",0.2007,0.2007,0.00197008180855749,0.0972000000000001,0.00844677364435638,0.191,TRUE,FALSE
"NM_178794","Zrsr2","Zrsr2","Midbrain","15.5","15.5",1,"lower",0.14725,0.14725,0.00197008180855749,0.0267500000000001,0.00378334281785782,0.1005,TRUE,TRUE
"NM_029531","Zfp60","Zfp60","Midbrain","15.5","15.5",1,"higher",0.194975,0.194975,0.00199111077756037,0.04635,0.00355266904891593,0.181,TRUE,TRUE
"NM_009453","Zrsr2","Zrsr2","Midbrain","15.5","15.5",1,"higher",0.14725,0.14725,0.00201235497611659,0.02675,0.00378334281785782,0.1005,TRUE,TRUE
"NM_010561","Ilf3","Ilf3","Midbrain","15.5","15.5",1,"higher",0.11985,0.11985,0.002039415143955,0.03405,0.00909289361112403,0.0898,TRUE,TRUE
"NM_001005507","Smg7","Smg7","Midbrain","15.5","15.5",1,"higher",0.2939,0.2939,0.00208797822897337,0.0753,0.00569568326894093,0.2332,TRUE,FALSE
"NM_023908","Slco3a1","Slco3a1","Midbrain","15.5","15.5",1,"lower",0.129075,0.129075,0.00208797822897337,0.08325,0.00399658164411346,0.1156,TRUE,TRUE
"NM_001111312","Lrrfip1","Lrrfip1","Midbrain","15.5","15.5",1,"lower",0.2203,0.2203,0.00211441593595904,0.0404999999999999,0.00576285765802843,0.2085,TRUE,TRUE
"NM_001113399","Zfp385b","Zfp385b","Midbrain","15.5","15.5",1,"lower",0.71615,0.71615,0.00211989105500201,0.0629999999999999,0.00577886847273075,0.5749,TRUE,FALSE
"NM_027287","Dnajb4","Dnajb4","Midbrain","15.5","15.5",1,"lower",0.28875,0.28875,0.00224520142121268,0.05385,0.00429349791745464,0.2623,TRUE,TRUE
"NM_025926","Dnajb4","Dnajb4","Midbrain","15.5","15.5",1,"higher",0.28875,0.28875,0.00225271439938478,0.0538500000000001,0.00429349791745464,0.2623,TRUE,TRUE
"NM_001145922","Arhgef40","Arhgef40","Midbrain","15.5","15.5",1,"lower",0.400425,0.400425,0.00225557094204754,0.0904,2.63796231713569e-06,0.3233,TRUE,TRUE
"NM_001038643","Slco3a1","Slco3a1","Midbrain","15.5","15.5",1,"higher",0.129075,0.129075,0.0022859626167502,0.0832499999999999,0.00399658164411346,0.1156,TRUE,TRUE
"NM_001243041","Adk","Adk","Midbrain","15.5","15.5",1,"higher",0.24525,0.24525,0.00238520507550291,0.0282999999999999,0.00457386917034234,0.2043,TRUE,TRUE
"NM_145544","Rap1gds1","Rap1gds1","Midbrain","15.5","15.5",1,"lower",0.2681,0.2681,0.0024093302757703,0.0518,0.00657544382218131,0.2165,TRUE,FALSE
"NM_134079","Adk","Adk","Midbrain","15.5","15.5",1,"lower",0.24525,0.24525,0.00254006241578328,0.0283000000000001,0.00457386917034234,0.2043,TRUE,TRUE
"NM_007461","Apba2","Apba2","Midbrain","15.5","15.5",1,"lower",0.286175,0.286175,0.00254401281151758,0.0374999999999999,0.0033388805807979,0.2278,TRUE,TRUE
"NM_029810","Nt5c2","Nt5c2","Midbrain","15.5","15.5",1,"higher",0.78895,0.78895,0.00256759915417326,0.08135,5.78465513688771e-09,0.7322,TRUE,TRUE
"NM_001080749","Gtf2i","Gtf2i","Midbrain","15.5","15.5",1,"higher",0.157475,0.157475,0.00261555748833847,0.03865,1.47586609636902e-07,0.1345,TRUE,TRUE
"NM_001001602","Dab2ip","Dab2ip","Midbrain","15.5","15.5",1,"higher",0.1527,0.1527,0.00266607085164416,0.00285,0.00293772548944848,0.1352,TRUE,TRUE
"NM_001290370","Nmt2","Nmt2","Midbrain","15.5","15.5",1,"lower",0.2857,0.2857,0.00267929615023552,0.0407500000000001,0.00940793584027476,0.247,TRUE,FALSE
"NM_173350","Osbpl9","Osbpl9","Midbrain","15.5","15.5",1,"higher",0.28535,0.28535,0.00268504781716716,0.0323,0.000291206299544076,0.2533,TRUE,TRUE
"NM_001276425","St6galnac4","St6galnac4","Midbrain","15.5","15.5",1,"higher",0.2831,0.2831,0.00275302174541099,0.0573,0.00532366638197485,0.2427,TRUE,TRUE
"NM_199012","Fchsd2","Fchsd2","Midbrain","15.5","15.5",1,"lower",0.63315,0.63315,0.00276128880517214,0.0393,0.00533467791634313,0.5954,TRUE,TRUE
"NM_001146010","Fchsd2","Fchsd2","Midbrain","15.5","15.5",1,"higher",0.63315,0.63315,0.00276530632512658,0.0393,0.00533467791634313,0.5954,TRUE,TRUE
"NM_008053","Fxr1","Fxr1","Midbrain","15.5","15.5",1,"lower",0.2168,0.2168,0.00277833221252091,0.0664499999999999,0.000170273417698436,0.1741,TRUE,TRUE
"NM_011373","St6galnac4","St6galnac4","Midbrain","15.5","15.5",1,"lower",0.2831,0.2831,0.00280567727613164,0.0573000000000001,0.00532366638197485,0.2427,TRUE,TRUE
"NM_018882","Adgrg1","Adgrg1","Midbrain","15.5","15.5",1,"lower",0.4971,0.4971,0.00283069364684993,0.04205,0.00545937053880971,0.4251,TRUE,TRUE
"NM_001146073","Hexdc","Hexdc","Midbrain","15.5","15.5",1,"lower",0.2789,0.2789,0.00283069364684993,0.0423,0.00545937053880971,0.2642,TRUE,TRUE
"NM_001001333","Hexdc","Hexdc","Midbrain","15.5","15.5",1,"higher",0.2789,0.2789,0.00285739914405102,0.0423,0.00545937053880971,0.2642,TRUE,TRUE
"NM_023122","Gpm6b","Gpm6b","Midbrain","15.5","15.5",1,"lower",0.149475,0.149475,0.00287133232716306,0.0924,5.82569747289153e-08,0.1259,TRUE,FALSE
"NM_026148","Lims1","Lims1","Midbrain","15.5","15.5",1,"lower",0.19615,0.19615,0.00292806259331373,0.0534999999999998,0.000537748657774149,0.1668,TRUE,TRUE
"NM_001294140","Gyk","Gyk","Midbrain","15.5","15.5",1,"lower",0.6522,0.6522,0.00307127019960974,0.0949999999999998,0.0109206707311378,0.6121,TRUE,FALSE
"NM_001198894","Adgrg1","Adgrg1","Midbrain","15.5","15.5",1,"higher",0.4971,0.4971,0.00313298667085946,0.04205,0.00545937053880971,0.4251,TRUE,TRUE
"NM_001305045","Uap1","Uap1","Midbrain","15.5","15.5",1,"higher",0.44075,0.44075,0.00314639156014918,0.07005,0.000398016456131409,0.4142,TRUE,TRUE
"NM_001301211","Ap1g1","Ap1g1","Midbrain","15.5","15.5",1,"higher",0.50235,0.50235,0.00316088144031451,0.0816,0.00609566262267446,0.459,TRUE,TRUE
"NM_021465","Stag2","Stag2","Midbrain","15.5","15.5",1,"higher",0.211,0.211,0.00316442196846317,0.0563,0.00871774560698317,0.1986,TRUE,FALSE
"NM_023735","Actr3","Actr3","Midbrain","15.5","15.5",1,"lower",0.1718,0.1718,0.00318699539274118,0.0272999999999999,0.00876985429292696,0.1631,TRUE,FALSE
"NM_009677","Ap1g1","Ap1g1","Midbrain","15.5","15.5",1,"lower",0.50235,0.50235,0.00319030571413005,0.0816,0.00609566262267446,0.459,TRUE,TRUE
"NM_009412","Tpd52","Tpd52","Midbrain","15.5","15.5",1,"higher",0.504775,0.504775,0.00320044786585617,0.0938,0.000371513046632114,0.441,TRUE,TRUE
"NM_001286809","Camk2a","Camk2a","Midbrain","15.5","15.5",1,"higher",0.4627,0.4627,0.0032173603093706,0.0181,7.28673164971092e-11,0.4491,TRUE,TRUE
"NM_001291162","Znfx1","Znfx1","Midbrain","11.5","11.5",1,"higher",0.31875,0.31875,0.00323677163785637,0.026,0.00625278553296297,0.3,TRUE,TRUE
"NM_001033196","Znfx1","Znfx1","Midbrain","11.5","11.5",1,"lower",0.31875,0.31875,0.00323761823475802,0.0259999999999999,0.00625278553296297,0.3,TRUE,TRUE
"NM_001293776","Chtop","Chtop","Midbrain","15.5","15.5",1,"higher",0.16135,0.16135,0.00325449009817882,0.04515,1.83299137522954e-15,0.1439,TRUE,TRUE
"NM_018764","Pcdh7","Pcdh7","Midbrain","15.5","15.5",1,"higher",0.24205,0.24205,0.00348363244022567,0.00760000000000001,0.00672856034434157,0.1978,TRUE,TRUE
"NM_001122758","Pcdh7","Pcdh7","Midbrain","15.5","15.5",1,"lower",0.24205,0.24205,0.00359609581716045,0.00760000000000005,0.00672856034434157,0.1978,TRUE,TRUE
"NM_001252456","Ptprs","Ptprs","Midbrain","15.5","15.5",1,"higher",0.3187,0.3187,0.00364795952279458,0.02115,1.64279156355169e-08,0.2929,TRUE,TRUE
"NR_037603","Kat5","Kat5","Midbrain","15.5","15.5",1,"lower",0.2602,0.2602,0.00365155815662637,0.00719999999999998,0.0158530104935716,0.2242,TRUE,FALSE
"NM_172615","1700021K19Rik","1700021K19Rik","Midbrain","15.5","15.5",1,"higher",0.772775,0.772775,0.00374172231413368,0.02855,0.00722059812893789,0.7118,TRUE,TRUE
"NM_001200038","1700021K19Rik","1700021K19Rik","Midbrain","15.5","15.5",1,"lower",0.772775,0.772775,0.00375139589420321,0.02855,0.00722059812893789,0.7118,TRUE,TRUE
"NM_030263","Psd3","Psd3","Midbrain","15.5","15.5",1,"higher",0.28205,0.28205,0.00393981111730557,0.0654,1.39257959571715e-07,0.2625,TRUE,FALSE
"NM_001042707","Ilf3","Ilf3","Midbrain","15.5","15.5",1,"lower",0.121375,0.121375,0.00394051720239577,0.0111,0.00909289361112403,0.0901,TRUE,TRUE
"NM_001252621","Spock3","Spock3","Midbrain","15.5","15.5",1,"higher",0.38255,0.38255,0.00415872136623203,0.0236,0.0114485234576416,0.2248,TRUE,FALSE
"NM_001293792","Ints10","Ints10","Midbrain","15.5","15.5",1,"lower",0.59185,0.59185,0.004207504396971,0.0483000000000002,0.000588627699279526,0.5164,TRUE,TRUE
"NM_199448","Fez2","Fez2","Midbrain","15.5","15.5",1,"higher",0.256375,0.256375,0.00422920731061066,0.0496,0.015048099936421,0.2061,TRUE,TRUE
"NM_001163329","Ralyl","Ralyl","Midbrain","15.5","15.5",1,"lower",0.41705,0.41705,0.00435637645858623,0.08245,2.3903583854988e-12,0.3997,TRUE,TRUE
"NM_011551","Ubtf","Ubtf","Midbrain","15.5","15.5",1,"lower",0.179475,0.179475,0.00440332847710257,0.0477000000000001,0.0155976822897941,0.1338,TRUE,FALSE
"NM_001122832","Eps15l1","Eps15l1","Midbrain","15.5","15.5",1,"higher",0.12825,0.12825,0.00440332847710257,0.0193,0.0121370953497332,0.1126,TRUE,FALSE
"NM_015763","Lpin1","Lpin1","Midbrain","15.5","15.5",1,"higher",0.632375,0.632375,0.00451202217639553,0.0727,3.55589696349186e-11,0.5243,TRUE,FALSE
"NM_001160326","Serp2","Serp2","Midbrain","15.5","15.5",1,"lower",0.11365,0.11365,0.00455125329102422,0.01005,0.00872743486779316,0.1024,TRUE,TRUE
"NM_001282044","Schip1","Schip1","Midbrain","15.5","15.5",1,"higher",0.17845,0.17845,0.00457592728625332,0.02755,3.74782721396813e-12,0.1441,TRUE,TRUE
"NM_001290703","Slc25a14","Slc25a14","Midbrain","12.5","12.5",1,"lower",0.104875,0.104875,0.00458888196852605,0.02295,0.00866701267660541,0.0456,TRUE,FALSE
"NM_008028","Flot2","Flot2","Midbrain","15.5","15.5",1,"lower",0.1365,0.1365,0.00459848606805719,0.032,0.0162975214574435,0.1288,TRUE,TRUE
"NM_178279","Pxk","Pxk","Midbrain","15.5","15.5",1,"lower",0.47425,0.47425,0.004783347950348,0.0773499999999999,0.00915027615297937,0.423,TRUE,TRUE
"NM_145458","Pxk","Pxk","Midbrain","15.5","15.5",1,"higher",0.47425,0.47425,0.00479117431557388,0.07735,0.00915027615297937,0.423,TRUE,TRUE
"NM_001252587","Zmynd8","Zmynd8","Midbrain","15.5","15.5",1,"higher",0.17655,0.17655,0.004902638262401,0.0369500000000001,5.87061765779427e-07,0.1382,TRUE,TRUE
"NM_001289771","Exoc1","Exoc1","Midbrain","15.5","15.5",1,"higher",0.6672,0.6672,0.00492097442147404,0.0308,5.41345698823001e-06,0.6312,TRUE,TRUE
"NM_053082","Tspan4","Tspan4","Midbrain","15.5","15.5",1,"higher",0.359325,0.359325,0.00494654192581104,0.0366,0.00945786291275811,0.3313,TRUE,TRUE
"NM_001146031","Nrcam","Nrcam","Midbrain","15.5","15.5",1,"higher",0.5168,0.5168,0.00500279321486776,0.0753999999999999,0.00958705703670661,0.3849,TRUE,TRUE
"NM_176930","Nrcam","Nrcam","Midbrain","15.5","15.5",1,"lower",0.5168,0.5168,0.00500279321486776,0.0753999999999999,0.00958705703670661,0.3849,TRUE,TRUE
"NM_001252588","Tspan4","Tspan4","Midbrain","15.5","15.5",1,"lower",0.359325,0.359325,0.00503974443736081,0.0366,0.00945786291275811,0.3313,TRUE,TRUE
"NR_027699","Serp2","Serp2","Midbrain","15.5","15.5",1,"higher",0.11365,0.11365,0.00507458401467301,0.01005,0.00872743486779316,0.1024,TRUE,TRUE
"NM_001145552","2310045N01Rik","2310045N01Rik","Midbrain","15.5","15.5",1,"higher",0.39195,0.39195,0.00511910442687658,0,2.25061863420982e-06,0.367,TRUE,TRUE
"NM_001139509","Nr4a2","Nr4a2","Midbrain","15.5","15.5",1,"higher",0.7727,0.7727,0.00514493092447686,0.01025,0.0099002908111487,0.6982,TRUE,TRUE
"NM_013613","Nr4a2","Nr4a2","Midbrain","15.5","15.5",1,"lower",0.7727,0.7727,0.00515173383351831,0.0102500000000001,0.0099002908111487,0.6982,TRUE,TRUE
"NM_007709","Cited1","Cited1","Midbrain","15.5","15.5",1,"lower",0.1903,0.1903,0.00517555264001111,0.0257,0.0182490734370345,0.1548,TRUE,FALSE
"NM_001166456","Slc38a1","Slc38a1","Midbrain","15.5","15.5",1,"lower",0.118,0.118,0.00527240600823663,0.0578,0.0146538343247768,0.1035,TRUE,TRUE
"NM_001145807","Brinp3","Brinp3","Midbrain","15.5","15.5",1,"higher",0.78425,0.78425,0.00527930459861877,0.03475,0.0101721431926198,0.7831,TRUE,TRUE
"NM_153539","Brinp3","Brinp3","Midbrain","15.5","15.5",1,"lower",0.78425,0.78425,0.00527930459861877,0.0347499999999999,0.0101721431926198,0.7831,TRUE,TRUE
"NM_173021","Phka1","Phka1","Midbrain","15.5","15.5",1,"higher",0.4673,0.4673,0.00557861307573539,0.01445,0.0108151567852522,0.4234,TRUE,TRUE
"NM_001253831","Atp2c1","Atp2c1","Midbrain","15.5","15.5",1,"higher",0.19695,0.19695,0.00569246465024141,0.0414,0.0199560567526531,0.1433,TRUE,TRUE
"NM_008903","Ppap2a","Ppap2a","Midbrain","15.5","15.5",1,"higher",0.18545,0.18545,0.00577487726246903,0.0496,0.0111672299645835,0.172,TRUE,TRUE
"NM_008247","Ppap2a","Ppap2a","Midbrain","15.5","15.5",1,"lower",0.18545,0.18545,0.00580685459332259,0.0496000000000001,0.0111672299645835,0.172,TRUE,TRUE
"NM_145732","Ctnna2","Ctnna2","Midbrain","15.5","15.5",1,"higher",0.2721,0.2721,0.00582551615368078,0.02795,0.0161077002354831,0.2324,TRUE,FALSE
"NM_011514","Suv39h1","Suv39h1","Midbrain","14.5","14.5",1,"higher",0.210275,0.210275,0.00582551615368078,0.0710500000000001,0.0112182051703481,0.1998,TRUE,TRUE
"NM_001079844","Gpc6","Gpc6","Midbrain","11.5","11.5",1,"lower",0.12025,0.12025,0.00582913863338597,0.06215,0.00201629069111758,0.104,TRUE,TRUE
"NM_010598","Kcnab2","Kcnab2","Midbrain","15.5","15.5",1,"lower",0.6733,0.6733,0.00585126483178801,0.03825,0.00228858610118763,0.434,TRUE,TRUE
"NM_011821","Gpc6","Gpc6","Midbrain","11.5","11.5",1,"higher",0.12025,0.12025,0.00585126483178801,0.0621499999999999,0.00201629069111758,0.104,TRUE,TRUE
"NM_001290716","Suv39h1","Suv39h1","Midbrain","14.5","14.5",1,"lower",0.210275,0.210275,0.00586784988714139,0.0710500000000001,0.0112182051703481,0.1998,TRUE,TRUE
"NM_008832","Phka1","Phka1","Midbrain","15.5","15.5",1,"lower",0.4673,0.4673,0.00591961590196023,0.0144500000000001,0.0108151567852522,0.4234,TRUE,TRUE
"NM_001039387","Nsmf","Nsmf","Midbrain","15.5","15.5",1,"higher",0.646375,0.646375,0.00612456115675084,0.09935,0.0263420518489577,0.6198,TRUE,FALSE
"NM_001039195","Gria2","Gria2","Midbrain","15.5","15.5",1,"lower",0.6068,0.6068,0.00612456115675084,0.0174000000000001,0.0168780143721863,0.3788,TRUE,FALSE
"NM_009670","Ank3","Ank3","Midbrain","15.5","15.5",1,"higher",0.13495,0.13495,0.00614055447613823,0.0124,1.54717432745371e-08,0.123,TRUE,TRUE
"NM_001199187","Ascc1","Ascc1","Midbrain","15.5","15.5",1,"lower",0.29275,0.29275,0.00619479970294308,0.04525,0.0120575936345508,0.2447,TRUE,TRUE
"NM_026937","Ascc1","Ascc1","Midbrain","15.5","15.5",1,"higher",0.29275,0.29275,0.00626151836442636,0.0452500000000001,0.0120575936345508,0.2447,TRUE,TRUE
"NM_031998","Cep41","Cep41","Midbrain","15.5","15.5",1,"lower",0.18765,0.18765,0.0063228436966003,0.0421,0.0173983301547089,0.1678,TRUE,TRUE
"NM_001301737","Dnm1","Dnm1","Midbrain","15.5","15.5",1,"lower",0.25565,0.25565,0.00637027164280687,0.02515,1.13742301716264e-05,0.1967,TRUE,TRUE
"NM_001293631","Slc37a4","Slc37a4","Midbrain","15.5","15.5",1,"lower",0.318975,0.318975,0.0063862751512959,0.0731999999999999,0.00196249858605817,0.3041,TRUE,TRUE
"NM_001199204","Spag9","Spag9","Midbrain","15.5","15.5",1,"higher",0.332925,0.332925,0.0064767136630593,0.04275,6.41786876591917e-10,0.318,TRUE,TRUE
"NM_016759","Rundc3a","Rundc3a","Midbrain","15.5","15.5",1,"lower",0.23755,0.23755,0.00660854379369958,0.00474999999999992,0.012882777209598,0.078,TRUE,TRUE
"NM_028975","Tmem33","Tmem33","Midbrain","15.5","15.5",1,"lower",0.187175,0.187175,0.00669849484309605,0.0220499999999998,0.0182907725314319,0.1856,TRUE,FALSE
"NM_001244200","Pax6","Pax6","Midbrain","15.5","15.5",1,"lower",0.1671,0.1671,0.00673858158064354,0.0864,2.21430845967786e-12,0.1551,TRUE,TRUE
"NM_001252250","Nf2","Nf2","Midbrain","15.5","15.5",1,"higher",0.381925,0.381925,0.00690895450792268,0.0558,0.0244069316664974,0.3039,TRUE,TRUE
"NM_029709","Clasp1","Clasp1","Midbrain","15.5","15.5",1,"higher",0.3255,0.3255,0.00703450728502523,0.0738999999999999,3.23452240580021e-11,0.2529,TRUE,TRUE
"NM_001114312","Shtn1","Shtn1","Midbrain","15.5","15.5",1,"higher",0.8418,0.8418,0.00715665080272089,0.0181,0.0140246367222366,0.84,TRUE,TRUE
"NM_175172","Shtn1","Shtn1","Midbrain","15.5","15.5",1,"lower",0.8418,0.8418,0.00715665080272089,0.0181,0.0140246367222366,0.84,TRUE,TRUE
"NM_001033988","Ncoa4","Ncoa4","Midbrain","15.5","15.5",1,"lower",0.396,0.396,0.00715665080272089,0.0751000000000001,0.0197128874397514,0.3402,TRUE,TRUE
"NM_153118","Fnbp1l","Fnbp1l","Midbrain","15.5","15.5",1,"higher",0.14615,0.14615,0.00715825143357804,0.0275000000000001,0.0140246367222366,0.1222,TRUE,TRUE
"NM_001285940","Fez2","Fez2","Midbrain","15.5","15.5",1,"lower",0.25545,0.25545,0.00715845232242467,0.04615,0.015048099936421,0.2055,TRUE,TRUE
"NM_001284360","Nprl3","Nprl3","Midbrain","15.5","15.5",1,"lower",0.256975,0.256975,0.00716438548095935,0.0518999999999999,0.0255184800967319,0.2215,TRUE,FALSE
"NM_001093753","Srsf11","Srsf11","Midbrain","15.5","15.5",1,"lower",0.119975,0.119975,0.00717239543014854,0.02495,0.0140246367222366,0.0656,TRUE,TRUE
"NM_001267626","Dpf3","Dpf3","Midbrain","15.5","15.5",1,"higher",0.1089,0.1089,0.00717239543014854,0.0285500000000002,0.00926128871337851,0.0879,TRUE,FALSE
"NM_022332","St7","St7","Midbrain","15.5","15.5",1,"lower",0.433175,0.433175,0.00720078636116059,0.0998499999999999,0.03135604336154,0.2243,TRUE,FALSE
"NM_029334","Zc3h14","Zc3h14","Midbrain","15.5","15.5",1,"higher",0.1997,0.1997,0.00720268832416944,0.03555,0.0257360657607096,0.1694,TRUE,TRUE
"NM_001252347","Rundc3a","Rundc3a","Midbrain","15.5","15.5",1,"higher",0.23755,0.23755,0.00726335705608144,0.00474999999999999,0.012882777209598,0.078,TRUE,TRUE
"NM_001077362","Fhl1","Fhl1","Midbrain","15.5","15.5",1,"higher",0.17165,0.17165,0.00732976961165445,0.01445,4.6424208771705e-12,0.149,TRUE,TRUE
"NM_029791","Bicd2","Bicd2","Midbrain","15.5","15.5",1,"higher",0.86115,0.86115,0.00747222561055712,0.04815,1.17380002979619e-09,0.8417,TRUE,TRUE
"NM_001114665","Fnbp1l","Fnbp1l","Midbrain","15.5","15.5",1,"lower",0.14615,0.14615,0.00747222561055712,0.0275000000000001,0.0140246367222366,0.1222,TRUE,TRUE
"NR_015475","1700086O06Rik","1700086O06Rik","Midbrain","15.5","15.5",1,"higher",0.175825,0.175825,0.00766076386866658,0.01555,0.0209521737148306,0.1078,TRUE,FALSE
"NM_019744","Ncoa4","Ncoa4","Midbrain","15.5","15.5",1,"higher",0.39155,0.39155,0.00775537702944886,0.0751,0.0197128874397514,0.3402,TRUE,TRUE
"NM_138306","Dgkz","Dgkz","Midbrain","15.5","15.5",1,"lower",0.18005,0.18005,0.00786578776674103,0.0107499999999999,0.0155267269991624,0.1495,TRUE,TRUE
"NM_001001792","Zfp239","Zfp239","Midbrain","15.5","15.5",1,"higher",0.6099,0.6099,0.00794878685380019,0.0406500000000001,0.0156845588515284,0.4513,TRUE,TRUE
"NM_008616","Zfp239","Zfp239","Midbrain","15.5","15.5",1,"lower",0.6099,0.6099,0.00795752172443608,0.04065,0.0156845588515284,0.4513,TRUE,TRUE
"NM_177981","Hap1","Hap1","Midbrain","15.5","15.5",1,"lower",0.24525,0.24525,0.0079794478317694,0.0387,0.0157611310603174,0.1557,TRUE,TRUE
"NM_010404","Hap1","Hap1","Midbrain","15.5","15.5",1,"higher",0.24525,0.24525,0.0079794478317694,0.0387000000000001,0.0157611310603174,0.1557,TRUE,TRUE
"NM_001277954","Sh3gl3","Sh3gl3","Midbrain","15.5","15.5",1,"lower",0.233625,0.233625,0.00799082810438187,0.055,0.00861446184123562,0.1725,TRUE,FALSE
"NM_001093752","Srsf11","Srsf11","Midbrain","15.5","15.5",1,"higher",0.119975,0.119975,0.00806707846669651,0.0249499999999999,0.0140246367222366,0.0656,TRUE,TRUE
"NM_008851","Pitpnm1","Pitpnm1","Midbrain","11.5","11.5",1,"lower",0.143275,0.143275,0.0082940486825104,0.08665,1.59627489977995e-10,0.1035,TRUE,TRUE
"NM_001301424","Slc7a1","Slc7a1","Midbrain","15.5","15.5",1,"lower",0.452525,0.452525,0.00832712733302985,0.04055,0.0163924019387376,0.4464,TRUE,TRUE
"NM_007513","Slc7a1","Slc7a1","Midbrain","15.5","15.5",1,"higher",0.452525,0.452525,0.00832887297216704,0.0405500000000001,0.0163924019387376,0.4464,TRUE,TRUE
"NM_001177667","Sptan1","Sptan1","Midbrain","15.5","15.5",1,"lower",0.309175,0.309175,0.00832994669123044,0.0609499999999999,7.15701302425812e-06,0.2075,TRUE,TRUE
"NM_001046637","Snrpa","Snrpa","Midbrain","15.5","15.5",1,"lower",0.154025,0.154025,0.0083851484755614,0.0445,1.83849251308797e-05,0.0961,TRUE,TRUE
"NM_138681","Bcas3","Bcas3","Midbrain","15.5","15.5",1,"lower",0.3111,0.3111,0.00839025666181742,0.03255,0.023537188552585,0.2617,TRUE,FALSE
"NM_001289654","Fhod3","Fhod3","Midbrain","15.5","15.5",1,"lower",0.3145,0.3145,0.00839912183016106,0.0982499999999999,0.0042480817861342,0.2783,TRUE,FALSE
"NM_001166597","Dgkz","Dgkz","Midbrain","15.5","15.5",1,"higher",0.18005,0.18005,0.00862955181267557,0.01075,0.0155267269991624,0.1495,TRUE,TRUE
"NM_001166458","Slc38a1","Slc38a1","Midbrain","15.5","15.5",1,"higher",0.1231,0.1231,0.00868753233671552,0.0374,0.0146538343247768,0.0905,TRUE,TRUE
"NR_075078","Pitpnm1","Pitpnm1","Midbrain","11.5","11.5",1,"higher",0.143275,0.143275,0.00884374557260413,0.0866499999999999,1.59627489977995e-10,0.1035,TRUE,TRUE
"NM_001039951","Zfp606","Zfp606","Midbrain","15.5","15.5",1,"higher",0.1348,0.1348,0.00884374557260413,0.0201,0.0173387029415711,0.0864,TRUE,TRUE
"NM_010064","Dync1i2","Dync1i2","Midbrain","15.5","15.5",1,"higher",0.14205,0.14205,0.00901162851596375,0.0227999999999999,1.20203660657593e-10,0.123,TRUE,TRUE
"NM_182716","Nfasc","Nfasc","Midbrain","15.5","15.5",1,"lower",0.6157,0.6157,0.00904174358154923,0.0296500000000003,0.0326911519509259,0.3246,TRUE,FALSE
"NM_001252501","Sorcs1","Sorcs1","Midbrain","15.5","15.5",1,"lower",0.266875,0.266875,0.00910646001364579,0.0972000000000001,0.0164144096111235,0.1882,TRUE,FALSE
"NM_133817","Zfp451","Zfp451","Midbrain","15.5","15.5",1,"higher",0.16915,0.16915,0.00931735071798394,0.03585,0.0260794171721386,0.1524,TRUE,TRUE
"NM_010611","Kcnq2","Kcnq2","Midbrain","15.5","15.5",1,"lower",0.15185,0.15185,0.00932409450206164,0.06855,4.98768628452785e-10,0.1084,TRUE,FALSE
"NM_001290700","Zfp451","Zfp451","Midbrain","15.5","15.5",1,"lower",0.16915,0.16915,0.00969950166026346,0.0358499999999999,0.0260794171721386,0.1524,TRUE,TRUE
"NM_001145834","Ralgds","Ralgds","Midbrain","15.5","15.5",1,"lower",0.22365,0.22365,0.00985255583778032,0.0742999999999999,0.0351989332258801,0.2014,TRUE,FALSE
"NM_028029","Dnmbp","Dnmbp","Midbrain","15.5","15.5",1,"higher",0.19355,0.19355,0.0101697211599542,0.0586999999999999,0.0198122125831315,0.1635,TRUE,TRUE
"NR_130775","Cep41","Cep41","Midbrain","15.5","15.5",1,"higher",0.1872,0.1872,0.0101807215366861,0.03995,0.0173983301547089,0.1652,TRUE,TRUE
"NM_001037099","Cacnb4","Cacnb4","Midbrain","15.5","15.5",1,"higher",0.50475,0.50475,0.0101941540514227,0.02355,7.2448290766165e-07,0.1827,TRUE,TRUE
"NM_001284248","Hdac5","Hdac5","Midbrain","15.5","15.5",1,"higher",0.13575,0.13575,0.0102365343453946,0.00515,0.0456998168091889,0.1137,TRUE,FALSE
"NM_026112","Zfp606","Zfp606","Midbrain","15.5","15.5",1,"lower",0.1348,0.1348,0.0102932271311493,0.0201000000000001,0.0173387029415711,0.0864,TRUE,TRUE
"NM_001306088","Dnmbp","Dnmbp","Midbrain","15.5","15.5",1,"lower",0.19355,0.19355,0.0104709253043258,0.0587,0.0198122125831315,0.1635,TRUE,TRUE
"NM_001146224","Dpy30","Dpy30","Midbrain","15.5","15.5",1,"higher",0.1384,0.1384,0.0105675350480562,0.0283,0.029862102958886,0.0953,TRUE,TRUE
"NM_145602","Ndrg4","Ndrg4","Midbrain","15.5","15.5",1,"lower",0.38715,0.38715,0.0106529412257331,0.0184500000000001,0.0208597397338472,0.3598,TRUE,TRUE
"NM_001190817","Dnajc1","Dnajc1","Midbrain","14.5","14.5",1,"higher",0.186475,0.186475,0.0106610444023389,0.05595,0.0203642679793701,0.1499,TRUE,TRUE
"NM_001195006","Ndrg4","Ndrg4","Midbrain","15.5","15.5",1,"higher",0.38715,0.38715,0.0107173034238203,0.01845,0.0208597397338472,0.3598,TRUE,TRUE
"NM_001242390","Trip10","Trip10","Midbrain","15.5","15.5",1,"higher",0.264,0.264,0.010789408918215,0.038,0.0305652169271908,0.2221,TRUE,FALSE
"NM_007869","Dnajc1","Dnajc1","Midbrain","14.5","14.5",1,"lower",0.186475,0.186475,0.010789408918215,0.0559499999999998,0.0203642679793701,0.1499,TRUE,TRUE
"NM_001195048","Pak3","Pak3","Midbrain","15.5","15.5",1,"lower",0.3366,0.3366,0.0109953799377498,0.0187000000000001,0.0494616457813763,0.2123,TRUE,FALSE
"NM_001045864","Nelfe","Nelfe","Midbrain","15.5","15.5",1,"lower",0.22195,0.22195,0.0114436674928618,0.07825,0.0323326509172646,0.191,TRUE,FALSE
"NM_009806","Cask","Cask","Midbrain","15.5","15.5",1,"higher",0.6028,0.6028,0.0118723792564993,0.00555,3.31739825385967e-07,0.5375,TRUE,TRUE
"NM_153410","Gpsm1","Gpsm1","Midbrain","15.5","15.5",1,"lower",0.258475,0.258475,0.0120229179806832,0.0436500000000002,0.0336910251031841,0.232,TRUE,TRUE
"NM_028387","Macrod2","Macrod2","Midbrain","15.5","15.5",1,"higher",0.2531,0.2531,0.0121330501737995,0.0294,0.0238656555099461,0.2323,TRUE,TRUE
"NM_001199146","Gpsm1","Gpsm1","Midbrain","15.5","15.5",1,"higher",0.259375,0.259375,0.0121435296825665,0.0412,0.0336910251031841,0.233,TRUE,TRUE
"NM_001162432","Lck","Lck","Midbrain","15.5","15.5",1,"lower",0.82665,0.82665,0.0121758611494962,0,0.0239321039259954,0.6957,TRUE,TRUE
"NM_001289732","Dach2","Dach2","Midbrain","15.5","15.5",1,"higher",0.423375,0.423375,0.0121963704303342,0.05775,0.0448107307343489,0.1743,TRUE,FALSE
"NM_019840","Pde4b","Pde4b","Midbrain","15.5","15.5",1,"higher",0.3192,0.3192,0.0122632224587154,0.0650499999999999,0.0451735786511596,0.2192,TRUE,FALSE
"NM_001114597","Ehbp1l1","Ehbp1l1","Midbrain","15.5","15.5",1,"higher",0.17845,0.17845,0.0122935007973414,0.0146,0.0452549825093043,0.1718,TRUE,FALSE
"NM_001122730","Tnrc18","Tnrc18","Midbrain","15.5","15.5",1,"higher",0.1979,0.1979,0.0124213882341846,0.07925,0.0244069316664974,0.1742,TRUE,TRUE
"NM_001013802","Macrod2","Macrod2","Midbrain","15.5","15.5",1,"lower",0.2531,0.2531,0.0125248290107616,0.0294000000000002,0.0238656555099461,0.2323,TRUE,TRUE
"NM_001291063","Elf2","Elf2","Midbrain","15.5","15.5",1,"higher",0.15165,0.15165,0.0125248290107616,0,1.78621893761478e-07,0.1276,TRUE,FALSE
"NM_021402","Ube2j2","Ube2j2","Midbrain","15.5","15.5",1,"lower",0.205525,0.205525,0.0131510653298763,0.0773000000000001,0.00501053113835418,0.1979,TRUE,TRUE
"NM_001253740","Tpm3","Tpm3","Midbrain","15.5","15.5",1,"lower",0.1112,0.1112,0.0131768310333472,0.0605,3.98029173901929e-05,0.084,TRUE,TRUE
"NM_178242","Tnrc18","Tnrc18","Midbrain","15.5","15.5",1,"lower",0.1979,0.1979,0.0133756870216256,0.07925,0.0244069316664974,0.1742,TRUE,TRUE
"NM_001079686","Syne1","Syne1","Midbrain","15.5","15.5",1,"lower",0.27695,0.27695,0.0135848905844081,0.06465,5.70484119735307e-05,0.2682,TRUE,FALSE
"NM_007965","Evl","Evl","Midbrain","15.5","15.5",1,"lower",0.392975,0.392975,0.0140755569549877,0.06415,4.68649740196749e-06,0.3698,TRUE,TRUE
"NM_029096","Rita1","Rita1","Midbrain","11.5","11.5",1,"lower",0.11415,0.11415,0.0140755569549877,0.0478000000000001,0.0277820498884296,0.0706,TRUE,TRUE
"NM_001170976","Dbndd1","Dbndd1","Midbrain","15.5","15.5",1,"higher",0.1877,0.1877,0.0142446559439732,0.00775000000000001,0.000291206299544076,0.0811,TRUE,TRUE
"NM_001302505","Tmub2","Tmub2","Midbrain","15.5","15.5",1,"lower",0.1127,0.1127,0.0142630794968189,0.0515,0.0408949647584729,0.1002,TRUE,FALSE
"NM_008515","Lrrfip1","Lrrfip1","Midbrain","15.5","15.5",1,"higher",0.2041,0.2041,0.0143615235048735,0.02695,0.00576285765802843,0.1714,TRUE,TRUE
"NM_133908","Rita1","Rita1","Midbrain","11.5","11.5",1,"higher",0.11415,0.11415,0.0144258008028688,0.0478,0.0277820498884296,0.0706,TRUE,TRUE
"NM_001291508","Pbx1","Pbx1","Midbrain","15.5","15.5",1,"higher",0.6576,0.6576,0.0145752465393439,0.09215,0.000404569146763816,0.5896,TRUE,FALSE
"NM_001040403","Flot2","Flot2","Midbrain","15.5","15.5",1,"higher",0.1323,0.1323,0.0148523182012522,0.0279000000000001,0.0162975214574435,0.1104,TRUE,TRUE
"NM_011361","Sgk1","Sgk1","Midbrain","15.5","15.5",1,"higher",0.1888,0.1888,0.0158529148394141,0.0127999999999999,8.76563331393514e-08,0.1574,TRUE,TRUE
"NM_001170746","Magi2","Magi2","Midbrain","11.5","11.5",1,"higher",0.2412,0.2412,0.0166678996884377,0.0746,8.40083687019681e-10,0.2261,TRUE,FALSE
"NM_012015","H2afy","H2afy","Midbrain","15.5","15.5",1,"lower",0.11445,0.11445,0.017685270070941,0.04085,0.000175513393201972,0.0793,TRUE,TRUE
"NM_010141","Epha7","Epha7","Midbrain","15.5","15.5",1,"higher",0.13035,0.13035,0.0179484297788309,0.0510499999999999,0.00376618179850659,0.1036,TRUE,TRUE
"NM_011181","Cyth2","Cyth2","Midbrain","15.5","15.5",1,"lower",0.112,0.112,0.0183842451226126,0.0134999999999998,0.0365432020450802,0.0976999999999999,TRUE,TRUE
"NM_001162369","Mgat4c","Mgat4c","Midbrain","15.5","15.5",1,"higher",0.9814,0.9814,0.0183941736249417,0.0122,0.00492737686508426,0.9779,TRUE,TRUE
"NM_008080","B4galnt1","B4galnt1","Midbrain","15.5","15.5",1,"lower",0.34685,0.34685,0.0184272030783362,0.0477500000000001,4.89402578947874e-05,0.3031,TRUE,FALSE
"NM_001164099","Add3","Add3","Midbrain","15.5","15.5",1,"lower",0.289225,0.289225,0.0190286198576474,0.09735,0.00766328055729145,0.2739,TRUE,FALSE
"NM_028709","Btbd11","Btbd11","Midbrain","11.5","11.5",1,"lower",0.30095,0.30095,0.0192320994355638,0.0820000000000002,0.0383742502622582,0.2811,TRUE,TRUE
"NM_001291214","Myo18a","Myo18a","Midbrain","15.5","15.5",1,"higher",0.6836,0.6836,0.0192389291336065,0.05085,0.000159543201081145,0.618,TRUE,TRUE
"NM_011733","Ybx3","Ybx3","Midbrain","15.5","15.5",1,"higher",0.367875,0.367875,0.0192594949860362,0.0611,0.0383742502622582,0.2852,TRUE,TRUE
"NM_139117","Ybx3","Ybx3","Midbrain","15.5","15.5",1,"lower",0.367875,0.367875,0.0193734229734366,0.0611,0.0383742502622582,0.2852,TRUE,TRUE
"NM_001017525","Btbd11","Btbd11","Midbrain","11.5","11.5",1,"higher",0.30095,0.30095,0.0193902626177459,0.082,0.0383742502622582,0.2811,TRUE,TRUE
"NM_207515","Mbnl2","Mbnl2","Midbrain","15.5","15.5",1,"higher",0.4091,0.4091,0.0196423971583358,0.0838,0.0392622024818933,0.3402,TRUE,TRUE
"NM_175341","Mbnl2","Mbnl2","Midbrain","15.5","15.5",1,"lower",0.4091,0.4091,0.0198610912358072,0.0838000000000001,0.0392622024818933,0.3402,TRUE,TRUE
"NM_010286","Tsc22d3","Tsc22d3","Midbrain","15.5","15.5",1,"higher",0.156,0.156,0.020044365860756,0.01845,1.66660230972564e-08,0.1181,TRUE,TRUE
"NM_010327","Gp1bb","Gp1bb","Midbrain","15.5","15.5",1,"higher",0.87165,0.87165,0.0214462998466275,0.0757499999999999,0.0431342530087261,0.827,TRUE,TRUE
"NM_001001999","Gp1bb","Gp1bb","Midbrain","15.5","15.5",1,"lower",0.87165,0.87165,0.0214572193819822,0.0757500000000001,0.0431342530087261,0.827,TRUE,TRUE
"NM_001112701","Cyth2","Cyth2","Midbrain","15.5","15.5",1,"higher",0.112,0.112,0.0223168749534222,0.0135,0.0365432020450802,0.0977,TRUE,TRUE
"NM_001242372","Gon4l","Gon4l","Midbrain","16.5","16.5",1,"higher",0.423525,0.423525,0.0241135696393848,0.0998,0.0483997496002399,0.3689,TRUE,TRUE
"NM_017392","Celsr2","Celsr2","Midbrain","15.5","15.5",1,"lower",0.43655,0.43655,0.024403591003289,0.0313499999999999,0.0492233631275212,0.3141,TRUE,TRUE
"NM_001004177","Celsr2","Celsr2","Midbrain","15.5","15.5",1,"higher",0.43655,0.43655,0.0244603507265626,0.03135,0.0492233631275212,0.3141,TRUE,TRUE
"NM_027389","Gon4l","Gon4l","Midbrain","16.5","16.5",1,"lower",0.423525,0.423525,0.024587727673099,0.0997999999999999,0.0483997496002399,0.3689,TRUE,TRUE
"NR_028053","Ngrn","Ngrn","Midbrain","15.5","15.5",1,"lower",0.1586,0.1586,0.0247502319820038,0.0246500000000001,0.0498433659075493,0.121,TRUE,TRUE
"NM_010863","Myo1b","Myo1b","Midbrain","15.5","15.5",1,"higher",0.282625,0.282625,0.0253775560470381,0.00974999999999998,0.00509637486163596,0.1901,TRUE,TRUE
"NM_031375","Ngrn","Ngrn","Midbrain","15.5","15.5",1,"higher",0.1586,0.1586,0.0257803259161785,0.0246500000000001,0.0498433659075493,0.121,TRUE,TRUE
"NM_001290805","Kif3a","Kif3a","Midbrain","15.5","15.5",1,"higher",0.4575,0.4575,0.0261122891571016,0.00805,0.00464733284751499,0.2808,TRUE,TRUE
"NM_010367","Magi1","Magi1","Midbrain","15.5","15.5",1,"higher",0.2836,0.2836,0.0266623737656647,0.01605,1.97940308275454e-09,0.257,TRUE,TRUE
"NM_001146223","Dpy30","Dpy30","Midbrain","15.5","15.5",1,"lower",0.157075,0.157075,0.0270178785872408,0.0263,0.029862102958886,0.1147,TRUE,TRUE
"NM_010898","Nf2","Nf2","Midbrain","15.5","15.5",1,"lower",0.39255,0.39255,0.0272379651124312,0.0422000000000002,0.0244069316664974,0.2955,TRUE,TRUE
"NM_001081453","Nin","Nin","Midbrain","15.5","15.5",1,"higher",0.176775,0.176775,0.0273059489322701,0.0693000000000001,4.30645608949317e-09,0.0976,TRUE,TRUE
"NM_001163330","Ralyl","Ralyl","Midbrain","12.5","12.5",1,"higher",0.22205,0.22205,0.0294685253047924,0.03535,2.3903583854988e-12,0.1329,TRUE,FALSE
"NM_001008506","Zc3h14","Zc3h14","Midbrain","15.5","15.5",1,"lower",0.18025,0.18025,0.0316069878071203,0.0308,0.0257360657607096,0.157,TRUE,TRUE
"NM_001164172","Map2k7","Map2k7","Midbrain","15.5","15.5",1,"higher",0.45855,0.45855,0.034148876533844,0.0457,1.91675896543868e-05,0.3996,TRUE,FALSE
"NM_175025","Atp2c1","Atp2c1","Midbrain","15.5","15.5",1,"lower",0.31745,0.31745,0.0393956663467246,0.0667999999999999,0.0199560567526531,0.2115,TRUE,TRUE
"NM_001193303","Lims1","Lims1","Midbrain","15.5","15.5",1,"higher",0.1589,0.1589,0.0398159292514738,0.0549,0.000537748657774149,0.1178,TRUE,TRUE
"NM_001289775","Rufy3","Rufy3","Midbrain","15.5","15.5",1,"lower",0.1261,0.1261,0.0420186398152186,0.05295,7.08698783470799e-11,0.0736,TRUE,TRUE
"NM_001164150","Tcf3","Tcf3","Midbrain","15.5","15.5",1,"higher",0.19815,0.19815,0.0421732908118481,0.07815,0.00794693108037425,0.1624,TRUE,FALSE
"NM_001164798","Slc38a10","Slc38a10","Midbrain","15.5","15.5",1,"lower",0.212875,0.212875,0.0427076339041546,0.0693999999999999,0.0492233631275212,0.1663,TRUE,FALSE
"NM_001081458","Ppp2r5c","Ppp2r5c","Midbrain","15.5","15.5",1,"lower",0.16315,0.16315,0.0427713612367629,0.0354,0.00175321655610879,0.1491,TRUE,TRUE
"NM_010693","Lck","Lck","Midbrain","15.5","15.5",1,"higher",0.68355,0.68355,0.0434947723318322,0,0.0239321039259954,0.6494,TRUE,TRUE
"NM_007540","Bdnf","Bdnf","Midbrain","15.5","15.5",1,"lower",0.1403,0.1403,0.0440492324672781,0.0314,1.2669116054567e-05,0.1247,TRUE,FALSE
"NM_001277986","Snap91","Snap91","Midbrain","15.5","15.5",1,"lower",0.150725,0.150725,0.0496924579310199,0.0488,1.59533162171109e-07,0.1158,TRUE,TRUE
"NM_011586","Myo18a","Myo18a","Midbrain","11.5","11.5",1,"higher",0.30315,0.30315,0.0497018036364545,0.0308500000000002,0.000159543201081145,0.2904,TRUE,FALSE
