"gene_id","gene_name","isoform_id","region","stage","stage_index","target_mean_if","other_mean_if","target_difference","target_vs_other_1","target_vs_other_2","other_region_difference","max_pair_q","max_pair_q_by","state","gene_simes_p","gene_q","gene_bonferroni_p","gene_q_by"
"Celf2","Celf2","NM_001110228","Midbrain","15.5",6,0.0072,0.69065,-0.68345,-0.68345,-0.68345,0,7.83117866155334e-24,1.03294140545254e-22,-1,4.37950392513169e-27,2.00449894653278e-23,8.75900785026338e-27,3.61055319139331e-22
"Scg3","Scg3","NM_001164790","Midbrain","15.5",6,0,0.605825,-0.605825,-0.60585,-0.6058,4.99999999998835e-05,2.69939487499784e-22,3.56053265613862e-21,-1,8.62633178876038e-26,1.97413602985781e-22,2.98182405842091e-25,6.1456928423584e-21
"Scg3","Scg3","NM_009130","Midbrain","15.5",6,1,0.394175,0.605825,0.60585,0.6058,-4.99999999999945e-05,2.69939487499784e-22,3.56053265613862e-21,1,8.62633178876038e-26,1.97413602985781e-22,2.98182405842091e-25,6.1456928423584e-21
"Sh3kbp1","Sh3kbp1","NM_001290664","Midbrain","15.5",6,0.1675,0.0011,0.1664,0.1664,0.1664,0,2.69939487499784e-22,3.56053265613862e-21,1,2.5685871758738e-25,3.91880783465813e-22,5.1371743517476e-25,7.05865381388997e-21
"Prom1","Prom1","NM_001163577","Midbrain","15.5",6,0,0.62035,-0.62035,-0.62035,-0.62035,0,4.77143013628881e-22,6.29357081992452e-21,-1,1.14358795309311e-24,1.30855051532679e-21,2.28717590618621e-24,2.35699362545673e-20
"Atp2a2","Atp2a2","NM_009722","Midbrain","15.5",6,0.9178,0.0048,0.913,0.913,0.913,8.67361737988404e-19,2.82872071469213e-19,3.73111491506598e-18,1,4.06782558635922e-22,3.72368754175323e-19,8.13565117271845e-22,6.70719830553366e-18
"Rbfox2","Rbfox2","NM_001110830","Midbrain","15.5",6,0,0.359725,-0.359725,-0.36035,-0.3591,0.00124999999999997,7.21384071083892e-18,9.51513825006604e-17,-1,2.82398493913164e-20,2.15422984440092e-17,5.4937178790135e-20,3.77427842661621e-16
"Sh3glb1","Sh3glb1","NM_001282037","Midbrain","15.5",6,0.0012,0.59085,-0.58965,-0.58965,-0.58965,0,3.03609846176557e-17,4.00464853085905e-16,-1,8.00441393610801e-20,4.57952532319579e-17,1.6008827872216e-19,8.24875453256352e-16
"Gpm6a","Gpm6a","NM_001253754","Midbrain","15.5",6,0.9969,0.425,0.5719,0.5719,0.5719,0,3.03609846176557e-17,4.00464853085905e-16,1,3.65175567641873e-20,2.3877265329955e-17,1.29768629938294e-19,7.64170927927897e-16
"Gpm6a","Gpm6a","NM_153581","Midbrain","15.5",6,0.0031,0.5746,-0.5715,-0.5715,-0.5715,1.11022302462516e-16,3.03609846176557e-17,4.00464853085905e-16,-1,3.65175567641873e-20,2.3877265329955e-17,1.29768629938294e-19,7.64170927927897e-16
"Abr","Abr","NM_198894","Midbrain","15.5",6,0.5696,0,0.5696,0.5696,0.5696,0,3.03609846176557e-17,4.00464853085905e-16,1,9.62883127932527e-20,4.89679564060797e-17,1.92576625586505e-19,8.82022969300117e-16
"Prom1","Prom1","NM_001163584","Midbrain","15.5",6,0,0.366,-0.366,-0.366,-0.366,-5.55111512312578e-17,3.98685041762304e-17,5.25870121432237e-16,-1,1.14358795309311e-24,1.30855051532679e-21,2.28717590618621e-24,2.35699362545673e-20
"Dcx","Dcx","NM_001110223","Midbrain","15.5",6,0,0.3712,-0.3712,-0.3712,-0.3712,0,4.04038210109534e-17,5.32931011593456e-16,-1,1.87219111499185e-19,7.79001703028881e-17,3.7443822299837e-19,1.40315717792559e-15
"Chtop","Chtop","NM_001293780","Midbrain","15.5",6,0,0.123825,-0.123825,-0.11995,-0.1277,-0.00774999999999999,5.08304584398004e-17,6.70459549574239e-16,-1,4.87309659884641e-19,1.48694420886133e-16,5.76329695829752e-19,1.83299137522954e-15
"Eml1","Eml1","NM_001043336","Midbrain","15.5",6,0,0.471875,-0.471875,-0.47195,-0.4718,0.000149999999999983,5.33548667637355e-17,7.03756783550821e-16,-1,2.89856270666615e-19,1.10556012570091e-16,5.78076003654622e-19,1.83299137522954e-15
"Immt","Immt","NM_001253681","Midbrain","15.5",6,0,0.43025,-0.43025,-0.43025,-0.43025,-5.55111512312578e-17,5.33548667637355e-17,7.03756783550821e-16,-1,3.49703669603137e-19,1.23122591982581e-16,6.99407339206274e-19,2.05930645817476e-15
"Sh3glb2","Sh3glb2","NM_139302","Midbrain","15.5",6,0.7661,0,0.7661,0.7661,0.7661,0,9.53000578812814e-17,1.25701864281147e-15,1,4.11137103586258e-19,1.34412465936736e-16,8.22274207172517e-19,2.2596659451697e-15
"Asph","Asph","NM_001177856","Midbrain","15.5",6,0.01585,0.51915,-0.5033,-0.50325,-0.50335,-9.9999999999989e-05,2.36644225495471e-16,3.12136434934858e-15,-1,3.59210696206275e-18,9.67121974433011e-16,7.16760810517361e-18,1.7379775508017e-14
"Ogdh","Ogdh","NM_001252283","Midbrain","15.5",6,0.000600000000000001,0.288375,-0.287775,-0.2878,-0.28775,4.99999999999945e-05,2.97776780734608e-16,3.92770973178293e-15,-1,2.37897883466172e-18,6.8053663289042e-16,4.75157348107974e-18,1.22415468520618e-14
"Ncam1","Ncam1","NM_010875","Midbrain","15.5",6,0.4173,0.01355,0.40375,0.40375,0.40375,0,1.57883262720437e-15,2.08249825907474e-14,1,7.9465091886135e-18,2.02062069757133e-15,1.5893018377227e-17,3.63959208900101e-14
"Eef1d","Eef1d","NM_029663","Midbrain","15.5",6,0.00385,0.4276,-0.42375,-0.42375,-0.42375,1.11022302462516e-16,2.59164539310672e-15,3.41840985946713e-14,-1,2.73306057274176e-17,5.7516018460452e-15,5.46612114548353e-17,1.03599278197588e-13
"Fgf13","Fgf13","NM_001290415","Midbrain","15.5",6,0,0.325575,-0.325575,-0.32555,-0.3256,-4.99999999999945e-05,3.10717828050743e-15,4.09840362321951e-14,-1,1.7128329580172e-17,3.91981822442236e-15,3.42152016640236e-17,7.40885727529421e-14
"Odf2","Odf2","NM_001113214","Midbrain","15.5",6,0.2036,0,0.2036,0.2036,0.2036,0,3.14549777765481e-15,4.14894747740838e-14,1,3.01557668226075e-17,6.00099759769888e-15,6.03115336452149e-17,1.08091456298308e-13
"Trim9","Trim9","NM_001286388","Midbrain","15.5",6,0,0.22665,-0.22665,-0.22665,-0.22665,0,3.62258236203399e-15,4.77822749055344e-14,-1,3.69001558807488e-17,7.03716722775781e-15,7.38003117614977e-17,1.26755200527784e-13
"Arhgef7","Arhgef7","NM_001113517","Midbrain","15.5",6,0.05845,0.60525,-0.5468,-0.5468,-0.5468,0,4.19446801001808e-15,5.53255118883267e-14,-1,2.76458904551004e-17,5.7516018460452e-15,5.52917809102008e-17,1.03599278197588e-13
"Ntrk2","Ntrk2","NM_001025074","Midbrain","15.5",6,0.0563,0.54905,-0.49275,-0.49275,-0.49275,0,4.19446801001808e-15,5.53255118883267e-14,-1,1.06071034026414e-17,2.55519538283631e-15,3.59469785352977e-17,7.40885727529421e-14
"Brsk2","Brsk2","NM_001009930","Midbrain","15.5",6,1,0.2932,0.7068,0.7068,0.7068,0,4.2952766660342e-15,5.66551895693926e-14,1,3.91197203745225e-17,7.16203840616759e-15,7.82394407490451e-17,1.29004411147227e-13
"Ntrk2","Ntrk2","NM_008745","Midbrain","15.5",6,0.9437,0.45095,0.49275,0.49275,0.49275,0,4.49649559396648e-15,5.9309290199767e-14,1,1.06071034026414e-17,2.55519538283631e-15,3.59469785352977e-17,7.40885727529421e-14
"Chtop","Chtop","NM_001293779","Midbrain","15.5",6,0,0.1922,-0.1922,-0.1977,-0.1867,0.011,4.49649559396648e-15,5.9309290199767e-14,-1,4.87309659884641e-19,1.48694420886133e-16,5.76329695829752e-19,1.83299137522954e-15
"Sgce","Sgce","NM_001130189","Midbrain","15.5",6,0,0.45855,-0.45855,-0.45855,-0.45855,0,6.57995148799774e-15,8.67903112872382e-14,-1,6.51844678846145e-17,1.10499744262178e-14,1.30368935769229e-16,2.06690066143641e-13
"Map4","Map4","NM_001205331","Midbrain","15.5",6,0.08125,0.5864,-0.50515,-0.50515,-0.50515,0,7.74790198393565e-15,1.02195711660696e-13,-1,7.92307624785303e-17,1.27692771345271e-14,1.58461524957061e-16,2.30003385083338e-13
"Dmtn","Dmtn","NM_001252665","Midbrain","15.5",6,0,0.51665,-0.51665,-0.51665,-0.51665,0,9.61035418199344e-15,1.26761668768721e-13,-1,1.26684384439476e-16,1.87043363735316e-14,2.53368768878951e-16,3.48137381430243e-13
"Tecr","Tecr","NM_134118","Midbrain","15.5",6,0.71285,0.2011,0.51175,0.51175,0.51175,0,1.4174204413244e-14,1.86959374323401e-13,1,4.900558634831e-17,8.62686802754673e-15,1.54005895997538e-16,2.30003385083338e-13
"Tecr","Tecr","NM_027179","Midbrain","15.5",6,0.28715,0.7989,-0.51175,-0.51175,-0.51175,0,1.70389701200499e-14,2.24745961034902e-13,-1,4.900558634831e-17,8.62686802754673e-15,1.54005895997538e-16,2.30003385083338e-13
"Sgip1","Sgip1","NM_001285859","Midbrain","15.5",6,0,0.7582,-0.7582,-0.7582,-0.7582,2.22044604925031e-16,1.72894524514316e-14,2.28049851580634e-13,-1,1.53321820093386e-16,2.19298115802321e-14,3.06643640186772e-16,3.95005202295657e-13
"Tpm1","Tpm1","NM_001164252","Midbrain","15.5",6,0,0.2053,-0.2053,-0.2048,-0.2058,-0.00100000000000003,1.97316767155226e-14,2.60263068425824e-13,-1,5.99028293672493e-16,6.23125568213409e-14,1.14539928077806e-15,1.12415565001639e-12
"Clta","Clta","NM_016760","Midbrain","15.5",6,0.0237,0.6862,-0.6625,-0.6625,-0.6625,0,2.28837289584878e-14,3.01838997345603e-13,-1,4.01539637243007e-16,4.4361523374557e-14,8.03079274486014e-16,8.27593857376812e-13
"Fam110a","Fam110a","NM_001289150","Midbrain","15.5",6,0,0.560575,-0.560575,-0.5606,-0.56055,5.00000000001055e-05,2.28837289584878e-14,3.01838997345603e-13,-1,3.18511210674487e-16,3.68179947870252e-14,6.36464688073115e-16,6.80179332104267e-13
"Armc8","Armc8","NM_028768","Midbrain","15.5",6,0.69715,0.19795,0.4992,0.4992,0.4992,-2.77555756156289e-17,2.28837289584878e-14,3.01838997345603e-13,1,1.00755072358914e-16,1.53718655395584e-14,2.87625656821784e-16,3.82458891101705e-13
"Fam57b","Fam57b","NM_001146347","Midbrain","15.5",6,0,0.48415,-0.48415,-0.48415,-0.48415,0,2.28837289584878e-14,3.01838997345603e-13,-1,2.33753690876733e-16,3.14673718571413e-14,4.67507381753465e-16,5.66798102239381e-13
"Parp6","Parp6","NM_029922","Midbrain","15.5",6,0,0.3898,-0.3898,-0.3898,-0.3898,5.55111512312578e-17,2.28837289584878e-14,3.01838997345603e-13,-1,3.21765302923533e-16,3.68179947870252e-14,6.43530605847066e-16,6.80179332104267e-13
"Lppr3","Lppr3","NM_001170935","Midbrain","15.5",6,0.2628,0.0068,0.256,0.256,0.256,8.67361737988404e-19,2.28837289584878e-14,3.01838997345603e-13,1,2.20080303429872e-16,3.05244711757129e-14,4.40160606859744e-16,5.49814341432786e-13
"Ap1s2","Ap1s2","NM_001290379","Midbrain","15.5",6,0.00705,0.94675,-0.9397,-0.9397,-0.9397,-1.11022302462516e-16,2.28962214520634e-14,3.02003774761995e-13,-1,2.52430978699748e-16,3.20937941530207e-14,5.04861957399495e-16,5.78081375914627e-13
"Dctn1","Dctn1","NM_001198866","Midbrain","15.5",6,0,0.5292,-0.5292,-0.5292,-0.5292,0,2.28962214520634e-14,3.02003774761995e-13,-1,2.51070186990208e-16,3.20937941530207e-14,5.02140373980416e-16,5.78081375914627e-13
"Kif1b","Kif1b","NM_008441","Midbrain","15.5",6,0.77815,0.1477,0.63045,0.63045,0.63045,2.77555756156289e-17,2.31840462251394e-14,3.05800216376651e-13,1,2.61160862646374e-16,3.23063045495258e-14,5.22321725292748e-16,5.81909165855015e-13
"Armc8","Armc8","NM_001166138","Midbrain","15.5",6,0.30285,0.80205,-0.4992,-0.4992,-0.4992,0,2.62739841815944e-14,3.46556850766456e-13,-1,1.00755072358914e-16,1.53718655395584e-14,2.87625656821784e-16,3.82458891101705e-13
"Pax6","Pax6","NM_001310144","Midbrain","15.5",6,0,0.3574,-0.3574,-0.3574,-0.3574,0,3.99017750501563e-14,5.26308968057488e-13,-1,1.26237140847343e-15,1.22933488012402e-13,2.52474281694686e-15,2.21430845967786e-12
"Chtop","Chtop","NM_001293778","Midbrain","15.5",6,0,0.20725,-0.20725,-0.2102,-0.2043,0.00590000000000002,4.62317205686154e-14,6.09801672066085e-13,-1,4.87309659884641e-19,1.48694420886133e-16,5.76329695829752e-19,1.83299137522954e-15
"Mtus1","Mtus1","NM_001005865","Midbrain","15.5",6,0.88465,0.0675,0.81715,0.81715,0.81715,0,5.45703971750172e-14,7.19789768439337e-13,1,8.89379326012903e-16,9.04597594480235e-14,1.77875865202581e-15,1.6293836109651e-12
"Elmo2","Elmo2","NM_207706","Midbrain","15.5",6,0.01705,0.7092,-0.69215,-0.69215,-0.69215,-1.11022302462516e-16,5.87483994043996e-14,7.74898094801363e-13,-1,9.76245671975323e-16,9.71364443615446e-14,1.95249134395065e-15,1.74964571469002e-12
"Bin1","Bin1","NM_001083334","Midbrain","15.5",6,0.99085,0.2562,0.73465,0.73465,0.73465,-5.55111512312578e-17,6.48253732905685e-14,8.55054074101069e-13,1,2.79665267850979e-16,3.36849455514192e-14,1.1120665923528e-15,1.11806169694697e-12
"Bin1","Bin1","NM_009668","Midbrain","15.5",6,0.00915,0.7438,-0.73465,-0.73465,-0.73465,1.11022302462516e-16,6.48253732905685e-14,8.55054074101069e-13,-1,2.79665267850979e-16,3.36849455514192e-14,1.1120665923528e-15,1.11806169694697e-12
"Ralyl","Ralyl","NM_001163330","Midbrain","15.5",6,0,0.20015,-0.20015,-0.20015,-0.20015,0,7.64048336422823e-14,1.00778847803955e-12,-1,1.39173141091638e-15,1.32707388911756e-13,2.78346282183276e-15,2.3903583854988e-12
"Rabgap1l","Rabgap1l","NM_001038621","Midbrain","15.5",6,0.0262,0.497,-0.4708,-0.4708,-0.4708,0,8.1412810337839e-14,1.07384426235946e-12,-1,4.07075372893029e-16,4.4361523374557e-14,1.50896956126697e-15,1.41366542003125e-12
"Rabgap1l","Rabgap1l","NM_013862","Midbrain","15.5",6,0.9738,0.503,0.4708,0.4708,0.4708,0,8.63620752966449e-14,1.13912563216914e-12,1,4.07075372893029e-16,4.4361523374557e-14,1.50896956126697e-15,1.41366542003125e-12
"Schip1","Schip1","NM_013928","Midbrain","15.5",6,0.10225,0.9212,-0.81895,-0.81895,-0.81895,-2.22044604925031e-16,9.29406724458594e-14,1.22589807957322e-12,-1,2.22754667522232e-15,2.03909622649851e-13,4.45509335044465e-15,3.74782721396813e-12
"Fhl1","Fhl1","NM_001077361","Midbrain","15.5",6,0.0559,0.4371,-0.3812,-0.3812,-0.3812,0,1.42106603270709e-13,1.87440231988548e-12,-1,2.81556583934934e-15,2.52683232288274e-13,5.63113167869869e-15,4.6424208771705e-12
"Dlk1","Dlk1","NR_033813","Midbrain","15.5",6,0.00685,0.48325,-0.4764,-0.4764,-0.4764,-1.11022302462516e-16,2.01291304437393e-13,2.65505528473914e-12,-1,5.0656515856658e-15,4.06762935220919e-13,1.01313031713316e-14,7.45754901361437e-12
"Lhx9","Lhx9","NM_010714","Midbrain","15.5",6,0,0.28295,-0.28295,-0.28295,-0.28295,0,2.08901266749625e-13,2.75543155638302e-12,-1,3.20436552016681e-15,2.75508652556473e-13,6.40873104033363e-15,5.17989195920939e-12
"Pou2f2","Pou2f2","NM_001163555","Midbrain","15.5",6,0,0.30395,-0.30395,-0.30395,-0.30395,0,2.1606399991759e-13,2.84990882455878e-12,-1,3.36602061068387e-15,2.80114115183638e-13,6.73204122136775e-15,5.33657054541455e-12
"Atp6v0a1","Atp6v0a1","NM_016920","Midbrain","15.5",6,0,0.86365,-0.86365,-0.86365,-0.86365,0,2.20239359798895e-13,2.90498229804802e-12,-1,4.64513789142033e-15,3.79657073732693e-13,9.29027578284065e-15,6.96281327542669e-12
"Arhgef7","Arhgef7","NM_017402","Midbrain","15.5",6,0.94155,0.2094,0.73215,0.73215,0.73215,-2.77555756156289e-17,2.58616682765272e-13,3.41118356909056e-12,1,2.76458904551004e-17,5.7516018460452e-15,5.52917809102008e-17,1.03599278197588e-13
"Cacnb1","Cacnb1","NM_145121","Midbrain","15.5",6,0,0.84405,-0.84405,-0.84405,-0.84405,0,3.00856456390255e-13,3.96833100525354e-12,-1,8.2923605859741e-15,6.43290413593279e-13,1.65847211719482e-14,1.15871063928941e-11
"Lhx2","Lhx2","NM_001290646","Midbrain","15.5",6,1,0.21475,0.78525,0.78525,0.78525,0,3.3335148077703e-13,4.39694408651394e-12,1,1.90753256183052e-15,1.78179112969353e-13,7.45693174223603e-15,5.79966795761647e-12
"Lhx2","Lhx2","NM_010710","Midbrain","15.5",6,0,0.78525,-0.78525,-0.78525,-0.78525,-2.22044604925031e-16,3.36289930653981e-13,4.43570257584137e-12,-1,1.90753256183052e-15,1.78179112969353e-13,7.45693174223603e-15,5.79966795761647e-12
"Dpysl3","Dpysl3","NM_001291455","Midbrain","15.5",6,0.8036,0.04325,0.76035,0.76035,0.76035,-6.93889390390723e-18,3.71564507905152e-13,4.90097827669406e-12,1,3.25048443042376e-15,2.75508652556473e-13,1.28374857257095e-14,9.12369612238136e-12
"Dpysl3","Dpysl3","NM_009468","Midbrain","15.5",6,0.19555,0.9553,-0.75975,-0.75975,-0.75975,1.11022302462516e-16,3.71564507905152e-13,4.90097827669406e-12,-1,3.25048443042376e-15,2.75508652556473e-13,1.28374857257095e-14,9.12369612238136e-12
"Triobp","Triobp","NM_001024716","Midbrain","15.5",6,0.9918,0.62175,0.37005,0.37005,0.37005,0,3.72795554582643e-13,4.91721592290519e-12,1,8.93494178915018e-15,6.70413583097383e-13,1.78698835783004e-14,1.20756556454798e-11
"Ank2","Ank2","NM_001034168","Midbrain","15.5",6,0.0809,0.40035,-0.31945,-0.31945,-0.31945,0,3.72795554582643e-13,4.91721592290519e-12,-1,2.91324630946977e-15,2.5642169920083e-13,8.90645350285681e-15,6.79876260561921e-12
"Odf2l","Odf2l","NM_025714","Midbrain","0",8,0.41735,-2.20794252002406e-17,0.41735,0.41735,0.41735,-4.41588504004812e-17,4.63703790594805e-13,6.11630593389707e-12,1,8.44646994132903e-15,6.44324882024383e-13,1.68929398826581e-14,1.16057394947063e-11
"Ank2","Ank2","NM_178655","Midbrain","15.5",6,0.9191,0.59965,0.31945,0.31945,0.31945,0,4.73572779943287e-13,6.24647903003731e-12,1,2.91324630946977e-15,2.5642169920083e-13,8.90645350285681e-15,6.79876260561921e-12
"Morf4l2","Morf4l2","NM_001168229","Midbrain","15.5",6,0.0313,0.5236,-0.4923,-0.4923,-0.4923,-1.11022302462516e-16,5.08186442329983e-13,6.70303718837820e-12,-1,2.21674360878941e-14,1.5853180464733e-12,4.43348721757882e-14,2.90083978490082e-11
"Rnf44","Rnf44","NM_134064","Midbrain","15.5",6,0,0.31695,-0.31695,-0.31695,-0.31695,5.55111512312578e-17,5.72149431777047e-13,7.5467163211346e-12,-1,2.16664400944572e-14,1.57408406844969e-12,4.33328801889143e-14,2.8810095539502e-11
"Cldnd1","Cldnd1","NR_045517","Midbrain","15.5",6,0.9449,0.4923,0.4526,0.4526,0.4526,0,8.9575981433589e-13,1.18151742101168e-11,1,2.29003068297104e-14,1.61253391322437e-12,4.58006136594207e-14,2.94991943299158e-11
"Mtus1","Mtus1","NM_001005864","Midbrain","15.5",6,0.02795,0.91495,-0.887,-0.887,-0.887,-2.22044604925031e-16,9.36291281112388e-13,1.23497888839297e-11,-1,8.89379326012903e-16,9.04597594480235e-14,1.77875865202581e-15,1.6293836109651e-12
"AI854517","AI854517","NR_040313","Midbrain","15.5",6,0,0.519675,-0.519675,-0.5197,-0.51965,4.99999999998835e-05,9.82927459376449e-13,1.29649253991712e-11,-1,2.57569870316749e-14,1.76893299048121e-12,5.1469222626596e-14,3.23452240580021e-11
"Clasp1","Clasp1","NM_001293300","Midbrain","15.5",6,0.0259,0.4545,-0.4286,-0.4286,-0.4286,-1.11022302462516e-16,1.30168582935997e-12,1.71693846883842e-11,-1,2.58943653839285e-14,1.76893299048121e-12,5.1788730767857e-14,3.23452240580021e-11
"Lpin1","Lpin1","NM_172950","Midbrain","15.5",6,0,0.646125,-0.646125,-0.6461,-0.64615,-5.00000000001055e-05,1.44093241741033e-12,1.90060630810167e-11,-1,2.9355098381372e-14,1.97585713664029e-12,5.86596205110467e-14,3.55589696349186e-11
"Rufy3","Rufy3","NM_001289774","Midbrain","15.5",6,0.8292,0.07365,0.75555,0.75555,0.75555,0,1.80167790581027e-12,2.37643372553488e-11,1,6.18935447390281e-14,3.88064046945934e-12,1.23787089478056e-13,7.08698783470799e-11
"Slc25a25","Slc25a25","NM_001164358","Midbrain","15.5",6,0.0682,0.43665,-0.36845,-0.36835,-0.36855,-0.000199999999999978,1.94267496670252e-12,2.56241045845983e-11,-1,5.40106166343755e-14,3.48178299064136e-12,1.07171846403247e-13,6.31104831365314e-11
"Triobp","Triobp","NM_001039155","Midbrain","15.5",6,0.00535,0.30985,-0.3045,-0.3045,-0.3045,0,1.95727769985197e-12,2.58167163018727e-11,-1,8.93494178915018e-15,6.70413583097383e-13,1.78698835783004e-14,1.20756556454798e-11
"Neo1","Neo1","NM_001042752","Midbrain","15.5",6,0.9301,0.2224,0.7077,0.7077,0.7077,-5.55111512312578e-17,1.98813666546689e-12,2.62237495811614e-11,1,1.42964767685177e-14,1.05540280918557e-12,5.65452307187196e-14,3.47888449494975e-11
"Neo1","Neo1","NM_008684","Midbrain","15.5",6,0.0699,0.7776,-0.7077,-0.7077,-0.7077,0,1.98832221901706e-12,2.62261970536708e-11,-1,1.42964767685177e-14,1.05540280918557e-12,5.65452307187196e-14,3.47888449494975e-11
"Spock1","Spock1","NM_009262","Midbrain","15.5",6,0,0.62335,-0.62335,-0.62335,-0.62335,1.11022302462516e-16,2.00460474378243e-12,2.64409654141225e-11,-1,5.82948091984346e-14,3.70576863473938e-12,1.16589618396869e-13,6.76893531654163e-11
"Clta","Clta","NM_001080384","Midbrain","15.5",6,0.8964,0.22175,0.67465,0.67465,0.67465,0,2.05655651803886e-12,2.71262152473263e-11,1,4.01539637243007e-16,4.4361523374557e-14,8.03079274486014e-16,8.27593857376812e-13
"Clasp2","Clasp2","NM_001114347","Midbrain","15.5",6,0.58455,0.0458,0.53875,0.53875,0.53875,0,2.08168142118637e-12,2.74576155880752e-11,1,9.28000505729801e-14,5.24377569719173e-12,1.8560010114596e-13,9.68433823468492e-11
"Arvcf","Arvcf","NM_033474","Midbrain","15.5",6,0,0.213375,-0.213375,-0.2137,-0.21305,0.000650000000000012,2.19820804496011e-12,2.89946150582114e-11,-1,6.60322940724617e-14,3.99220222087171e-12,1.29138439696849e-13,7.28673164971092e-11
"Lingo2","Lingo2","NM_001166001","Midbrain","10.5",1,0,0.56675,-0.56675,-0.56675,-0.56675,0,2.21915265268753e-12,2.9270876825151e-11,-1,6.73706166031206e-14,4.00461444405822e-12,1.34741233206241e-13,7.30812147427169e-11
"Dync1i2","Dync1i2","NM_001198874","Midbrain","15.5",6,0.0039,0.53175,-0.52785,-0.52785,-0.52785,0,2.66149663290556e-12,3.51054444217643e-11,-1,1.22475198574227e-13,6.37010208947998e-12,2.44950397148454e-13,1.20203660657593e-10
"Camk2a","Camk2a","NM_177407","Midbrain","15.5",6,0.00175,0.9512,-0.94945,-0.94945,-0.94945,0,2.82226723316189e-12,3.7226026992553e-11,-1,6.62895715067184e-14,3.99220222087171e-12,1.32579143013437e-13,7.28673164971092e-11
"Sncaip","Sncaip","NM_001199151","Midbrain","15.5",6,0,0.535875,-0.535875,-0.5359,-0.53585,4.99999999999945e-05,2.82226723316189e-12,3.7226026992553e-11,-1,6.61603368399748e-14,3.99220222087171e-12,1.32208119111644e-13,7.28673164971092e-11
"Nnat","Nnat","NM_180960","Midbrain","15.5",6,0.26985,0.66875,-0.3989,-0.3989,-0.3989,0,2.89067305756052e-12,3.81283076255101e-11,-1,1.03909223533746e-13,5.6618156680233e-12,2.28630368857148e-13,1.14931452817592e-10
"Shox2","Shox2","NM_001302359","Midbrain","10.5",1,0.2487,0,0.2487,0.2487,0.2487,0,2.9756089060243e-12,3.92486211629371e-11,1,9.50901623719518e-14,5.30765455093199e-12,1.90180324743904e-13,9.79928592060328e-11
"Asap2","Asap2","NM_001098168","Midbrain","15.5",6,0,0.758325,-0.758325,-0.7583,-0.75835,-4.99999999998835e-05,3.78769403408366e-12,4.99601167088497e-11,-1,9.16890063375689e-14,5.24377569719173e-12,1.83192972536942e-13,9.68128575193084e-11
"Wnt7b","Wnt7b","NM_001163634","Midbrain","15.5",6,0.0044,0.24225,-0.23785,-0.23785,-0.23785,0,4.40032339998074e-12,5.80407679821755e-11,-1,1.07573616712799e-13,5.72516794993583e-12,2.15147233425597e-13,1.09488770500117e-10
"Mad2l2","Mad2l2","NM_027985","Midbrain","15.5",6,0.8948,0.46175,0.43305,0.43305,0.43305,0,4.42164399564052e-12,5.83219890728654e-11,1,3.77276838850785e-14,2.46685155917149e-12,1.45539452440992e-13,7.79128056076945e-11
"Mad2l2","Mad2l2","NM_001305420","Midbrain","15.5",6,0.1052,0.53825,-0.43305,-0.43305,-0.43305,0,4.54074441528392e-12,5.98929372043443e-11,-1,3.77276838850785e-14,2.46685155917149e-12,1.45539452440992e-13,7.79128056076945e-11
"Kif21a","Kif21a","NM_001109040","Midbrain","15.5",6,0.013,0.1643,-0.1513,-0.1513,-0.1513,0,4.72905252267863e-12,6.23767426379418e-11,-1,1.58680359473118e-13,7.98109895943366e-12,3.17360718946235e-13,1.5036707460803e-10
"Nnat","Nnat","NM_010923","Midbrain","15.5",6,0.66565,0.29515,0.3705,0.3705,0.3705,-5.55111512312578e-17,4.9080443432902e-12,6.47376651853321e-11,1,1.03909223533746e-13,5.6618156680233e-12,2.28630368857148e-13,1.14931452817592e-10
"Camsap1","Camsap1","NM_001276359","Midbrain","15.5",6,1,0.19935,0.80065,0.80065,0.80065,-2.77555756156289e-17,6.34689374915938e-12,8.37162531063266e-11,1,1.43552868646506e-13,7.38248853702312e-12,3.25533737074401e-13,1.52486769437958e-10
"Capzb","Capzb","NM_001037761","Midbrain","15.5",6,0.58165,0.0383,0.54335,0.54335,0.54335,0,6.65739623294757e-12,8.78118163141396e-11,1,1.72490468909851e-13,8.58140082826507e-12,3.44980937819701e-13,1.59627489977995e-10
"Hist2h2aa1","Hist2h2aa1","NM_013549_1","Midbrain","11.5",2,0,1,-1,-1,-1,0,6.73123465308624e-12,8.87857535050873e-11,-1,1.17771062477102e-13,6.19584083859421e-12,2.35542124954204e-13,1.16979383512754e-10
"Lingo2","Lingo2","NM_001166001","Midbrain","11.5",2,0,0.4903,-0.4903,-0.4903,-0.4903,0,7.14332786253869e-12,9.42213099819055e-11,-1,6.73706166031206e-14,4.00461444405822e-12,1.34741233206241e-13,7.30812147427169e-11
"Syn1","Syn1","NM_013680","Midbrain","15.5",6,0,0.337875,-0.337875,-0.3379,-0.33785,4.99999999999945e-05,7.66124528338871e-12,1.01052699887842e-10,-1,7.05191463535863e-14,4.13802734436365e-12,2.72678028058933e-13,1.32236105660194e-10
"Syn1","Syn1","NM_001110780","Midbrain","15.5",6,1,0.662125,0.337875,0.3379,0.33785,-4.99999999999945e-05,7.84611693251414e-12,1.03491178044565e-10,1,7.05191463535863e-14,4.13802734436365e-12,2.72678028058933e-13,1.32236105660194e-10
"Tpm1","Tpm1","NM_001164256","Midbrain","15.5",6,0,0.25945,-0.25945,-0.25535,-0.26355,-0.00819999999999999,8.06914463863198e-12,1.06432938948874e-10,-1,5.99028293672493e-16,6.23125568213409e-14,1.14539928077806e-15,1.12415565001639e-12
"Acot7","Acot7","NM_001146057","Midbrain","15.5",6,0.6679,0.0146,0.6533,0.6533,0.6533,0,8.14816633391138e-12,1.07475244130646e-10,1,2.24364775932628e-13,1.10421245101466e-11,4.48729551865252e-13,2.01055369568813e-10
"Mprip","Mprip","NM_201245","Midbrain","15.5",6,0.02895,0.46,-0.43105,-0.43105,-0.43105,0,8.14816633391138e-12,1.07475244130646e-10,-1,7.66739926401213e-14,4.44223878878272e-12,2.99445275513241e-13,1.43528400842089e-10
"Mprip","Mprip","NM_012027","Midbrain","15.5",6,0.97105,0.54,0.43105,0.43105,0.43105,0,8.27352039548619e-12,1.09128678513109e-10,1,7.66739926401213e-14,4.44223878878272e-12,2.99445275513241e-13,1.43528400842089e-10
"Dctn1","Dctn1","NM_001198867","Midbrain","15.5",6,0.93345,0.2158,0.71765,0.71765,0.71765,0,8.89408092019908e-12,1.17313942676629e-10,1,2.51070186990208e-16,3.20937941530207e-14,5.02140373980416e-16,5.78081375914627e-13
"Pitpnm1","Pitpnm1","NM_008851","Midbrain","15.5",6,0.0433,0.4028,-0.3595,-0.3595,-0.3595,0,9.24250333322444e-12,1.2190967407998e-10,-1,9.81774543766004e-14,5.41395432146627e-12,3.48522934671402e-13,1.59627489977995e-10
"Pnck","Pnck","NM_001199352","Midbrain","15.5",6,0.9049,0.5195,0.3854,0.3854,0.3854,0,9.28587003074731e-12,1.22481685771005e-10,1,2.65992580079279e-13,1.26018419214305e-11,5.31985160158558e-13,2.34231782451542e-10
"Aplp2","Aplp2","NM_009691","Midbrain","15.5",6,0.27345,0,0.27345,0.27345,0.27345,0,9.28587003074731e-12,1.22481685771005e-10,1,2.67069841900538e-13,1.26018419214305e-11,5.34139683801076e-13,2.34231782451542e-10
"Camsap1","Camsap1","NM_001276360","Midbrain","15.5",6,0,0.80065,-0.80065,-0.80065,-0.80065,0,9.90000692478411e-12,1.30582221512592e-10,-1,1.43552868646506e-13,7.38248853702312e-12,3.25533737074401e-13,1.52486769437958e-10
"Kcnq2","Kcnq2","NM_001006674","Midbrain","15.5",6,0,0.4738,-0.4738,-0.4738,-0.4738,0,1.00558843021765e-11,1.326382619152e-10,-1,5.92893074619019e-13,2.6604623554228e-11,1.18578614923804e-12,4.98768628452785e-10
"Pitpnm1","Pitpnm1","NR_075078","Midbrain","15.5",6,0.9567,0.5972,0.3595,0.3595,0.3595,0,1.00558843021765e-11,1.326382619152e-10,1,9.81774543766004e-14,5.41395432146627e-12,3.48522934671402e-13,1.59627489977995e-10
"Nckap1","Nckap1","NM_001290745","Midbrain","15.5",6,0.01005,0.454475,-0.444425,-0.4444,-0.44445,-5.000000000005e-05,1.03864005339928e-11,1.36997808744253e-10,-1,1.06774917533979e-13,5.72516794993583e-12,4.11143724659941e-13,1.86239203475219e-10
"Nckap1","Nckap1","NM_016965","Midbrain","15.5",6,0.98995,0.545525,0.444425,0.4444,0.44445,5.00000000002165e-05,1.06920131421825e-11,1.41028873934698e-10,1,1.06774917533979e-13,5.72516794993583e-12,4.11143724659941e-13,1.86239203475219e-10
"Spag9","Spag9","NM_001025430","Midbrain","15.5",6,0.0115,0.4894,-0.4779,-0.47475,-0.48105,-0.00630000000000003,1.26411254080923e-11,1.66737887230715e-10,-1,8.94281101611065e-13,3.86143830384325e-11,1.57250984882355e-12,6.41786876591917e-10
"Hist2h2aa1","Hist2h2aa1","NM_013549","Midbrain","11.5",2,1,0,1,1,1,0,1.36884544315091e-11,1.80552276611597e-10,1,1.17771062477102e-13,6.19584083859421e-12,2.35542124954204e-13,1.16979383512754e-10
"Miat","Miat","NR_033657","Midbrain","15.5",6,0,0.392775,-0.392775,-0.39275,-0.3928,-5.000000000005e-05,1.38192711566241e-11,1.82277764149767e-10,-1,1.46151405006381e-13,7.43261089682451e-12,5.66931806773556e-13,2.45994869599431e-10
"Miat","Miat","NR_003718","Midbrain","15.5",6,1,0.607225,0.392775,0.39275,0.3928,4.99999999998835e-05,1.41264643742461e-11,1.86329677759065e-10,1,1.46151405006381e-13,7.43261089682451e-12,5.66931806773556e-13,2.45994869599431e-10
"Tpm1","Tpm1","NM_001164255","Midbrain","15.5",6,0.00215,0.1379,-0.13575,-0.1398,-0.1317,0.0081,1.92739198213972e-11,2.5422520273525e-10,-1,5.99028293672493e-16,6.23125568213409e-14,1.14539928077806e-15,1.12415565001639e-12
"Aplp2","Aplp2","NM_001102456","Midbrain","15.5",6,0.06925,0.5688,-0.49955,-0.49955,-0.49955,0,1.92953371534872e-11,2.54507699790497e-10,-1,2.67069841900538e-13,1.26018419214305e-11,5.34139683801076e-13,2.34231782451542e-10
"Eps15","Eps15","NM_001159964","Midbrain","15.5",6,0.01345,0.6478,-0.63435,-0.63435,-0.63435,0,2.19514048619291e-11,2.89541536078826e-10,-1,2.34687181159449e-13,1.14272683847532e-11,9.32047185956156e-13,4.00207753657705e-10
"Eps15","Eps15","NM_007943","Midbrain","15.5",6,0.98655,0.3522,0.63435,0.63435,0.63435,-5.55111512312578e-17,2.19514048619291e-11,2.89541536078826e-10,1,2.34687181159449e-13,1.14272683847532e-11,9.32047185956156e-13,4.00207753657705e-10
"Trim36","Trim36","NM_178872","Midbrain","15.5",6,0,0.5452,-0.5452,-0.5452,-0.5452,0,2.20832031800647e-11,2.91279970940996e-10,-1,2.41265061615584e-13,1.16238967054161e-11,9.52698707137088e-13,4.04857951655709e-10
"Trim36","Trim36","NM_001170855","Midbrain","15.5",6,1,0.4548,0.5452,0.5452,0.5452,-1.11022302462516e-16,2.22052557076637e-11,2.92889857713419e-10,1,2.41265061615584e-13,1.16238967054161e-11,9.52698707137088e-13,4.04857951655709e-10
"Capzb","Capzb","NM_009798","Midbrain","15.5",6,0.418,0.9532,-0.5352,-0.5352,-0.5352,0,2.31734353877592e-11,3.05660258220283e-10,-1,1.72490468909851e-13,8.58140082826507e-12,3.44980937819701e-13,1.59627489977995e-10
"Klc1","Klc1","NM_001025358","Midbrain","15.5",6,0.0598,0.5856,-0.5258,-0.5258,-0.5258,0,2.31734353877592e-11,3.05660258220283e-10,-1,1.80137034691137e-12,7.10764834294255e-11,3.60274069382275e-12,1.3379160329835e-09
"Mbp","Mbp","NM_001025245","Midbrain","0",8,0.43655,0.02625,0.4103,0.4103,0.4103,4.16333634234434e-17,2.31734353877592e-11,3.05660258220283e-10,1,1.80081879629047e-12,7.10764834294255e-11,3.60163759258092e-12,1.3379160329835e-09
"Hist2h2aa1","Hist2h2aa1","NM_013549_1","Midbrain","12.5",3,0,1,-1,-1,-1,0,2.53493535645378e-11,3.34360867372591e-10,-1,1.17771062477102e-13,6.19584083859421e-12,2.35542124954204e-13,1.16979383512754e-10
"Hist2h2aa1","Hist2h2aa1","NM_013549_1","Midbrain","13.5",4,1,0,1,1,1,0,2.53493535645378e-11,3.34360867372591e-10,1,1.17771062477102e-13,6.19584083859421e-12,2.35542124954204e-13,1.16979383512754e-10
"Schip1","Schip1","NM_001113420","Midbrain","15.5",6,0.33015,0,0.33015,0.33015,0.33015,0,2.80501639799255e-11,3.69984865073316e-10,1,2.22754667522232e-15,2.03909622649851e-13,4.45509335044465e-15,3.74782721396813e-12
"Magi2","Magi2","NM_001170746","Midbrain","15.5",6,0.92785,0.2578,0.67005,0.67005,0.67005,0,3.12180651827522e-11,4.1176984358297e-10,1,1.06994886661346e-12,4.53440366897205e-11,2.13989773322692e-12,8.40083687019681e-10
"Gphn","Gphn","NM_172952","Midbrain","15.5",6,0.01245,0.628575,-0.616125,-0.6161,-0.61615,-4.99999999998835e-05,3.1462082091175e-11,4.14988454461788e-10,-1,3.67815700099487e-13,1.71784944832179e-11,1.44642305568406e-12,5.96230471428096e-10
"Gphn","Gphn","NM_145965","Midbrain","15.5",6,0.98755,0.371425,0.616125,0.6161,0.61615,5.000000000005e-05,3.17513732285882e-11,4.18804237589448e-10,1,3.67815700099487e-13,1.71784944832179e-11,1.44642305568406e-12,5.96230471428096e-10
"Eml1","Eml1","NM_001043335","Midbrain","15.5",6,0.13475,0.45025,-0.3155,-0.31545,-0.31555,-9.99999999999335e-05,3.20423948723815e-11,4.22642846293816e-10,-1,2.89856270666615e-19,1.10556012570091e-16,5.78076003654622e-19,1.83299137522954e-15
"Magi1","Magi1","NM_001029850","Midbrain","15.5",6,0.43875,0,0.43875,0.43875,0.43875,0,3.39165955419144e-11,4.47363767081792e-10,1,2.7882221628689e-12,1.06347440328758e-10,5.57644432573779e-12,1.97940308275454e-09
"Palm","Palm","NM_001161747","Midbrain","15.5",6,0.51115,0.9806,-0.46945,-0.46945,-0.46945,0,3.42912431677549e-11,4.52305412036019e-10,-1,5.03312895261985e-13,2.28085457585555e-11,1.62182759090125e-12,6.55425515945507e-10
"Pde4a","Pde4a","NM_019798","Midbrain","15.5",6,0.1022,0.96315,-0.86095,-0.86095,-0.86095,-1.11022302462516e-16,3.8831788864439e-11,5.12195728119345e-10,-1,4.79673365946592e-13,2.19546499593755e-11,1.87288919787616e-12,7.42330966162769e-10
"Ptpn5","Ptpn5","NM_001163565","Midbrain","15.5",6,1,0.8332,0.1668,0.1668,0.1668,0,3.8831788864439e-11,5.12195728119345e-10,1,4.68450916236341e-13,2.16575741779165e-11,1.8546214116961e-12,7.42227218754875e-10
"Ptpn5","Ptpn5","NM_013643","Midbrain","15.5",6,0,0.1668,-0.1668,-0.1668,-0.1668,0,3.8831788864439e-11,5.12195728119345e-10,-1,4.68450916236341e-13,2.16575741779165e-11,1.8546214116961e-12,7.42227218754875e-10
"Pde4a","Pde4a","NM_183408","Midbrain","15.5",6,0.8978,0.03685,0.86095,0.86095,0.86095,0,3.95004705365361e-11,5.21015715710324e-10,1,4.79673365946592e-13,2.19546499593755e-11,1.87288919787616e-12,7.42330966162769e-10
"Palm","Palm","NM_023128","Midbrain","15.5",6,0.48885,0.0194,0.46945,0.46945,0.46945,0,4.11762582352566e-11,5.43119546762661e-10,1,5.03312895261985e-13,2.28085457585555e-11,1.62182759090125e-12,6.55425515945507e-10
"Bicd2","Bicd2","NM_001039179","Midbrain","15.5",6,0.0287,0.83655,-0.80785,-0.80785,-0.80785,0,4.12750248101638e-11,5.44422289160778e-10,-1,1.52345302087526e-12,6.22575399691615e-11,3.04690604175053e-12,1.17380002979619e-09
"3632454L22Rik","3632454L22Rik","NR_040281","Midbrain","11.5",2,0,1,-1,-1,-1,0,4.24340990804936e-11,5.59710611105164e-10,-1,1.58148975162181e-12,6.40573326829473e-11,3.16297950324363e-12,1.20408042642616e-09
"Hnrnpk","Hnrnpk","NM_001301345","Midbrain","15.5",6,0.0309,0.1385,-0.1076,-0.1078,-0.1074,0.000400000000000039,4.33985175656297e-11,5.72431401021139e-10,-1,3.24526743160736e-12,1.20760886459081e-10,6.1933386623885e-12,2.12746495333125e-09
"Prom1","Prom1","NM_008935","Midbrain","15.5",6,0.9911,0,0.9911,0.9911,0.9911,0,5.30028060963756e-11,6.99113063157457e-10,1,1.14358795309311e-24,1.30855051532679e-21,2.28717590618621e-24,2.35699362545673e-20
"Hist2h2aa1","Hist2h2aa1","NM_013549","Midbrain","13.5",4,0,1,-1,-1,-1,0,5.31785062132435e-11,7.01430567756691e-10,-1,1.17771062477102e-13,6.19584083859421e-12,2.35542124954204e-13,1.16979383512754e-10
"Hist2h2aa1","Hist2h2aa1","NM_013549","Midbrain","12.5",3,1,0,1,1,1,0,5.31785062132435e-11,7.01430567756691e-10,1,1.17771062477102e-13,6.19584083859421e-12,2.35542124954204e-13,1.16979383512754e-10
"Wdr17","Wdr17","NM_028220","Midbrain","15.5",6,1,0.3245,0.6755,0.6755,0.6755,-5.55111512312578e-17,5.39035780227055e-11,7.10994347696952e-10,1,6.95351550322012e-13,3.0899262580814e-11,2.7561148785277e-12,1.07179143520724e-09
"Wdr17","Wdr17","NM_001172152","Midbrain","15.5",6,0,0.6755,-0.6755,-0.6755,-0.6755,1.11022302462516e-16,5.40603438222399e-11,7.13062106489035e-10,-1,6.95351550322012e-13,3.0899262580814e-11,2.7561148785277e-12,1.07179143520724e-09
"Pard3","Pard3","NM_001309391","Midbrain","15.5",6,0,0.37815,-0.37815,-0.37815,-0.37815,5.55111512312578e-17,5.48250087265499e-11,7.23148123870249e-10,-1,3.54783550918794e-12,1.30955186496397e-10,7.09567101837587e-12,2.40639768590221e-09
"Sh3kbp1","Sh3kbp1","NM_001135727","Midbrain","15.5",6,0.2392,0.9653,-0.7261,-0.7261,-0.7261,2.22044604925031e-16,5.75905003429272e-11,7.59625273995966e-10,-1,2.5685871758738e-25,3.91880783465813e-22,5.1371743517476e-25,7.05865381388997e-21
"Mpzl1","Mpzl1","NM_001083897","Midbrain","15.5",6,0.8467,0.2243,0.6224,0.6224,0.6224,0,6.07518595027823e-11,8.01323962211992e-10,1,8.62969476682971e-13,3.76172504264568e-11,3.1839274453803e-12,1.20408042642616e-09
"Kif1b","Kif1b","NM_001290995","Midbrain","15.5",6,0.22185,0.7638,-0.54195,-0.54195,-0.54195,-2.22044604925031e-16,6.16878482779144e-11,8.13669761007508e-10,-1,2.61160862646374e-16,3.23063045495258e-14,5.22321725292748e-16,5.81909165855015e-13
"Mpzl1","Mpzl1","NM_001001880","Midbrain","15.5",6,0.1533,0.7757,-0.6224,-0.6224,-0.6224,1.11022302462516e-16,6.46813708960524e-11,8.53154666078236e-10,-1,8.62969476682971e-13,3.76172504264568e-11,3.1839274453803e-12,1.20408042642616e-09
"Add1","Add1","NM_001102444","Midbrain","15.5",6,0.05585,0.451825,-0.395975,-0.396,-0.39595,5.000000000005e-05,6.72055970865577e-11,8.86449497694087e-10,-1,2.7221568844679e-12,1.04700101346299e-10,5.43495649093072e-12,1.96521491840125e-09
"Epha10","Epha10","NM_001256432","Midbrain","15.5",6,1,0.33185,0.66815,0.66815,0.66815,1.11022302462516e-16,7.64773287711129e-11,1.0087446970648e-09,1,1.06636270668014e-12,4.53440366897205e-11,4.17915577849654e-12,1.53811698883212e-09
"Epha10","Epha10","NM_177671","Midbrain","15.5",6,0,0.66815,-0.66815,-0.66815,-0.66815,-1.11022302462516e-16,7.76026860436937e-11,1.02358828795978e-09,-1,1.06636270668014e-12,4.53440366897205e-11,4.17915577849654e-12,1.53811698883212e-09
"Magi1","Magi1","NM_001083320","Midbrain","15.5",6,0.06455,0.38135,-0.3168,-0.3168,-0.3168,-1.11022302462516e-16,8.79597078968101e-11,1.16019858854943e-09,-1,2.7882221628689e-12,1.06347440328758e-10,5.57644432573779e-12,1.97940308275454e-09
"Nkain4","Nkain4","NM_001141933","Midbrain","15.5",6,0.00315,0.2168,-0.21365,-0.21365,-0.21365,0,9.12302920563663e-11,1.20333796698053e-09,-1,1.32156087505388e-12,5.54934323405653e-11,5.07280364873619e-12,1.85049723701332e-09
"Nkain4","Nkain4","NM_021426","Midbrain","15.5",6,0.99685,0.7832,0.21365,0.21365,0.21365,-1.11022302462516e-16,9.45255855602826e-11,1.24680326448453e-09,1,1.32156087505388e-12,5.54934323405653e-11,5.07280364873619e-12,1.85049723701332e-09
"Nin","Nin","NR_104398","Midbrain","15.5",6,0.01425,0.63135,-0.6171,-0.6171,-0.6171,-1.11022302462516e-16,9.51039916924861e-11,1.25443250739854e-09,-1,6.68622774541725e-12,2.35406649159806e-10,1.33724554908344e-11,4.30645608949317e-09
"Ralyl","Ralyl","NM_001163328","Midbrain","15.5",6,1,0.26055,0.73945,0.73945,0.73945,0,9.55136527609796e-11,1.25983598365846e-09,1,1.39173141091638e-15,1.32707388911756e-13,2.78346282183276e-15,2.3903583854988e-12
"Faim","Faim","NM_011810","Midbrain","15.5",6,0.8635,0.15605,0.70745,0.70745,0.70745,0,9.82174155394633e-11,1.29549892336546e-09,1,1.46299932898762e-12,6.03256570160029e-11,5.58801993255408e-12,1.97940308275454e-09
"Tenm3","Tenm3","NM_011857","Midbrain","15.5",6,0,0.60865,-0.60865,-0.60865,-0.60865,0,9.82174155394633e-11,1.29549892336546e-09,-1,1.42440730882315e-12,5.9268293204396e-11,5.61825273837627e-12,1.97940308275454e-09
"Tenm3","Tenm3","NM_001145937","Midbrain","15.5",6,1,0.39135,0.60865,0.60865,0.60865,0,9.90517015807742e-11,1.3065032514916e-09,1,1.42440730882315e-12,5.9268293204396e-11,5.61825273837627e-12,1.97940308275454e-09
"Prkcz","Prkcz","NM_001039079","Midbrain","15.5",6,0.19965,0.9869,-0.78725,-0.78725,-0.78725,0,1.00617376928231e-10,1.32715468806045e-09,-1,1.75629948436506e-12,7.05138836836743e-11,5.84512299873822e-12,2.04188124008044e-09
"Faim","Faim","NM_001122851","Midbrain","15.5",6,0.1365,0.84395,-0.70745,-0.70745,-0.70745,1.11022302462516e-16,1.00617376928231e-10,1.32715468806045e-09,-1,1.46299932898762e-12,6.03256570160029e-11,5.58801993255408e-12,1.97940308275454e-09
"Abi2","Abi2","NM_198127","Midbrain","15.5",6,0.9198,0.2658,0.654,0.654,0.654,0,1.15684926487002e-10,1.52589738683673e-09,1,5.07398135666407e-12,1.82863091885445e-10,1.01479627133281e-11,3.40088998561779e-09
"Prkcz","Prkcz","NM_008860","Midbrain","15.5",6,0.80035,0.0131,0.78725,0.78725,0.78725,-3.46944695195361e-18,1.1931533807443e-10,1.57378293011898e-09,1,1.75629948436506e-12,7.05138836836743e-11,5.84512299873822e-12,2.04188124008044e-09
"Epb4.1","Epb4.1","NM_001128606","Midbrain","15.5",6,0.11215,0.788725,-0.676575,-0.6766,-0.67655,4.99999999999945e-05,1.1931533807443e-10,1.57378293011898e-09,-1,5.29040605826545e-12,1.8917334788032e-10,1.05588095033885e-11,3.48195996637924e-09
"Atp5g1","Atp5g1","NM_007506","Midbrain","15.5",6,0.12725,0.3601,-0.23285,-0.23285,-0.23285,-1.11022302462516e-16,1.19821766151166e-10,1.58046277426444e-09,-1,2.03280784977242e-12,7.95227481060545e-11,7.12210545789465e-12,2.40639768590221e-09
"Cldnd1","Cldnd1","NM_171826","Midbrain","15.5",6,0.0315,0.3239,-0.2924,-0.2924,-0.2924,0,1.27459591520912e-10,1.68120656281775e-09,-1,2.29003068297104e-14,1.61253391322437e-12,4.58006136594207e-14,2.94991943299158e-11
"Rcan2","Rcan2","NM_207649","Midbrain","15.5",6,0.94945,0.3209,0.62855,0.62855,0.62855,0,1.28538817147968e-10,1.69544167204191e-09,1,7.72239278543356e-12,2.67768119537344e-10,1.54447855708671e-11,4.9352709952006e-09
"Cadm1","Cadm1","NM_018770","Midbrain","15.5",6,0.6973,0.0319,0.6654,0.6654,0.6654,0,1.33197194939193e-10,1.75688620690383e-09,1,8.04482538739556e-12,2.76850870662477e-10,1.6089650774791e-11,5.10178435261044e-09
"Atp5g1","Atp5g1","NM_001161419","Midbrain","15.5",6,0.87275,0.6399,0.23285,0.23285,0.23285,0,1.33919241345271e-10,1.76641008142807e-09,1,2.03280784977242e-12,7.95227481060545e-11,7.12210545789465e-12,2.40639768590221e-09
"Ssbp3","Ssbp3","NM_198438","Midbrain","15.5",6,0.88615,0.2197,0.66645,0.66645,0.66645,-2.77555756156289e-17,1.68332440509361e-10,2.22032410697812e-09,1,2.71574473233027e-12,1.04700101346299e-10,1.02745054365384e-11,3.41552975428035e-09
"Ssbp3","Ssbp3","NM_023672","Midbrain","15.5",6,0.11385,0.7803,-0.66645,-0.66645,-0.66645,0,1.76586892543262e-10,2.3292012716251e-09,-1,2.71574473233027e-12,1.04700101346299e-10,1.02745054365384e-11,3.41552975428035e-09
"Atl2","Atl2","NM_001286647","Midbrain","15.5",6,0.05435,0.43605,-0.3817,-0.3817,-0.3817,0,1.77273294025624e-10,2.33825498553635e-09,-1,2.96644634409118e-12,1.12210123280209e-10,1.09618542442944e-11,3.58618186402472e-09
"Atl2","Atl2","NM_019717","Midbrain","15.5",6,0.94565,0.56395,0.3817,0.3817,0.3817,0,1.9090493002051e-10,2.51805782048256e-09,1,2.96644634409118e-12,1.12210123280209e-10,1.09618542442944e-11,3.58618186402472e-09
"Trpm3","Trpm3","NM_001035245","Midbrain","15.5",6,0,0.5495,-0.5495,-0.5495,-0.5495,1.11022302462516e-16,1.9499465190838e-10,2.57200171906203e-09,-1,1.82734462481849e-11,5.88996925901001e-10,3.65468924963697e-11,1.08381332807132e-08
"Nt5c2","Nt5c2","NM_001164363","Midbrain","15.5",6,0.0182,0.8552,-0.837,-0.83705,-0.83695,9.9999999999878e-05,1.96159949231392e-10,2.58737212378171e-09,-1,9.23833906462455e-12,3.12549521467479e-10,1.83835735303272e-11,5.78465513688771e-09
"Sez6l2","Sez6l2","NM_001252566","Midbrain","15.5",6,0,0.4359,-0.4359,-0.4359,-0.4359,0,1.96195359843926e-10,2.58783919380347e-09,-1,9.28702969621523e-12,3.12549521467479e-10,1.85740593924305e-11,5.80031701691828e-09
"Elmo2","Elmo2","NM_080287","Midbrain","15.5",6,0.8122,0.13915,0.67305,0.67305,0.67305,0,2.10982644327482e-10,2.78288516424289e-09,1,9.76245671975323e-16,9.71364443615446e-14,1.95249134395065e-15,1.74964571469002e-12
"Ank3","Ank3","NM_170730","Midbrain","15.5",6,0,0.5441,-0.5441,-0.5441,-0.5441,1.11022302462516e-16,2.3735458280161e-10,3.13073404331022e-09,-1,2.6746715590131e-11,8.38491214082396e-10,5.34934311802621e-11,1.54717432745371e-08
"Git2","Git2","NM_001077359","Midbrain","15.5",6,0,0.58,-0.58,-0.58005,-0.57995,0.0001000000000001,2.43974440643843e-10,3.2180507239655e-09,-1,1.18410539818754e-11,3.92728290398869e-10,2.3643297048595e-11,7.16618411861378e-09
"Tpm1","Tpm1","NM_001164253","Midbrain","15.5",6,0,0.132125,-0.132125,-0.13635,-0.1279,0.00845000000000001,2.73128795371891e-10,3.60259999105984e-09,-1,5.99028293672493e-16,6.23125568213409e-14,1.14539928077806e-15,1.12415565001639e-12
"Ogdh","Ogdh","NM_010956","Midbrain","15.5",6,0.89395,0.45515,0.4388,0.4388,0.4388,0,2.8152734644074e-10,3.71337783842798e-09,1,2.37897883466172e-18,6.8053663289042e-16,4.75157348107974e-18,1.22415468520618e-14
"Sbf1","Sbf1","NM_001170561","Midbrain","15.5",6,0.99085,0.21525,0.7756,0.7756,0.7756,0,2.95438858870156e-10,3.89687227549604e-09,1,4.86874368969225e-12,1.78273918941772e-10,1.93541353466649e-11,5.99847654128158e-09
"Sbf1","Sbf1","NM_001081030","Midbrain","15.5",6,0.00915,0.78475,-0.7756,-0.7756,-0.7756,-1.11022302462516e-16,2.95835265844068e-10,3.90210092873535e-09,-1,4.86874368969225e-12,1.78273918941772e-10,1.93541353466649e-11,5.99847654128158e-09
"Nav2","Nav2","NM_175272","Midbrain","15.5",6,0.98595,0.7297,0.25625,0.25625,0.25625,0,2.98925556504755e-10,3.94286221533424e-09,1,5.06741585395243e-12,1.82863091885445e-10,1.97739363094941e-11,6.08285080428977e-09
"Eef1d","Eef1d","NM_023240","Midbrain","15.5",6,0.82125,0.4165,0.40475,0.40475,0.40475,0,3.03271893005386e-10,4.0001908899509e-09,1,2.73306057274176e-17,5.7516018460452e-15,5.46612114548353e-17,1.03599278197588e-13
"Nav2","Nav2","NM_001111016","Midbrain","15.5",6,0.01405,0.2703,-0.25625,-0.25625,-0.25625,0,3.03487293033122e-10,4.0030320409066e-09,-1,5.06741585395243e-12,1.82863091885445e-10,1.97739363094941e-11,6.08285080428977e-09
"Magi1","Magi1","NM_001083321","Midbrain","15.5",6,0,0.46025,-0.46025,-0.46025,-0.46025,0,3.45488960589422e-10,4.5570388308417e-09,-1,2.7882221628689e-12,1.06347440328758e-10,5.57644432573779e-12,1.97940308275454e-09
"Esrrb","Esrrb","NM_011934","Midbrain","15.5",6,0.13585,0.8952,-0.75935,-0.75935,-0.75935,-1.11022302462516e-16,3.63993970404344e-10,4.80112202281356e-09,-1,7.35845687229533e-12,2.57096619118288e-10,2.45434937302282e-11,7.38473046650398e-09
"Arfgap1","Arfgap1","NM_001177709","Midbrain","15.5",6,0,0.2396,-0.2396,-0.2396,-0.2396,0,3.71267813642695e-10,4.89706484550194e-09,-1,3.14407511753022e-11,9.59362120862387e-10,6.28815023506043e-11,1.76329268716876e-08
"Ece2","Ece2","NM_139293","Midbrain","15.5",6,0.01005,0.1426,-0.13255,-0.13255,-0.13255,0,3.84552732561015e-10,5.07229444262736e-09,-1,1.96316366626579e-11,6.28349657377518e-10,3.92632733253157e-11,1.15605181409252e-08
"Brsk2","Brsk2","NM_001009929","Midbrain","15.5",6,0,0.292275,-0.292275,-0.2923,-0.29225,4.99999999999945e-05,4.11638495446757e-10,5.42955874717335e-09,-1,3.91197203745225e-17,7.16203840616759e-15,7.82394407490451e-17,1.29004411147227e-13
"Ptprs","Ptprs","NM_001252453","Midbrain","15.5",6,0.2573,0.868575,-0.611275,-0.61125,-0.6113,-4.99999999999945e-05,4.17967178586593e-10,5.51303480026379e-09,-1,2.87838705713544e-11,8.90160645980331e-10,5.73886652592365e-11,1.64279156355169e-08
"Arhgef7","Arhgef7","NM_001113518","Midbrain","15.5",6,0,0.1854,-0.1854,-0.1854,-0.1854,0,4.22865523026744e-10,5.57764452261939e-09,-1,2.76458904551004e-17,5.7516018460452e-15,5.52917809102008e-17,1.03599278197588e-13
"Esrrb","Esrrb","NM_001159500","Midbrain","15.5",6,0.86415,0.1048,0.75935,0.75935,0.75935,0,4.23474964002394e-10,5.58568311866137e-09,1,7.35845687229533e-12,2.57096619118288e-10,2.45434937302282e-11,7.38473046650398e-09
"Rph3a","Rph3a","NM_001302344","Midbrain","15.5",6,1,0.086375,0.913625,0.9136,0.91365,4.99999999999945e-05,4.48386536220711e-10,5.91426960010065e-09,1,2.34814551803688e-11,7.46351530281583e-10,4.68346443643371e-11,1.36920017523958e-08
"Ikbkb","Ikbkb","NM_010546","Midbrain","15.5",6,0.0381,0.30865,-0.27055,-0.27055,-0.27055,0,4.70697111794375e-10,6.20854863886982e-09,-1,9.04614870684105e-12,3.08986736053817e-10,3.30168621998451e-11,9.8622394476422e-09
"Tpm1","Tpm1","NM_001164248","Midbrain","15.5",6,0.9578,0,0.9578,0.9578,0.9578,0,4.85012295154302e-10,6.39736754159399e-09,1,5.99028293672493e-16,6.23125568213409e-14,1.14539928077806e-15,1.12415565001639e-12
"Ikbkb","Ikbkb","NM_001159774","Midbrain","15.5",6,0.9619,0.69135,0.27055,0.27055,0.27055,0,5.11199292837605e-10,6.74277703051768e-09,1,9.04614870684105e-12,3.08986736053817e-10,3.30168621998451e-11,9.8622394476422e-09
"Tsc22d3","Tsc22d3","NR_122039","Midbrain","15.5",6,0.32165,0.71315,-0.3915,-0.3915,-0.3915,0,5.49667597307064e-10,7.25017835797223e-09,-1,2.93123848527974e-11,9.00421379001703e-10,5.86247697055948e-11,1.66660230972564e-08
"Pdlim5","Pdlim5","NM_019808","Midbrain","15.5",6,0,0.4389,-0.4389,-0.4389,-0.4389,5.55111512312578e-17,5.66050510360014e-10,7.46627085139729e-09,-1,9.09651355427953e-11,2.53870381328887e-09,1.81930271085591e-10,4.68709564562281e-08
"C2cd5","C2cd5","NM_001109688","Midbrain","15.5",6,0,0.313325,-0.313325,-0.31335,-0.3133,5.000000000005e-05,6.12746081055318e-10,8.08219075958704e-09,-1,4.39598930085224e-11,1.31506163594776e-09,8.78282655551316e-11,2.41358100457374e-08
"Sh2b1","Sh2b1","NM_001289541","Midbrain","15.5",6,0.0635,0.65385,-0.59035,-0.59035,-0.59035,0,6.3988777366346e-10,8.44019278355637e-09,-1,6.91673849777631e-11,1.99106365435989e-09,1.38334769955526e-10,3.67890426067116e-08
"Fgd4","Fgd4","NM_139232","Midbrain","15.5",6,0.0325,0.79325,-0.76075,-0.76075,-0.76075,0,6.96560505712134e-10,9.18771258897965e-09,-1,3.78136025909879e-11,1.138637230651e-09,7.56272051819757e-11,2.09223573144996e-08
"Camta1","Camta1","NM_001081557","Midbrain","15.5",6,0.16415,0.5926,-0.42845,-0.42845,-0.42845,1.11022302462516e-16,7.36651147886961e-10,9.71651273597243e-09,-1,1.48160064608697e-11,4.87862313463312e-10,5.36730723714076e-11,1.54717432745371e-08
"Asph","Asph","NM_001177850","Midbrain","15.5",6,0,0.137875,-0.137875,-0.1304,-0.14535,-0.01495,7.91348832174019e-10,1.04379814359505e-08,-1,3.59210696206275e-18,9.67121974433011e-16,7.16760810517361e-18,1.7379775508017e-14
"Camta1","Camta1","NM_001195565","Midbrain","15.5",6,0.83585,0.4074,0.42845,0.42845,0.42845,0,8.08069511419196e-10,1.06585291040101e-08,1,1.48160064608697e-11,4.87862313463312e-10,5.36730723714076e-11,1.54717432745371e-08
"9130024F11Rik","9130024F11Rik","NR_024325","Midbrain","15.5",6,1,0.0876,0.9124,0.9124,0.9124,0,8.23825898290402e-10,1.08663576455744e-08,1,1.53023505115058e-11,5.00277559222587e-10,6.09662891781595e-11,1.72129670675467e-08
"9130024F11Rik","9130024F11Rik","NR_024326","Midbrain","15.5",6,0,0.9124,-0.9124,-0.9124,-0.9124,0,8.23825898290402e-10,1.08663576455744e-08,-1,1.53023505115058e-11,5.00277559222587e-10,6.09662891781595e-11,1.72129670675467e-08
"Ece2","Ece2","NM_025462","Midbrain","15.5",6,0.98995,0.84825,0.1417,0.1417,0.1417,0,8.43109285519037e-10,1.11207077244919e-08,1,1.96316366626579e-11,6.28349657377518e-10,3.92632733253157e-11,1.15605181409252e-08
"Plec","Plec","NM_201386","Midbrain","15.5",6,0.01105,0.2735,-0.26245,-0.26245,-0.26245,0,8.44745676877779e-10,1.11422919133224e-08,-1,1.74140185908855e-10,4.5286342665047e-09,3.48280371817709e-10,8.25084793535809e-08
"Dclk1","Dclk1","NM_001111053","Midbrain","15.5",6,0.89345,0.47665,0.4168,0.4168,0.4168,0,8.89166309745938e-10,1.17282051318676e-08,1,8.40008916892683e-11,2.3587244249189e-09,1.68001783378537e-10,4.35547574419553e-08
"Odf2","Odf2","NM_001177661","Midbrain","15.5",6,0.00885,0.304225,-0.295375,-0.29535,-0.2954,-4.9999999999939e-05,9.01313967527419e-10,1.18884341247695e-08,-1,3.01557668226075e-17,6.00099759769888e-15,6.03115336452149e-17,1.08091456298308e-13
"Tenm2","Tenm2","NM_001290702","Midbrain","15.5",6,0,0.417625,-0.417625,-0.41765,-0.4176,4.9999999999939e-05,9.12298753582891e-10,1.20333247068532e-08,-1,1.77721645675635e-11,5.76902107983959e-10,6.96143514641413e-11,1.93890217611243e-08
"Tenm2","Tenm2","NM_011856","Midbrain","15.5",6,1,0.582375,0.417625,0.41765,0.4176,-4.99999999999945e-05,9.26892432884136e-10,1.22258170028361e-08,1,1.77721645675635e-11,5.76902107983959e-10,6.96143514641413e-11,1.93890217611243e-08
"Palld","Palld","NM_001081390","Midbrain","15.5",6,0.4155,0,0.4155,0.4155,0.4155,0,1.0234973566812e-09,1.3500046976039e-08,1,7.9315525763423e-11,2.25482708956017e-09,1.58631051526846e-10,4.16492689245342e-08
"Cntnap2","Cntnap2","NM_001004357","Midbrain","15.5",6,0.02765,0.2286,-0.20095,-0.20095,-0.20095,0,1.20298095610574e-09,1.58674561421132e-08,-1,2.37932243988736e-11,7.51045434990652e-10,9.36089679034108e-11,2.55540265408656e-08
"Cntnap2","Cntnap2","NM_025771","Midbrain","15.5",6,0.97235,0.7714,0.20095,0.20095,0.20095,0,1.21807684990062e-09,1.60665727045995e-08,1,2.37932243988736e-11,7.51045434990652e-10,9.36089679034108e-11,2.55540265408656e-08
"Smarcb1","Smarcb1","NM_001161853","Midbrain","15.5",6,0.47395,0.1974,0.27655,0.27655,0.27655,0,1.24589330631478e-09,1.64334749402005e-08,1,3.29950127339503e-11,1.00012035286947e-09,9.77444456979398e-11,2.65074122300229e-08
"Rcan1","Rcan1","NM_019466","Midbrain","15.5",6,0.75195,0.10835,0.6436,0.6436,0.6436,0,1.33301173771328e-09,1.7582576995698e-08,1,2.74635700384354e-11,8.55107211332782e-10,1.05005158854781e-10,2.82903315598793e-08
"Rcan1","Rcan1","NM_001081549","Midbrain","15.5",6,0.24805,0.89165,-0.6436,-0.6436,-0.6436,-2.22044604925031e-16,1.38893537846908e-09,1.83202162014527e-08,-1,2.74635700384354e-11,8.55107211332782e-10,1.05005158854781e-10,2.82903315598793e-08
"Ppp1r1c","Ppp1r1c","NM_172420","Midbrain","15.5",6,0,0.82565,-0.82565,-0.82565,-0.82565,0,1.40045534508472e-09,1.84721658762207e-08,-1,8.34097195622482e-11,2.35658201503957e-09,1.66819439124496e-10,4.35219556085144e-08
"Aftph","Aftph","NM_001290545","Midbrain","15.5",6,0.00595,0.70305,-0.6971,-0.6971,-0.6971,-1.11022302462516e-16,1.41403669430936e-09,1.86513054229267e-08,-1,5.63716793529099e-11,1.65393061793762e-09,1.1274335870582e-10,3.01779044893912e-08
"Eif4a2","Eif4a2","NM_001123038","Midbrain","15.5",6,0.30585,0.0932,0.21265,0.21265,0.21265,0,1.48708113353674e-09,1.96147699150145e-08,1,1.19042525829177e-10,3.19374298851605e-09,2.38085051658355e-10,5.84173267125623e-08
"Atat1","Atat1","NM_028476","Midbrain","15.5",6,0.3076,0.57495,-0.26735,-0.26735,-0.26735,0,1.5898619908443e-09,2.0970461156259e-08,-1,9.62147845381928e-11,2.66716531557639e-09,1.92429569076386e-10,4.92679807639146e-08
"Map6","Map6","NM_001048167","Midbrain","15.5",6,0.1313,0.63465,-0.50335,-0.50335,-0.50335,0,1.5940088310597e-09,2.10251584520991e-08,-1,9.68477842950308e-11,2.66716531557639e-09,1.93695568590062e-10,4.92859920124907e-08
"Smarcb1","Smarcb1","NM_011418","Midbrain","15.5",6,0.52605,0.8026,-0.27655,-0.27655,-0.27655,0,1.62278418228234e-09,2.14047086196905e-08,-1,3.29950127339503e-11,1.00012035286947e-09,9.77444456979398e-11,2.65074122300229e-08
"Cyfip1","Cyfip1","NM_001164662","Midbrain","15.5",6,0.0486,0.35225,-0.30365,-0.30365,-0.30365,-5.55111512312578e-17,1.62885040842052e-09,2.14847228349673e-08,-1,9.97454532279560e-11,2.71746987752592e-09,1.99490906455912e-10,5.04492055087857e-08
"Klc1","Klc1","NM_001081959","Midbrain","15.5",6,0.3208,0.0799,0.2409,0.2409,0.2409,0,1.64320287269066e-09,2.16740334771531e-08,1,1.80137034691137e-12,7.10764834294255e-11,3.60274069382275e-12,1.3379160329835e-09
"Pip5k1c","Pip5k1c","NM_001293646","Midbrain","15.5",6,0.006,0.22615,-0.22015,-0.22015,-0.22015,0,1.64320287269066e-09,2.16740334771531e-08,-1,1.34693655359549e-10,3.5430624171302e-09,2.69387310719097e-10,6.49381416682394e-08
"Araf","Araf","NM_001159645","Midbrain","15.5",6,0.80145,0.97655,-0.1751,-0.1751,-0.1751,0,1.72404644036001e-09,2.27403693637311e-08,-1,6.42680594814296e-11,1.86173992561078e-09,1.42419431120257e-10,3.76325355227421e-08
"Sgce","Sgce","NM_011360","Midbrain","15.5",6,0.9267,0.4664,0.4603,0.4603,0.4603,0,1.77416616824638e-09,2.34014542961692e-08,1,6.51844678846145e-17,1.10499744262178e-14,1.30368935769229e-16,2.06690066143641e-13
"Dlk1","Dlk1","NM_010052","Midbrain","15.5",6,0.91445,0.4286,0.48585,0.48585,0.48585,0,1.78963807292145e-09,2.36055304850902e-08,1,5.0656515856658e-15,4.06762935220919e-13,1.01313031713316e-14,7.45754901361437e-12
"Sgk1","Sgk1","NM_001161845","Midbrain","15.5",6,0.00355,0.4088,-0.40525,-0.4053,-0.4052,9.9999999999989e-05,1.79479289229169e-09,2.36735231410527e-08,-1,1.87480363239705e-10,4.82077316038274e-09,3.74263207362417e-10,8.76563331393514e-08
"Ncam1","Ncam1","NM_001113204","Midbrain","15.5",6,0.033,0.3343,-0.3013,-0.3013,-0.3013,0,2.17898361944574e-09,2.8741042691036e-08,-1,7.9465091886135e-18,2.02062069757133e-15,1.5893018377227e-17,3.63959208900101e-14
"St18","St18","NM_173868","Midbrain","15.5",6,0,0.77045,-0.77045,-0.77045,-0.77045,-2.22044604925031e-16,2.19359319568003e-09,2.89337446693806e-08,-1,1.84712569165675e-10,4.77643745238018e-09,3.69425138331348e-10,8.70176254131049e-08
"Cadm1","Cadm1","NM_207676","Midbrain","15.5",6,0.0246,0.7793,-0.7547,-0.7547,-0.7547,0,2.24460653107963e-09,2.96066163869316e-08,-1,8.04482538739556e-12,2.76850870662477e-10,1.6089650774791e-11,5.10178435261044e-09
"Mapk14","Mapk14","NM_001168508","Midbrain","15.5",6,0.0956,0.65345,-0.55785,-0.55785,-0.55785,0,2.33767162726443e-09,3.08341556298256e-08,-1,1.9833884062913e-10,5.04331596421961e-09,3.96677681258261e-10,9.18621478510484e-08
"Clasp2","Clasp2","NM_001286602","Midbrain","15.5",6,0.02605,0.24095,-0.2149,-0.2149,-0.2149,5.55111512312578e-17,2.44381359425276e-09,3.22341802914603e-08,-1,9.28000505729801e-14,5.24377569719173e-12,1.8560010114596e-13,9.68433823468492e-11
"Usp14","Usp14","NM_001038589","Midbrain","15.5",6,0.0364,0.30445,-0.26805,-0.26805,-0.26805,5.55111512312578e-17,2.45848576649856e-09,3.24277079183426e-08,-1,5.62170040637681e-11,1.65393061793762e-09,2.10946210211668e-10,5.29807479942284e-08
"Exoc7","Exoc7","NM_001162872","Midbrain","15.5",6,0.68645,0.1611,0.52535,0.52535,0.52535,0,2.4681999152301e-09,3.2555838649069e-08,1,5.72270964903485e-11,1.66833388940334e-09,2.13357218844689e-10,5.29807479942284e-08
"Syngr1","Syngr1","NM_207708","Midbrain","15.5",6,0.007,0.48275,-0.47575,-0.47575,-0.47575,-5.55111512312578e-17,2.4681999152301e-09,3.2555838649069e-08,-1,5.38259750896351e-11,1.59974992198221e-09,2.12661076213457e-10,5.29807479942284e-08
"Syngr1","Syngr1","NM_009303","Midbrain","15.5",6,0.993,0.51725,0.47575,0.47575,0.47575,0,2.48154596757629e-09,3.27318746030869e-08,1,5.38259750896351e-11,1.59974992198221e-09,2.12661076213457e-10,5.29807479942284e-08
"Usp14","Usp14","NM_021522","Midbrain","15.5",6,0.9636,0.69555,0.26805,0.26805,0.26805,0,2.58226877015114e-09,3.40604198674615e-08,1,5.62170040637681e-11,1.65393061793762e-09,2.10946210211668e-10,5.29807479942284e-08
"Eml4","Eml4","NM_001114362","Midbrain","15.5",6,0.0676,0.497625,-0.430025,-0.43005,-0.43,4.99999999999945e-05,2.58302231444373e-09,3.40703592027047e-08,-1,2.26171802878512e-10,5.68784803173048e-09,4.51601641319676e-10,1.03419358243626e-07
"Exoc7","Exoc7","NM_016857","Midbrain","15.5",6,0.31355,0.8389,-0.52535,-0.52535,-0.52535,0,2.60476933370797e-09,3.43572048694175e-08,-1,5.72270964903485e-11,1.66833388940334e-09,2.13357218844689e-10,5.29807479942284e-08
"Hnrnpk","Hnrnpk","NM_001301340","Midbrain","15.5",6,0.38915,0.161125,0.228025,0.22785,0.2282,0.000349999999999989,2.68361085381605e-09,3.53971335201106e-08,1,3.24526743160736e-12,1.20760886459081e-10,6.1933386623885e-12,2.12746495333125e-09
"Snap91","Snap91","NM_013669","Midbrain","15.5",6,0.00814999999999999,0.8028,-0.79465,-0.79465,-0.79465,2.22044604925031e-16,2.75942005539555e-09,3.63970655432453e-08,-1,3.65732833099083e-10,8.81031145839211e-09,7.31465666198165e-10,1.59533162171109e-07
"Araf","Araf","NM_009703","Midbrain","15.5",6,0.19855,0.02345,0.1751,0.1751,0.1751,0,2.89889477668128e-09,3.82367530392959e-08,1,6.42680594814296e-11,1.86173992561078e-09,1.42419431120257e-10,3.76325355227421e-08
"Rgs3","Rgs3","NM_134257","Midbrain","15.5",6,0.71775,0.94495,-0.2272,-0.2272,-0.2272,-1.11022302462516e-16,2.92234016339401e-09,3.85460003665383e-08,-1,1.30042619718021e-10,3.44049173670162e-09,2.6008523943604e-10,6.30645957203562e-08
"Apod","Apod","NM_007470","Midbrain","15.5",6,1,0.75715,0.24285,0.24285,0.24285,-1.11022302462516e-16,2.92426014319442e-09,3.85713251192886e-08,1,1.95892955985341e-10,5.00895005332351e-09,3.91785911970683e-10,9.12419127254675e-08
"Cyfip1","Cyfip1","NM_011370","Midbrain","15.5",6,0.9491,0.64775,0.30135,0.30135,0.30135,0,2.9854640152757e-09,3.93786111790122e-08,1,9.97454532279560e-11,2.71746987752592e-09,1.99490906455912e-10,5.04492055087857e-08
"Map6","Map6","NM_001043355","Midbrain","15.5",6,0.8198,0.3035,0.5163,0.5163,0.5163,0,2.99543102751019e-09,3.95100772082092e-08,1,9.68477842950308e-11,2.66716531557639e-09,1.93695568590062e-10,4.92859920124907e-08
"Mapk8ip1","Mapk8ip1","NM_011162","Midbrain","15.5",6,0.62305,0.9628,-0.33975,-0.33975,-0.33975,0,3.01316051256713e-09,3.97439311400901e-08,-1,2.05182115851877e-10,5.18850024449746e-09,4.10364231703754e-10,9.45007598562417e-08
"1500011B03Rik","1500011B03Rik","NR_027818","Midbrain","15.5",6,0.4601,0.2226,0.2375,0.2375,0.2375,-2.77555756156289e-17,3.01316051256713e-09,3.97439311400901e-08,1,9.73162787199601e-11,2.66716531557639e-09,2.73717466909718e-10,6.55983472117962e-08
"Epb4.1","Epb4.1","NM_001128607","Midbrain","15.5",6,0.8638,0.168625,0.695175,0.6952,0.69515,-4.99999999999667e-05,3.01502988340149e-09,3.97685883548008e-08,1,5.29040605826545e-12,1.8917334788032e-10,1.05588095033885e-11,3.48195996637924e-09
"Dnajb6","Dnajb6","NM_001037940","Midbrain","15.5",6,0.29395,0.0685,0.22545,0.22545,0.22545,0,3.07080482782351e-09,4.0504266238938e-08,1,2.8065836246945e-10,6.94363959471714e-09,5.61316724938899e-10,1.25070557617182e-07
"Esrrb","Esrrb","NM_011934","Midbrain","0",8,1,0.84345,0.15655,0.15655,0.15655,-3.33066907387547e-16,3.12578001514827e-09,4.12293952356628e-08,1,7.35845687229533e-12,2.57096619118288e-10,2.45434937302282e-11,7.38473046650398e-09
"Wnt7b","Wnt7b","NM_009528","Midbrain","15.5",6,0.9808,0.7502,0.2306,0.2306,0.2306,-1.11022302462516e-16,3.28824234779451e-09,4.33722919498009e-08,1,1.07573616712799e-13,5.72516794993583e-12,2.15147233425597e-13,1.09488770500117e-10
"Sh3glb2","Sh3glb2","NM_001289710","Midbrain","15.5",6,0.0119,0.27085,-0.25895,-0.25895,-0.25895,0,3.41542225747079e-09,4.50498094771597e-08,-1,4.11137103586258e-19,1.34412465936736e-16,8.22274207172517e-19,2.2596659451697e-15
"Slc44a2","Slc44a2","NM_152808","Midbrain","11.5",2,0,0.12135,-0.12135,-0.12135,-0.12135,-1.38777878078145e-17,3.59588023997854e-09,4.74300708673361e-08,-1,7.56281564580384e-11,2.16343795067776e-09,3.33819033223222e-10,7.95396771431204e-08
"Gtf2i","Gtf2i","NM_001080746","Midbrain","15.5",6,0.01715,0.31525,-0.2981,-0.2981,-0.2981,0,3.61291446395747e-09,4.76547542262278e-08,-1,3.36554946470752e-10,8.19368079785443e-09,6.73109892941505e-10,1.47586609636902e-07
"Esrrb","Esrrb","NM_001159500","Midbrain","0",8,0,0.15655,-0.15655,-0.15655,-0.15655,-2.77555756156289e-17,3.659159254515e-09,4.82647282929398e-08,-1,7.35845687229533e-12,2.57096619118288e-10,2.45434937302282e-11,7.38473046650398e-09
"Morf4l2","Morf4l2","NM_001168226","Midbrain","15.5",6,0.93175,0.45365,0.4781,0.4781,0.4781,0,3.73480556100919e-09,4.92625117113033e-08,1,2.21674360878941e-14,1.5853180464733e-12,4.43348721757882e-14,2.90083978490082e-11
"Arvcf","Arvcf","NM_001272031","Midbrain","15.5",6,0.0096,0.29385,-0.28425,-0.2839,-0.2846,-0.000700000000000034,3.79430567201856e-09,5.00473249679889e-08,-1,6.60322940724617e-14,3.99220222087171e-12,1.29138439696849e-13,7.28673164971092e-11
"Rps24","Rps24","NM_011297","Midbrain","15.5",6,0.41375,0.96115,-0.5474,-0.5473,-0.5475,-0.000200000000000089,3.88894403579409e-09,5.12956157900071e-08,-1,2.75429327133615e-10,6.85130451244867e-09,5.36543983340486e-10,1.20857351104802e-07
"App","App","NM_007471","Midbrain","15.5",6,0.47055,0.9105,-0.43995,-0.43995,-0.43995,-2.22044604925031e-16,3.91964276469211e-09,5.17005355287076e-08,-1,4.64238267848211e-10,1.10094225489185e-08,9.28476535696423e-10,2.00380934409435e-07
"1500011B03Rik","1500011B03Rik","NR_027817","Midbrain","15.5",6,0.5399,0.7774,-0.2375,-0.2375,-0.2375,0,4.09448020416047e-09,5.4006661314559e-08,-1,9.73162787199601e-11,2.66716531557639e-09,2.73717466909718e-10,6.55983472117962e-08
"Mapk9","Mapk9","NM_001163671","Midbrain","15.5",6,0.0774,0.480375,-0.402975,-0.39745,-0.4085,-0.0110499999999999,4.2324573217308e-09,5.58265952466386e-08,-1,4.0319796729215e-10,9.66197432615795e-09,5.42751626437586e-10,1.21591199402721e-07
"Immt","Immt","NM_029673","Midbrain","15.5",6,0.09965,0.41715,-0.3175,-0.3175,-0.3175,5.55111512312578e-17,4.2324573217308e-09,5.58265952466386e-08,-1,3.49703669603137e-19,1.23122591982581e-16,6.99407339206274e-19,2.05930645817476e-15
"Psd3","Psd3","NM_027626","Midbrain","15.5",6,0.0242,0.7295,-0.7053,-0.7053,-0.7053,0,4.36298762826223e-09,5.75483048909947e-08,-1,3.14754160607238e-10,7.7039026368948e-09,6.29508321214476e-10,1.39257959571715e-07
"Slc44a2","Slc44a2","NM_152808","Midbrain","15.5",6,0.12195,0.0028,0.11915,0.11915,0.11915,0,4.38151024261358e-09,5.77926202888118e-08,1,7.56281564580384e-11,2.16343795067776e-09,3.33819033223222e-10,7.95396771431204e-08
"Ap1s2","Ap1s2","NM_026887","Midbrain","15.5",6,0.3281,0.0316,0.2965,0.2965,0.2965,0,4.51443622920725e-09,5.95459292266772e-08,1,2.52430978699748e-16,3.20937941530207e-14,5.04861957399495e-16,5.78081375914627e-13
"Islr2","Islr2","NM_001161535","Midbrain","15.5",6,0,0.392675,-0.392675,-0.3927,-0.39265,4.99999999999945e-05,4.62793098834042e-09,6.10429380560897e-08,-1,7.86788938498715e-10,1.78273909480625e-08,1.5720580182951e-09,3.27282068769378e-07
"Klhl13","Klhl13","NM_001290476","Midbrain","15.5",6,0.0371,0.5803,-0.5432,-0.5432,-0.5432,0,4.83530241161767e-09,6.37781908024267e-08,-1,1.19320526772175e-10,3.19374298851605e-09,4.71284568360914e-10,1.07330580087929e-07
"Atp6v0a1","Atp6v0a1","NM_001243050","Midbrain","15.5",6,0.6313,0,0.6313,0.6313,0.6313,0,4.8425504001909e-09,6.38737925991306e-08,1,4.64513789142033e-15,3.79657073732693e-13,9.29027578284065e-15,6.96281327542669e-12
"Klhl13","Klhl13","NM_026167","Midbrain","15.5",6,0.9629,0.4197,0.5432,0.5432,0.5432,-1.11022302462516e-16,4.8425504001909e-09,6.38737925991306e-08,1,1.19320526772175e-10,3.19374298851605e-09,4.71284568360914e-10,1.07330580087929e-07
"Acer2","Acer2","NM_001290543","Midbrain","15.5",6,0.74795,0.9749,-0.22695,-0.22695,-0.22695,0,4.8425504001909e-09,6.38737925991306e-08,-1,2.37113773576251e-10,5.93043574676775e-09,4.74227547152501e-10,1.07407404455386e-07
"Slc44a2","Slc44a2","NM_001199186","Midbrain","11.5",2,1,0.87865,0.12135,0.12135,0.12135,0,4.8425504001909e-09,6.38737925991306e-08,1,7.56281564580384e-11,2.16343795067776e-09,3.33819033223222e-10,7.95396771431204e-08
"Sgip1","Sgip1","NM_144906","Midbrain","15.5",6,0.6945,0.19575,0.49875,0.49875,0.49875,0,5.06081385767962e-09,6.67527125201404e-08,1,1.53321820093386e-16,2.19298115802321e-14,3.06643640186772e-16,3.95005202295657e-13
"Sncaip","Sncaip","NM_001199154","Midbrain","15.5",6,0.6856,0.284,0.4016,0.4016,0.4016,0,5.31322711810713e-09,7.00820722404196e-08,1,6.61603368399748e-14,3.99220222087171e-12,1.32208119111644e-13,7.28673164971092e-11
"Atat1","Atat1","NM_001142744","Midbrain","15.5",6,0.64845,0.09225,0.5562,0.5562,0.5562,0,5.91140919033651e-09,7.79721620609801e-08,1,9.62147845381928e-11,2.66716531557639e-09,1.92429569076386e-10,4.92679807639146e-08
"Slc44a2","Slc44a2","NM_001199186","Midbrain","15.5",6,0.87805,0.9972,-0.11915,-0.11915,-0.11915,0,6.01995315984271e-09,7.94038694100357e-08,-1,7.56281564580384e-11,2.16343795067776e-09,3.33819033223222e-10,7.95396771431204e-08
"Tmpo","Tmpo","NM_011605","Midbrain","15.5",6,0.2625,0.1089,0.1536,0.1536,0.1536,0,6.04256452632784e-09,7.97021159152651e-08,1,9.13843145189631e-10,2.02060873214152e-08,1.82768629037926e-09,3.69309363269828e-07
"Bscl2","Bscl2","NM_001136064","Midbrain","15.5",6,0.4521,0.066975,0.385125,0.3851,0.38515,4.99999999999945e-05,6.21478001160633e-09,8.19736578260324e-08,1,4.71433540067126e-10,1.11224294478723e-08,9.3628568261958e-10,2.01013851803357e-07
"Rab6a","Rab6a","NM_024287","Midbrain","15.5",6,0.7089,0.91635,-0.20745,-0.20745,-0.20745,0,6.22643320413281e-09,8.21273647657732e-08,-1,1.67739533619646e-10,4.38710768786927e-09,6.31746438383691e-10,1.39257959571715e-07
"Rab6a","Rab6a","NM_001163663","Midbrain","15.5",6,0.2911,0.08365,0.20745,0.20745,0.20745,0,6.58180483484989e-09,8.68147571437943e-08,1,1.67739533619646e-10,4.38710768786927e-09,6.31746438383691e-10,1.39257959571715e-07
"Cask","Cask","NM_001284503","Midbrain","15.5",6,0,0.395975,-0.395975,-0.39595,-0.396,-4.99999999999945e-05,7.81360841050158e-09,1.03062386928079e-07,-1,8.01523783581052e-10,1.80717948642881e-08,1.60151811806488e-09,3.31739825385967e-07
"Fam110a","Fam110a","NM_146127","Midbrain","15.5",6,0.97755,0.4031,0.57445,0.57445,0.57445,0,8.35255747226668e-09,1.10171186578636e-07,1,3.18511210674487e-16,3.68179947870252e-14,6.36464688073115e-16,6.80179332104267e-13
"Luc7l","Luc7l","NM_028190","Midbrain","15.5",6,0.10175,0.38535,-0.2836,-0.2836,-0.2836,5.55111512312578e-17,8.59912748553525e-09,1.1342347320183e-07,-1,8.87598682696456e-10,1.9721063935445e-08,1.77519736539291e-09,3.60470259077971e-07
"Dnaja1","Dnaja1","NM_001164671","Midbrain","15.5",6,0.089,0.2739,-0.1849,-0.1849,-0.1849,5.55111512312578e-17,9.09878699490255e-09,1.20014039171004e-07,-1,5.20725438162079e-10,1.21600016860604e-08,1.4131215081961e-09,2.97195525910385e-07
"Zmynd8","Zmynd8","NM_027230","Midbrain","15.5",6,0.0715,0.3389,-0.2674,-0.2674,-0.2674,-5.55111512312578e-17,9.66055843127478e-09,1.27423868548008e-07,-1,1.50963108505021e-09,3.21375882617433e-08,3.01926217010042e-09,5.87061765779427e-07
"Copg1","Copg1","NM_017477","Midbrain","15.5",6,0.6522,0.2906,0.3616,0.3616,0.3616,0,1.04466462932306e-08,1.37792457186193e-07,1,3.02326563986916e-10,7.4395090503662e-09,1.09165242083132e-09,2.33155629080961e-07
"Arhgap33","Arhgap33","NM_001289682","Midbrain","15.5",6,0.0168,0.431875,-0.415075,-0.4151,-0.41505,4.9999999999939e-05,1.10625132106367e-08,1.45915812133519e-07,-1,8.69658304647003e-10,1.95118924527909e-08,1.73747258211888e-09,3.56320438788874e-07
"Mcf2l","Mcf2l","NM_178076","Midbrain","15.5",6,0.2266,0.9056,-0.679,-0.679,-0.679,1.11022302462516e-16,1.11132335410113e-08,1.4658481908134e-07,-1,8.78972693584817e-10,1.96246732611596e-08,1.75794538716963e-09,3.58734248976194e-07
"Palld","Palld","NM_001293774","Midbrain","15.5",6,0.04125,0.52655,-0.4853,-0.4853,-0.4853,0,1.11132335410113e-08,1.4658481908134e-07,-1,7.9315525763423e-11,2.25482708956017e-09,1.58631051526846e-10,4.16492689245342e-08
"Copg1","Copg1","NM_201244","Midbrain","15.5",6,0.3478,0.7094,-0.3616,-0.3616,-0.3616,0,1.14326936598919e-08,1.50798534518617e-07,-1,3.02326563986916e-10,7.4395090503662e-09,1.09165242083132e-09,2.33155629080961e-07
"Rcan2","Rcan2","NM_030598","Midbrain","15.5",6,0.05055,0.62595,-0.5754,-0.5754,-0.5754,0,1.15773847903866e-08,1.52707027047634e-07,-1,7.72239278543356e-12,2.67768119537344e-10,1.54447855708671e-11,4.9352709952006e-09
"Zfp27","Zfp27","NM_001037707","Midbrain","0",8,0,0.394775,-0.394775,-0.39475,-0.3948,-5.000000000005e-05,1.15773847903866e-08,1.52707027047634e-07,-1,1.23003748907516e-09,2.68089599404619e-08,2.45793754789946e-09,4.87109209869178e-07
"Mpp6","Mpp6","NM_019939","Midbrain","15.5",6,0.4608,0.9599,-0.4991,-0.4991,-0.4991,0,1.21445665266908e-08,1.60188218898375e-07,-1,6.48124186293e-10,1.49821434376922e-08,1.296248372586e-09,2.75426248104847e-07
"Dnaja1","Dnaja1","NM_008298","Midbrain","15.5",6,0.897,0.6964,0.2006,0.2006,0.2006,0,1.2970985690497e-08,1.71088782012147e-07,1,5.20725438162079e-10,1.21600016860604e-08,1.4131215081961e-09,2.97195525910385e-07
"Cacna1b","Cacna1b","NM_007579","Midbrain","15.5",6,1,0.078525,0.921475,0.9215,0.92145,-4.99999999999945e-05,1.30074626027954e-08,1.7156991664953e-07,1,3.50204913089561e-10,8.48088829212128e-09,1.39611736992347e-09,2.95125102546991e-07
"Cacna1b","Cacna1b","NM_001042528","Midbrain","15.5",6,0,0.921475,-0.921475,-0.9215,-0.92145,4.99999999999945e-05,1.30074626027954e-08,1.7156991664953e-07,-1,3.50204913089561e-10,8.48088829212128e-09,1.39611736992347e-09,2.95125102546991e-07
"Angel2","Angel2","NM_001199020","Midbrain","11.5",2,0.13235,0,0.13235,0.13235,0.13235,0,1.41579780838108e-08,1.86745347185797e-07,1,1.5292471334435e-09,3.22551342385755e-08,3.05849426688699e-09,5.91898036412918e-07
"Gnas","Gnas","NM_001077510","Midbrain","15.5",6,0.1511,0.0164,0.1347,0.1347,0.1347,0,1.46829060591825e-08,1.93669207106192e-07,1,3.97659595275455e-09,7.6796960657205e-08,7.95319190550911e-09,1.42538589773468e-06
"Kalrn","Kalrn","NM_177357","Midbrain","15.5",6,0.295,0.97025,-0.67525,-0.67525,-0.67525,-1.11022302462516e-16,1.53517880653e-08,2.02491837125769e-07,-1,5.16507566151469e-10,1.21233596424373e-08,1.67291195342887e-09,3.44795763152045e-07
"Mllt3","Mllt3","NM_029931","Midbrain","15.5",6,0.1042,0.002,0.1022,0.1022,0.1022,0,1.7051678533403e-08,2.24913586457808e-07,1,9.31800600531089e-10,2.05040930222634e-08,1.86360120106218e-09,3.74729559474251e-07
"Mapre2","Mapre2","NM_153058","Midbrain","15.5",6,0.5446,0.93805,-0.39345,-0.39345,-0.39345,0,1.70788154683225e-08,2.25271525727322e-07,-1,1.40401862402364e-09,3.04558921429203e-08,2.80803724804727e-09,5.51191360222351e-07
"Cacnb4","Cacnb4","NM_146123","Midbrain","15.5",6,0,0.48985,-0.48985,-0.48985,-0.48985,0,1.72669203534712e-08,2.27752650636295e-07,-1,1.89816109342306e-09,3.94903787481697e-08,3.79632218684612e-09,7.2448290766165e-07
"Ogdh","Ogdh","NM_001252288","Midbrain","15.5",6,0.0297,0.1588,-0.1291,-0.1291,-0.1291,0,1.83876980665525e-08,2.42535836618677e-07,-1,2.37897883466172e-18,6.8053663289042e-16,4.75157348107974e-18,1.22415468520618e-14
"Kalrn","Kalrn","NM_001164268","Midbrain","15.5",6,0.705,0.02975,0.67525,0.67525,0.67525,3.46944695195361e-18,1.86853329639247e-08,2.46461674892712e-07,1,5.16507566151469e-10,1.21233596424373e-08,1.67291195342887e-09,3.44795763152045e-07
"Lrrc4c","Lrrc4c","NM_178725","Midbrain","15.5",6,0.0853,0.5233,-0.438,-0.438,-0.438,0,1.95051582755185e-08,2.57275264343055e-07,-1,2.16602780242635e-09,4.4456992160114e-08,4.33205560485271e-09,8.11689958953299e-07
"Aktip","Aktip","NM_001302337","Midbrain","15.5",6,0.0359,0.14705,-0.11115,-0.1111,-0.1112,-9.9999999999989e-05,1.96088232177331e-08,2.5864261676515e-07,-1,2.18067283846644e-09,4.45577659895576e-08,4.31544434734378e-09,8.11689958953299e-07
"Bscl2","Bscl2","NM_008144","Midbrain","15.5",6,0.114,0.5923,-0.4783,-0.4783,-0.4783,0,1.98234116959341e-08,2.61473063289823e-07,-1,4.71433540067126e-10,1.11224294478723e-08,9.3628568261958e-10,2.01013851803357e-07
"Sema6d","Sema6d","NM_001290997","Midbrain","15.5",6,0.0341,0.39445,-0.36035,-0.36035,-0.36035,0,2.03657301074608e-08,2.68626305048377e-07,-1,3.42655808950327e-09,6.70228904942584e-08,6.85311617900654e-09,1.23900220498493e-06
"Whsc1","Whsc1","NM_001177884","Midbrain","15.5",6,0.3714,0.64775,-0.27635,-0.27635,-0.27635,1.11022302462516e-16,2.03657301074608e-08,2.68626305048377e-07,-1,1.70887268718798e-09,3.57146588550657e-08,3.41774537437596e-09,6.55269684557687e-07
"Rhbdd3","Rhbdd3","NM_001290493","Midbrain","12.5",3,0,0.2852,-0.2852,-0.2852,-0.2852,-5.55111512312578e-17,2.1456222753235e-08,2.83010027535666e-07,-1,3.02550396736117e-09,6.02075289504872e-08,6.049123076334e-09,1.10069816722469e-06
"Prmt6","Prmt6","NM_178891","Midbrain","15.5",6,0.613,0.3707,0.2423,0.2423,0.2423,0,2.1456222753235e-08,2.83010027535666e-07,1,6.4478969535766e-10,1.49807230236143e-08,2.414669822396e-09,4.80846258321437e-07
"Prmt6","Prmt6","NR_024139","Midbrain","15.5",6,0.387,0.6293,-0.2423,-0.2423,-0.2423,0,2.27989621943272e-08,3.00720914049437e-07,-1,6.4478969535766e-10,1.49807230236143e-08,2.414669822396e-09,4.80846258321437e-07
"Shisa5","Shisa5","NM_026381","Midbrain","15.5",6,0.0799,0.57665,-0.49675,-0.49675,-0.49675,0,2.29278347517047e-08,3.02420757793206e-07,-1,1.95079843497368e-09,4.04018300311065e-08,3.90159686994736e-09,7.41142114518135e-07
"Ugp2","Ugp2","NM_139297","Midbrain","15.5",6,0.6502,0.25495,0.39525,0.39525,0.39525,0,2.31354754085617e-08,3.05159561761195e-07,1,7.37567544499305e-10,1.6820565646396e-08,2.63940711699497e-09,5.20569751557699e-07
"Kcnip1","Kcnip1","NM_001190885","Midbrain","15.5",6,0,0.20155,-0.20155,-0.20155,-0.20155,0,2.31354754085617e-08,3.05159561761195e-07,-1,2.63525266117035e-09,5.2901541360424e-08,5.27050532234068e-09,9.78629073246229e-07
"Ptprs","Ptprs","NM_011218","Midbrain","15.5",6,0.36765,0.0833,0.28435,0.28435,0.28435,1.38777878078145e-17,2.47648690493429e-08,3.26651449893015e-07,1,2.87838705713544e-11,8.90160645980331e-10,5.73886652592365e-11,1.64279156355169e-08
"Mtcl1","Mtcl1","NM_172963","Midbrain","15.5",6,1,0.18255,0.81745,0.81745,0.81745,0,2.55768874194677e-08,3.3736206489415e-07,1,7.38678980757176e-10,1.6820565646396e-08,2.95434472189097e-09,5.77161755029488e-07
"Mtcl1","Mtcl1","NM_001114098","Midbrain","15.5",6,0,0.81745,-0.81745,-0.81745,-0.81745,0,2.55768874194677e-08,3.3736206489415e-07,-1,7.38678980757176e-10,1.6820565646396e-08,2.95434472189097e-09,5.77161755029488e-07
"Ugp2","Ugp2","NM_001290634","Midbrain","15.5",6,0.3498,0.74505,-0.39525,-0.39525,-0.39525,0,2.55768874194677e-08,3.3736206489415e-07,-1,7.37567544499305e-10,1.6820565646396e-08,2.63940711699497e-09,5.20569751557699e-07
"Snrpn","Snrpn","NM_013670","Midbrain","15.5",6,0.9897,0.8151,0.1746,0.173,0.1762,0.00319999999999987,2.75711745409526e-08,3.63666939692319e-07,1,2.39213034684625e-09,4.84459318474128e-08,4.25848732965852e-09,8.05225830014662e-07
"Pde4dip","Pde4dip","NM_178080","Midbrain","15.5",6,0.2916,0.8042,-0.5126,-0.5126,-0.5126,0,2.78823698503647e-08,3.67771641349203e-07,-1,4.04302159290661e-09,7.7751721977872e-08,8.08604318581321e-09,1.44292217746964e-06
"Smarcc2","Smarcc2","NM_198160","Midbrain","15.5",6,0.66435,0.22775,0.4366,0.4366,0.4366,0,2.84485742575391e-08,3.75239942117151e-07,1,2.48871045873655e-09,5.01798580160228e-08,4.97742091747310e-09,9.28391010965757e-07
"Tpm1","Tpm1","NM_001164254","Midbrain","15.5",6,0.00995,0.131025,-0.121075,-0.1211,-0.12105,4.99999999999945e-05,3.19957676604935e-08,4.22027828046099e-07,-1,5.99028293672493e-16,6.23125568213409e-14,1.14539928077806e-15,1.12415565001639e-12
"Myadm","Myadm","NM_001093764","Midbrain","15.5",6,0.06385,0.48205,-0.4182,-0.4182,-0.4182,0,3.66730632375427e-08,4.83721890662669e-07,-1,4.31275458062339e-09,8.22478238146385e-08,8.62550916124677e-09,1.51945455456973e-06
"Celf3","Celf3","NM_001289616","Midbrain","15.5",6,0,0.38525,-0.38525,-0.38525,-0.38525,0,3.78608834395881e-08,4.99389374727989e-07,-1,4.46454134032372e-09,8.47892353305463e-08,8.92908268064744e-09,1.56623820725078e-06
"2310045N01Rik","2310045N01Rik","NM_001309645","Midbrain","15.5",6,0.59285,0.9235,-0.33065,-0.33065,-0.33065,-2.22044604925031e-16,3.80187044775529e-08,5.01471052235434e-07,-1,6.74295150117181e-09,1.23449956083453e-07,1.34859030023436e-08,2.25061863420982e-06
"Qk","Qk","NM_001159517","Midbrain","15.5",6,0.66475,0.3803,0.28445,0.28445,0.28445,0,4.03077342819954e-08,5.31663616669337e-07,1,3.58895660759638e-09,6.96044677668162e-08,7.17791321519276e-09,1.29205664138959e-06
"Pcdh10","Pcdh10","NM_001098171","Midbrain","15.5",6,0.0167,0.3004,-0.2837,-0.2837,-0.2837,0,4.28496286163651e-08,5.65191493119738e-07,-1,5.10073872640282e-09,9.607440802776e-08,1.02014774528056e-08,1.77432658596788e-06
"Postn","Postn","NM_015784","Midbrain","14.5",5,0.0073,0.28835,-0.28105,-0.28105,-0.28105,0,4.69285235037289e-08,6.18992582326544e-07,-1,4.21220709087156e-09,8.06664094348082e-08,8.42331579132236e-09,1.4902049225133e-06
"G3bp2","G3bp2","NM_011816","Midbrain","15.5",6,0.3175,0.545125,-0.227625,-0.22615,-0.2291,-0.0029499999999999,4.88638857462218e-08,6.44520231244005e-07,-1,7.36854515926669e-09,1.33387093985714e-07,1.13635302162446e-08,1.9436365637826e-06
"Sorbs1","Sorbs1","NM_178362","Midbrain","15.5",6,0.37105,0.1556,0.21545,0.21545,0.21545,2.77555756156289e-17,4.88638857462218e-08,6.44520231244005e-07,1,7.397016479604e-09,1.33387093985714e-07,1.4794032959208e-08,2.43930106366282e-06
"Pax3","Pax3","NM_008781","Midbrain","15.5",6,1,0.85705,0.14295,0.14295,0.14295,-1.11022302462516e-16,4.88638857462218e-08,6.44520231244005e-07,1,1.47954084028266e-09,3.19090384604682e-08,5.91386523209739e-09,1.0882839818937e-06
"Pax3","Pax3","NM_001159520","Midbrain","15.5",6,0,0.14295,-0.14295,-0.14295,-0.14295,0,4.88638857462218e-08,6.44520231244005e-07,-1,1.47954084028266e-09,3.19090384604682e-08,5.91386523209739e-09,1.0882839818937e-06
"Wdr35","Wdr35","NM_001159527","Midbrain","15.5",6,0.88775,0.30605,0.5817,0.5817,0.5817,0,4.92275543867298e-08,6.49317062128345e-07,1,1.50757923394969e-09,3.21375882617433e-08,5.99367203685996e-09,1.09806813591457e-06
"Wdr35","Wdr35","NM_172470","Midbrain","15.5",6,0.11225,0.69395,-0.5817,-0.5817,-0.5817,0,4.93988724380845e-08,6.51576766783209e-07,-1,1.50757923394969e-09,3.21375882617433e-08,5.99367203685996e-09,1.09806813591457e-06
"Adam15","Adam15","NM_009614","Midbrain","15.5",6,0.904,0.31445,0.58955,0.58955,0.58955,0,4.94677948060354e-08,6.52485860684588e-07,1,1.5215387872752e-09,3.22411251359193e-08,6.06143243555442e-09,1.10069816722469e-06
"Adam15","Adam15","NM_001037722","Midbrain","15.5",6,0.096,0.68555,-0.58955,-0.58955,-0.58955,0,4.94677948060354e-08,6.52485860684588e-07,-1,1.5215387872752e-09,3.22411251359193e-08,6.06143243555442e-09,1.10069816722469e-06
"Parp6","Parp6","NR_038075","Midbrain","15.5",6,0.2651,0.00495,0.26015,0.26015,0.26015,0,4.94677948060354e-08,6.52485860684588e-07,1,3.21765302923533e-16,3.68179947870252e-14,6.43530605847066e-16,6.80179332104267e-13
"Mapt","Mapt","NM_001038609","Midbrain","15.5",6,0.34965,0.00365,0.346,0.346,0.346,0,4.9919960593398e-08,6.58449979038686e-07,1,7.7071441916387e-09,1.38335682216197e-07,1.54142883832774e-08,2.53144554947412e-06
"Odf2","Odf2","NM_001113214","Midbrain","0",8,0.0434,0.1832,-0.1398,-0.1398,-0.1398,0,5.06792058767387e-08,6.68464511000616e-07,-1,3.01557668226075e-17,6.00099759769888e-15,6.03115336452149e-17,1.08091456298308e-13
"Arvcf","Arvcf","NM_001272032","Midbrain","15.5",6,0.8892,0.285675,0.603525,0.6032,0.60385,0.000649999999999984,5.08116937034018e-08,6.70212040558978e-07,1,6.60322940724617e-14,3.99220222087171e-12,1.29138439696849e-13,7.28673164971092e-11
"Snap91","Snap91","NM_001277983","Midbrain","15.5",6,0.57385,0.02025,0.5536,0.5536,0.5536,3.46944695195361e-18,5.26808666285318e-08,6.94866644824317e-07,1,3.65732833099083e-10,8.81031145839211e-09,7.31465666198165e-10,1.59533162171109e-07
"Tsc22d3","Tsc22d3","NM_001077364","Midbrain","15.5",6,0.25435,0.01885,0.2355,0.2355,0.2355,3.46944695195361e-18,5.29450949882523e-08,6.9835184705307e-07,1,2.93123848527974e-11,9.00421379001703e-10,5.86247697055948e-11,1.66660230972564e-08
"Fam57b","Fam57b","NM_026884","Midbrain","15.5",6,0.8885,0.0116,0.8769,0.8769,0.8769,0,6.16614768999823e-08,8.13321919522054e-07,1,2.33753690876733e-16,3.14673718571413e-14,4.67507381753465e-16,5.66798102239381e-13
"Cep55","Cep55","NM_028293","Midbrain","0",8,0.59735,1.96261557335472e-17,0.59735,0.59735,0.59735,3.92523114670944e-17,6.17737667403591e-08,8.14803035335517e-07,1,5.8259911829507e-09,1.08396592050266e-07,1.16519823659014e-08,1.98473845612033e-06
"Lrrtm4","Lrrtm4","NM_001134743","Midbrain","15.5",6,0,0.2488,-0.2488,-0.2488,-0.2488,0,6.3243262795612e-08,8.34185856060473e-07,-1,5.97973967552982e-09,1.10681664640704e-07,1.19594793510596e-08,2.02041823201903e-06
"Rapgef4","Rapgef4","NM_019688","Midbrain","15.5",6,0,0.715,-0.715,-0.715,-0.715,0,6.40522004505632e-08,8.44855836076777e-07,-1,8.09543669511792e-09,1.44174372581925e-07,1.61908733902358e-08,2.63796231713569e-06
"Mast2","Mast2","NM_001042743","Midbrain","15.5",6,0.11345,0.638675,-0.525225,-0.52525,-0.5252,4.99999999998835e-05,6.4629328864569e-08,8.52468225741904e-07,-1,2.08090429071802e-09,4.2902247471245e-08,8.17554250246261e-09,1.45260464201918e-06
"Mast2","Mast2","NM_008641","Midbrain","15.5",6,0.88655,0.361325,0.525225,0.52525,0.5252,-4.9999999999939e-05,6.55262364953899e-08,8.64298539782492e-07,1,2.08090429071802e-09,4.2902247471245e-08,8.17554250246261e-09,1.45260464201918e-06
"Pax6","Pax6","NM_001310146","Midbrain","15.5",6,1,0.0616,0.9384,0.9384,0.9384,0,7.03551231243945e-08,9.27992105679833e-07,1,1.26237140847343e-15,1.22933488012402e-13,2.52474281694686e-15,2.21430845967786e-12
"Barhl1","Barhl1","NM_019446","Midbrain","15.5",6,0,0.570425,-0.570425,-0.57045,-0.5704,4.99999999999945e-05,7.39738586575915e-08,9.75723640473858e-07,-1,2.37330823695173e-09,4.82783635579024e-08,9.44834067491329e-09,1.65029799870413e-06
"Barhl1","Barhl1","NM_001164186","Midbrain","15.5",6,1,0.429575,0.570425,0.57045,0.5704,-5.000000000005e-05,7.40815441444508e-08,9.77144024338796e-07,1,2.37330823695173e-09,4.82783635579024e-08,9.44834067491329e-09,1.65029799870413e-06
"Frmd4a","Frmd4a","NM_001177844","Midbrain","15.5",6,0.63135,0.10885,0.5225,0.5225,0.5225,-2.77555756156289e-17,7.56813772567613e-08,9.98246005725489e-07,1,7.30996126095905e-09,1.33297580443863e-07,1.46199225219181e-08,2.42027411438007e-06
"Rufy3","Rufy3","NM_027530","Midbrain","15.5",6,0.13095,0.6682,-0.53725,-0.53725,-0.53725,0,7.82622735901961e-08,1.03228832299598e-06,-1,6.18935447390281e-14,3.88064046945934e-12,1.23787089478056e-13,7.08698783470799e-11
"Eml4","Eml4","NM_001114361","Midbrain","15.5",6,0.84525,0.1808,0.66445,0.66445,0.66445,0,7.87943236844716e-08,1.03930612447778e-06,1,2.26171802878512e-10,5.68784803173048e-09,4.51601641319676e-10,1.03419358243626e-07
"Dpp6","Dpp6","NM_001198886","Midbrain","15.5",6,0.815,0.2701,0.5449,0.5449,0.5449,0,8.00223164074642e-08,1.05550348868044e-06,1,1.03951654932122e-08,1.82293764223878e-07,2.07903309864243e-08,3.33462584638863e-06
"Ralyl","Ralyl","NM_178631","Midbrain","15.5",6,0,0.1223,-0.1223,-0.1223,-0.1223,0,8.04795668703741e-08,1.06153467448547e-06,-1,1.39173141091638e-15,1.32707388911756e-13,2.78346282183276e-15,2.3903583854988e-12
"Aifm1","Aifm1","NM_012019","Midbrain","15.5",6,0.998,0.808775,0.189225,0.1892,0.18925,4.99999999999945e-05,8.15838908718335e-08,1.07610083413322e-06,1,2.67036830745834e-09,5.33723831582393e-08,1.06395285827138e-08,1.83503062481367e-06
"Aifm1","Aifm1","NM_001290364","Midbrain","15.5",6,0.002,0.191225,-0.189225,-0.1892,-0.18925,-4.99999999999945e-05,8.16239318790134e-08,1.07662897958897e-06,-1,2.67036830745834e-09,5.33723831582393e-08,1.06395285827138e-08,1.83503062481367e-06
"Mbp","Mbp","NM_001025245","Midbrain","16.5",7,0.654,0.172,0.482,0.482,0.482,0,8.17012298643018e-08,1.07764854883918e-06,1,1.80081879629047e-12,7.10764834294255e-11,3.60163759258092e-12,1.3379160329835e-09
"Arhgef40","Arhgef40","NM_198249","Midbrain","15.5",6,0.7037,0.26385,0.43985,0.43985,0.43985,0,8.18615693419373e-08,1.07976344485338e-06,1,8.07366839918683e-09,1.44174372581925e-07,1.61473367983737e-08,2.63796231713569e-06
"Pigp","Pigp","NM_001159616","Midbrain","15.5",6,0.39195,0.0256,0.36635,0.36635,0.36635,0,8.48974975326701e-08,1.11980768426761e-06,1,1.68072220888357e-08,2.79733292729458e-07,3.36144441776714e-08,5.13193328883426e-06
"Pus7","Pus7","NM_178403","Midbrain","15.5",6,0.99525,0.342,0.65325,0.65325,0.65325,-5.55111512312578e-17,8.58141478738782e-08,1.13189840691201e-06,1,3.19912792563213e-09,6.28429550026534e-08,1.13532179339412e-08,1.9436365637826e-06
"Asap1","Asap1","NM_001276461","Midbrain","15.5",6,0.34985,0,0.34985,0.34985,0.34985,0,8.63182800901432e-08,1.13854796839577e-06,1,1.43093737466683e-08,2.42570383846299e-07,2.86187474933365e-08,4.40184413671913e-06
"Gjc2","Gjc2","NM_080454","Midbrain","0",8,1,3.92523114670944e-17,1,1,1,7.85046229341888e-17,8.95813056185348e-08,1.18158764761892e-06,1,3.06769319827227e-09,6.07828215086243e-08,1.1908867344351e-08,2.02014720000711e-06
"Cldnd1","Cldnd1","NM_001252450","Midbrain","15.5",6,0.01455,0.1816,-0.16705,-0.16705,-0.16705,0,9.08470636912878e-08,1.19828314109618e-06,-1,2.29003068297104e-14,1.61253391322437e-12,4.58006136594207e-14,2.94991943299158e-11
"Gjc2","Gjc2","NM_175452","Midbrain","0",8,0,1,-1,-1,-1,1.11022302462516e-16,9.18619994324738e-08,1.21167025938645e-06,-1,3.06769319827227e-09,6.07828215086243e-08,1.1908867344351e-08,2.02014720000711e-06
"Aftph","Aftph","NM_181411","Midbrain","15.5",6,0.9833,0.29695,0.68635,0.68635,0.68635,0,9.22441507600186e-08,1.21671087902277e-06,1,5.63716793529099e-11,1.65393061793762e-09,1.1274335870582e-10,3.01779044893912e-08
"Elmo1","Elmo1","NM_080288","Midbrain","15.5",6,0.99545,0.1631,0.83235,0.83235,0.83235,2.77555756156289e-17,9.23903102546793e-08,1.21863873944277e-06,1,3.11997439672863e-09,6.15522535078747e-08,1.24003931635265e-08,2.08635497873599e-06
"Elmo1","Elmo1","NM_198093","Midbrain","15.5",6,0.00455,0.8369,-0.83235,-0.83235,-0.83235,-2.22044604925031e-16,9.27618040946609e-08,1.22353878560148e-06,-1,3.11997439672863e-09,6.15522535078747e-08,1.24003931635265e-08,2.08635497873599e-06
"Pus7","Pus7","NM_001289780","Midbrain","15.5",6,0.00355,0.658,-0.65445,-0.65445,-0.65445,0,9.48897730927425e-08,1.25160693961295e-06,-1,3.19912792563213e-09,6.28429550026534e-08,1.13532179339412e-08,1.9436365637826e-06
"Mtss1","Mtss1","NM_144800","Midbrain","15.5",6,0.65325,0.2288,0.42445,0.42445,0.42445,-2.77555756156289e-17,9.72991482860319e-08,1.28338687346425e-06,1,3.55879163071548e-09,6.9313145930999e-08,1.31533389149202e-08,2.2040413360229e-06
"Nrxn3","Nrxn3","NM_001252074","Midbrain","15.5",6,0.1275,0.52595,-0.39845,-0.39845,-0.39845,0,9.72991482860319e-08,1.28338687346425e-06,-1,9.91103411877373e-09,1.74472319852413e-07,1.98220682375475e-08,3.19174240387055e-06
"Cacfd1","Cacfd1","NM_001243240","Midbrain","15.5",6,0.04175,0.173,-0.13125,-0.13125,-0.13125,0,9.72991482860319e-08,1.28338687346425e-06,-1,9.89112676297652e-09,1.74472319852413e-07,1.9782253525953e-08,3.19174240387055e-06
"Mapk9","Mapk9","NM_207692","Midbrain","15.5",6,0.71665,0.26995,0.4467,0.44105,0.45235,0.0113,1.0124474870816e-07,1.33542979345783e-06,1,4.0319796729215e-10,9.66197432615795e-09,5.42751626437586e-10,1.21591199402721e-07
"Mtss1","Mtss1","NM_001146180","Midbrain","15.5",6,0.34675,0.7712,-0.42445,-0.42445,-0.42445,0,1.0444406762407e-07,1.37762917518967e-06,-1,3.55879163071548e-09,6.9313145930999e-08,1.31533389149202e-08,2.2040413360229e-06
"Asap2","Asap2","NM_001004364","Midbrain","15.5",6,0.94345,0.1421,0.80135,0.8013,0.8014,9.9999999999989e-05,1.05331901153221e-07,1.38933980079335e-06,1,9.16890063375689e-14,5.24377569719173e-12,1.83192972536942e-13,9.68128575193084e-11
"Slc44a2","Slc44a2","NM_152808","Midbrain","12.5",3,0.00875,0.11505,-0.1063,-0.1063,-0.1063,0,1.05477615368529e-07,1.39126178792785e-06,-1,7.56281564580384e-11,2.16343795067776e-09,3.33819033223222e-10,7.95396771431204e-08
"Eif4e2","Eif4e2","NM_023314","Midbrain","15.5",6,0.2392,0.52165,-0.28245,-0.28245,-0.28245,0,1.107808085292e-07,1.46121151112422e-06,-1,1.14170522491546e-08,1.98691437811333e-07,2.28341044983091e-08,3.60630379431266e-06
"Evl","Evl","NM_001163394","Midbrain","15.5",6,0.601,0.0939,0.5071,0.5071,0.5071,0,1.110234768621e-07,1.46441233413793e-06,1,1.52915614053095e-08,2.58263751114767e-07,3.05831228106191e-08,4.68649740196749e-06
"Dnajb6","Dnajb6","NM_011847","Midbrain","15.5",6,0.6498,0.9043,-0.2545,-0.2545,-0.2545,0,1.12255607752268e-07,1.48066428123806e-06,-1,2.8065836246945e-10,6.94363959471714e-09,5.61316724938899e-10,1.25070557617182e-07
"Lppr3","Lppr3","NM_181681","Midbrain","15.5",6,0.47405,0.7392,-0.26515,-0.26515,-0.26515,0,1.12342711803463e-07,1.48181319361703e-06,-1,2.20080303429872e-16,3.05244711757129e-14,4.40160606859744e-16,5.49814341432786e-13
"Mllt3","Mllt3","NM_027326","Midbrain","15.5",6,0.8958,0.998,-0.1022,-0.1022,-0.1022,0,1.17384876132177e-07,1.5483199167211e-06,-1,9.31800600531089e-10,2.05040930222634e-08,1.86360120106218e-09,3.74729559474251e-07
"Hexim2","Hexim2","NM_027658","Midbrain","11.5",2,0.8692,0,0.8692,0.8692,0.8692,0,1.18165612458778e-07,1.55861791799703e-06,1,1.23197351009591e-08,2.11982810364999e-07,2.46394702019182e-08,3.86184153179333e-06
"Tmem201","Tmem201","NM_001284270","Midbrain","15.5",6,0.1503,0.48075,-0.33045,-0.33045,-0.33045,0,1.19914247402617e-07,1.58168261252865e-06,-1,1.25494167782727e-08,2.15126144547394e-07,2.50988335565455e-08,3.91893845892835e-06
"Asph","Asph","NM_001177852","Midbrain","15.5",6,0.39985,0,0.39985,0.39985,0.39985,0,1.21738742150743e-07,1.60574790653889e-06,1,3.59210696206275e-18,9.67121974433011e-16,7.16760810517361e-18,1.7379775508017e-14
"Palld","Palld","NM_001293773","Midbrain","15.5",6,0.0399,0.4333,-0.3934,-0.3934,-0.3934,0,1.28493376297074e-07,1.69484230203113e-06,-1,7.9315525763423e-11,2.25482708956017e-09,1.58631051526846e-10,4.16492689245342e-08
"LOC105245869","LOC105245869","NR_131969","Midbrain","15.5",6,1,0.47925,0.52075,0.5212,0.5203,-0.000899999999999956,1.2912992443617e-07,1.7032384446535e-06,1,4.5495163918152e-09,8.60460186997445e-08,1.79182309018935e-08,2.90790520006358e-06
"LOC105245869","LOC105245869","NR_131970","Midbrain","15.5",6,0,0.52075,-0.52075,-0.5212,-0.5203,0.000900000000000012,1.2912992443617e-07,1.7032384446535e-06,-1,4.5495163918152e-09,8.60460186997445e-08,1.79182309018935e-08,2.90790520006358e-06
"Csrnp3","Csrnp3","NM_178634","Midbrain","15.5",6,0,0.323,-0.323,-0.323,-0.323,0,1.32468442268831e-07,1.74727387598809e-06,-1,1.40490418720039e-08,2.39042619509896e-07,2.80980837440078e-08,4.35425538714236e-06
"Slc44a2","Slc44a2","NM_001199186","Midbrain","12.5",3,0.99125,0.88495,0.1063,0.1063,0.1063,0,1.42937966018581e-07,1.88536808943744e-06,1,7.56281564580384e-11,2.16343795067776e-09,3.33819033223222e-10,7.95396771431204e-08
"Gls","Gls","NM_001081081","Midbrain","15.5",6,0.20405,0.47855,-0.2745,-0.2745,-0.2745,0,1.47006070511991e-07,1.93902685211617e-06,-1,6.15634868661805e-09,1.13163084090967e-07,2.08817442973811e-08,3.33630617554357e-06
"Ppp2r3a","Ppp2r3a","NM_172144","Midbrain","15.5",6,0.90935,0.0219,0.88745,0.88745,0.88745,0,1.55727259459906e-07,2.0540603299412e-06,1,5.5674641374377e-09,1.04009319824704e-07,2.22478065600782e-08,3.54083971363568e-06
"Ppp2r3a","Ppp2r3a","NM_001161362","Midbrain","15.5",6,0.09065,0.9781,-0.88745,-0.88745,-0.88745,1.11022302462516e-16,1.55727259459906e-07,2.0540603299412e-06,-1,5.5674641374377e-09,1.04009319824704e-07,2.22478065600782e-08,3.54083971363568e-06
"Trpm3","Trpm3","NM_001035245","Midbrain","0",8,0.0508,0.71455,-0.66375,-0.66375,-0.66375,1.11022302462516e-16,1.55727259459906e-07,2.0540603299412e-06,-1,1.82734462481849e-11,5.88996925901001e-10,3.65468924963697e-11,1.08381332807132e-08
"Med22","Med22","NM_001033908","Midbrain","15.5",6,0.8378,0.96735,-0.12955,-0.12955,-0.12955,0,1.58852714751329e-07,2.09528544203386e-06,-1,1.13837888577089e-08,1.98691437811333e-07,2.27675777154177e-08,3.60630379431266e-06
"Exoc1","Exoc1","NM_027270","Midbrain","15.5",6,0.2405,0.9077,-0.6672,-0.6672,-0.6672,0,1.65175053159172e-07,2.17867780738501e-06,-1,1.7794883692989e-08,2.94033150407258e-07,3.5589767385978e-08,5.41345698823001e-06
"Pigp","Pigp","NM_001159617","Midbrain","15.5",6,0.10235,0.326125,-0.223775,-0.2238,-0.22375,4.9999999999939e-05,1.68730281549985e-07,2.22557167572108e-06,-1,1.68072220888357e-08,2.79733292729458e-07,3.36144441776714e-08,5.13193328883426e-06
"Nckap5","Nckap5","NM_172484","Midbrain","15.5",6,0.13105,0.71225,-0.5812,-0.5812,-0.5812,0,1.68989071294733e-07,2.22898514199748e-06,-1,1.22897267461124e-08,2.11982810364999e-07,2.45794534922248e-08,3.86184153179333e-06
"Trim24","Trim24","NM_001272064","Midbrain","15.5",6,0.3104,0.734225,-0.423825,-0.4238,-0.42385,-4.99999999998835e-05,1.68989071294733e-07,2.22898514199748e-06,-1,1.84384113744239e-08,3.03570535470281e-07,3.67836810009746e-08,5.57448967611318e-06
"Mapre2","Mapre2","NM_001162942","Midbrain","15.5",6,0.34835,0.05095,0.2974,0.2974,0.2974,0,1.68989071294733e-07,2.22898514199748e-06,1,1.40401862402364e-09,3.04558921429203e-08,2.80803724804727e-09,5.51191360222351e-07
"Gls","Gls","NM_001113383","Midbrain","15.5",6,0.79595,0.52145,0.2745,0.2745,0.2745,0,1.68989071294733e-07,2.22898514199748e-06,1,6.15634868661805e-09,1.13163084090967e-07,2.08817442973811e-08,3.33630617554357e-06
"Acsl1","Acsl1","NM_001302163","Midbrain","15.5",6,0.3735,0.0049,0.3686,0.3686,0.3686,0,1.77182196469405e-07,2.33705339837021e-06,1,8.98682306146106e-09,1.59429027722121e-07,2.58759331426118e-08,4.02502867152788e-06
"Bdnf","Bdnf","NM_001048139","Midbrain","15.5",6,0,0.1377,-0.1377,-0.1377,-0.1377,-2.77555756156289e-17,1.77593036206672e-07,2.34247242140581e-06,-1,4.54871993351914e-08,6.96304051361776e-07,9.09743986703828e-08,1.2669116054567e-05
"Cdc42","Cdc42","NM_001243769","Midbrain","15.5",6,0.20705,0.6017,-0.39465,-0.39465,-0.39465,0,1.940964363472e-07,2.56015415327069e-06,-1,7.40229885784823e-09,1.33387093985714e-07,2.8470165146078e-08,4.39539142828666e-06
"Rusc1","Rusc1","NM_001083807","Midbrain","15.5",6,0.05965,0.6934,-0.63375,-0.63375,-0.63375,0,1.97474545933245e-07,2.60471180435217e-06,-1,2.17715805215209e-08,3.49643944024566e-07,4.35431610430419e-08,6.57470299156065e-06
"Sh3glb1","Sh3glb1","NM_001282042","Midbrain","15.5",6,0.7295,0.13325,0.59625,0.59625,0.59625,0,1.98715392258564e-07,2.62107870903688e-06,1,8.00441393610801e-20,4.57952532319579e-17,1.6008827872216e-19,8.24875453256352e-16
"Mbp","Mbp","NM_001025245","Midbrain","14.5",5,0.7459,0.26455,0.48135,0.48135,0.48135,0,1.99531211185488e-07,2.63183945381607e-06,1,1.80081879629047e-12,7.10764834294255e-11,3.60163759258092e-12,1.3379160329835e-09
"Cdc42","Cdc42","NM_009861","Midbrain","15.5",6,0.79295,0.3983,0.39465,0.39465,0.39465,0,2.00117872146191e-07,2.63957757886035e-06,1,7.40229885784823e-09,1.33387093985714e-07,2.8470165146078e-08,4.39539142828666e-06
"Parp6","Parp6","NM_001205239","Midbrain","15.5",6,0.20095,0.59495,-0.394,-0.394,-0.394,0,2.07165528223743e-07,2.73253696707649e-06,-1,3.21765302923533e-16,3.68179947870252e-14,6.43530605847066e-16,6.80179332104267e-13
"Zfp821","Zfp821","NM_001286393","Midbrain","15.5",6,0.2246,0.457425,-0.232825,-0.23285,-0.2328,4.9999999999939e-05,2.14357629033422e-07,2.82740159779904e-06,-1,3.18530949909854e-08,5.01002116060962e-07,6.34690272880216e-08,9.31052894231827e-06
"Elavl4","Elavl4","NM_001163397","Midbrain","15.5",6,0.35575,0.03205,0.3237,0.3237,0.3237,6.93889390390723e-18,2.24850367047303e-07,2.9658020100424e-06,1,2.51131112193121e-08,4.00497247563733e-07,5.02262224386242e-08,7.5013644428418e-06
"Acsl1","Acsl1","NM_007981","Midbrain","15.5",6,0.6265,0.9951,-0.3686,-0.3686,-0.3686,0,2.40616180235953e-07,3.17375488580985e-06,-1,8.98682306146106e-09,1.59429027722121e-07,2.58759331426118e-08,4.02502867152788e-06
"Speg","Speg","NM_001085371","Midbrain","15.5",6,0.0303,0.17915,-0.14885,-0.14885,-0.14885,0,2.43465747877113e-07,3.21134100830048e-06,-1,3.52675894300239e-14,2.33941676552492e-12,7.05351788600477e-14,4.21381546913519e-11
"Lingo2","Lingo2","NM_001165999","Midbrain","10.5",1,0.97155,0.43325,0.5383,0.5383,0.5383,-5.55111512312578e-17,2.6872604985824e-07,3.54452727512185e-06,1,6.73706166031206e-14,4.00461444405822e-12,1.34741233206241e-13,7.30812147427169e-11
"Rps24","Rps24","NM_207635","Midbrain","15.5",6,0.38375,0.02335,0.3604,0.3603,0.3605,0.000200000000000002,2.70997777855161e-07,3.57449162673939e-06,1,2.75429327133615e-10,6.85130451244867e-09,5.36543983340486e-10,1.20857351104802e-07
"Abi2","Abi2","NM_001198570","Midbrain","15.5",6,0.0802,0.2757,-0.1955,-0.1955,-0.1955,0,2.85362466578113e-07,3.76396351085333e-06,-1,5.07398135666407e-12,1.82863091885445e-10,1.01479627133281e-11,3.40088998561779e-09
"Meis2","Meis2","NM_001159567","Midbrain","15.5",6,0,0.32845,-0.32845,-0.32685,-0.33005,-0.00319999999999998,2.85757831201818e-07,3.76917841537442e-06,-1,6.48588318642138e-08,9.57609269169376e-07,1.21662019712996e-07,1.64427333703698e-05
"Kctd17","Kctd17","NM_001289673","Midbrain","15.5",6,0.3734,0.7719,-0.3985,-0.3985,-0.3985,1.11022302462516e-16,3.07771957447866e-07,4.05954725366998e-06,-1,4.68653312211897e-08,7.15008736664618e-07,9.37306624423794e-08,1.29653502745834e-05
"Herc4","Herc4","NM_030114","Midbrain","15.5",6,0.0972,0.640075,-0.542875,-0.54285,-0.5429,-5.00000000001055e-05,3.13441726332062e-07,4.13433215250756e-06,-1,1.20262053224179e-08,2.08499779396617e-07,4.77469538149188e-08,7.15701302425812e-06
"Herc4","Herc4","NM_026101","Midbrain","15.5",6,0.9028,0.359925,0.542875,0.54285,0.5429,4.99999999999945e-05,3.1459145667859e-07,4.14949722703031e-06,1,1.20262053224179e-08,2.08499779396617e-07,4.77469538149188e-08,7.15701302425812e-06
"Mfn2","Mfn2","NM_133201","Midbrain","15.5",6,0,0.7149,-0.7149,-0.7149,-0.7149,0,3.16051792566582e-07,4.16875922410337e-06,-1,5.23491866057829e-09,9.8197634055192e-08,1.04698373211566e-08,1.81335071793154e-06
"Palld","Palld","NM_001293772","Midbrain","15.5",6,0.5033,0.0402,0.4631,0.4631,0.4631,0,3.32741470059999e-07,4.38889797551809e-06,1,7.9315525763423e-11,2.25482708956017e-09,1.58631051526846e-10,4.16492689245342e-08
"Prkacb","Prkacb","NM_001164198","Midbrain","15.5",6,0.03785,0.21775,-0.1799,-0.1799,-0.1799,0,3.34091772508046e-07,4.40670861895699e-06,-1,5.14603289442769e-08,7.79913660854156e-07,1.02920657888554e-07,1.41889480042792e-05
"Parp6","Parp6","NR_038074","Midbrain","15.5",6,0.53395,0.01035,0.5236,0.5236,0.5236,1.73472347597681e-18,3.41359033767258e-07,4.50256462458912e-06,1,3.21765302923533e-16,3.68179947870252e-14,6.43530605847066e-16,6.80179332104267e-13
"Dnm1","Dnm1","NM_010065","Midbrain","15.5",6,0.9225,0.5905,0.332,0.332,0.332,0,3.42530547351275e-07,4.51801702250111e-06,1,3.97343097191062e-08,6.18584814912751e-07,7.94686194382123e-08,1.13742301716264e-05
"Dst","Dst","NM_001276764","Midbrain","15.5",6,0.22435,0.06955,0.1548,0.1548,0.1548,1.38777878078145e-17,3.43602961408906e-07,4.53216228634695e-06,1,3.99410648597874e-08,6.19695775807616e-07,7.98821297195747e-08,1.13938533178125e-05
"Sema6b","Sema6b","NM_001130456","Midbrain","15.5",6,0,0.9909,-0.9909,-0.9909,-0.9909,1.11022302462516e-16,3.49797950993786e-07,4.61387490618521e-06,-1,1.38240667764084e-08,2.36092364312019e-07,5.43266930360246e-08,8.08448449393124e-06
"Sema6b","Sema6b","NM_013662","Midbrain","15.5",6,1,0.0091,0.9909,0.9909,0.9909,0,3.55309740945182e-07,4.68657604486445e-06,1,1.38240667764084e-08,2.36092364312019e-07,5.43266930360246e-08,8.08448449393124e-06
"Mdp1","Mdp1","NR_028316","Midbrain","15.5",6,0.25805,0.4602,-0.20215,-0.20215,-0.20215,0,3.65346885318312e-07,4.81896712497618e-06,-1,1.64953457517874e-08,2.76553837018061e-07,5.70918357180329e-08,8.46541090756334e-06
"Phactr1","Phactr1","NM_001302636","Midbrain","15.5",6,0.9098,0.03015,0.87965,0.87965,0.87965,0,3.67743462377337e-07,4.85057824997551e-06,1,5.75838608500104e-08,8.6131153957679e-07,1.1516772170002e-07,1.57196424813167e-05
"Dctd","Dctd","NM_178788","Midbrain","0",8,0.3143,-2.08527904668939e-17,0.3143,0.3143,0.3143,-4.17055809337878e-17,3.76252457956556e-07,4.96281287304367e-06,1,5.90364965588141e-08,8.77305340096403e-07,1.18072993117628e-07,1.60630043153653e-05
"Foxp2","Foxp2","NM_053242","Midbrain","15.5",6,0.8379,0.2991,0.5388,0.5388,0.5388,0,3.85745603281682e-07,5.08802854360986e-06,1,4.54869785446802e-08,6.96304051361776e-07,9.09739570893605e-08,1.2669116054567e-05
"Bmp1","Bmp1","NR_033241","Midbrain","15.5",6,0.3629,0.11935,0.24355,0.24355,0.24355,0,3.87615224913355e-07,5.11268906636572e-06,1,1.67992441184551e-08,2.79733292729458e-07,6.12477584568023e-08,9.01677016157407e-06
"Ivns1abp","Ivns1abp","NM_001039511","Midbrain","15.5",6,0.30575,0.15605,0.1497,0.1497,0.1497,0,3.87615224913355e-07,5.11268906636572e-06,1,2.69956900176423e-08,4.29025254203989e-07,9.19722951180519e-08,1.27649584877061e-05
"Med22","Med22","NM_011513","Midbrain","15.5",6,0.1622,0.03265,0.12955,0.12955,0.12955,0,3.93237360306417e-07,5.18684567401746e-06,1,1.13837888577089e-08,1.98691437811333e-07,2.27675777154177e-08,3.60630379431266e-06
"Sptan1","Sptan1","NM_001076554","Midbrain","15.5",6,0.26625,0.004325,0.261925,0.2611,0.26275,0.00165,3.95499764737304e-07,5.21668704673464e-06,1,4.77263848270422e-08,7.25726456323495e-07,4.77263848270422e-08,7.15701302425812e-06
"Pard3","Pard3","NM_001122850","Midbrain","15.5",6,0.29325,0.48475,-0.1915,-0.1915,-0.1915,0,4.03100861307104e-07,5.31694637822373e-06,-1,3.54783550918794e-12,1.30955186496397e-10,7.09567101837587e-12,2.40639768590221e-09
"Bcat1","Bcat1","NM_007532","Midbrain","15.5",6,0.90345,0.114475,0.788975,0.789,0.78895,-4.99999999999945e-05,4.05783090347995e-07,5.35232528547362e-06,1,1.63165727134809e-08,2.74562328344125e-07,6.46443275475119e-08,9.44931106103332e-06
"Mapk8ip1","Mapk8ip1","NM_001202445","Midbrain","15.5",6,0.37695,0,0.37695,0.37695,0.37695,0,4.06638511883568e-07,5.36360839318187e-06,1,2.05182115851877e-10,5.18850024449746e-09,4.10364231703754e-10,9.45007598562417e-08
"Bcat1","Bcat1","NM_001024468","Midbrain","15.5",6,0.09655,0.885525,-0.788975,-0.789,-0.78895,4.99999999999945e-05,4.07247339291406e-07,5.37163889619437e-06,-1,1.63165727134809e-08,2.74562328344125e-07,6.46443275475119e-08,9.44931106103332e-06
"Mdp1","Mdp1","NM_023397","Midbrain","15.5",6,0.74195,0.5398,0.20215,0.20215,0.20215,1.11022302462516e-16,4.10890035373378e-07,5.41968647336204e-06,1,1.64953457517874e-08,2.76553837018061e-07,5.70918357180329e-08,8.46541090756334e-06
"Bmp1","Bmp1","NM_009755","Midbrain","15.5",6,0.6371,0.88065,-0.24355,-0.24355,-0.24355,2.22044604925031e-16,4.17628875135458e-07,5.50857253912295e-06,-1,1.67992441184551e-08,2.79733292729458e-07,6.12477584568023e-08,9.01677016157407e-06
"Pcdh10","Pcdh10","NM_011043","Midbrain","15.5",6,0.57065,0.17025,0.4004,0.4004,0.4004,0,4.26561248871698e-07,5.62639156841463e-06,1,5.10073872640282e-09,9.607440802776e-08,1.02014774528056e-08,1.77432658596788e-06
"Rapgef6","Rapgef6","NM_001252497","Midbrain","15.5",6,0.60195,0.8228,-0.22085,-0.22085,-0.22085,0,4.26561248871698e-07,5.62639156841463e-06,-1,6.76615107577202e-08,9.9577728211603e-07,1.72607871337793e-07,2.26594717195785e-05
"Nckap5","Nckap5","NM_001081756","Midbrain","15.5",6,0.86895,0.2783,0.59065,0.59065,0.59065,0,4.32906320793824e-07,5.71008379141441e-06,1,1.22897267461124e-08,2.11982810364999e-07,2.45794534922248e-08,3.86184153179333e-06
"Gne","Gne","NM_015828","Midbrain","15.5",6,0.0755,0.2338,-0.1583,-0.1583,-0.1583,0,4.32906320793824e-07,5.71008379141441e-06,-1,1.94880695747846e-08,3.17707710631046e-07,7.0383113982812e-08,1.02157197286792e-05
"Map2k7","Map2k7","NM_001291777","Midbrain","15.5",6,0,0.17105,-0.17105,-0.17105,-0.17105,-2.77555756156289e-17,4.39513053392763e-07,5.79722734861227e-06,-1,7.18417917425577e-08,1.05054275017791e-06,1.43683583485115e-07,1.91675896543868e-05
"Ivns1abp","Ivns1abp","NM_054102","Midbrain","15.5",6,0.68755,0.83915,-0.1516,-0.1516,-0.1516,2.22044604925031e-16,4.39551287090509e-07,5.79773165545025e-06,-1,2.69956900176423e-08,4.29025254203989e-07,9.19722951180519e-08,1.27649584877061e-05
"D130043K22Rik","D130043K22Rik","NR_131787","Midbrain","15.5",6,1,0,1,1,1,0,4.60028637992568e-07,6.06783025152189e-06,1,1.9518495856185e-08,3.17707710631046e-07,7.56362496595593e-08,1.09014128060693e-05
"Rtn2","Rtn2","NM_001025364","Midbrain","15.5",6,0.9843,0.120875,0.863425,0.86345,0.8634,-4.99999999999945e-05,4.60028637992568e-07,6.06783025152189e-06,1,1.89623220383291e-08,3.11077232865349e-07,7.54861684709727e-08,1.09014128060693e-05
"Rtn2","Rtn2","NM_013648","Midbrain","15.5",6,0.0157,0.879125,-0.863425,-0.86345,-0.8634,4.99999999998835e-05,4.60429456748333e-07,6.0731170966675e-06,-1,1.89623220383291e-08,3.11077232865349e-07,7.54861684709727e-08,1.09014128060693e-05
"Taok2","Taok2","NM_001163775","Midbrain","15.5",6,0.7148,0.360925,0.353875,0.35385,0.3539,4.99999999999945e-05,4.69490960095906e-07,6.19263936027396e-06,1,1.95747376879954e-08,3.17707710631046e-07,7.72756518303965e-08,1.1098891663542e-05
"D130043K22Rik","D130043K22Rik","NM_001081051","Midbrain","15.5",6,0,1,-1,-1,-1,0,4.70776204139789e-07,6.20959187593493e-06,-1,1.9518495856185e-08,3.17707710631046e-07,7.56362496595593e-08,1.09014128060693e-05
"Gne","Gne","NM_001190414","Midbrain","15.5",6,0.9245,0.7662,0.1583,0.1583,0.1583,0,4.70776204139789e-07,6.20959187593493e-06,1,1.94880695747846e-08,3.17707710631046e-07,7.0383113982812e-08,1.02157197286792e-05
"Taok2","Taok2","NM_001163774","Midbrain","15.5",6,0.2852,0.639075,-0.353875,-0.35385,-0.3539,-4.99999999999945e-05,4.71640022407389e-07,6.22098573749718e-06,-1,1.95747376879954e-08,3.17707710631046e-07,7.72756518303965e-08,1.1098891663542e-05
"Zkscan17","Zkscan17","NM_001291014","Midbrain","14.5",5,0.12935,0,0.12935,0.12935,0.12935,0,4.75042849506428e-07,6.26586941539678e-06,1,5.92617567711342e-08,8.77802785571137e-07,1.18523513542268e-07,1.60712540236023e-05
"Pfkp","Pfkp","NM_001291071","Midbrain","15.5",6,0.02085,0.21695,-0.1961,-0.1961,-0.1961,5.55111512312578e-17,4.87601915627998e-07,6.43152493127047e-06,-1,2.08055280488718e-08,3.36490819362849e-07,8.12604934089636e-08,1.15504868236523e-05
"Pfkp","Pfkp","NM_019703","Midbrain","15.5",6,0.97915,0.78305,0.1961,0.1961,0.1961,0,4.98416831746849e-07,6.57417490949789e-06,1,2.08055280488718e-08,3.36490819362849e-07,8.12604934089636e-08,1.15504868236523e-05
"Sh2b1","Sh2b1","NM_001289539","Midbrain","15.5",6,0.7688,0.183,0.5858,0.5858,0.5858,0,5.04857909690398e-07,6.65913346288018e-06,1,6.91673849777631e-11,1.99106365435989e-09,1.38334769955526e-10,3.67890426067116e-08
"Astn1","Astn1","NM_007495","Midbrain","15.5",6,1,0.84215,0.15785,0.15785,0.15785,-1.11022302462516e-16,5.04857909690398e-07,6.65913346288018e-06,1,2.11954007783258e-08,3.415892583183e-07,8.47757288974585e-08,1.19676123420841e-05
"Astn1","Astn1","NM_001205204","Midbrain","15.5",6,0,0.15785,-0.15785,-0.15785,-0.15785,0,5.04857909690398e-07,6.65913346288018e-06,-1,2.11954007783258e-08,3.415892583183e-07,8.47757288974585e-08,1.19676123420841e-05
"Smarcc2","Smarcc2","NM_001114096","Midbrain","15.5",6,0.18045,0.691225,-0.510775,-0.5108,-0.51075,4.99999999999945e-05,5.08096654778359e-07,6.70185288032223e-06,-1,2.48871045873655e-09,5.01798580160228e-08,4.97742091747310e-09,9.28391010965757e-07
"Kif1a","Kif1a","NM_008440","Midbrain","15.5",6,0,0.361,-0.361,-0.36105,-0.36095,0.000100000000000044,5.16057857018168e-07,6.80686204670803e-06,-1,8.69922567954249e-08,1.24816162806476e-06,1.73669705099707e-07,2.27264888906276e-05
"Galk2","Galk2","NM_175154","Midbrain","15.5",6,0.02825,0.2222,-0.19395,-0.19395,-0.19395,0,5.20892023053136e-07,6.87062524857273e-06,-1,2.29016080694483e-08,3.66505804663863e-07,8.79736148225877e-08,1.23766653695275e-05
"Elavl4","Elavl4","NM_001038698","Midbrain","15.5",6,0.4247,0.6405,-0.2158,-0.2158,-0.2158,0,5.24458076718944e-07,6.91766190352178e-06,-1,2.51131112193121e-08,4.00497247563733e-07,5.02262224386242e-08,7.5013644428418e-06
"Sh2b1","Sh2b1","NM_001289538","Midbrain","15.5",6,0.0153,0.1154,-0.1001,-0.1001,-0.1001,1.38777878078145e-17,5.25913256191562e-07,6.93685588688741e-06,-1,6.91673849777631e-11,1.99106365435989e-09,1.38334769955526e-10,3.67890426067116e-08
"Snrpa","Snrpa","NM_015782","Midbrain","15.5",6,0.5315,0.3241,0.2074,0.2074,0.2074,0,5.38327564704759e-07,7.10060203338127e-06,1,6.86852928949751e-08,1.0076044409625e-06,1.37370585789949e-07,1.83849251308797e-05
"Galk2","Galk2","NM_001291002","Midbrain","15.5",6,0.97175,0.7778,0.19395,0.19395,0.19395,-1.11022302462516e-16,5.38327564704759e-07,7.10060203338127e-06,1,2.29016080694483e-08,3.66505804663863e-07,8.79736148225877e-08,1.23766653695275e-05
"Add1","Add1","NM_001024458","Midbrain","15.5",6,0.64255,0.1807,0.46185,0.46185,0.46185,0,5.42078055708625e-07,7.1500714378745e-06,1,2.7221568844679e-12,1.04700101346299e-10,5.43495649093072e-12,1.96521491840125e-09
"Igf2","Igf2","NM_001122737","Midbrain","15.5",6,0.48215,0.7623,-0.28015,-0.28015,-0.28015,-2.22044604925031e-16,6.02337461517382e-07,7.94489987964429e-06,-1,7.71629080085582e-08,1.12118930144499e-06,1.54325816017116e-07,2.04548841868449e-05
"Tmem201","Tmem201","NM_177672","Midbrain","15.5",6,0.8393,0.47825,0.36105,0.36105,0.36105,0,6.12201671978114e-07,8.07500994170954e-06,1,1.25494167782727e-08,2.15126144547394e-07,2.50988335565455e-08,3.91893845892835e-06
"Ampd2","Ampd2","NM_001289720","Midbrain","15.5",6,0.25885,0.664825,-0.405975,-0.406,-0.40595,5.00000000001055e-05,6.15746481121035e-07,8.12176637897646e-06,-1,7.91758377697776e-08,1.14679686541858e-06,1.57956774519134e-07,2.08690411181666e-05
"Baiap2","Baiap2","NM_001037755","Midbrain","15.5",6,0.9009,0.69755,0.20335,0.20335,0.20335,0,6.24296867165882e-07,8.23454694701134e-06,1,8.04249179759515e-08,1.16121403651713e-06,1.60849835951903e-07,2.11833731594996e-05
"Rapgef6","Rapgef6","NM_001252497","Midbrain","11.5",2,0.457,0.71385,-0.25685,-0.25685,-0.25685,-1.11022302462516e-16,6.2909498990112e-07,8.29783473363793e-06,-1,6.76615107577202e-08,9.9577728211603e-07,1.72607871337793e-07,2.26594717195785e-05
"Strn3","Strn3","NM_052973","Midbrain","15.5",6,0.07265,0.32335,-0.2507,-0.2507,-0.2507,5.55111512312578e-17,6.55474858629282e-07,8.64578821366128e-06,-1,3.01542856021935e-08,4.75917811038758e-07,1.13112222947931e-07,1.54903729405117e-05
"Ppap2c","Ppap2c","NM_001302390","Midbrain","15.5",6,0.2294,0.717675,-0.488275,-0.48825,-0.4883,-4.99999999998835e-05,6.59580311521368e-07,8.69993960598221e-06,-1,1.14031460743967e-07,1.61585757221405e-06,2.27575361220042e-07,2.93152832197913e-05
"Rusc1","Rusc1","NM_001083808","Midbrain","15.5",6,0.8999,0.276225,0.623675,0.62365,0.6237,4.99999999999945e-05,6.82056247205552e-07,8.99639976348648e-06,1,2.17715805215209e-08,3.49643944024566e-07,4.35431610430419e-08,6.57470299156065e-06
"Strn3","Strn3","NM_001172098","Midbrain","15.5",6,0.92735,0.67665,0.2507,0.2507,0.2507,1.11022302462516e-16,6.95103485971743e-07,9.16849433227201e-06,1,3.01542856021935e-08,4.75917811038758e-07,1.13112222947931e-07,1.54903729405117e-05
"Pde1b","Pde1b","NM_001285890","Midbrain","15.5",6,0.6645,0.0802,0.5843,0.5843,0.5843,-1.38777878078145e-17,7.47010189057273e-07,9.8531496715864e-06,1,3.28951786949163e-08,5.15620660570657e-07,1.30101638742898e-07,1.7525893663998e-05
"Pde1b","Pde1b","NM_008800","Midbrain","15.5",6,0.3355,0.9198,-0.5843,-0.5843,-0.5843,0,7.54118959201955e-07,9.94691516132471e-06,-1,3.28951786949163e-08,5.15620660570657e-07,1.30101638742898e-07,1.7525893663998e-05
"Ssh2","Ssh2","NM_177710","Midbrain","15.5",6,0.3447,0.90865,-0.56395,-0.56395,-0.56395,-1.11022302462516e-16,7.55471148521246e-07,9.96475069281071e-06,-1,3.30869285143904e-08,5.16856217782815e-07,1.32058070860788e-07,1.77314970906095e-05
"Ssh2","Ssh2","NM_001291190","Midbrain","15.5",6,0.6553,0.09135,0.56395,0.56395,0.56395,0,7.55746504041285e-07,9.96838266355434e-06,1,3.30869285143904e-08,5.16856217782815e-07,1.32058070860788e-07,1.77314970906095e-05
"Cntn1","Cntn1","NM_001159647","Midbrain","15.5",6,0,0.3761,-0.3761,-0.3761,-0.3761,1.11022302462516e-16,7.76271066001891e-07,1.02391039788778e-05,-1,1.02142561772399e-07,1.45640655835598e-06,2.04285123544798e-07,2.64806385565138e-05
"Dst","Dst","NM_133833","Midbrain","15.5",6,0.5952,0.8512,-0.256,-0.256,-0.256,0,7.92424590835825e-07,1.04521708155073e-05,-1,3.99410648597874e-08,6.19695775807616e-07,7.98821297195747e-08,1.13938533178125e-05
"Celf2","Celf2","NM_001110229","Midbrain","15.5",6,0.35625,0.12255,0.2337,0.2337,0.2337,0,8.06704164244058e-07,1.06405200189034e-05,1,4.37950392513169e-27,2.00449894653278e-23,8.75900785026338e-27,3.61055319139331e-22
"Tcf12","Tcf12","NM_011544","Midbrain","15.5",6,0.5892,0.30955,0.27965,0.27965,0.27965,-5.55111512312578e-17,8.40129904756077e-07,1.10814093521054e-05,1,1.42519591305873e-07,1.98875661404567e-06,2.96666467925368e-07,3.78603627351428e-05
"Kctd17","Kctd17","NR_110357","Midbrain","15.5",6,0.5317,0.0882,0.4435,0.4435,0.4435,0,8.48430294450132e-07,1.1190892439734e-05,1,4.68653312211897e-08,7.15008736664618e-07,9.37306624423794e-08,1.29653502745834e-05
"Asap1","Asap1","NM_010026","Midbrain","14.5",5,0,0.13895,-0.13895,-0.1381,-0.1398,-0.00170000000000001,8.48430294450132e-07,1.1190892439734e-05,-1,1.43093737466683e-08,2.42570383846299e-07,2.86187474933365e-08,4.40184413671913e-06
"Kirrel3","Kirrel3","NM_026324","Midbrain","15.5",6,0,0.235525,-0.235525,-0.23555,-0.2355,4.99999999999945e-05,8.49096232671036e-07,1.11996762408905e-05,-1,1.50866023924294e-07,2.0988261139863e-06,3.01309394186015e-07,3.83342079099643e-05
"G3bp2","G3bp2","NM_001080795","Midbrain","15.5",6,0.5549,0.3572,0.1977,0.1962,0.1992,0.00300000000000006,8.59001019570954e-07,1.13303215108208e-05,1,7.36854515926669e-09,1.33387093985714e-07,1.13635302162446e-08,1.9436365637826e-06
"Apbb2","Apbb2","NM_001201415","Midbrain","12.5",3,0.14405,0,0.14405,0.14405,0.14405,0,8.84359330066493e-07,1.16648005211358e-05,1,1.96944286375357e-07,2.66095006012372e-06,3.93888572750715e-07,4.89402578947874e-05
"Dctn1","Dctn1","NM_007835","Midbrain","15.5",6,0.06655,0.255,-0.18845,-0.18845,-0.18845,0,9.26906732101144e-07,1.22260056111409e-05,-1,2.51070186990208e-16,3.20937941530207e-14,5.02140373980416e-16,5.78081375914627e-13
"Tbc1d14","Tbc1d14","NM_001113364","Midbrain","15.5",6,0.63855,0.8596,-0.22105,-0.22105,-0.22105,0,9.83887576342856e-07,1.29775894515641e-05,-1,1.31936989445673e-07,1.84671437520747e-06,2.63873978891345e-07,3.38852243380577e-05
"Tmpo","Tmpo","NM_001080132","Midbrain","15.5",6,0.03785,0.2265,-0.18865,-0.18865,-0.18865,2.77555756156289e-17,1.03657005407409e-06,1.3672477347017e-05,-1,9.13843145189631e-10,2.02060873214152e-08,1.82768629037926e-09,3.69309363269828e-07
"App","App","NM_001198823","Midbrain","15.5",6,0.135,0.0235,0.1115,0.1115,0.1115,0,1.06252734601911e-06,1.40148569910297e-05,1,4.64238267848211e-10,1.10094225489185e-08,9.28476535696423e-10,2.00380934409435e-07
"Lhx9","Lhx9","NM_001042577","Midbrain","15.5",6,0.9513,0.71705,0.23425,0.23425,0.23425,0,1.08130208747177e-06,1.42624979740957e-05,1,3.20436552016681e-15,2.75508652556473e-13,6.40873104033363e-15,5.17989195920939e-12
"Map2","Map2","NM_008632","Midbrain","15.5",6,0.14745,0.9676,-0.82015,-0.82015,-0.82015,-2.22044604925031e-16,1.08937671698027e-06,1.43690032591042e-05,-1,5.17543431731084e-08,7.81780952816228e-07,1.96169618924144e-07,2.55896000231249e-05
"Dclk1","Dclk1","NM_001195538","Midbrain","15.5",6,0.0885,0.3807,-0.2922,-0.2922,-0.2922,-1.11022302462516e-16,1.11350970257696e-06,1.46873200941215e-05,-1,8.40008916892683e-11,2.3587244249189e-09,1.68001783378537e-10,4.35547574419553e-08
"Ensa","Ensa","NM_019561","Midbrain","15.5",6,0.29065,0.4646,-0.17395,-0.17395,-0.17395,5.55111512312578e-17,1.11949031249236e-06,1.47662050216461e-05,-1,5.87572937449937e-08,8.76000434758424e-07,2.02665578661635e-07,2.63535765107492e-05
"Map2","Map2","NM_001039934","Midbrain","15.5",6,0.85255,0.0324,0.82015,0.82015,0.82015,-6.93889390390723e-18,1.14151385638378e-06,1.50566980797592e-05,1,5.17543431731084e-08,7.81780952816228e-07,1.96169618924144e-07,2.55896000231249e-05
"Runx1t1","Runx1t1","NM_009822","Midbrain","15.5",6,0.2245,0.026,0.1985,0.1985,0.1985,0,1.1658333375037e-06,1.53774748120181e-05,1,1.5885026420968e-07,2.19654881960031e-06,3.17700528419356e-07,4.01716036415426e-05
"Cacng5","Cacng5","NM_080644","Midbrain","15.5",6,1,0,1,1,1,0,1.18723106978234e-06,1.56597133435166e-05,1,5.56770596284102e-08,8.35520989899126e-07,2.160671388483e-07,2.79200936015107e-05
"Fgf13","Fgf13","NM_001290414","Midbrain","15.5",6,0.69345,0.3236,0.36985,0.36985,0.36985,0,1.2050207175755e-06,1.58943608287565e-05,1,1.7128329580172e-17,3.91981822442236e-15,3.42152016640236e-17,7.40885727529421e-14
"Cacng5","Cacng5","NM_001199301","Midbrain","15.5",6,0,1,-1,-1,-1,0,1.21943964194018e-06,1.60845480871762e-05,-1,5.56770596284102e-08,8.35520989899126e-07,2.160671388483e-07,2.79200936015107e-05
"Ap1s2","Ap1s2","NM_001290378","Midbrain","15.5",6,0.66485,0.0216,0.64325,0.64325,0.64325,0,1.26161968812152e-06,1.66409077115391e-05,1,2.52430978699748e-16,3.20937941530207e-14,5.04861957399495e-16,5.78081375914627e-13
"Ensa","Ensa","NM_001026212","Midbrain","15.5",6,0.70935,0.5354,0.17395,0.17395,0.17395,0,1.28241507551192e-06,1.69152012451987e-05,1,5.87572937449937e-08,8.76000434758424e-07,2.02665578661635e-07,2.63535765107492e-05
"Mfn2","Mfn2","NM_001285920","Midbrain","15.5",6,0.62895,0.01075,0.6182,0.6182,0.6182,0,1.32925869366815e-06,1.75330739162991e-05,1,5.23491866057829e-09,9.8197634055192e-08,1.04698373211566e-08,1.81335071793154e-06
"Trappc13","Trappc13","NM_001093760","Midbrain","15.5",6,0.24415,0.5293,-0.28515,-0.28515,-0.28515,-1.11022302462516e-16,1.36291303510897e-06,1.79769785218488e-05,-1,1.87989882169501e-07,2.56844683788001e-06,3.75979764339001e-07,4.71072123949363e-05
"Rnf14","Rnf14","NM_020012","Midbrain","15.5",6,0.6056,0.87365,-0.26805,-0.26805,-0.26805,2.22044604925031e-16,1.40348565649309e-06,1.85121360296344e-05,-1,1.93922540776928e-07,2.63377884016617e-06,3.87845081553856e-07,4.84465862617342e-05
"Sorbs1","Sorbs1","NM_009166","Midbrain","15.5",6,0.0774,0.324575,-0.247175,-0.24715,-0.2472,-5.000000000005e-05,1.42046234380032e-06,1.87360604732581e-05,-1,7.397016479604e-09,1.33387093985714e-07,1.4794032959208e-08,2.43930106366282e-06
"Kdm2b","Kdm2b","NM_013910","Midbrain","15.5",6,0.84385,0.95925,-0.1154,-0.1154,-0.1154,0,1.43451714736896e-06,1.89214449368105e-05,-1,1.19713175968971e-07,1.69113335311722e-06,2.65197146202108e-07,3.39493768043102e-05
"Tcf12","Tcf12","NM_001253863","Midbrain","15.5",6,0,0.50215,-0.50215,-0.50215,-0.50215,0,1.53918699255876e-06,2.03020521438667e-05,-1,1.42519591305873e-07,1.98875661404567e-06,2.96666467925368e-07,3.78603627351428e-05
"Syne1","Syne1","NM_153399","Midbrain","15.5",6,0.0246,0.4253,-0.4007,-0.4007,-0.4007,0,1.66969395420473e-06,2.20234538665185e-05,-1,2.32505916927286e-07,3.12076123688032e-06,4.65011833854573e-07,5.70484119735307e-05
"Csnk1d","Csnk1d","NM_027874","Midbrain","15.5",6,0.39115,0.0856,0.30555,0.30555,0.30555,0,1.78448229706096e-06,2.35375252129123e-05,1,8.51175682130451e-08,1.22510411858839e-06,3.32175741164177e-07,4.18734738705302e-05
"Arpp21","Arpp21","NM_033264","Midbrain","10.5",1,0,0.2286,-0.2286,-0.2288,-0.2284,0.000399999999999956,1.79974667119024e-06,2.37388640502429e-05,-1,6.70609449103721e-07,8.29562013121008e-06,1.32381109551534e-06,0.000149503714908216
"Kazn","Kazn","NM_001109685","Midbrain","15.5",6,0.72385,0.17735,0.5465,0.5465,0.5465,0,1.81815722677432e-06,2.39817013801272e-05,1,2.54486814836511e-07,3.39446231826276e-06,5.08973629673023e-07,6.22564299588751e-05
"Csnk1d","Csnk1d","NM_139059","Midbrain","15.5",6,0.60885,0.9144,-0.30555,-0.30555,-0.30555,2.22044604925031e-16,1.82122495952596e-06,2.40221651253305e-05,-1,8.51175682130451e-08,1.22510411858839e-06,3.32175741164177e-07,4.18734738705302e-05
"Glyctk","Glyctk","NM_001039586","Midbrain","15.5",6,0.7996,0,0.7996,0.7996,0.7996,0,1.84175318835113e-06,2.42929348070162e-05,1,9.51952806689004e-08,1.36158999881737e-06,3.44896498641452e-07,4.33444776591888e-05
"Aplp2","Aplp2","NM_001102455","Midbrain","15.5",6,0.65725,0.4312,0.22605,0.22605,0.22605,0,1.89224946294337e-06,2.49589864334911e-05,1,2.67069841900538e-13,1.26018419214305e-11,5.34139683801076e-13,2.34231782451542e-10
"Prkacb","Prkacb","NM_011100","Midbrain","15.5",6,0.8809,0.511675,0.369225,0.36925,0.3692,-5.00000000002165e-05,1.94196515035819e-06,2.56147420259846e-05,1,5.14603289442769e-08,7.79913660854156e-07,1.02920657888554e-07,1.41889480042792e-05
"Prepl","Prepl","NM_001163622","Midbrain","15.5",6,0.2474,0.05675,0.19065,0.19065,0.19065,0,1.97197247773058e-06,2.60105420996323e-05,1,2.78615748731048e-07,3.67499793066861e-06,5.57231497462097e-07,6.7557811405014e-05
"Cacna2d1","Cacna2d1","NM_001110844","Midbrain","15.5",6,0.06355,0.9625,-0.89895,-0.89895,-0.89895,0,2.00912109530137e-06,2.65005366062394e-05,-1,2.84345931159733e-07,3.73980266355776e-06,5.68691862319467e-07,6.87450554637959e-05
"Glyctk","Glyctk","NM_174846","Midbrain","15.5",6,0.2004,1,-0.7996,-0.7996,-0.7996,0,2.01447054629354e-06,2.65710964755139e-05,-1,9.51952806689004e-08,1.36158999881737e-06,3.44896498641452e-07,4.33444776591888e-05
"D630023F18Rik","D630023F18Rik","NM_001285882","Midbrain","11.5",2,0.89415,0,0.89415,0.89415,0.89415,0,2.01786512424196e-06,2.66158713461751e-05,1,2.86550711699296e-07,3.75800174053776e-06,5.73101423398592e-07,6.90755279518981e-05
"Chtop","Chtop","NM_023215","Midbrain","15.5",6,0.25035,0.115725,0.134625,0.1294,0.13985,0.01045,2.06455213013223e-06,2.72316782836088e-05,1,4.87309659884641e-19,1.48694420886133e-16,5.76329695829752e-19,1.83299137522954e-15
"Gal3st1","Gal3st1","NM_001177691","Midbrain","10.5",1,1,0,1,1,1,0,2.16299457148666e-06,2.85301453231624e-05,1,3.08456124479004e-07,3.99944385762154e-06,6.16912248958009e-07,7.39237147764953e-05
"Epc1","Epc1","NM_007935","Midbrain","15.5",6,0.07285,0.21695,-0.1441,-0.1441,-0.1441,0,2.1700811781609e-06,2.86236184741953e-05,-1,3.0998682963583e-07,4.00793706000902e-06,6.1997365927166e-07,7.40752242530997e-05
"Pfkfb2","Pfkfb2","NR_027859","Midbrain","11.5",2,0.14245,0,0.14245,0.14245,0.14245,0,2.22053362599454e-06,2.92890920207211e-05,1,3.17725950639628e-07,4.08492043842017e-06,6.35451901279252e-07,7.57051486545042e-05
"Atp6v0a1","Atp6v0a1","NM_001243051","Midbrain","15.5",6,0.348,0.09365,0.25435,0.25435,0.25435,0,2.34263511621497e-06,3.08996246157101e-05,1,4.64513789142033e-15,3.79657073732693e-13,9.29027578284065e-15,6.96281327542669e-12
"Ogt","Ogt","NM_001290535","Midbrain","15.5",6,0.18915,0.43035,-0.2412,-0.2412,-0.2412,1.11022302462516e-16,2.35793967719319e-06,3.11014935221659e-05,-1,1.24386515138085e-07,1.75174486088312e-06,4.52863064949464e-07,5.5861784846166e-05
"Clip1","Clip1","NM_019765","Midbrain","15.5",6,0.71265,0.3328,0.37985,0.37985,0.37985,0,2.35985083635956e-06,3.11267019297462e-05,1,1.13979481580349e-07,1.61585757221405e-06,4.5398424654101e-07,5.5861784846166e-05
"Clip1","Clip1","NM_001291229","Midbrain","15.5",6,0.28735,0.6672,-0.37985,-0.37985,-0.37985,0,2.36597209111315e-06,3.12074419787422e-05,-1,1.13979481580349e-07,1.61585757221405e-06,4.5398424654101e-07,5.5861784846166e-05
"Zyx","Zyx","NM_001289619","Midbrain","15.5",6,0.1174,0.40455,-0.28715,-0.28715,-0.28715,0,2.37373617306106e-06,3.13098511059749e-05,-1,4.58172612775867e-07,5.82515569076429e-06,9.16345225551734e-07,0.000106702523676306
"Camk2a","Camk2a","NM_009792","Midbrain","15.5",6,0.53555,0.0488,0.48675,0.48675,0.48675,0,2.41625865129664e-06,3.18707274482249e-05,1,6.62895715067184e-14,3.99220222087171e-12,1.32579143013437e-13,7.28673164971092e-11
"Lrrc56","Lrrc56","NM_153777","Midbrain","15.5",6,0.02745,0.69745,-0.67,-0.67,-0.67,0,2.42756287146243e-06,3.20198314026899e-05,-1,3.52585228115259e-07,4.52039940919759e-06,7.05085399667027e-07,8.35182353764504e-05
"Sphk2","Sphk2","NM_020011","Midbrain","15.5",6,0.2386,0.4532,-0.2146,-0.2146,-0.2146,5.55111512312578e-17,2.44405567909019e-06,3.22373734181022e-05,-1,3.56089305417869e-07,4.55257192988152e-06,7.12178610835737e-07,8.41167202760575e-05
"Apod","Apod","NM_001301354","Midbrain","15.5",6,0,0.1784,-0.1784,-0.1784,-0.1784,0,2.44405567909019e-06,3.22373734181022e-05,-1,1.95892955985341e-10,5.00895005332351e-09,3.91785911970683e-10,9.12419127254675e-08
"Immt","Immt","NM_001253688","Midbrain","15.5",6,0.7226,0.02195,0.70065,0.70065,0.70065,0,2.45473958784908e-06,3.2378295394296e-05,1,3.49703669603137e-19,1.23122591982581e-16,6.99407339206274e-19,2.05930645817476e-15
"Kdm2b","Kdm2b","NM_001003953","Midbrain","15.5",6,0.15615,0.04075,0.1154,0.1154,0.1154,0,2.45647512066166e-06,3.24011872702206e-05,1,1.19713175968971e-07,1.69113335311722e-06,2.65197146202108e-07,3.39493768043102e-05
"Tacc2","Tacc2","NM_206856","Midbrain","15.5",6,0.67875,0.03305,0.6457,0.6457,0.6457,0,2.49742764418983e-06,3.29413557306555e-05,1,5.29886885095332e-08,7.97793510882017e-07,1.05977377019066e-07,1.45616552069565e-05
"Ogt","Ogt","NM_139144","Midbrain","15.5",6,0.81085,0.56965,0.2412,0.2412,0.2412,0,2.54402942807747e-06,3.35560385801455e-05,1,1.24386515138085e-07,1.75174486088312e-06,4.52863064949464e-07,5.5861784846166e-05
"Adcy8","Adcy8","NM_001291903","Midbrain","15.5",6,1,0.19465,0.80535,0.80535,0.80535,0,2.61965815173186e-06,3.45535900788449e-05,1,1.28747098292735e-07,1.80759346284002e-06,5.13174226096231e-07,6.25845260483247e-05
"Adcy8","Adcy8","NM_009623","Midbrain","15.5",6,0,0.80535,-0.80535,-0.80535,-0.80535,0,2.62036980378888e-06,3.45629768507185e-05,-1,1.28747098292735e-07,1.80759346284002e-06,5.13174226096231e-07,6.25845260483247e-05
"Plec","Plec","NM_001163542","Midbrain","15.5",6,0.0033,0.295,-0.2917,-0.2917,-0.2917,0,2.62036980378888e-06,3.45629768507185e-05,-1,1.74140185908855e-10,4.5286342665047e-09,3.48280371817709e-10,8.25084793535809e-08
"Phactr1","Phactr1","NM_001005740","Midbrain","15.5",6,0.04055,0.91055,-0.87,-0.87,-0.87,0,2.75372530481314e-06,3.63219511329564e-05,-1,5.75838608500104e-08,8.6131153957679e-07,1.1516772170002e-07,1.57196424813167e-05
"Myo18a","Myo18a","NM_001291213","Midbrain","15.5",6,0.0226,0.27935,-0.25675,-0.25675,-0.25675,5.55111512312578e-17,2.86914391048571e-06,3.78443357178479e-05,-1,7.08289101494037e-07,8.73811109848573e-06,1.41657820298807e-06,0.000159543201081145
"Fam131b","Fam131b","NM_029528","Midbrain","15.5",6,0,0.88755,-0.88755,-0.88755,-0.88755,1.11022302462516e-16,3.0433952422438e-06,4.01427306760913e-05,-1,3.02467338927162e-07,3.94413963039779e-06,6.04934677854325e-07,7.26997961336354e-05
"Wnk3","Wnk3","NM_001271678","Midbrain","15.5",6,0,0.456425,-0.456425,-0.4564,-0.45645,-5.00000000001055e-05,3.34962626825098e-06,4.41819528681475e-05,-1,1.67733199514064e-07,2.31239413908395e-06,6.66405479680287e-07,7.91640339951889e-05
"Wnk3","Wnk3","NM_001271679","Midbrain","15.5",6,1,0.543575,0.456425,0.4564,0.45645,5.00000000001055e-05,3.3646097088422e-06,4.437958616004e-05,1,1.67733199514064e-07,2.31239413908395e-06,6.66405479680287e-07,7.91640339951889e-05
"Lmna","Lmna","NM_001002011","Midbrain","15.5",6,0.4355,0.2364,0.1991,0.1991,0.1991,0,3.38637050375077e-06,4.46666135290741e-05,1,5.07265694218478e-07,6.39601951084842e-06,1.01453138843696e-06,0.000116815720886845
"Vamp1","Vamp1","NM_009496","Midbrain","15.5",6,0.07405,0.688,-0.61395,-0.61395,-0.61395,-1.11022302462516e-16,3.58026219806557e-06,4.72240671115643e-05,-1,1.80865411819916e-07,2.48594891861789e-06,7.17368186685984e-07,8.44875858127576e-05
"Pax6","Pax6","NM_001244201","Midbrain","15.5",6,0,0.31495,-0.31495,-0.31495,-0.31495,0,3.58777003328663e-06,4.7323096315217e-05,-1,1.26237140847343e-15,1.22933488012402e-13,2.52474281694686e-15,2.21430845967786e-12
"Vamp1","Vamp1","NM_001080557","Midbrain","15.5",6,0.92595,0.312,0.61395,0.61395,0.61395,5.55111512312578e-17,3.59347993611094e-06,4.73984105853062e-05,1,1.80865411819916e-07,2.48594891861789e-06,7.17368186685984e-07,8.44875858127576e-05
"Kcnk2","Kcnk2","NM_001281847","Midbrain","15.5",6,0,0.1049,-0.1049,-0.1049,-0.1049,0,3.59347993611094e-06,4.73984105853062e-05,-1,7.23461235903783e-07,8.85369539233053e-06,1.44692247180757e-06,0.000162075091275718
"2810459M11Rik","2810459M11Rik","NM_001144993","Midbrain","15.5",6,1,0.63765,0.36235,0.36235,0.36235,0,3.61448583216237e-06,4.76754807522363e-05,1,1.87729816569111e-07,2.56844683788001e-06,7.28845749011571e-07,8.55947919295039e-05
"Frmd4a","Frmd4a","NM_001177843","Midbrain","15.5",6,0.1188,0.338975,-0.220175,-0.2202,-0.22015,4.9999999999939e-05,3.62425014822065e-06,4.78042731957293e-05,-1,7.30996126095905e-09,1.33297580443863e-07,1.46199225219181e-08,2.42027411438007e-06
"Tom1l2","Tom1l2","NM_001039092","Midbrain","15.5",6,0,0.18075,-0.18075,-0.18075,-0.18075,-2.77555756156289e-17,3.62517790461872e-06,4.78165104085316e-05,-1,5.49989042172322e-07,6.91565891764483e-06,1.09997808434464e-06,0.000126301473070083
"Map4","Map4","NM_001205330","Midbrain","15.5",6,0.3615,0.11305,0.24845,0.24845,0.24845,0,3.62969191595031e-06,4.78760507333102e-05,1,7.92307624785303e-17,1.27692771345271e-14,1.58461524957061e-16,2.30003385083338e-13
"App","App","NM_001198824","Midbrain","15.5",6,0.2098,0.0447,0.1651,0.1651,0.1651,0,3.62969191595031e-06,4.78760507333102e-05,1,4.64238267848211e-10,1.10094225489185e-08,9.28476535696423e-10,2.00380934409435e-07
"2810459M11Rik","2810459M11Rik","NM_001144992","Midbrain","15.5",6,0,0.36235,-0.36235,-0.36235,-0.36235,0,3.69467627986723e-06,4.8733201911923e-05,-1,1.87729816569111e-07,2.56844683788001e-06,7.28845749011571e-07,8.55947919295039e-05
"Adamts2","Adamts2","NM_175643","Midbrain","15.5",6,0.71505,0.16745,0.5476,0.5476,0.5476,0,3.7140906772072e-06,4.8989280029165e-05,1,1.93727919409546e-07,2.63377884016617e-06,7.56052012904366e-07,8.85376197955349e-05
"Adamts2","Adamts2","NM_001277305","Midbrain","15.5",6,0.28495,0.83255,-0.5476,-0.5476,-0.5476,0,3.79779540681173e-06,5.00933549682953e-05,-1,1.93727919409546e-07,2.63377884016617e-06,7.56052012904366e-07,8.85376197955349e-05
"Qk","Qk","NM_001159516","Midbrain","15.5",6,0.1511,0.40565,-0.25455,-0.25455,-0.25455,0,4.21431820267559e-06,5.5587338195557e-05,-1,3.58895660759638e-09,6.96044677668162e-08,7.17791321519276e-09,1.29205664138959e-06
"Tacc2","Tacc2","NM_021314","Midbrain","15.5",6,0.3074,0.9654,-0.658,-0.658,-0.658,-1.11022302462516e-16,4.30828015779365e-06,5.68267071101652e-05,-1,5.29886885095332e-08,7.97793510882017e-07,1.05977377019066e-07,1.45616552069565e-05
"Shisa5","Shisa5","NM_025858","Midbrain","15.5",6,0.67185,0.26865,0.4032,0.4032,0.4032,0,4.44833063554905e-06,5.86739888997785e-05,1,1.95079843497368e-09,4.04018300311065e-08,3.90159686994736e-09,7.41142114518135e-07
"Mpdu1","Mpdu1","NR_125917","Midbrain","15.5",6,0.10505,0.3521,-0.24705,-0.24705,-0.24705,0,4.62279269643809e-06,6.09751633993157e-05,-1,7.15190385607762e-07,8.7995333196955e-06,1.43038077121552e-06,0.000160658767479204
"Eif4g1","Eif4g1","NM_001304432","Midbrain","15.5",6,0.53305,0.1722,0.36085,0.36085,0.36085,0,4.66642746548605e-06,6.15507109843591e-05,1,2.55122359074151e-07,3.39446231826276e-06,9.64079366121828e-07,0.000111944630388572
"Islr2","Islr2","NM_001161540","Midbrain","15.5",6,0,0.2897,-0.2897,-0.2897,-0.2897,0,4.7351697694158e-06,6.24574298207438e-05,-1,7.86788938498715e-10,1.78273909480625e-08,1.5720580182951e-09,3.27282068769378e-07
"Shroom2","Shroom2","NM_172441","Midbrain","15.5",6,0.6111,0.00875,0.60235,0.60235,0.60235,0,4.85212751396977e-06,6.40001158231875e-05,1,1.26274709409256e-06,1.46318821510421e-05,2.52549418818511e-06,0.000271102786199684
"Fam57b","Fam57b","NM_029978","Midbrain","15.5",6,0.1115,0.50425,-0.39275,-0.39275,-0.39275,0,4.86583969917232e-06,6.41809811113782e-05,-1,2.33753690876733e-16,3.14673718571413e-14,4.67507381753465e-16,5.66798102239381e-13
"Fxr1","Fxr1","NM_001113188","Midbrain","15.5",6,0.44975,0.13545,0.3143,0.3143,0.3143,0,4.86583969917232e-06,6.41809811113782e-05,1,7.62121812752843e-07,9.3019507652527e-06,1.52424362550569e-06,0.000170273417698436
"Eif4g1","Eif4g1","NM_145941","Midbrain","15.5",6,0.46695,0.8278,-0.36085,-0.36085,-0.36085,0,4.87909330562437e-06,6.43557976934989e-05,-1,2.55122359074151e-07,3.39446231826276e-06,9.64079366121828e-07,0.000111944630388572
"H2afy","H2afy","NM_001159515","Midbrain","15.5",6,0.24235,0.0316,0.21075,0.21075,0.21075,0,5.00619112654324e-06,6.60322324607763e-05,1,7.87704196191333e-07,9.5886226222546e-06,1.57540839238267e-06,0.000175513393201972
"Rab27b","Rab27b","NM_030554","Midbrain","15.5",6,0.7867,0,0.7867,0.7867,0.7867,0,5.04206482783351e-06,6.65054106761001e-05,1,1.05940964266215e-06,1.2529503706627e-05,2.1188192853243e-06,0.000230448316144336
"Atg7","Atg7","NM_001253717","Midbrain","15.5",6,0.46035,0,0.46035,0.46035,0.46035,0,5.0547298954764e-06,6.6672464364141e-05,1,7.97764552889161e-07,9.67664894436434e-06,1.59552910577832e-06,0.000176968051303026
"Mtfr1","Mtfr1","NR_045575","Midbrain","15.5",6,0.00845,0.435975,-0.427525,-0.4275,-0.42755,-5.00000000001055e-05,5.0559185714685e-06,6.66881431361748e-05,-1,7.99163928549207e-07,9.67664894436434e-06,1.59705170443435e-06,0.000176968051303026
"Dync1i2","Dync1i2","NM_001198876","Midbrain","15.5",6,0.4727,0,0.4727,0.4727,0.4727,0,5.07471115364555e-06,6.69360194404321e-05,1,1.22475198574227e-13,6.37010208947998e-12,2.44950397148454e-13,1.20203660657593e-10
"Tiam2","Tiam2","NM_011878","Midbrain","15.5",6,0.3465,0,0.3465,0.3465,0.3465,0,5.16117507084194e-06,6.80764883788851e-05,1,8.18275299839086e-07,9.88191569225197e-06,1.63655059967817e-06,0.000180858713679515
"Trim2","Trim2","NM_001271727","Midbrain","15.5",6,0.36875,0.15885,0.2099,0.2099,0.2099,0,5.17932784428154e-06,6.83159255328556e-05,1,1.37065778414817e-06,1.57280018774296e-05,2.74131556829633e-06,0.000291989274758298
"Eml1","Eml1","NM_001286346","Midbrain","15.5",6,0.56915,0.00325,0.5659,0.5659,0.5659,0,5.21212686102323e-06,6.87485483079807e-05,1,2.89856270666615e-19,1.10556012570091e-16,5.78076003654622e-19,1.83299137522954e-15
"Gpbp1","Gpbp1","NM_001122963","Midbrain","15.5",6,0.48145,0.21655,0.2649,0.2649,0.2649,0,5.22881809248218e-06,6.89687075563781e-05,1,3.05001427180992e-07,3.96588503468011e-06,1.11034580888533e-06,0.000127137769747535
"Nacc2","Nacc2","NM_001037098","Midbrain","15.5",6,0.01285,0.27445,-0.2616,-0.2616,-0.2616,0,5.34342856119275e-06,7.04804327224847e-05,-1,2.87790379301093e-07,3.76347590303172e-06,1.13639105455741e-06,0.000129759581561784
"Nacc2","Nacc2","NM_026495","Midbrain","15.5",6,0.98715,0.72555,0.2616,0.2616,0.2616,0,5.40475945643178e-06,7.128939423216e-05,1,2.87790379301093e-07,3.76347590303172e-06,1.13639105455741e-06,0.000129759581561784
"Rnf14","Rnf14","NM_001164622","Midbrain","15.5",6,0.3468,0.1099,0.2369,0.2369,0.2369,-1.38777878078145e-17,5.41725651023719e-06,7.14542317985042e-05,1,1.93922540776928e-07,2.63377884016617e-06,3.87845081553856e-07,4.84465862617342e-05
"Ciita","Ciita","NM_007575","Midbrain","13.5",4,0,0.898775,-0.898775,-0.89875,-0.8988,-4.99999999999945e-05,5.60133023245211e-06,7.38821852081874e-05,-1,5.99199583067298e-07,7.45254481439952e-06,1.19761703467962e-06,0.000135997264087263
"Gpbp1","Gpbp1","NM_028487","Midbrain","15.5",6,0.51855,0.78345,-0.2649,-0.2649,-0.2649,0,5.69381486058833e-06,7.51020680112548e-05,-1,3.05001427180992e-07,3.96588503468011e-06,1.11034580888533e-06,0.000127137769747535
"Prkg1","Prkg1","NM_001013833","Midbrain","15.5",6,0.78045,0.1396,0.64085,0.64085,0.64085,0,5.77886501986724e-06,7.62238893213832e-05,1,3.14998489118134e-07,4.06126221040479e-06,1.24007601209263e-06,0.000140431894547264
"Prkg1","Prkg1","NM_011160","Midbrain","15.5",6,0.21955,0.8604,-0.64085,-0.64085,-0.64085,0,5.86295329114005e-06,7.73330232189028e-05,-1,3.14998489118134e-07,4.06126221040479e-06,1.24007601209263e-06,0.000140431894547264
"Tpm3","Tpm3","NM_001271764","Midbrain","15.5",6,0.11225,0.009,0.10325,0.10325,0.10325,0,5.92316047299924e-06,7.8127162820816e-05,1,1.56909572309338e-07,2.17628821957527e-06,3.13819144618675e-07,3.98029173901929e-05
"Lingo2","Lingo2","NM_001165999","Midbrain","15.5",6,1,0.84555,0.15445,0.15445,0.15445,0,6.3460621083339e-06,8.37052836688992e-05,1,6.73706166031206e-14,4.00461444405822e-12,1.34741233206241e-13,7.30812147427169e-11
"Tpd52","Tpd52","NM_001025263","Midbrain","15.5",6,0.16555,0.6451,-0.47955,-0.47955,-0.47955,-1.11022302462516e-16,6.54176382853923e-06,8.62866116995163e-05,-1,9.58836418642673e-07,1.1390993128238e-05,3.53298102428099e-06,0.000371513046632114
"Cstf2","Cstf2","NM_001290399","Midbrain","15.5",6,0.25465,0.08925,0.1654,0.1654,0.1654,0,6.90718999865237e-06,9.11066245999873e-05,1,1.12228846320021e-06,1.31710622976087e-05,2.24457692640042e-06,0.000242844543897198
"Surf1","Surf1","NM_013677","Midbrain","15.5",6,0.91025,0.5988,0.31145,0.31145,0.31145,0,7.5983502351767e-06,0.000100223107021891,1,6.23086697427329e-07,7.72863906266907e-06,2.47673315966453e-06,0.000266562637378235
"Surf1","Surf1","NR_073420","Midbrain","15.5",6,0.0869,0.36875,-0.28185,-0.28185,-0.28185,0,7.63502319304736e-06,0.000100706827522752,-1,6.23086697427329e-07,7.72863906266907e-06,2.47673315966453e-06,0.000266562637378235
"Anks1","Anks1","NM_001286041","Midbrain","15.5",6,0.2236,0.5679,-0.3443,-0.3443,-0.3443,1.11022302462516e-16,7.73948904263445e-06,0.000102084744004521,-1,4.34817040527459e-07,5.54361446934312e-06,1.68677207863759e-06,0.000185910377694087
"Anks1","Anks1","NM_181413","Midbrain","15.5",6,0.7764,0.4321,0.3443,0.3443,0.3443,0,7.96867481154057e-06,0.000105107730460006,1,4.34817040527459e-07,5.54361446934312e-06,1.68677207863759e-06,0.000185910377694087
"Dtna","Dtna","NM_001285813","Midbrain","15.5",6,0.0013,0.20195,-0.20065,-0.20065,-0.20065,5.55111512312578e-17,8.01444365767285e-06,0.000105711426765415,-1,2.62772843102096e-06,2.88419976709423e-05,5.25545686204193e-06,0.000532273565695165
"Anapc11","Anapc11","NM_001038230","Midbrain","15.5",6,0.46125,0.29235,0.1689,0.1689,0.1689,0,8.15697251197587e-06,0.000107591398624621,1,5.72513430891722e-07,7.15954637483992e-06,1.78557998584436e-06,0.000195234601842322
"Osbpl9","Osbpl9","NM_133885","Midbrain","15.5",6,0.5413,0.896,-0.3547,-0.3547,-0.3547,0,8.28662524440786e-06,0.000109301532966422,-1,1.36345008315555e-06,1.57191713617203e-05,2.72690016631109e-06,0.000291206299544076
"6430548M08Rik","6430548M08Rik","NM_001163761","Midbrain","15.5",6,0.9327,0.452525,0.480175,0.4802,0.48015,-4.9999999999939e-05,8.3197300441133e-06,0.000109738189053747,1,1.20309159408437e-06,1.39760158023455e-05,3.65378273620409e-06,0.000383238384695029
"Dbndd1","Dbndd1","NM_028146","Midbrain","15.5",6,0.50985,0.919725,-0.409875,-0.4099,-0.40985,4.99999999999945e-05,8.3197300441133e-06,0.000109738189053747,-1,1.37108864957273e-06,1.57280018774296e-05,2.72597919980303e-06,0.000291206299544076
"Lcorl","Lcorl","NM_178142","Midbrain","15.5",6,0.36865,0.6518,-0.28315,-0.28315,-0.28315,1.11022302462516e-16,8.55774126373627e-06,0.000112877584211692,-1,1.41626276486616e-06,1.6205586686981e-05,2.83252552973229e-06,0.00030015325918579
"Eif4a2","Eif4a2","NM_013506","Midbrain","15.5",6,0.51345,0.844875,-0.331425,-0.33145,-0.3314,4.99999999997724e-05,8.57050276825526e-06,0.000113045909913138,-1,1.19042525829177e-10,3.19374298851605e-09,2.38085051658355e-10,5.84173267125623e-08
"Speg","Speg","NM_001173477","Midbrain","15.5",6,0.9513,0.80855,0.14275,0.14275,0.14275,0,8.58458245656908e-06,0.00011323162260932,1,3.52675894300239e-14,2.33941676552492e-12,7.05351788600477e-14,4.21381546913519e-11
"Cyp26b1","Cyp26b1","NM_175475","Midbrain","10.5",1,0,0.3659,-0.3659,-0.3659,-0.3659,0,8.69218992446231e-06,0.000114650977395191,-1,4.84994163986471e-07,6.14908113176199e-06,1.9271170077436e-06,0.000210152768835339
"Fhl1","Fhl1","NM_010211","Midbrain","15.5",6,0.76065,0.5515,0.20915,0.20915,0.20915,0,8.69218992446231e-06,0.000114650977395191,1,2.81556583934934e-15,2.52683232288274e-13,5.63113167869869e-15,4.6424208771705e-12
"Mapk8ip3","Mapk8ip3","NM_001163450","Midbrain","15.5",6,0,0.140575,-0.140575,-0.1406,-0.14055,4.99999999999667e-05,8.70602140713629e-06,0.000114833416230648,-1,3.38378158869682e-06,3.65272838006258e-05,6.75200353649707e-06,0.000667444929348156
"Cyp26b1","Cyp26b1","NM_001177713","Midbrain","10.5",1,1,0.6341,0.3659,0.3659,0.3659,1.11022302462516e-16,8.72222981410727e-06,0.000115047206968931,1,4.84994163986471e-07,6.14908113176199e-06,1.9271170077436e-06,0.000210152768835339
"Arfgap1","Arfgap1","NM_145760","Midbrain","15.5",6,0.64565,0.32735,0.3183,0.3183,0.3183,0,8.76182137524748e-06,0.000115569424180102,1,3.14407511753022e-11,9.59362120862387e-10,6.28815023506043e-11,1.76329268716876e-08
"Pbx1","Pbx1","NM_183355","Midbrain","15.5",6,0.22475,0.8695,-0.64475,-0.64445,-0.64505,-0.000599999999999934,9.02790412419212e-06,0.000119079086014417,-1,2.01373398695729e-06,2.24801474592769e-05,3.89640807216892e-06,0.000404569146763816
"Dbndd2","Dbndd2","NM_026797","Midbrain","13.5",4,1,0.737775,0.262225,0.26225,0.2622,-4.99999999998835e-05,9.38486459077702e-06,0.000123787435318915,1,1.51913740094649e-06,1.73393812571872e-05,4.18869737045921e-06,0.000431656042477387
"Prkacb","Prkacb","NM_001164199","Midbrain","15.5",6,0.0347,0.261575,-0.226875,-0.2269,-0.22685,4.9999999999939e-05,9.85381077536271e-06,0.000129972889028018,-1,5.14603289442769e-08,7.79913660854156e-07,1.02920657888554e-07,1.41889480042792e-05
"Shank2","Shank2","NM_001113373","Midbrain","10.5",1,0.0109,0.299075,-0.288175,-0.28815,-0.2882,-4.9999999999939e-05,9.8624330986373e-06,0.000130086618456326,-1,5.53492831130349e-07,6.94064846050303e-06,2.20709056247884e-06,0.000239417222946522
"Shank2","Shank2","NM_001081370","Midbrain","10.5",1,0.9891,0.700925,0.288175,0.28815,0.2882,4.99999999999945e-05,9.86904525250509e-06,0.000130173833520678,1,5.53492831130349e-07,6.94064846050303e-06,2.20709056247884e-06,0.000239417222946522
"Anapc11","Anapc11","NM_025389","Midbrain","15.5",6,0.53875,0.70765,-0.1689,-0.1689,-0.1689,0,1.01936708598459e-05,0.000134455682340432,-1,5.72513430891722e-07,7.15954637483992e-06,1.78557998584436e-06,0.000195234601842322
"6430548M08Rik","6430548M08Rik","NM_172286","Midbrain","15.5",6,0.0219,0.522875,-0.500975,-0.50095,-0.501,-4.99999999999945e-05,1.06424717195435e-05,0.000140375416914491,-1,1.20309159408437e-06,1.39760158023455e-05,3.65378273620409e-06,0.000383238384695029
"Ubap2l","Ubap2l","NM_001165988","Midbrain","15.5",6,0.16045,0,0.16045,0.16045,0.16045,0,1.07067407581068e-05,0.00014122313287003,1,4.84827088095787e-06,5.07792581742429e-05,9.69654176191573e-06,0.000923097995314306
"Uap1","Uap1","NM_001305046","Midbrain","15.5",6,0.28415,0.874775,-0.590625,-0.59065,-0.5906,4.99999999999945e-05,1.12531589563047e-05,0.000148430451282803,-1,1.91628252100051e-06,2.15499388172465e-05,3.82364340110359e-06,0.000398016456131409
"Igf2","Igf2","NM_001122736","Midbrain","15.5",6,0.3404,0.06345,0.27695,0.27695,0.27695,1.38777878078145e-17,1.12531589563047e-05,0.000148430451282803,1,7.71629080085582e-08,1.12118930144499e-06,1.54325816017116e-07,2.04548841868449e-05
"Rps24","Rps24","NM_207634","Midbrain","15.5",6,0.20245,0.0155,0.18695,0.18695,0.18695,0,1.15020511757798e-05,0.000151713368070961,1,2.75429327133615e-10,6.85130451244867e-09,5.36543983340486e-10,1.20857351104802e-07
"Ect2","Ect2","NM_001177626","Midbrain","0",8,0.9767,0.398525,0.578175,0.5782,0.57815,-4.99999999998835e-05,1.19158932925755e-05,0.00015717199283529,1,2.0348503565455e-06,2.26606084717975e-05,4.06655548386895e-06,0.000420119305028546
"Hdlbp","Hdlbp","NM_001301364","Midbrain","15.5",6,0.6857,0.26325,0.42245,0.42245,0.42245,0,1.22073522161819e-05,0.000161016369310313,1,7.17174445230692e-07,8.80028803169136e-06,2.78339723775531e-06,0.000295707471806094
"3632454L22Rik","3632454L22Rik","NR_040281","Midbrain","10.5",1,0.5163,1,-0.4837,-0.4837,-0.4837,2.22044604925031e-16,1.22370835718698e-05,0.000161408529285937,-1,1.58148975162181e-12,6.40573326829473e-11,3.16297950324363e-12,1.20408042642616e-09
"Esrrb","Esrrb","NM_011934","Midbrain","16.5",7,0.98425,0.8673,0.11695,0.11695,0.11695,0,1.23726811718086e-05,0.000163197077108814,1,7.35845687229533e-12,2.57096619118288e-10,2.45434937302282e-11,7.38473046650398e-09
"Hdlbp","Hdlbp","NM_133808","Midbrain","15.5",6,0.3143,0.73675,-0.42245,-0.42245,-0.42245,0,1.25287823181473e-05,0.000165256069049369,-1,7.17174445230692e-07,8.80028803169136e-06,2.78339723775531e-06,0.000295707471806094
"Pdzrn4","Pdzrn4","NM_001164594","Midbrain","15.5",6,0.294,0.9086,-0.6146,-0.6146,-0.6146,0,1.25326936490245e-05,0.000165307659950152,-1,8.21777995186619e-07,9.89809969465567e-06,2.87359836803549e-06,0.000303724826907579
"2810459M11Rik","2810459M11Rik","NM_001144993","Midbrain","13.5",4,0.9625,0.39325,0.56925,0.5692,0.5693,0.0001000000000001,1.26666892169631e-05,0.00016707507678806,1,1.87729816569111e-07,2.56844683788001e-06,7.28845749011571e-07,8.55947919295039e-05
"2810459M11Rik","2810459M11Rik","NM_001144992","Midbrain","13.5",4,0.0375,0.60675,-0.56925,-0.5692,-0.5693,-9.9999999999989e-05,1.30003150012771e-05,0.000171475638969541,-1,1.87729816569111e-07,2.56844683788001e-06,7.28845749011571e-07,8.55947919295039e-05
"Dbndd2","Dbndd2","NM_026797","Midbrain","10.5",1,1,0.700725,0.299275,0.29925,0.2993,5.00000000001055e-05,1.31774378708574e-05,0.00017381190983947,1,1.51913740094649e-06,1.73393812571872e-05,4.18869737045921e-06,0.000431656042477387
"Sars","Sars","NM_011319","Midbrain","15.5",6,0.08055,0.2463,-0.16575,-0.16575,-0.16575,-2.77555756156289e-17,1.3435204592661e-05,0.000177211882326446,-1,8.29905412658163e-07,9.96975609904571e-06,3.10200058103302e-06,0.000327027255257356
"Nrxn3","Nrxn3","NM_001198587","Midbrain","15.5",6,0.8325,0.45415,0.37835,0.37835,0.37835,-5.55111512312578e-17,1.37395079299108e-05,0.000181225678083729,1,9.91103411877373e-09,1.74472319852413e-07,1.98220682375475e-08,3.19174240387055e-06
"Esrrb","Esrrb","NM_001159500","Midbrain","16.5",7,0.01575,0.1327,-0.11695,-0.11695,-0.11695,0,1.41311295482372e-05,0.000186391211936579,-1,7.35845687229533e-12,2.57096619118288e-10,2.45434937302282e-11,7.38473046650398e-09
"Pdzrn4","Pdzrn4","NM_001164593","Midbrain","15.5",6,0.706,0.0914,0.6146,0.6146,0.6146,0,1.41780774166105e-05,0.000187010459679944,1,8.21777995186619e-07,9.89809969465567e-06,2.87359836803549e-06,0.000303724826907579
"Sars","Sars","NM_001204979","Midbrain","15.5",6,0.91945,0.7537,0.16575,0.16575,0.16575,0,1.42985905715654e-05,0.000188600041951457,1,8.29905412658163e-07,9.96975609904571e-06,3.10200058103302e-06,0.000327027255257356
"Fam134b","Fam134b","NM_025459","Midbrain","15.5",6,0.3859,0,0.3859,0.3859,0.3859,0,1.46397662671957e-05,0.000193100188325091,1,3.40350881501475e-06,3.66537878737e-05,6.8070176300295e-06,0.000671273380619607
"Arhgef2","Arhgef2","NM_008487","Midbrain","15.5",6,0.72785,0.5212,0.20665,0.20665,0.20665,0,1.49295340676296e-05,0.00019692225869241,1,3.47564610314553e-06,3.71682995656475e-05,6.95129220629107e-06,0.000680616198652611
"Fam19a5","Fam19a5","NM_001252310","Midbrain","15.5",6,0.077,0.723625,-0.646625,-0.64665,-0.6466,5.00000000001055e-05,1.53763294773101e-05,0.000202815541151805,-1,2.69395945863554e-06,2.93577439099402e-05,5.38180295990879e-06,0.000542404541414836
"Ptpru","Ptpru","NM_011214","Midbrain","15.5",6,0.9509,0.10455,0.84635,0.84635,0.84635,0,1.56918629610654e-05,0.000206977463823518,1,9.18921111325474e-07,1.0952869600356e-05,3.6739112482624e-06,0.000384371581650377
"Ptpru","Ptpru","NM_001083119","Midbrain","15.5",6,0.0491,0.89545,-0.84635,-0.84635,-0.84635,0,1.56918629610654e-05,0.000206977463823518,-1,9.18921111325474e-07,1.0952869600356e-05,3.6739112482624e-06,0.000384371581650377
"Bcar1","Bcar1","NM_001198839","Midbrain","15.5",6,0.3763,0.13445,0.24185,0.24185,0.24185,0,1.60123620989433e-05,0.000211204884039981,1,9.60656182543124e-07,1.1390993128238e-05,3.75587561895802e-06,0.000391952047836347
"Bcar1","Bcar1","NM_009954","Midbrain","15.5",6,0.6237,0.86555,-0.24185,-0.24185,-0.24185,0,1.63599094379487e-05,0.000215789073117112,-1,9.60656182543124e-07,1.1390993128238e-05,3.75587561895802e-06,0.000391952047836347
"Ints10","Ints10","NM_027590","Midbrain","15.5",6,0.7844,0.279325,0.505075,0.50505,0.5051,4.99999999999945e-05,1.6753684082636e-05,0.000220983005633449,1,2.95535147834627e-06,3.21297950508097e-05,5.89755384557112e-06,0.000588627699279526
"Vamp1","Vamp1","NM_009496","Midbrain","10.5",1,0.2024,0,0.2024,0.2024,0.2024,0,1.68101492484242e-05,0.000221727787616201,1,1.80865411819916e-07,2.48594891861789e-06,7.17368186685984e-07,8.44875858127576e-05
"Vamp1","Vamp1","NM_001080557","Midbrain","10.5",1,0.7976,1,-0.2024,-0.2024,-0.2024,-1.11022302462516e-16,1.69226642027866e-05,0.000223211872708834,-1,1.80865411819916e-07,2.48594891861789e-06,7.17368186685984e-07,8.44875858127576e-05
"Ablim2","Ablim2","NM_001177696","Midbrain","15.5",6,0.34455,0,0.34455,0.34455,0.34455,0,1.71602862009941e-05,0.000226346133991876,1,6.08705526343485e-06,6.24673810330523e-05,1.21741105268697e-05,0.00114835095331137
"Dut","Dut","NM_001159646","Midbrain","15.5",6,0.48905,0.19795,0.2911,0.2911,0.2911,0,1.71602862009941e-05,0.000226346133991876,1,1.09380250852286e-06,1.28697534229027e-05,4.05591748570196e-06,0.000420073099176811
"Cacfd1","Cacfd1","NM_029862","Midbrain","15.5",6,0.9144,0.725,0.1894,0.1894,0.1894,-2.22044604925031e-16,1.72919684993337e-05,0.000228083038539692,1,9.89112676297652e-09,1.74472319852413e-07,1.9782253525953e-08,3.19174240387055e-06
"Dnajc19","Dnajc19","NM_026332","Midbrain","15.5",6,0.96375,0.8589,0.10485,0.10485,0.10485,1.11022302462516e-16,1.73243333098133e-05,0.000228509934084651,1,5.98511143968376e-07,7.45254481439952e-06,1.19702228793675e-06,0.000135997264087263
"Zyx","Zyx","NM_011777","Midbrain","15.5",6,0.8321,0.557725,0.274375,0.27435,0.2744,4.99999999999945e-05,1.81288386918941e-05,0.00023912145191581,1,4.58172612775867e-07,5.82515569076429e-06,9.16345225551734e-07,0.000106702523676306
"Dut","Dut","NM_023595","Midbrain","15.5",6,0.51095,0.80205,-0.2911,-0.2911,-0.2911,-1.11022302462516e-16,1.83036443839314e-05,0.000241427158949422,-1,1.09380250852286e-06,1.28697534229027e-05,4.05591748570196e-06,0.000420073099176811
"Bad","Bad","NM_007522","Midbrain","15.5",6,0.078,0.207125,-0.129125,-0.12935,-0.1289,0.000450000000000061,1.86220520096965e-05,0.000245626991882353,-1,1.19814244766394e-06,1.39539388879335e-05,4.27243219052562e-06,0.000437007574345984
"Vti1a","Vti1a","NM_001293685","Midbrain","15.5",6,0.10635,0.77375,-0.6674,-0.6674,-0.6674,0,1.87154471921246e-05,0.000246858885000479,-1,3.36196237209333e-06,3.63775455722722e-05,6.72392474418665e-06,0.000666267064466227
"Depdc1a","Depdc1a","NM_001172093","Midbrain","15.5",6,0.88485,0.4331,0.45175,0.45175,0.45175,0,1.90858616013568e-05,0.000251744693344383,1,3.43307640772189e-06,3.68566570659231e-05,6.86615281544378e-06,0.000674935764075591
"Frmd4a","Frmd4a","NM_172475","Midbrain","15.5",6,0.2499,0.5522,-0.3023,-0.3023,-0.3023,0,1.93505797970712e-05,0.000255236356565815,-1,7.30996126095905e-09,1.33297580443863e-07,1.46199225219181e-08,2.42027411438007e-06
"Clip2","Clip2","NM_009990","Midbrain","15.5",6,0.0304,0.535475,-0.505075,-0.5051,-0.50505,4.99999999999945e-05,1.94153143661265e-05,0.000256090212921686,-1,1.17470201300916e-06,1.37158446774054e-05,4.66800833052795e-06,0.000476287396323129
"Clip2","Clip2","NM_001039162","Midbrain","15.5",6,0.9696,0.464525,0.505075,0.5051,0.50505,-5.000000000005e-05,1.95009881920896e-05,0.000257220260466577,1,1.17470201300916e-06,1.37158446774054e-05,4.66800833052795e-06,0.000476287396323129
"Bad","Bad","NM_001285453","Midbrain","15.5",6,0.922,0.792875,0.129125,0.12935,0.1289,-0.00044999999999995,1.98769370674745e-05,0.000262179069050843,1,1.19814244766394e-06,1.39539388879335e-05,4.27243219052562e-06,0.000437007574345984
"Erc1","Erc1","NM_053204","Midbrain","15.5",6,0.35165,0.06175,0.2899,0.2899,0.2899,0,2.04623427239866e-05,0.000269900636489549,1,3.70764506654961e-06,3.95568565724885e-05,7.41529013309923e-06,0.000720910122084431
"Mapk9","Mapk9","NM_016961","Midbrain","15.5",6,0,0.229075,-0.229075,-0.23465,-0.2235,0.01115,2.19014651391281e-05,0.000288882825434013,-1,4.0319796729215e-10,9.66197432615795e-09,5.42751626437586e-10,1.21591199402721e-07
"Pde1c","Pde1c","NM_001025568","Midbrain","14.5",5,0.07,0.33655,-0.26655,-0.26655,-0.26655,0,2.2043310270571e-05,0.00029075377891064,-1,8.01462850853787e-06,8.00937875187289e-05,1.60292570170757e-05,0.00148481454603078
"Arl2bp","Arl2bp","NM_024191","Midbrain","15.5",6,0.65955,0.97315,-0.3136,-0.3136,-0.3136,-1.11022302462516e-16,2.25583333008246e-05,0.000297546991474188,-1,1.61062455341293e-06,1.83378820422163e-05,5.47513114707238e-06,0.000550464735061558
"Cyld","Cyld","NM_001128170","Midbrain","15.5",6,0,0.431675,-0.431675,-0.43165,-0.4317,-4.99999999999945e-05,2.32246637919385e-05,0.000306335966719591,-1,5.64427796237733e-06,5.80536185029237e-05,1.12803697455468e-05,0.00106648727448
"Slc41a3","Slc41a3","NM_001037493","Midbrain","15.5",6,0.19465,0,0.19465,0.19465,0.19465,0,2.37768638698995e-05,0.000313619548786493,1,1.62822829058442e-06,1.84465368465468e-05,5.79367538573088e-06,0.000581073632036157
"Git2","Git2","NM_019834","Midbrain","15.5",6,0.8331,0.3052,0.5279,0.5279,0.5279,0,2.41120236978228e-05,0.000318040345178306,1,1.18410539818754e-11,3.92728290398869e-10,2.3643297048595e-11,7.16618411861378e-09
"Sertad2","Sertad2","NM_021372","Midbrain","15.5",6,0.22145,0.43735,-0.2159,-0.2159,-0.2159,-1.11022302462516e-16,2.41120236978228e-05,0.000318040345178306,-1,1.62348203645781e-06,1.84384051634427e-05,5.89075405192476e-06,0.000588627699279526
"Sh3glb2","Sh3glb2","NM_001289709","Midbrain","15.5",6,0.22205,0.72915,-0.5071,-0.5071,-0.5071,-2.22044604925031e-16,2.46157553950122e-05,0.00032468462376973,-1,4.11137103586258e-19,1.34412465936736e-16,8.22274207172517e-19,2.2596659451697e-15
"Prickle2","Prickle2","NM_001081146","Midbrain","15.5",6,0.02235,0.24735,-0.225,-0.225,-0.225,0,2.47380939716567e-05,0.000326298283561718,-1,4.54463905790721e-06,4.80388290254995e-05,9.0892781158144e-06,0.000871324184718452
"Luc7l","Luc7l","NR_037906","Midbrain","15.5",6,0.73805,0.42125,0.3168,0.3168,0.3168,0,2.47970515297062e-05,0.000327075940482925,1,8.87598682696456e-10,1.9721063935445e-08,1.77519736539291e-09,3.60470259077971e-07
"Camta2","Camta2","NM_001190376","Midbrain","15.5",6,0,0.7897,-0.7897,-0.7897,-0.7897,-1.11022302462516e-16,2.53361984817056e-05,0.000334187350328265,-1,6.2222157172456e-06,6.37115913598056e-05,1.2443635307464e-05,0.00117109464719655
"Arl2bp","Arl2bp","NM_024269","Midbrain","15.5",6,0.34045,0.02685,0.3136,0.3136,0.3136,0,2.61650714277347e-05,0.000345120279109678,1,1.61062455341293e-06,1.83378820422163e-05,5.47513114707238e-06,0.000550464735061558
"Sertad2","Sertad2","NM_001038625","Midbrain","15.5",6,0.77855,0.56265,0.2159,0.2159,0.2159,0,2.63397597541704e-05,0.000347424438077606,1,1.62348203645781e-06,1.84384051634427e-05,5.89075405192476e-06,0.000588627699279526
"Slc41a3","Slc41a3","NM_027868","Midbrain","15.5",6,0.80535,1,-0.19465,-0.19465,-0.19465,0,2.63484596163481e-05,0.000347539190252897,-1,1.62822829058442e-06,1.84465368465468e-05,5.79367538573088e-06,0.000581073632036157
"Paip1","Paip1","NM_145457","Midbrain","15.5",6,0.59655,0.17745,0.4191,0.4191,0.4191,0,2.65096939191191e-05,0.00034966588911279,1,1.69128306424896e-06,1.90665088302155e-05,6.56123925552697e-06,0.000653287525422693
"2310035C23Rik","2310035C23Rik","NM_029349","Midbrain","15.5",6,0.064,0.6358,-0.5718,-0.5718,-0.5718,0,2.66409355427458e-05,0.000351396981110836,-1,1.65689011786136e-06,1.87249038751888e-05,6.601885835922e-06,0.000655750673267376
"2310035C23Rik","2310035C23Rik","NM_173187","Midbrain","15.5",6,0.936,0.3642,0.5718,0.5718,0.5718,5.55111512312578e-17,2.66743326112806e-05,0.000351837492257385,1,1.65689011786136e-06,1.87249038751888e-05,6.601885835922e-06,0.000655750673267376
"Elavl2","Elavl2","NM_001177883","Midbrain","15.5",6,0.40665,0.6488,-0.24215,-0.24215,-0.24215,0,2.66743326112806e-05,0.000351837492257385,-1,6.62482205585483e-06,6.76826128340347e-05,1.32496441117097e-05,0.00124337622001463
"Psd3","Psd3","NM_177698","Midbrain","15.5",6,0.6378,0.2145,0.4233,0.4233,0.4233,0,2.71581656384916e-05,0.000358219305120183,1,3.14754160607238e-10,7.7039026368948e-09,6.29508321214476e-10,1.39257959571715e-07
"Paip1","Paip1","NM_001079849","Midbrain","15.5",6,0.40345,0.82255,-0.4191,-0.4191,-0.4191,0,2.71581656384916e-05,0.000358219305120183,-1,1.69128306424896e-06,1.90665088302155e-05,6.56123925552697e-06,0.000653287525422693
"Cyp26b1","Cyp26b1","NM_175475","Midbrain","15.5",6,0,0.2927,-0.2927,-0.2927,-0.2927,0,2.73972244208734e-05,0.000361372517750506,-1,4.84994163986471e-07,6.14908113176199e-06,1.9271170077436e-06,0.000210152768835339
"Ptpro","Ptpro","NM_011216","Midbrain","15.5",6,0,0.9329,-0.9329,-0.9329,-0.9329,-2.22044604925031e-16,2.74318889920897e-05,0.000361829747402121,-1,3.4384515112845e-06,3.68566570659231e-05,6.876903022569e-06,0.000674935764075591
"Pdlim7","Pdlim7","NM_026131","Midbrain","15.5",6,0.6243,0.10915,0.51515,0.51515,0.51515,0,2.74318889920897e-05,0.000361829747402121,1,6.86851295156574e-06,6.97055072712115e-05,1.37370259031314e-05,0.00128402346280809
"Cyp26b1","Cyp26b1","NM_001177713","Midbrain","15.5",6,1,0.7073,0.2927,0.2927,0.2927,0,2.74318889920897e-05,0.000361829747402121,1,4.84994163986471e-07,6.14908113176199e-06,1.9271170077436e-06,0.000210152768835339
"Tbc1d14","Tbc1d14","NM_133910","Midbrain","15.5",6,0.3144,0.13065,0.18375,0.18375,0.18375,2.77555756156289e-17,2.74318889920897e-05,0.000361829747402121,1,1.31936989445673e-07,1.84671437520747e-06,2.63873978891345e-07,3.38852243380577e-05
"Clasp2","Clasp2","NM_001286600","Midbrain","15.5",6,0.00795,0.57375,-0.5658,-0.5658,-0.5658,0,2.75308590695124e-05,0.000363135174021648,-1,9.28000505729801e-14,5.24377569719173e-12,1.8560010114596e-13,9.68433823468492e-11
"Grm5","Grm5","NM_001081414","Midbrain","15.5",6,1,0.89845,0.10155,0.10155,0.10155,-2.22044604925031e-16,2.82990866041262e-05,0.000373268182903277,1,1.93276732812172e-06,2.16820491686595e-05,7.11264092486867e-06,0.000694763933381512
"Trim2","Trim2","NM_030706","Midbrain","15.5",6,0.5057,0.7721,-0.2664,-0.2664,-0.2664,0,2.83942487893661e-05,0.000374523382990209,-1,1.37065778414817e-06,1.57280018774296e-05,2.74131556829633e-06,0.000291989274758298
"Cask","Cask","NM_001284505","Midbrain","15.5",6,0.144,0,0.144,0.144,0.144,0,2.86533088326396e-05,0.000377940414535016,1,8.01523783581052e-10,1.80717948642881e-08,1.60151811806488e-09,3.31739825385967e-07
"Lrrc28","Lrrc28","NM_027413","Midbrain","15.5",6,0.1374,0.0252,0.1122,0.1122,0.1122,-3.46944695195361e-18,2.87156904539992e-05,0.000378763235242172,1,7.24487900085719e-06,7.33624141303614e-05,1.44897580017142e-05,0.00135131841398396
"Gls2","Gls2","NM_001285779","Midbrain","16.5",7,0,1,-1,-1,-1,-1.11022302462516e-16,2.93899930093993e-05,0.000387657362925591,-1,5.57933117769435e-06,5.76446925514831e-05,1.11586623553887e-05,0.00105740585696291
"Grm5","Grm5","NM_001143834","Midbrain","15.5",6,0,0.10155,-0.10155,-0.10155,-0.10155,0,3.04882780669181e-05,0.000402143868213365,-1,1.93276732812172e-06,2.16820491686595e-05,7.11264092486867e-06,0.000694763933381512
"Zfyve27","Zfyve27","NM_001164531","Midbrain","15.5",6,0.59255,0.1539,0.43865,0.43865,0.43865,-2.77555756156289e-17,3.08052721305443e-05,0.000406325056100314,1,2.00819126755644e-06,2.24730841848553e-05,7.82129542469202e-06,0.000758592583011959
"Sphk2","Sphk2","NM_203280","Midbrain","15.5",6,0.7154,0.49725,0.21815,0.21815,0.21815,0,3.08268477874256e-05,0.000406609641477633,1,3.56089305417869e-07,4.55257192988152e-06,7.12178610835737e-07,8.41167202760575e-05
"Mapk8ip3","Mapk8ip3","NM_001163449","Midbrain","15.5",6,0.1905,0.586675,-0.396175,-0.39615,-0.3962,-4.99999999999945e-05,3.11771536892843e-05,0.000411230216313714,-1,3.38378158869682e-06,3.65272838006258e-05,6.75200353649707e-06,0.000667444929348156
"Abi2","Abi2","NM_001198571","Midbrain","15.5",6,0,0.4585,-0.4585,-0.4585,-0.4585,0,3.13596591251649e-05,0.000413637483847612,-1,5.07398135666407e-12,1.82863091885445e-10,1.01479627133281e-11,3.40088998561779e-09
"Zfyve27","Zfyve27","NM_177319","Midbrain","15.5",6,0.40745,0.8461,-0.43865,-0.43865,-0.43865,0,3.14796870331922e-05,0.000415220665656756,-1,2.00819126755644e-06,2.24730841848553e-05,7.82129542469202e-06,0.000758592583011959
"Hacd1","Hacd1","NM_013935","Midbrain","15.5",6,0.3718,0.0086,0.3632,0.3632,0.3632,0,3.18712320474897e-05,0.000420385189093721,1,2.28797522582395e-06,2.53560837980538e-05,8.14795418646378e-06,0.000786573906713405
"Ubl4a","Ubl4a","NR_045779","Midbrain","15.5",6,0.0193,0.2116,-0.1923,-0.1921,-0.1925,-0.000400000000000039,3.22751340726492e-05,0.000425712702914617,-1,2.07221294367716e-06,2.30206763184717e-05,8.12815409022523e-06,0.000786504408027341
"Ubl4a","Ubl4a","NM_145405","Midbrain","15.5",6,0.9807,0.7884,0.1923,0.1921,0.1925,0.000400000000000067,3.23616836132339e-05,0.000426854301235336,1,2.07221294367716e-06,2.30206763184717e-05,8.12815409022523e-06,0.000786504408027341
"Dnm2","Dnm2","NM_007871","Midbrain","15.5",6,0.4233,0.193025,0.230275,0.23025,0.2303,4.99999999999945e-05,3.46810665231346e-05,0.000457447226595313,1,6.67050153027455e-06,6.78464122312592e-05,1.32720008753117e-05,0.00124337622001463
"Gnal","Gnal","NM_177137","Midbrain","15.5",6,0.10355,0.9213,-0.81775,-0.81775,-0.81775,1.11022302462516e-16,3.50484386563738e-05,0.000462292906971566,-1,2.36896823021169e-06,2.61902598784514e-05,8.99941534246109e-06,0.000864720660644606
"Hacd1","Hacd1","NM_001012396","Midbrain","15.5",6,0.6282,0.9914,-0.3632,-0.3632,-0.3632,-1.11022302462516e-16,3.55979936626954e-05,0.000469541600241586,-1,2.28797522582395e-06,2.53560837980538e-05,8.14795418646378e-06,0.000786573906713405
"Rbbp6","Rbbp6","NM_011247","Midbrain","15.5",6,0.3791,0.1879,0.1912,0.1912,0.1912,0,3.56397289205263e-05,0.000470092093056831,1,2.616577222279e-06,2.8788639294161e-05,9.17401985954586e-06,0.000877407288467053
"Gnal","Gnal","NM_010307","Midbrain","15.5",6,0.89645,0.0787,0.81775,0.81775,0.81775,0,3.67667394142092e-05,0.000484957490126876,1,2.36896823021169e-06,2.61902598784514e-05,8.99941534246109e-06,0.000864720660644606
"Dab2ip","Dab2ip","NM_001114125","Midbrain","15.5",6,0.173,0.57185,-0.39885,-0.39885,-0.39885,0,3.70681206818975e-05,0.000488932743453063,-1,1.67394385359452e-05,0.000156439015513813,3.34788770718903e-05,0.00293772548944848
"Dpp6","Dpp6","NM_001136060","Midbrain","15.5",6,0.15755,0.5899,-0.43235,-0.43235,-0.43235,0,3.99717681068745e-05,0.000527232184465937,-1,1.03951654932122e-08,1.82293764223878e-07,2.07903309864243e-08,3.33462584638863e-06
"Rbbp6","Rbbp6","NM_175023","Midbrain","15.5",6,0.6209,0.8121,-0.1912,-0.1912,-0.1912,0,4.04092499583791e-05,0.000533002620029764,-1,2.616577222279e-06,2.8788639294161e-05,9.17401985954586e-06,0.000877407288467053
"Golim4","Golim4","NM_001291069","Midbrain","15.5",6,0.95245,0.378925,0.573525,0.5735,0.57355,4.9999999999939e-05,4.07863981575098e-05,0.000537977247831152,1,2.65743843205152e-06,2.90708386057109e-05,1.05669421952195e-05,0.00100364109153358
"Golim4","Golim4","NM_175193","Midbrain","15.5",6,0.04755,0.621075,-0.573525,-0.5735,-0.57355,-4.99999999998835e-05,4.09392699741402e-05,0.000539993644544197,-1,2.65743843205152e-06,2.90708386057109e-05,1.05669421952195e-05,0.00100364109153358
"Bcl11a","Bcl11a","NM_001159290","Midbrain","15.5",6,0.00775,0.299875,-0.292125,-0.2921,-0.29215,-4.9999999999939e-05,4.11598212033421e-05,0.000542902740435274,-1,1.07001724211612e-05,0.00010420146632267,2.13780997418746e-05,0.00193676324308906
"Map4","Map4","NM_001205332","Midbrain","15.5",6,0.5073,0.29325,0.21405,0.21405,0.21405,0,4.28594152588493e-05,0.000565320580051337,1,7.92307624785303e-17,1.27692771345271e-14,1.58461524957061e-16,2.30003385083338e-13
"Pkig","Pkig","NM_001039391","Midbrain","15.5",6,0.58215,0.7841,-0.20195,-0.20195,-0.20195,0,4.6620817119999e-05,0.000614933899997701,-1,1.54243272621032e-05,0.000145561125522982,3.64936299546018e-05,0.00316695787205245
"Sept6","Sept6","NM_001177324","Midbrain","15.5",6,0.1541,0.0438,0.1103,0.1103,0.1103,0,4.6962722756942e-05,0.000619443674380577,1,9.72715994459533e-06,9.57445399277696e-05,2.45423906206188e-05,0.00220405795772882
"Kcnab2","Kcnab2","NM_001252655","Midbrain","15.5",6,0.42965,0,0.42965,0.42965,0.42965,0,4.88664350256247e-05,0.000644553856530352,1,1.27973295529279e-05,0.000122027869507814,2.55946591058557e-05,0.00228858610118763
"Gprasp1","Gprasp1","NM_001004359","Midbrain","15.5",6,0.1929,0.448375,-0.255475,-0.25545,-0.2555,-4.9999999999939e-05,5.18067491858568e-05,0.000683336935967078,-1,1.01879294656057e-05,9.98504350408507e-05,2.0322326859765e-05,0.00184517011169477
"Slc37a4","Slc37a4","NM_001293630","Midbrain","15.5",6,0.47325,0.23995,0.2333,0.2333,0.2333,-2.77555756156289e-17,5.51311177144802e-05,0.00072718573636614,1,1.08548885201994e-05,0.000105260221942697,2.17097770403989e-05,0.00196249858605817
"Runx1t1","Runx1t1","NM_001111027","Midbrain","15.5",6,0.1281,0.24635,-0.11825,-0.11825,-0.11825,0,5.81574215560132e-05,0.000767103029515718,-1,1.5885026420968e-07,2.19654881960031e-06,3.17700528419356e-07,4.01716036415426e-05
"Ldb2","Ldb2","NM_010698","Midbrain","15.5",6,0.7353,0.9357,-0.2004,-0.2004,-0.2004,0,5.9321159267803e-05,0.000782452862785336,-1,1.17438549704894e-05,0.000112686843186436,2.34877099409788e-05,0.0021139466799376
"Ntrk3","Ntrk3","NM_182809","Midbrain","15.5",6,0.59835,0.34255,0.2558,0.2558,0.2558,0,6.09451926401198e-05,0.000803874048364186,1,4.3038128239977e-06,4.58105844079941e-05,1.61066307624444e-05,0.00148863654351512
"Kif5a","Kif5a","NM_001039000","Midbrain","15.5",6,0.8453,0.96405,-0.11875,-0.11875,-0.11875,-2.22044604925031e-16,6.22563771276863e-05,0.000821168721438672,-1,5.31369615365898e-06,5.5400426640768e-05,1.64929413242317e-05,0.0015209306876731
"Sh3bp2","Sh3bp2","NM_001145858","Midbrain","15.5",6,0.22195,0.00255,0.2194,0.2194,0.2194,0,6.33068591462258e-05,0.000835024699185164,1,1.2593599047224e-05,0.000120335914069194,2.51871980944479e-05,0.00225704832687409
"Pdp1","Pdp1","NM_001033453","Midbrain","15.5",6,0.4159,0.07115,0.34475,0.34475,0.34475,2.77555756156289e-17,6.36606275816388e-05,0.000839690945234105,1,2.11320530160349e-05,0.00019114902500868,4.22641060320699e-05,0.00357735103208704
"Spock1","Spock1","NM_001166463","Midbrain","15.5",6,0.9144,0.2602,0.6542,0.6542,0.6542,0,6.37983112899795e-05,0.00084150700906495,1,5.82948091984346e-14,3.70576863473938e-12,1.16589618396869e-13,6.76893531654163e-11
"Pvrl2","Pvrl2","NM_008990","Midbrain","15.5",6,0.2425,0.1092,0.1333,0.1333,0.1333,0,6.38090805564068e-05,0.000841649056918535,1,4.72514001566188e-06,4.98317185522683e-05,1.6985847760162e-05,0.00156288867862088
"Ntrk3","Ntrk3","NM_008746","Midbrain","15.5",6,0.40165,0.65745,-0.2558,-0.2558,-0.2558,0,6.45159582251248e-05,0.000850972854065359,-1,4.3038128239977e-06,4.58105844079941e-05,1.61066307624444e-05,0.00148863654351512
"Acly","Acly","NM_001199296","Midbrain","15.5",6,0.52525,0.3341,0.19115,0.19115,0.19115,0,6.45643957535316e-05,0.000851611750594623,1,4.82902410969018e-06,5.0693677408376e-05,1.72488087720548e-05,0.00158003033687841
"Atp13a2","Atp13a2","NM_001164366","Midbrain","15.5",6,0.33805,0.5515,-0.21345,-0.21345,-0.21345,-1.11022302462516e-16,6.47686006637334e-05,0.000854305236672009,-1,4.36222525796606e-06,4.63246055816953e-05,1.73240612784357e-05,0.00158340496089776
"Atp13a2","Atp13a2","NM_029097","Midbrain","15.5",6,0.66195,0.4485,0.21345,0.21345,0.21345,0,6.51574863412424e-05,0.000859434683153146,1,4.36222525796606e-06,4.63246055816953e-05,1.73240612784357e-05,0.00158340496089776
"D630023F18Rik","D630023F18Rik","NM_001285881","Midbrain","11.5",2,0.10585,1,-0.89415,-0.89415,-0.89415,0,6.58041576214312e-05,0.000867964351162169,-1,2.86550711699296e-07,3.75800174053776e-06,5.73101423398592e-07,6.90755279518981e-05
"Dnm2","Dnm2","NM_001039520","Midbrain","15.5",6,0.4522,0.647325,-0.195125,-0.1952,-0.19505,0.000149999999999983,6.80401339755694e-05,0.000897457134530031,-1,6.67050153027455e-06,6.78464122312592e-05,1.32720008753117e-05,0.00124337622001463
"Pvrl2","Pvrl2","NM_001159724","Midbrain","15.5",6,0.7575,0.8908,-0.1333,-0.1333,-0.1333,0,7.02429662423276e-05,0.000926512743601655,-1,4.72514001566188e-06,4.98317185522683e-05,1.6985847760162e-05,0.00156288867862088
"Acly","Acly","NM_134037","Midbrain","15.5",6,0.47475,0.6659,-0.19115,-0.19115,-0.19115,0,7.17021290403226e-05,0.000945759267483746,-1,4.82902410969018e-06,5.0693677408376e-05,1.72488087720548e-05,0.00158003033687841
"Sept6","Sept6","NM_019942","Midbrain","15.5",6,0.7082,0.9028,-0.1946,-0.1946,-0.1946,0,7.21296570062203e-05,0.000951398410160092,-1,9.72715994459533e-06,9.57445399277696e-05,2.45423906206188e-05,0.00220405795772882
"Ralyl","Ralyl","NM_001163328","Midbrain","10.5",1,0.0356,0.27435,-0.23875,-0.23875,-0.23875,0,7.59804424792387e-05,0.00100219071015095,-1,1.39173141091638e-15,1.32707388911756e-13,2.78346282183276e-15,2.3903583854988e-12
"Pkig","Pkig","NM_001164053","Midbrain","15.5",6,0.22505,0.06715,0.1579,0.1579,0.1579,-1.38777878078145e-17,7.59804424792387e-05,0.00100219071015095,1,1.54243272621032e-05,0.000145561125522982,3.64936299546018e-05,0.00316695787205245
"Mgat1","Mgat1","NM_010794","Midbrain","15.5",6,0.09215,0.373175,-0.281025,-0.281,-0.28105,-4.9999999999939e-05,7.77308625092358e-05,0.00102527895017277,-1,2.10643992675024e-05,0.00019114902500868,4.20441489826913e-05,0.00356605575442717
"Kif5a","Kif5a","NM_008447","Midbrain","15.5",6,0.1547,0.03595,0.11875,0.11875,0.11875,0,7.83410303361006e-05,0.00103332713346526,1,5.31369615365898e-06,5.5400426640768e-05,1.64929413242317e-05,0.0015209306876731
"Ociad1","Ociad1","NM_023429","Midbrain","15.5",6,0.9231,0.80695,0.11615,0.11615,0.11615,0,7.87440364721315e-05,0.00103864283040627,1,7.4431795030595e-06,7.50383977654258e-05,1.48863590061189e-05,0.00138205189324227
"Oxr1","Oxr1","NM_001130165","Midbrain","15.5",6,0.3857,0.0769,0.3088,0.3088,0.3088,0,8.16077594691049e-05,0.00107641566365605,1,1.66840502102293e-05,0.000156439015513813,3.33681004204585e-05,0.00293772548944848
"Ppp1r1c","Ppp1r1c","NM_001290743","Midbrain","15.5",6,0,0.17435,-0.17435,-0.17435,-0.17435,-2.77555756156289e-17,8.17022164581886e-05,0.00107766156212517,-1,8.34097195622482e-11,2.35658201503957e-09,1.66819439124496e-10,4.35219556085144e-08
"Gpc6","Gpc6","NM_001079844","Midbrain","15.5",6,0.01155,0.3135,-0.30195,-0.30195,-0.30195,0,8.17178646086059e-05,0.00107786796301556,-1,5.62103523877827e-06,5.7944770918667e-05,2.2353756364933e-05,0.00201629069111758
"Gpc6","Gpc6","NM_011821","Midbrain","15.5",6,0.98845,0.6865,0.30195,0.30195,0.30195,1.11022302462516e-16,8.2098597530674e-05,0.00108288987372172,1,5.62103523877827e-06,5.7944770918667e-05,2.2353756364933e-05,0.00201629069111758
"Mon2","Mon2","NM_001163024","Midbrain","15.5",6,0.02155,0.30405,-0.2825,-0.2825,-0.2825,0,8.33620171431895e-05,0.00109955452264149,-1,1.71725622116892e-05,0.000159106917495752,3.43451244233785e-05,0.0029931107395233
"Zbed3","Zbed3","NM_028106","Midbrain","15.5",6,0.31995,0.48495,-0.165,-0.165,-0.165,-1.11022302462516e-16,8.33620171431895e-05,0.00109955452264149,-1,1.71594446933547e-05,0.000159106917495752,3.43188893867094e-05,0.0029931107395233
"Rara","Rara","NM_001176528","Midbrain","11.5",2,0.35975,0.69355,-0.3338,-0.3338,-0.3338,0,8.34944026902645e-05,0.00110130070312041,-1,2.29597934057594e-05,0.000206457710055326,4.59195868115188e-05,0.00383168549170417
"Cpeb4","Cpeb4","NM_026252","Midbrain","15.5",6,0,0.40885,-0.40885,-0.40885,-0.40885,0,8.49024778944117e-05,0.00111987337580754,-1,1.75611181008734e-05,0.000162050882152616,3.51222362017467e-05,0.00305437706154337
"Mdk","Mdk","NM_001012336","Midbrain","15.5",6,0.85175,0.688875,0.162875,0.1629,0.16285,-4.99999999999945e-05,8.63793293856343e-05,0.00113935321557262,1,3.57745820512206e-05,0.000302103804517411,7.12519223372526e-05,0.00560510988085864
"Ralyl","Ralyl","NM_001163329","Midbrain","10.5",1,0.53945,0,0.53945,0.53945,0.53945,0,9.03522211127603e-05,0.00119175611099468,1,1.39173141091638e-15,1.32707388911756e-13,2.78346282183276e-15,2.3903583854988e-12
"Ube2j2","Ube2j2","NM_001039158","Midbrain","15.5",6,0.3711,0.2015,0.1696,0.1696,0.1696,0,9.03522211127603e-05,0.00119175611099468,1,3.1239067164607e-05,0.000269016999424435,6.2478134329214e-05,0.00501053113835418
"D630023F18Rik","D630023F18Rik","NM_001285882","Midbrain","12.5",3,0,0.77655,-0.77655,-0.77655,-0.77655,-1.11022302462516e-16,9.04575119833478e-05,0.00119314490959763,-1,2.86550711699296e-07,3.75800174053776e-06,5.73101423398592e-07,6.90755279518981e-05
"Rnf130","Rnf130","NM_021540","Midbrain","15.5",6,0.755,0.48415,0.27085,0.27085,0.27085,0,9.10178585091846e-05,0.001200535944242,1,7.04998382559361e-13,3.10267076632134e-11,1.40999676511872e-12,5.87086039924464e-10
"Psap","Psap","NM_011179","Midbrain","15.5",6,0.4133,0.7345,-0.3212,-0.3212,-0.3212,-1.11022302462516e-16,9.16106780828988e-05,0.00120835530209497,-1,2.49891575827186e-05,0.000222520183377633,7.63214948508803e-05,0.0059584291186316
"Dock9","Dock9","NM_134074","Midbrain","15.5",6,0.712,0.248075,0.463925,0.46395,0.4639,-4.99999999999945e-05,9.18156491175749e-05,0.00121105889344163,1,2.55267603202972e-05,0.000226007233753951,5.0952648209267e-05,0.00420905932703882
"Fam19a5","Fam19a5","NR_045510","Midbrain","15.5",6,0.55125,0.00795,0.5433,0.5433,0.5433,0,9.30260067416293e-05,0.0012270236486761,1,2.69395945863554e-06,2.93577439099402e-05,5.38180295990879e-06,0.000542404541414836
"Apba2","Apba2","NM_001291166","Midbrain","15.5",6,0.9584,0.64515,0.31325,0.3132,0.3133,9.9999999999989e-05,9.30260067416293e-05,0.0012270236486761,1,1.94420415144286e-05,0.00017868719681032,3.87987351549312e-05,0.0033388805807979
"Cxadr","Cxadr","NM_001025192","Midbrain","15.5",6,0.56415,0.8106,-0.24645,-0.24645,-0.24645,-1.11022302462516e-16,9.43784939614412e-05,0.00124486310950398,-1,1.19961178642431e-05,0.000114866593022261,3.95398915342173e-05,0.0033955729729595
"Os9","Os9","NM_001171026","Midbrain","15.5",6,0.46135,0.257325,0.204025,0.204,0.20405,5.000000000005e-05,9.45119157299578e-05,0.00124662295786201,1,7.46821900046353e-06,7.51253590442233e-05,2.62968551315659e-05,0.00234628449261904
"Nr2c2ap","Nr2c2ap","NR_104434","Midbrain","15.5",6,0.2586,0.6035,-0.3449,-0.34485,-0.34495,-9.9999999999989e-05,9.4886429303521e-05,0.0012515628346514,-1,1.99104583019652e-05,0.000182260335296189,3.96410927204824e-05,0.00339718637023636
"Pth1r","Pth1r","NM_001083936","Midbrain","15.5",6,0.0461,0.2742,-0.2281,-0.2281,-0.2281,0,9.6020912849119e-05,0.00126652680212932,-1,1.02614113183805e-05,0.000100355725650059,4.03430519032927e-05,0.00344302717208712
"Zfp740","Zfp740","NM_001289690","Midbrain","15.5",6,0.29865,0.48605,-0.1874,-0.1874,-0.1874,-5.55111512312578e-17,9.62368254508563e-05,0.00126937471399459,-1,2.02399491091619e-05,0.000184538340782139,4.04798982183238e-05,0.00344756832660761
"Pth1r","Pth1r","NM_001083935","Midbrain","15.5",6,0.9539,0.7168,0.2371,0.2371,0.2371,-1.11022302462516e-16,9.74707535360797e-05,0.00128565036630266,1,1.02614113183805e-05,0.000100355725650059,4.03430519032927e-05,0.00344302717208712
"Eif4e2","Eif4e2","NM_001039170","Midbrain","15.5",6,0.39455,0,0.39455,0.39455,0.39455,0,9.75947296505207e-05,0.00128728562540512,1,1.14170522491546e-08,1.98691437811333e-07,2.28341044983091e-08,3.60630379431266e-06
"Cdc37l1","Cdc37l1","NM_001302380","Midbrain","15.5",6,0.3444,0.4945,-0.1501,-0.1501,-0.1501,-5.55111512312578e-17,9.80874539066156e-05,0.00129378471459192,-1,2.75995855763442e-05,0.000241535952548618,5.51991711526884e-05,0.0044967720371938
"Ppp2r5c","Ppp2r5c","NM_001081457","Midbrain","15.5",6,0.3462,0.1885,0.1577,0.1577,0.1577,0,9.94779556940847e-05,0.0013121255919069,1,9.6335185415534e-06,9.50271861307972e-05,1.92670370831067e-05,0.00175321655610879
"Rarb","Rarb","NM_001289761","Midbrain","15.5",6,0.0057,0.2206,-0.2149,-0.2149,-0.2149,2.77555756156289e-17,0.000101037845676342,0.00133270071884832,-1,2.84943353229597e-05,0.000248890406055699,5.69886706459194e-05,0.00462427492488859
"Hs6st2","Hs6st2","NM_001290468","Midbrain","15.5",6,0,0.47605,-0.47605,-0.47185,-0.48025,-0.00839999999999996,0.000103141032141424,0.00136044198842037,-1,2.91039486716871e-05,0.000253248618004395,5.23914489697071e-05,0.00429349791745464
"Atp9b","Atp9b","NM_015805","Midbrain","15.5",6,0.67065,0.19905,0.4716,0.4716,0.4716,0,0.000104900913575549,0.00138365502544275,1,7.52360539293522e-06,7.55165392181239e-05,2.97011135025762e-05,0.0026386001500197
"Rai2","Rai2","NM_198409","Midbrain","15.5",6,0.4909,0.18215,0.30875,0.30875,0.30875,0,0.000104900913575549,0.00138365502544275,1,7.75763492441443e-06,7.76951751620238e-05,2.96727932700524e-05,0.0026386001500197
"Os9","Os9","NM_177614","Midbrain","15.5",6,0.53865,0.742675,-0.204025,-0.204,-0.20405,-4.99999999999945e-05,0.000105388610179033,0.00139008779931765,-1,7.46821900046353e-06,7.51253590442233e-05,2.62968551315659e-05,0.00234628449261904
"Epha7","Epha7","NM_001122889","Midbrain","15.5",6,0.52575,0.6628,-0.13705,-0.13705,-0.13705,0,0.000105604782653896,0.00139293913893912,-1,2.24759240225277e-05,0.000202903953158006,4.49518480450551e-05,0.00376618179850659
"Atp9b","Atp9b","NM_001201569","Midbrain","15.5",6,0.32935,0.80095,-0.4716,-0.4716,-0.4716,0,0.000105931348372745,0.00139724657805115,-1,7.52360539293522e-06,7.55165392181239e-05,2.97011135025762e-05,0.0026386001500197
"Rai2","Rai2","NM_001103367","Midbrain","15.5",6,0.5091,0.81785,-0.30875,-0.30875,-0.30875,0,0.000109042466422117,0.00143828258028443,-1,7.75763492441443e-06,7.76951751620238e-05,2.96727932700524e-05,0.0026386001500197
"Dlg2","Dlg2","NM_011807","Midbrain","15.5",6,0.05735,0.73055,-0.6732,-0.6732,-0.6732,-1.11022302462516e-16,0.000109961549666824,0.00145040539320372,-1,2.35085968609428e-05,0.000210565259946253,4.70171937218857e-05,0.00391534771616573
"Lingo2","Lingo2","NM_001165999","Midbrain","12.5",3,0.99345,0.85405,0.1394,0.1394,0.1394,2.22044604925031e-16,0.000110098906289465,0.00145221714273684,1,6.73706166031206e-14,4.00461444405822e-12,1.34741233206241e-13,7.30812147427169e-11
"Slc39a11","Slc39a11","NM_027216","Midbrain","15.5",6,0.77245,0.281625,0.490825,0.49085,0.4908,-5.000000000005e-05,0.000111598221706972,0.00147199328425409,1,8.11190929821562e-06,8.08893439170651e-05,3.19042734582357e-05,0.00282716309862085
"Cxadr","Cxadr","NM_009988","Midbrain","15.5",6,0.41545,0.16845,0.247,0.247,0.247,0,0.000111598221706972,0.00147199328425409,1,1.19961178642431e-05,0.000114866593022261,3.95398915342173e-05,0.0033955729729595
"Slc39a11","Slc39a11","NM_001166503","Midbrain","15.5",6,0.22755,0.718375,-0.490825,-0.49085,-0.4908,4.99999999997724e-05,0.000112818631873072,0.00148809063366572,-1,8.11190929821562e-06,8.08893439170651e-05,3.19042734582357e-05,0.00282716309862085
"H2afy","H2afy","NM_001159513","Midbrain","15.5",6,0.40685,0.604525,-0.197675,-0.1977,-0.19765,4.99999999999945e-05,0.000115372561374175,0.00152177725533926,-1,7.87704196191333e-07,9.5886226222546e-06,1.57540839238267e-06,0.000175513393201972
"Psap","Psap","NM_001146120","Midbrain","16.5",7,0,0.1388,-0.1388,-0.13885,-0.13875,9.99999999999612e-05,0.000115372561374175,0.00152177725533926,-1,2.49891575827186e-05,0.000222520183377633,7.63214948508803e-05,0.0059584291186316
"Nol4","Nol4","NM_199024","Midbrain","15.5",6,0.7671,0.30875,0.45835,0.45835,0.45835,-5.55111512312578e-17,0.000116707067277049,0.001539379540544,1,8.53951921661168e-06,8.49682162052862e-05,3.37524633333001e-05,0.00295395176144773
"Lcorl","Lcorl","NM_001163073","Midbrain","15.5",6,0.61665,0.30365,0.313,0.313,0.313,0,0.000117191696532099,0.00154577185574288,1,1.41626276486616e-06,1.6205586686981e-05,2.83252552973229e-06,0.00030015325918579
"Tcf25","Tcf25","NM_001037878","Midbrain","15.5",6,0.25715,0.13705,0.1201,0.1201,0.1201,0,0.000117259084492438,0.0015466607106327,1,3.39870542892519e-05,0.000288606210541569,6.79741085785037e-05,0.00537804744839973
"Nol4","Nol4","NM_001161483","Midbrain","15.5",6,0.2329,0.69125,-0.45835,-0.45835,-0.45835,0,0.000117654553697665,0.001551876994596,-1,8.53951921661168e-06,8.49682162052862e-05,3.37524633333001e-05,0.00295395176144773
"Grip1","Grip1","NM_001277293","Midbrain","15.5",6,0.0866,0.2834,-0.1968,-0.1968,-0.1968,0,0.000120344717145676,0.00158736055758159,-1,6.12780262625205e-05,0.000481079804808845,0.000122556052525041,0.00902122612623845
"Schip1","Schip1","NM_001282045","Midbrain","15.5",6,0.31965,0.003,0.31665,0.31665,0.31665,0,0.000124159160302237,0.00163767349826957,1,2.22754667522232e-15,2.03909622649851e-13,4.45509335044465e-15,3.74782721396813e-12
"Tcf3","Tcf3","NM_001164147","Midbrain","15.5",6,0.09225,0.299175,-0.206925,-0.20885,-0.205,0.00384999999999996,0.000125198907744949,0.00165138788573544,-1,6.39247598784028e-05,0.000497591200618112,0.00010545518576151,0.00794693108037425
"Dhx57","Dhx57","NM_198942","Midbrain","15.5",6,0.0558,0.603325,-0.547525,-0.5475,-0.54755,-5.00000000001055e-05,0.000126993941885615,0.00167506459097009,-1,9.30118569573719e-06,9.23460453999764e-05,3.70624695404549e-05,0.0032095654253239
"Dhx57","Dhx57","NM_001163759","Midbrain","15.5",6,0.9442,0.396675,0.547525,0.5475,0.54755,5.000000000005e-05,0.000127238187271631,0.00167828621549445,1,9.30118569573719e-06,9.23460453999764e-05,3.70624695404549e-05,0.0032095654253239
"Commd6","Commd6","NM_001168592","Midbrain","15.5",6,0.05425,0.19905,-0.1448,-0.1448,-0.1448,0,0.000127817094134038,0.00168592206309701,-1,9.38591283608665e-06,9.29855477289363e-05,3.74352853795146e-05,0.00323505449701363
"Zfp275","Zfp275","NM_031494","Midbrain","15.5",6,0.7822,0.23365,0.54855,0.54855,0.54855,0,0.000127968572326737,0.00168792007775131,1,9.49389978196957e-06,9.38522231146322e-05,3.75818863843641e-05,0.0032409289526992
"Commd6","Commd6","NM_001033132","Midbrain","15.5",6,0.94575,0.80095,0.1448,0.1448,0.1448,0,0.000127968572326737,0.00168792007775131,1,9.38591283608665e-06,9.29855477289363e-05,3.74352853795146e-05,0.00323505449701363
"Dph3","Dph3","NR_104305","Midbrain","15.5",6,0.0644,0.172975,-0.108575,-0.10855,-0.1086,-5.00000000000222e-05,0.000127968572326737,0.00168792007775131,-1,5.63414465270117e-05,0.000452411931147601,0.000112106823521534,0.00838685781468464
"Zfp275","Zfp275","NM_001160229","Midbrain","15.5",6,0.2178,0.76635,-0.54855,-0.54855,-0.54855,1.11022302462516e-16,0.00012916863431621,0.00170374903239031,-1,9.49389978196957e-06,9.38522231146322e-05,3.75818863843641e-05,0.0032409289526992
"Kif3a","Kif3a","NM_008443","Midbrain","15.5",6,0.4977,0.9671,-0.4694,-0.4694,-0.4694,0,0.000129940889892531,0.00171393517160189,-1,2.86927869121592e-05,0.000250146448946576,5.73855738243183e-05,0.00464733284751499
"Tcf7l2","Tcf7l2","NM_001142924","Midbrain","11.5",2,0.4521,0.0114,0.4407,0.4407,0.4407,-1.04083408558608e-17,0.000129940889892531,0.00171393517160189,1,7.65713832265965e-05,0.000591007118091285,0.000153142766453193,0.0110361931143073
"Atp2a2","Atp2a2","NR_027838","Midbrain","15.5",6,0.06755,0.808375,-0.740825,-0.74085,-0.7408,4.99999999999945e-05,0.000130331387865352,0.00171908588444225,-1,4.06782558635922e-22,3.72368754175323e-19,8.13565117271845e-22,6.70719830553366e-18
"Dlgap4","Dlgap4","NM_001042487","Midbrain","15.5",6,0.3664,0.1597,0.2067,0.2067,0.2067,0,0.000130393113579998,0.00171990005366498,1,5.99717125429202e-09,1.10681664640704e-07,1.40339492101526e-08,2.33263641707141e-06
"Nmi","Nmi","NM_001141949","Midbrain","12.5",3,0.9255,0.16615,0.75935,0.75935,0.75935,0,0.000133005753735473,0.00175436107557202,1,2.95153763919124e-05,0.000255855829063983,5.90307527838248e-05,0.00476185594806416
"Cacna2d1","Cacna2d1","NM_001110845","Midbrain","15.5",6,0.5299,0.019475,0.510425,0.51045,0.5104,-5.00000000000014e-05,0.000133037800225196,0.00175478377242986,1,2.84345931159733e-07,3.73980266355776e-06,5.68691862319467e-07,6.87450554637959e-05
"Gzmm","Gzmm","NM_001302499","Midbrain","14.5",5,0,0.43625,-0.43625,-0.43625,-0.43625,0,0.000133826684532238,0.00176518924649797,-1,3.96871976498894e-05,0.000330518629477967,7.93743952997787e-05,0.00616175946037343
"Kcnrg","Kcnrg","NM_001039105","Midbrain","15.5",6,0,0.9721,-0.9721,-0.9721,-0.9721,0,0.000135753911696488,0.00179060959280472,-1,1.00863735621742e-05,9.90672356095948e-05,4.03401120547591e-05,0.00344302717208712
"Kcnrg","Kcnrg","NM_206974","Midbrain","15.5",6,1,0.0279,0.9721,0.9721,0.9721,-3.46944695195361e-18,0.000135753911696488,0.00179060959280472,1,1.00863735621742e-05,9.90672356095948e-05,4.03401120547591e-05,0.00344302717208712
"Mgat4c","Mgat4c","NM_001205098","Midbrain","15.5",6,0,0.59695,-0.59695,-0.59695,-0.59695,0,0.0001373347546277,0.00181146109153482,-1,3.06608589763607e-05,0.000265283084186773,6.13217179527213e-05,0.00492737686508426
"Zfp60","Zfp60","NM_009560","Midbrain","15.5",6,0.1995,0.394475,-0.194975,-0.195,-0.19495,4.9999999999939e-05,0.000140236601307995,0.00184973678051977,-1,1.14449217839247e-05,0.00011028085685268,4.18001325643523e-05,0.00355266904891593
"Myo1b","Myo1b","NM_001161817","Midbrain","15.5",6,0.40825,0.829575,-0.421325,-0.4213,-0.42135,-4.99999999998835e-05,0.000142215444738463,0.00187583795127039,-1,3.1937973568732e-05,0.000273745515026379,6.36721862361484e-05,0.00509637486163596
"C230072F16Rik","C230072F16Rik","NR_131128","Midbrain","11.5",2,1,0.55085,0.44915,0.44915,0.44915,-1.11022302462516e-16,0.000144661581991704,0.00190810278088918,1,1.08522190213478e-05,0.000105260221942697,4.33891634240288e-05,0.00366505323018907
"C230072F16Rik","C230072F16Rik","NR_131127","Midbrain","11.5",2,0,0.44915,-0.44915,-0.44915,-0.44915,-1.11022302462516e-16,0.000144661581991704,0.00190810278088918,-1,1.08522190213478e-05,0.000105260221942697,4.33891634240288e-05,0.00366505323018907
"Smarca2","Smarca2","NM_011416","Midbrain","14.5",5,0.113,0.3453,-0.2323,-0.2323,-0.2323,-5.55111512312578e-17,0.000145180957811314,0.00191495340724124,-1,6.64540518589174e-06,6.77416916165401e-05,4.36111209851035e-05,0.00367626849786966
"Plod2","Plod2","NM_001142916","Midbrain","15.5",6,0.9199,0.3968,0.5231,0.5231,0.5231,0,0.000147572259321029,0.00194649494714293,1,1.11393672761979e-05,0.000107790452480249,4.43766065418514e-05,0.00373316203676198
"Adam11","Adam11","NM_009613","Midbrain","15.5",6,0.0297,0.5863,-0.5566,-0.5566,-0.5566,0,0.000147798611917879,0.00194948056373555,-1,1.11671750495674e-05,0.00010783156160732,4.4491904586288e-05,0.00373523849710808
"Plod2","Plod2","NM_011961","Midbrain","15.5",6,0.0801,0.6032,-0.5231,-0.5231,-0.5231,1.11022302462516e-16,0.000147859448776425,0.00195028300884486,-1,1.11393672761979e-05,0.000107790452480249,4.43766065418514e-05,0.00373316203676198
"Adam11","Adam11","NM_001110778","Midbrain","15.5",6,0.9703,0.4137,0.5566,0.5566,0.5566,0,0.000148071536118045,0.0019530804650925,1,1.11671750495674e-05,0.00010783156160732,4.4491904586288e-05,0.00373523849710808
"Smarca2","Smarca2","NM_026003","Midbrain","14.5",5,0.887,0.6547,0.2323,0.2323,0.2323,0,0.000148171834033349,0.00195440340604525,1,6.64540518589174e-06,6.77416916165401e-05,4.36111209851035e-05,0.00367626849786966
"Tfdp2","Tfdp2","NM_001184711","Midbrain","15.5",6,0.14715,0.34785,-0.2007,-0.2007,-0.2007,-5.55111512312578e-17,0.000149360482010406,0.00197008180855749,-1,5.65563152120936e-05,0.000453341952234242,0.000113112630424187,0.00844677364435638
"Zrsr2","Zrsr2","NM_178794","Midbrain","15.5",6,0.74475,0.892,-0.14725,-0.14725,-0.14725,0,0.000149360482010406,0.00197008180855749,-1,1.15792222740011e-05,0.000111340546949797,4.52484579199058e-05,0.00378334281785782
"Zfp60","Zfp60","NM_029531","Midbrain","15.5",6,0.8005,0.605525,0.194975,0.195,0.19495,-4.99999999999945e-05,0.000150954779735917,0.00199111077756037,1,1.14449217839247e-05,0.00011028085685268,4.18001325643523e-05,0.00355266904891593
"Zrsr2","Zrsr2","NM_009453","Midbrain","15.5",6,0.25525,0.108,0.14725,0.14725,0.14725,0,0.000152565394951234,0.00201235497611659,1,1.15792222740011e-05,0.000111340546949797,4.52484579199058e-05,0.00378334281785782
"Add3","Add3","NM_001164100","Midbrain","15.5",6,0.5757,0.200575,0.375125,0.37635,0.3739,-0.00245000000000006,0.000154020773959577,0.00203155159138122,1,5.85406912289436e-05,0.00046356530061397,0.000101284256274098,0.00766328055729145
"Ilf3","Ilf3","NM_010561","Midbrain","15.5",6,0.2454,0.12555,0.11985,0.1195,0.1202,0.000699999999999978,0.000154616944127553,0.002039415143955,1,7.05578001802814e-05,0.00054643494318976,0.000123750265430347,0.00909289361112403
"Smg7","Smg7","NM_001005507","Midbrain","15.5",6,0.5583,0.2644,0.2939,0.2939,0.2939,0,0.000158298723104826,0.00208797822897337,1,3.62707308352354e-05,0.000305729530447279,7.25414616704708e-05,0.00569568326894093
"Slco3a1","Slco3a1","NM_023908","Midbrain","15.5",6,0.1089,0.237975,-0.129075,-0.12905,-0.1291,-4.99999999999667e-05,0.000158298723104826,0.00208797822897337,-1,1.34097271852123e-05,0.000127336766238001,4.80896408863701e-05,0.00399658164411346
"Lrrfip1","Lrrfip1","NM_001111312","Midbrain","15.5",6,0.46455,0.68485,-0.2203,-0.2203,-0.2203,-1.11022302462516e-16,0.000160303080812956,0.00211441593595904,-1,3.67684065681871e-05,0.000309354773644471,7.35368131363742e-05,0.00576285765802843
"Zfp385b","Zfp385b","NM_001113399","Midbrain","15.5",6,0.1157,0.83185,-0.71615,-0.71615,-0.71615,2.22044604925031e-16,0.000160718173432852,0.00211989105500201,-1,3.69406555058173e-05,0.000309665531593637,7.38813110116347e-05,0.00577886847273075
"Fhod3","Fhod3","NM_175276","Midbrain","15.5",6,0.97695,0.66245,0.3145,0.3145,0.3145,0,0.000168123582847203,0.00221756925057128,1,2.58155729194155e-05,0.00022766450337604,5.16311458388311e-05,0.0042480817861342
"Smarca2","Smarca2","NM_011416","Midbrain","15.5",6,0.45545,0.169,0.28645,0.28645,0.28645,0,0.000168578730321294,0.00222357269771371,1,6.64540518589174e-06,6.77416916165401e-05,4.36111209851035e-05,0.00367626849786966
"Dnajb4","Dnajb4","NM_027287","Midbrain","15.5",6,0.10115,0.3899,-0.28875,-0.28875,-0.28875,-5.55111512312578e-17,0.000170218498047204,0.00224520142121268,-1,1.31601112455573e-05,0.00012522625607259,5.23832910823544e-05,0.00429349791745464
"Dnajb4","Dnajb4","NM_025926","Midbrain","15.5",6,0.89885,0.6101,0.28875,0.28875,0.28875,0,0.000170788089642966,0.00225271439938478,1,1.31601112455573e-05,0.00012522625607259,5.23832910823544e-05,0.00429349791745464
"Arhgef40","Arhgef40","NM_001145922","Midbrain","15.5",6,0.13525,0.535675,-0.400425,-0.4004,-0.40045,-4.99999999999945e-05,0.00017100465658305,0.00225557094204754,-1,8.07366839918683e-09,1.44174372581925e-07,1.61473367983737e-08,2.63796231713569e-06
"Ddhd1","Ddhd1","NM_176845","Midbrain","10.5",1,0.65155,0,0.65155,0.65155,0.65155,0,0.000171305960344496,0.00225954517305754,1,5.29095504267652e-05,0.000429374135289546,0.00010581910085353,0.00795980338618908
"Smarca2","Smarca2","NM_026003","Midbrain","15.5",6,0.54455,0.831,-0.28645,-0.28645,-0.28645,0,0.000171949429895208,0.00226803260988927,-1,6.64540518589174e-06,6.77416916165401e-05,4.36111209851035e-05,0.00367626849786966
"Slco3a1","Slco3a1","NM_001038643","Midbrain","15.5",6,0.8911,0.762025,0.129075,0.12905,0.1291,4.99999999999945e-05,0.000173308781804132,0.0022859626167502,1,1.34097271852123e-05,0.000127336766238001,4.80896408863701e-05,0.00399658164411346
"Adk","Adk","NM_001243041","Midbrain","15.5",6,0.47,0.22475,0.24525,0.24525,0.24525,0,0.000180832784823101,0.00238520507550291,1,1.51233881858983e-05,0.000143016007700117,5.62565202605382e-05,0.00457386917034234
"Rap1gds1","Rap1gds1","NM_145544","Midbrain","15.5",6,0.38665,0.65475,-0.2681,-0.2681,-0.2681,0,0.000182661821325486,0.0024093302757703,-1,4.27504837878893e-05,0.000353279592160318,8.55009675757784e-05,0.00657544382218131
"Nhs","Nhs","NM_001290526","Midbrain","15.5",6,1,0.0353,0.9647,0.9647,0.9647,0,0.000192573194224709,0.00254006241578328,1,1.51215845925294e-05,0.000143016007700117,6.04694703638782e-05,0.00486838634563855
"Nhs","Nhs","NM_001081052","Midbrain","15.5",6,0,0.9647,-0.9647,-0.9647,-0.9647,0,0.000192573194224709,0.00254006241578328,-1,1.51215845925294e-05,0.000143016007700117,6.04694703638782e-05,0.00486838634563855
"Adk","Adk","NM_134079","Midbrain","15.5",6,0.53,0.77525,-0.24525,-0.24525,-0.24525,1.11022302462516e-16,0.000192573194224709,0.00254006241578328,-1,1.51233881858983e-05,0.000143016007700117,5.62565202605382e-05,0.00457386917034234
"Apba2","Apba2","NM_007461","Midbrain","15.5",6,0.0416,0.327775,-0.286175,-0.28615,-0.2862,-4.99999999999945e-05,0.000192872690930097,0.00254401281151758,-1,1.94420415144286e-05,0.00017868719681032,3.87987351549312e-05,0.0033388805807979
"Glcci1","Glcci1","NM_001286729","Midbrain","0",8,0.28015,-3.6799042000401e-17,0.28015,0.28015,0.28015,-7.3598084000802e-17,0.000194312855035613,0.002563008740477,1,4.58731714172914e-05,0.000376950638378712,9.17463428345825e-05,0.00700347904658127
"Nt5c2","Nt5c2","NM_029810","Midbrain","15.5",6,0.83385,0.0449,0.78895,0.789,0.7889,-0.000100000000000017,0.000194660874290104,0.00256759915417326,1,9.23833906462455e-12,3.12549521467479e-10,1.83835735303272e-11,5.78465513688771e-09
"Gtf2i","Gtf2i","NM_001080749","Midbrain","15.5",6,0.38065,0.223175,0.157475,0.15745,0.1575,4.99999999999945e-05,0.000198296804471388,0.00261555748833847,1,3.36554946470752e-10,8.19368079785443e-09,6.73109892941505e-10,1.47586609636902e-07
"Dab2ip","Dab2ip","NM_001001602","Midbrain","15.5",6,0.16825,0.01555,0.1527,0.1527,0.1527,-3.46944695195361e-18,0.000202126442539478,0.00266607085164416,1,1.67394385359452e-05,0.000156439015513813,3.34788770718903e-05,0.00293772548944848
"Nmt2","Nmt2","NM_001290370","Midbrain","15.5",6,0.60225,0.88795,-0.2857,-0.2857,-0.2857,1.11022302462516e-16,0.000203129110024533,0.00267929615023552,-1,6.43612726977148e-05,0.00050013844675287,0.00012872254539543,0.00940793584027476
"Osbpl9","Osbpl9","NM_173350","Midbrain","15.5",6,0.37385,0.0885,0.28535,0.28535,0.28535,0,0.000203565168944289,0.00268504781716716,1,1.36345008315555e-06,1.57191713617203e-05,2.72690016631109e-06,0.000291206299544076
"Slc6a5","Slc6a5","NM_001146013","Midbrain","15.5",6,0,1,-1,-1,-1,0,0.000206992254517817,0.00273025146711458,-1,5.54599072627874e-06,5.74298632447462e-05,6.59491180807745e-05,0.00526839249612244
"Slc6a5","Slc6a5","NM_001146013","Midbrain","12.5",3,0,1,-1,-1,-1,0,0.000206992254517817,0.00273025146711458,-1,5.54599072627874e-06,5.74298632447462e-05,6.59491180807745e-05,0.00526839249612244
"Slc6a5","Slc6a5","NM_001146013","Midbrain","10.5",1,0,1,-1,-1,-1,0,0.000206992254517817,0.00273025146711458,-1,5.54599072627874e-06,5.74298632447462e-05,6.59491180807745e-05,0.00526839249612244
"Ccl25","Ccl25","NM_009138","Midbrain","15.5",6,0.8311,0.2379,0.5932,0.5932,0.5932,0,0.000207681750507716,0.00273934599793351,1,1.66757967140814e-05,0.000156439015513813,6.62351640190783e-05,0.00528100896711805
"Slc6a5","Slc6a5","NM_148931","Midbrain","12.5",3,1,0,1,1,1,0,0.000208049448314179,0.00274419597397676,1,5.54599072627874e-06,5.74298632447462e-05,6.59491180807745e-05,0.00526839249612244
"Slc6a5","Slc6a5","NM_148931","Midbrain","15.5",6,1,0,1,1,1,0,0.000208049448314179,0.00274419597397676,1,5.54599072627874e-06,5.74298632447462e-05,6.59491180807745e-05,0.00526839249612244
"Slc6a5","Slc6a5","NM_148931","Midbrain","10.5",1,1,0,1,1,1,0,0.000208049448314179,0.00274419597397676,1,5.54599072627874e-06,5.74298632447462e-05,6.59491180807745e-05,0.00526839249612244
"Ccl25","Ccl25","NR_033527","Midbrain","15.5",6,0.1689,0.7621,-0.5932,-0.5932,-0.5932,0,0.000208314318832492,0.00274768964635066,-1,1.66757967140814e-05,0.000156439015513813,6.62351640190783e-05,0.00528100896711805
"St6galnac4","St6galnac4","NM_001276425","Midbrain","15.5",6,0.54575,0.26265,0.2831,0.2831,0.2831,0,0.000208718568484623,0.00275302174541099,1,1.71126937676097e-05,0.000159106917495752,6.68993286538554e-05,0.00532366638197485
"Fchsd2","Fchsd2","NM_199012","Midbrain","15.5",6,0,0.63315,-0.63315,-0.63315,-0.63315,0,0.000209345330289828,0.00276128880517214,-1,1.68329604181959e-05,0.000156913360150881,6.71671204317289e-05,0.00533467791634313
"Fchsd2","Fchsd2","NM_001146010","Midbrain","15.5",6,1,0.36685,0.63315,0.63315,0.63315,0,0.000209649915974684,0.00276530632512658,1,1.68329604181959e-05,0.000156913360150881,6.71671204317289e-05,0.00533467791634313
"Fxr1","Fxr1","NM_008053","Midbrain","15.5",6,0.364,0.5808,-0.2168,-0.2168,-0.2168,0,0.000210637465228415,0.00277833221252091,-1,7.62121812752843e-07,9.3019507652527e-06,1.52424362550569e-06,0.000170273417698436
"St6galnac4","St6galnac4","NM_011373","Midbrain","15.5",6,0.45425,0.73735,-0.2831,-0.2831,-0.2831,0,0.000212710613594013,0.00280567727613164,-1,1.71126937676097e-05,0.000159106917495752,6.68993286538554e-05,0.00532366638197485
"Mbp","Mbp","NM_001025245","Midbrain","15.5",6,0.47375,0.1895,0.28425,0.28425,0.28425,0,0.000214386521154868,0.00282778268817922,1,1.80081879629047e-12,7.10764834294255e-11,3.60163759258092e-12,1.3379160329835e-09
"Adgrg1","Adgrg1","NM_018882","Midbrain","15.5",6,0.44025,0.93735,-0.4971,-0.4971,-0.4971,-1.11022302462516e-16,0.000214607213609507,0.00283069364684993,-1,1.93462578022487e-05,0.000178164631712057,6.92668485245993e-05,0.00545937053880971
"Hexdc","Hexdc","NM_001146073","Midbrain","15.5",6,0.30285,0.58175,-0.2789,-0.2789,-0.2789,0,0.000214607213609507,0.00283069364684993,-1,1.74973894919238e-05,0.000161788993342496,6.92077193654532e-05,0.00545937053880971
"Hexdc","Hexdc","NM_001001333","Midbrain","15.5",6,0.69715,0.41825,0.2789,0.2789,0.2789,0,0.000216631873660149,0.00285739914405102,1,1.74973894919238e-05,0.000161788993342496,6.92077193654532e-05,0.00545937053880971
"Gpm6b","Gpm6b","NM_023122","Midbrain","15.5",6,0.20695,0.356425,-0.149475,-0.14885,-0.1501,-0.00124999999999997,0.000217688208953696,0.00287133232716306,-1,1.16404135600732e-10,3.15255460736419e-09,2.36018239901083e-10,5.82569747289153e-08
"Lims1","Lims1","NM_026148","Midbrain","15.5",6,0.6278,0.82395,-0.19615,-0.19615,-0.19615,1.11022302462516e-16,0.00022198917750233,0.00292806259331373,-1,2.66128061520491e-06,2.90708386057109e-05,5.32256123040982e-06,0.000537748657774149
"Pcdh11x","Pcdh11x","NM_001271810","Midbrain","10.5",1,1,0,1,1,1,0,0.000226768978746449,0.0029911087173809,1,5.51387222828808e-05,0.000445883271888242,0.000110277444565762,0.00828005423019027
"Gyk","Gyk","NM_001294140","Midbrain","15.5",6,0.2887,0.9409,-0.6522,-0.6522,-0.6522,0,0.000232846369833642,0.00307127019960974,-1,7.56374003150586e-05,0.000584784427773688,0.000151274800630117,0.0109206707311378
"Abr","Abr","NM_001291186","Midbrain","15.5",6,0.2479,0.59775,-0.34985,-0.34985,-0.34985,0,0.000236230236130817,0.0031159037823682,-1,9.62883127932527e-20,4.89679564060797e-17,1.92576625586505e-19,8.82022969300117e-16
"Sh3gl3","Sh3gl3","NM_001277954","Midbrain","10.5",1,0.10625,0,0.10625,0.10625,0.10625,0,0.000237141221691363,0.00312791978590898,1,5.78880724517025e-05,0.000460789056715552,0.000115776144903405,0.00861446184123562
"Adgrg1","Adgrg1","NM_001198894","Midbrain","15.5",6,0.55975,0.06265,0.4971,0.4971,0.4971,1.38777878078145e-17,0.000237525364306765,0.00313298667085946,1,1.93462578022487e-05,0.000178164631712057,6.92668485245993e-05,0.00545937053880971
"Uap1","Uap1","NM_001305045","Midbrain","15.5",6,0.5113,0.07055,0.44075,0.44075,0.44075,0,0.000238541647344816,0.00314639156014918,1,1.91628252100051e-06,2.15499388172465e-05,3.82364340110359e-06,0.000398016456131409
"Ap1g1","Ap1g1","NM_001301211","Midbrain","15.5",6,0.69695,0.1946,0.50235,0.50235,0.50235,0,0.0002396401882665,0.00316088144031451,1,1.98258061715302e-05,0.000181849127950088,7.82271957543276e-05,0.00609566262267446
"Stag2","Stag2","NM_021465","Midbrain","15.5",6,0.5796,0.3686,0.211,0.211,0.211,-1.11022302462516e-16,0.000239908611125164,0.00316442196846317,1,5.87936138552721e-05,0.000464764025242799,0.000117587227710544,0.00871774560698317
"Actr3","Actr3","NM_023735","Midbrain","15.5",6,0.2677,0.4395,-0.1718,-0.1718,-0.1718,0,0.000241620000731496,0.00318699539274118,-1,5.93577935806783e-05,0.000468414864170284,0.000118715587161357,0.00876985429292696
"Ap1g1","Ap1g1","NM_009677","Midbrain","15.5",6,0.30305,0.8054,-0.50235,-0.50235,-0.50235,1.11022302462516e-16,0.000241870970613103,0.00319030571413005,-1,1.98258061715302e-05,0.000181849127950088,7.82271957543276e-05,0.00609566262267446
"Tpd52","Tpd52","NM_009412","Midbrain","15.5",6,0.6811,0.176325,0.504775,0.5048,0.50475,-4.99999999999945e-05,0.000242639891306578,0.00320044786585617,1,9.58836418642673e-07,1.1390993128238e-05,3.53298102428099e-06,0.000371513046632114
"Camk2a","Camk2a","NM_001286809","Midbrain","15.5",6,0.4627,0,0.4627,0.4627,0.4627,0,0.000243922097306509,0.0032173603093706,1,6.62895715067184e-14,3.99220222087171e-12,1.32579143013437e-13,7.28673164971092e-11
"Znfx1","Znfx1","NM_001291162","Midbrain","11.5",2,0.31875,0,0.31875,0.31875,0.31875,0,0.000245393754659267,0.00323677163785637,1,2.02396197619335e-05,0.000184538340782139,8.0850351059744e-05,0.00625278553296297
"Mgat4a","Mgat4a","NM_001290801","Midbrain","10.5",1,0.1094,0,0.1094,0.1094,0.1094,0,0.000245393754659267,0.00323677163785637,1,2.02959163619088e-05,0.000184680733973075,8.08040785071835e-05,0.00625278553296297
"Znfx1","Znfx1","NM_001033196","Midbrain","11.5",2,0.68125,1,-0.31875,-0.31875,-0.31875,0,0.000245457938857481,0.00323761823475802,-1,2.02396197619335e-05,0.000184538340782139,8.0850351059744e-05,0.00625278553296297
"Mgat4a","Mgat4a","NM_173870","Midbrain","10.5",1,0.8906,1,-0.1094,-0.1094,-0.1094,0,0.000245690507835602,0.00324068584612928,-1,2.02959163619088e-05,0.000184680733973075,8.08040785071835e-05,0.00625278553296297
"Chtop","Chtop","NM_001293776","Midbrain","15.5",6,0.2761,0.11475,0.16135,0.1666,0.1561,-0.0105,0.00024673706830378,0.00325449009817882,1,4.87309659884641e-19,1.48694420886133e-16,5.76329695829752e-19,1.83299137522954e-15
"Obscn","Obscn","NM_199152","Midbrain","10.5",1,0,0.802475,-0.802475,-0.80245,-0.8025,-4.99999999999945e-05,0.000254855631083693,0.00336157486805271,-1,2.11259962615695e-05,0.00019114902500868,8.43821745902926e-05,0.00650153287900189
"Obscn","Obscn","NM_001171512","Midbrain","10.5",1,1,0.197525,0.802475,0.80245,0.8025,4.9999999999939e-05,0.000254876236343195,0.00336184665377783,1,2.11259962615695e-05,0.00019114902500868,8.43821745902926e-05,0.00650153287900189
"Depdc1a","Depdc1a","NM_001172092","Midbrain","15.5",6,0.11515,0.5669,-0.45175,-0.45175,-0.45175,0,0.000263888460302669,0.00348071891662957,-1,3.43307640772189e-06,3.68566570659231e-05,6.86615281544378e-06,0.000674935764075591
"Pcdh7","Pcdh7","NM_018764","Midbrain","15.5",6,0.3386,0.09655,0.24205,0.24205,0.24205,0,0.000264109347215472,0.00348363244022567,1,2.27069347495811e-05,0.00020458590619849,8.78184152041859e-05,0.00672856034434157
"Pianp","Pianp","NM_175696","Midbrain","10.5",1,0.1372,1,-0.8628,-0.8628,-0.8628,0,0.000270445216236935,0.00356720327591511,-1,4.50057829688851e-05,0.000370488252965085,9.00115659377703e-05,0.00688380221870186
"Pcdh7","Pcdh7","NM_001122758","Midbrain","15.5",6,0.6614,0.90345,-0.24205,-0.24205,-0.24205,0,0.00027263568562159,0.00359609581716045,-1,2.27069347495811e-05,0.00020458590619849,8.78184152041859e-05,0.00672856034434157
"Ptprs","Ptprs","NM_001252456","Midbrain","15.5",6,0.365,0.0463,0.3187,0.3187,0.3187,0,0.000276567699022612,0.00364795952279458,1,2.87838705713544e-11,8.90160645980331e-10,5.73886652592365e-11,1.64279156355169e-08
"Kat5","Kat5","NR_037603","Midbrain","15.5",6,0.09995,0.36015,-0.2602,-0.2602,-0.2602,0,0.000276840527126176,0.00365155815662637,-1,0.000115567945184129,0.000842284211955027,0.000231135890368257,0.0158530104935716
"1700021K19Rik","1700021K19Rik","NM_172615","Midbrain","15.5",6,0.93295,0.160175,0.772775,0.7728,0.77275,-4.99999999999945e-05,0.000283676264589898,0.00374172231413368,1,2.38466037418085e-05,0.000213175596340347,9.49409622558208e-05,0.00722059812893789
"1700021K19Rik","1700021K19Rik","NM_001200038","Midbrain","15.5",6,0.06705,0.839825,-0.772775,-0.7728,-0.77275,4.99999999998835e-05,0.000284409660825362,0.00375139589420321,-1,2.38466037418085e-05,0.000213175596340347,9.49409622558208e-05,0.00722059812893789
"Psd3","Psd3","NM_030263","Midbrain","15.5",6,0.33805,0.056,0.28205,0.28205,0.28205,6.93889390390723e-18,0.000298694239475054,0.00393981111730557,1,3.14754160607238e-10,7.7039026368948e-09,6.29508321214476e-10,1.39257959571715e-07
"Ilf3","Ilf3","NM_001042707","Midbrain","15.5",6,0.3337,0.455075,-0.121375,-0.12105,-0.1217,-0.000649999999999984,0.000298747770860885,0.00394051720239577,-1,7.05578001802814e-05,0.00054643494318976,0.000123750265430347,0.00909289361112403
"Tpx2","Tpx2","NM_001141975","Midbrain","0",8,0,0.178,-0.178,-0.178,-0.178,2.77555756156289e-17,0.00030037158939786,0.00396193555427194,-1,0.00012628469195544,0.000908812948239068,0.000252569383910879,0.0169839640648044
"Map3k9","Map3k9","NM_177395","Midbrain","15.5",6,0,0.50665,-0.50665,-0.50665,-0.50665,-1.11022302462516e-16,0.000300952611991385,0.00396959930860948,-1,2.53737539140656e-05,0.000225506158572191,0.000101319350238212,0.00766328055729145
"Map3k9","Map3k9","NM_001174107","Midbrain","15.5",6,1,0.49335,0.50665,0.50665,0.50665,0,0.00030118850426018,0.0039727107545641,1,2.53737539140656e-05,0.000225506158572191,0.000101319350238212,0.00766328055729145
"Oprm1","Oprm1","NM_001304938","Midbrain","15.5",6,1,0,1,1,1,0,0.000308043640188924,0.00406313078003956,1,0.000103903511135067,0.000768870906762927,0.000207807022270134,0.0145186768669183
"Src","Src","NM_001025395","Midbrain","15.5",6,0.88535,0.3052,0.58015,0.5801,0.5802,9.9999999999989e-05,0.000310754673791795,0.00409888962275026,1,2.62854374301457e-05,0.000230918324602259,0.00010470996605961,0.00790522450147592
"Src","Src","NM_009271","Midbrain","15.5",6,0.11465,0.6948,-0.58015,-0.5801,-0.5802,-9.9999999999878e-05,0.000311125125591616,0.0041037759242803,-1,2.62854374301457e-05,0.000230918324602259,0.00010470996605961,0.00790522450147592
"Spock3","Spock3","NM_001252621","Midbrain","15.5",6,0.44755,0.065,0.38255,0.38255,0.38255,1.38777878078145e-17,0.00031529077884446,0.00415872136623203,1,7.99876862044086e-05,0.000610172732929297,0.000159975372408817,0.0114485234576416
"Ints10","Ints10","NM_001293792","Midbrain","15.5",6,0.06075,0.6526,-0.59185,-0.59185,-0.59185,0,0.00031898923286472,0.004207504396971,-1,2.95535147834627e-06,3.21297950508097e-05,5.89755384557112e-06,0.000588627699279526
"Olfm3","Olfm3","NM_153157","Midbrain","10.5",1,0,0.567825,-0.567825,-0.56785,-0.5678,4.99999999998835e-05,0.000319528356602667,0.00421461550062034,-1,8.12159036934877e-05,0.000616459686907285,0.000162336987291245,0.0115973963740724
"Fez2","Fez2","NM_199448","Midbrain","15.5",6,0.6139,0.357525,0.256375,0.25635,0.2564,5.000000000005e-05,0.000320634625268309,0.00422920731061066,1,0.000100330663618488,0.000744268148106676,0.00021684493367548,0.015048099936421
"Ralyl","Ralyl","NM_001163329","Midbrain","15.5",6,0,0.41705,-0.41705,-0.41705,-0.41705,0,0.000330275872223628,0.00435637645858623,-1,1.39173141091638e-15,1.32707388911756e-13,2.78346282183276e-15,2.3903583854988e-12
"D430036J16Rik","D430036J16Rik","NR_040395","Midbrain","12.5",3,1,0.2969,0.7031,0.7031,0.7031,0,0.000333021284272622,0.0043925887569259,1,0.000141541362333654,0.00100284027151878,0.000283082724667308,0.0187302749354009
"Ubtf","Ubtf","NM_011551","Midbrain","15.5",6,0.5153,0.694775,-0.179475,-0.17945,-0.1795,-4.99999999999945e-05,0.000333835509232863,0.00440332847710257,-1,0.000113669964076892,0.000831098123929612,0.000226278047155873,0.0155976822897941
"Eps15l1","Eps15l1","NM_001122832","Midbrain","15.5",6,0.1853,0.05705,0.12825,0.12825,0.12825,0,0.000333835509232863,0.00440332847710257,1,8.52402078342874e-05,0.000642742061379791,0.000170480415668575,0.0121370953497332
"Lpin1","Lpin1","NM_015763","Midbrain","15.5",6,0.8166,0.184225,0.632375,0.63235,0.6324,4.99999999999945e-05,0.000342076051959247,0.00451202217639553,1,2.9355098381372e-14,1.97585713664029e-12,5.86596205110467e-14,3.55589696349186e-11
"Nfam1","Nfam1","NM_001271414","Midbrain","0",8,0.5143,3.6799042000401e-18,0.5143,0.5143,0.5143,7.3598084000802e-18,0.000345050333618666,0.00455125329102422,1,8.84281285651676e-05,0.000664590384963501,0.000176856257130335,0.0125261116067586
"Serp2","Serp2","NM_001160326","Midbrain","15.5",6,0.82795,0.9416,-0.11365,-0.11365,-0.11365,-1.11022302462516e-16,0.000345050333618666,0.00455125329102422,-1,3.35044117184548e-05,0.000285567397458785,0.000117929641864716,0.00872743486779316
"Atp5g1","Atp5g1","NM_007506","Midbrain","12.5",3,0.64935,0.51205,0.1373,0.1373,0.1373,0,0.000345636475632133,0.00455898457109523,1,2.03280784977242e-12,7.95227481060545e-11,7.12210545789465e-12,2.40639768590221e-09
"Schip1","Schip1","NM_001282044","Midbrain","15.5",6,0.248,0.06955,0.17845,0.17845,0.17845,1.38777878078145e-17,0.00034692097665721,0.00457592728625332,1,2.22754667522232e-15,2.03909622649851e-13,4.45509335044465e-15,3.74782721396813e-12
"Slc25a14","Slc25a14","NM_001290703","Midbrain","12.5",3,0.00975,0.114625,-0.104875,-0.10485,-0.1049,-5.00000000000222e-05,0.00034790312754056,0.00458888196852605,-1,5.83463358202184e-05,0.000462827000085164,0.000116692671640437,0.00866701267660541
"Flot2","Flot2","NM_008028","Midbrain","15.5",6,0.03715,0.17365,-0.1365,-0.1365,-0.1365,0,0.000348631256153807,0.00459848606805719,-1,0.000119599154264157,0.000866147672574437,0.000239198308528313,0.0162975214574435
"Gabrg2","Gabrg2","NM_177408","Midbrain","15.5",6,1,0.8598,0.1402,0.1402,0.1402,0,0.000349467689449406,0.00460951871871252,1,3.07919393716016e-05,0.000265914540573246,0.000119997773368503,0.00884871508166748
"Gabrg2","Gabrg2","NM_008073","Midbrain","15.5",6,0,0.1402,-0.1402,-0.1402,-0.1402,0,0.000358366067051917,0.00472688933511935,-1,3.07919393716016e-05,0.000265914540573246,0.000119997773368503,0.00884871508166748
"Pxk","Pxk","NM_178279","Midbrain","15.5",6,0,0.47425,-0.47425,-0.47425,-0.47425,0,0.000362646440561059,0.004783347950348,-1,3.1268744525628e-05,0.000269016999424435,0.000124753197255359,0.00915027615297937
"Pxk","Pxk","NM_145458","Midbrain","15.5",6,1,0.52575,0.47425,0.47425,0.47425,-1.11022302462516e-16,0.000363239791394232,0.00479117431557388,1,3.1268744525628e-05,0.000269016999424435,0.000124753197255359,0.00915027615297937
"Zmynd8","Zmynd8","NM_001252587","Midbrain","15.5",6,0.59965,0.4231,0.17655,0.17655,0.17655,0,0.000371690358651168,0.004902638262401,1,1.50963108505021e-09,3.21375882617433e-08,3.01926217010042e-09,5.87061765779427e-07
"Exoc1","Exoc1","NM_001289771","Midbrain","15.5",6,0.7595,0.0923,0.6672,0.6672,0.6672,0,0.000373080502728167,0.00492097442147404,1,1.7794883692989e-08,2.94033150407258e-07,3.5589767385978e-08,5.41345698823001e-06
"Atp5g1","Atp5g1","NM_001161419","Midbrain","12.5",3,0.35065,0.48795,-0.1373,-0.1373,-0.1373,0,0.000373666670588357,0.00492870604246628,-1,2.03280784977242e-12,7.95227481060545e-11,7.12210545789465e-12,2.40639768590221e-09
"Tspan4","Tspan4","NM_053082","Midbrain","15.5",6,0.59205,0.232725,0.359325,0.3593,0.35935,5.000000000005e-05,0.000375018886583593,0.00494654192581104,1,3.32267712054455e-05,0.000283729350386799,0.000129635107076739,0.00945786291275811
"Nrcam","Nrcam","NM_176930","Midbrain","15.5",6,0.1299,0.6467,-0.5168,-0.5168,-0.5168,0,0.000379283541792694,0.00500279321486776,-1,3.29225507835553e-05,0.000281657037264173,0.000131638495601765,0.00958705703670661
"Nrcam","Nrcam","NM_001146031","Midbrain","15.5",6,0.8701,0.3533,0.5168,0.5168,0.5168,5.55111512312578e-17,0.000379283541792694,0.00500279321486776,1,3.29225507835553e-05,0.000281657037264173,0.000131638495601765,0.00958705703670661
"Oxr1","Oxr1","NM_001130164","Midbrain","15.5",6,0.5603,0.8053,-0.245,-0.245,-0.245,0,0.000381469145544045,0.00503162157785438,-1,1.66840502102293e-05,0.000156439015513813,3.33681004204585e-05,0.00293772548944848
"Tspan4","Tspan4","NM_001252588","Midbrain","15.5",6,0.40795,0.767275,-0.359325,-0.3593,-0.35935,-5.00000000001055e-05,0.000382084974899919,0.00503974443736081,-1,3.32267712054455e-05,0.000283729350386799,0.000129635107076739,0.00945786291275811
"Tcf7l2","Tcf7l2","NM_001142924","Midbrain","15.5",6,0.00405,0.241975,-0.237925,-0.23795,-0.2379,5.000000000005e-05,0.000384726314989343,0.00507458401467301,-1,7.65713832265965e-05,0.000591007118091285,0.000153142766453193,0.0110361931143073
"Serp2","Serp2","NR_027699","Midbrain","15.5",6,0.17205,0.0584,0.11365,0.11365,0.11365,0,0.000384726314989343,0.00507458401467301,1,3.35044117184548e-05,0.000285567397458785,0.000117929641864716,0.00872743486779316
"2310045N01Rik","2310045N01Rik","NM_001145552","Midbrain","15.5",6,0.39195,0,0.39195,0.39195,0.39195,0,0.000388101601333871,0.00511910442687658,1,6.74295150117181e-09,1.23449956083453e-07,1.34859030023436e-08,2.25061863420982e-06
"Nr4a2","Nr4a2","NM_001139509","Midbrain","15.5",6,0.86775,0.09505,0.7727,0.7727,0.7727,2.77555756156289e-17,0.000390059620596556,0.00514493092447686,1,3.41211293978588e-05,0.000289208165285184,0.000136179639051446,0.0099002908111487
"Nr4a2","Nr4a2","NM_013613","Midbrain","15.5",6,0.13225,0.90495,-0.7727,-0.7727,-0.7727,0,0.000390575378759029,0.00515173383351831,-1,3.41211293978588e-05,0.000289208165285184,0.000136179639051446,0.0099002908111487
"Cited1","Cited1","NM_007709","Midbrain","15.5",6,0.03325,0.22355,-0.1903,-0.1903,-0.1903,0,0.000392381186214955,0.00517555264001111,-1,0.000137240938982909,0.000978429560318963,0.000274481877965818,0.0182490734370345
"Aimp2","Aimp2","NM_146165","Midbrain","15.5",6,0.3011,0.51555,-0.21445,-0.21445,-0.21445,1.11022302462516e-16,0.000398298023242935,0.00525359639587024,-1,3.68507080144004e-05,0.000309478331342955,0.000139437719729212,0.0101193069171933
"Slc38a1","Slc38a1","NM_001166456","Midbrain","15.5",6,0.1425,0.2605,-0.118,-0.118,-0.118,0,0.000399724061876087,0.00527240600823663,-1,9.51494103649914e-05,0.000711797218230888,0.000210097036277285,0.0146538343247768
"Brinp3","Brinp3","NM_001145807","Midbrain","15.5",6,1,0.21575,0.78425,0.78425,0.78425,0,0.000400247074057709,0.00527930459861877,1,3.51259415876323e-05,0.000297174555723832,0.000140412541278499,0.0101721431926198
"Brinp3","Brinp3","NM_153539","Midbrain","15.5",6,0,0.78425,-0.78425,-0.78425,-0.78425,0,0.000400247074057709,0.00527930459861877,-1,3.51259415876323e-05,0.000297174555723832,0.000140412541278499,0.0101721431926198
"Slc25a14","Slc25a14","NM_001290705","Midbrain","15.5",6,0.7316,0.401875,0.329725,0.3297,0.32975,4.99999999999945e-05,0.000401199387246697,0.00529186571829662,1,5.83463358202184e-05,0.000462827000085164,0.000116692671640437,0.00866701267660541
"Ank1","Ank1","NM_001110783","Midbrain","15.5",6,0,0.778125,-0.778125,-0.77815,-0.7781,4.99999999999945e-05,0.000403748675501404,0.00532549112140035,-1,0.000248484295096674,0.00167006258246325,0.000496695032804344,0.0309279161555707
"3632454L22Rik","3632454L22Rik","NR_040281","Midbrain","15.5",6,0,0.4318,-0.4318,-0.4318,-0.4318,0,0.00040392038308266,0.00532775596399908,-1,1.58148975162181e-12,6.40573326829473e-11,3.16297950324363e-12,1.20408042642616e-09
"Aimp2","Aimp2","NM_001172146","Midbrain","15.5",6,0.6989,0.48445,0.21445,0.21445,0.21445,-5.55111512312578e-17,0.000417619114727252,0.00550844379822447,1,3.68507080144004e-05,0.000309478331342955,0.000139437719729212,0.0101193069171933
"Acvrl1","Acvrl1","NM_001277257","Midbrain","11.5",2,0.4739,0,0.4739,0.4739,0.4739,0,0.000420344200492323,0.00554438799055877,1,0.00011137425428879,0.000816923015833002,0.00022274850857758,0.0154318030187967
"Phka1","Phka1","NM_173021","Midbrain","15.5",6,0.4752,0.0079,0.4673,0.4673,0.4673,0,0.000422938953256712,0.00557861307573539,1,4.01033553066074e-05,0.000333127145623125,0.000149550835432948,0.0108151567852522
"Atp2c1","Atp2c1","NM_001253831","Midbrain","15.5",6,0.20395,0.007,0.19695,0.19695,0.19695,0,0.000431570536966585,0.00569246465024141,1,0.000152740870716783,0.0010755307158011,0.000305481741433566,0.0199560567526531
"Gal3st1","Gal3st1","NM_001177691","Midbrain","11.5",2,1,0.36015,0.63985,0.63985,0.63985,0,0.000432013258982376,0.00569830420417038,1,3.08456124479004e-07,3.99944385762154e-06,6.16912248958009e-07,7.39237147764953e-05
"Ppap2a","Ppap2a","NM_008903","Midbrain","15.5",6,0.66595,0.4805,0.18545,0.18545,0.18545,0,0.000437818596023111,0.00577487726246903,1,3.90661713193797e-05,0.000326884581588301,0.000155231998813659,0.0111672299645835
"Ppap2a","Ppap2a","NM_008247","Midbrain","15.5",6,0.33405,0.5195,-0.18545,-0.18545,-0.18545,0,0.000440242936742845,0.00580685459332259,-1,3.90661713193797e-05,0.000326884581588301,0.000155231998813659,0.0111672299645835
"Ctnna2","Ctnna2","NM_145732","Midbrain","15.5",6,0.6421,0.37,0.2721,0.2721,0.2721,0,0.000441657750908459,0.00582551615368078,1,0.000117815389492957,0.000856513499630006,0.000235630778985914,0.0161077002354831
"Suv39h1","Suv39h1","NM_011514","Midbrain","14.5",5,0.57925,0.368975,0.210275,0.21025,0.2103,4.99999999999945e-05,0.000441657750908459,0.00582551615368078,1,3.97171173722704e-05,0.000330518629477967,0.000156302597338436,0.0112182051703481
"Dmc1","Dmc1","NR_103477","Midbrain","13.5",4,0,0.3136,-0.3136,-0.31355,-0.31365,-0.000100000000000044,0.000441756171522073,0.00582681433280994,-1,0.000117894582645161,0.000856513499630006,0.000235497956231523,0.0161077002354831
"Gpc6","Gpc6","NM_001079844","Midbrain","11.5",2,0,0.12025,-0.12025,-0.12025,-0.12025,2.77555756156289e-17,0.00044193238687154,0.00582913863338597,-1,5.62103523877827e-06,5.7944770918667e-05,2.2353756364933e-05,0.00201629069111758
"Kcnab2","Kcnab2","NM_010598","Midbrain","15.5",6,0.20075,0.87405,-0.6733,-0.6733,-0.6733,2.22044604925031e-16,0.000443609870336455,0.00585126483178801,-1,1.27973295529279e-05,0.000122027869507814,2.55946591058557e-05,0.00228858610118763
"Gpc6","Gpc6","NM_011821","Midbrain","11.5",2,1,0.87975,0.12025,0.12025,0.12025,0,0.000443609870336455,0.00585126483178801,1,5.62103523877827e-06,5.7944770918667e-05,2.2353756364933e-05,0.00201629069111758
"Suv39h1","Suv39h1","NM_001290716","Midbrain","14.5",5,0.42075,0.631025,-0.210275,-0.21025,-0.2103,-4.99999999999945e-05,0.000444867255614057,0.00586784988714139,-1,3.97171173722704e-05,0.000330518629477967,0.000156302597338436,0.0112182051703481
"Phka1","Phka1","NM_008832","Midbrain","15.5",6,0.5248,0.9921,-0.4673,-0.4673,-0.4673,-2.22044604925031e-16,0.000448791862648909,0.00591961590196023,-1,4.01033553066074e-05,0.000333127145623125,0.000149550835432948,0.0108151567852522
"Sorcs1","Sorcs1","NM_001252501","Midbrain","10.5",1,0.3209,0.1142,0.2067,0.2067,0.2067,-4.16333634234434e-17,0.000450422451378932,0.00594112355345558,1,0.000100275458694765,0.000744268148106676,0.000241710282488798,0.0164144096111235
"Tmem196","Tmem196","NM_001294146","Midbrain","11.5",2,0.6978,0,0.6978,0.6978,0.6978,0,0.000459225902215295,0.00605724207498017,1,0.000123327304489631,0.000890468937225483,0.000246654608979263,0.0167226264161684
"Slc4a10","Slc4a10","NM_001242382","Midbrain","10.5",1,1,0,1,1,1,0,0.000464329654992509,0.00612456115675084,1,0.00024987839534167,0.00167696981741763,0.000499756790683339,0.0310716279128116
"Nsmf","Nsmf","NM_001039387","Midbrain","15.5",6,0.81865,0.172275,0.646375,0.6464,0.64635,-4.99999999999945e-05,0.000464329654992509,0.00612456115675084,1,0.000208351085875138,0.00142331779112016,0.000416017650442275,0.0263420518489577
"Gria2","Gria2","NM_001039195","Midbrain","15.5",6,0.2267,0.8335,-0.6068,-0.6068,-0.6068,0,0.000464329654992509,0.00612456115675084,-1,0.000125087448800411,0.000901614571904693,0.000250174897600821,0.0168780143721863
"Ank3","Ank3","NM_009670","Midbrain","15.5",6,0.1799,0.04495,0.13495,0.13495,0.13495,-1.38777878078145e-17,0.0004655421781894,0.00614055447613823,1,2.6746715590131e-11,8.38491214082396e-10,5.34934311802621e-11,1.54717432745371e-08
"Ascc1","Ascc1","NM_001199187","Midbrain","15.5",6,0.0454,0.33815,-0.29275,-0.29275,-0.29275,0,0.00046965474508238,0.00619479970294308,-1,4.27609556602177e-05,0.000353279592160318,0.000169071205667588,0.0120575936345508
"Ascc1","Ascc1","NM_026937","Midbrain","15.5",6,0.9546,0.66185,0.29275,0.29275,0.29275,0,0.000474712977382656,0.00626151836442636,1,4.27609556602177e-05,0.000353279592160318,0.000169071205667588,0.0120575936345508
"Cep41","Cep41","NM_031998","Midbrain","15.5",6,0.1024,0.29005,-0.18765,-0.18765,-0.18765,1.11022302462516e-16,0.000479362317898954,0.0063228436966003,-1,0.000113584580415029,0.000831098123929612,0.000259997665272509,0.0173983301547089
"Dnm1","Dnm1","NM_001301737","Midbrain","15.5",6,0.03875,0.2944,-0.25565,-0.25565,-0.25565,0,0.000482958037059147,0.00637027164280687,-1,3.97343097191062e-08,6.18584814912751e-07,7.94686194382123e-08,1.13742301716264e-05
"Slc37a4","Slc37a4","NM_001293631","Midbrain","15.5",6,0.29745,0.616425,-0.318975,-0.3189,-0.31905,-0.000149999999999872,0.000484171332736208,0.0063862751512959,-1,1.08548885201994e-05,0.000105260221942697,2.17097770403989e-05,0.00196249858605817
"Spag9","Spag9","NM_001199204","Midbrain","15.5",6,0.349,0.016075,0.332925,0.33515,0.3307,-0.00445,0.000491027870190952,0.0064767136630593,1,8.94281101611065e-13,3.86143830384325e-11,1.57250984882355e-12,6.41786876591917e-10
"Rapgef4","Rapgef4","NM_019688","Midbrain","11.5",2,0,0.14985,-0.14985,-0.14985,-0.14985,-5.55111512312578e-17,0.000494155725905235,0.00651797043700351,-1,8.09543669511792e-09,1.44174372581925e-07,1.61908733902358e-08,2.63796231713569e-06
"Rundc3a","Rundc3a","NM_016759","Midbrain","15.5",6,0.68565,0.9232,-0.23755,-0.23755,-0.23755,-1.11022302462516e-16,0.000501022486541602,0.00660854379369958,-1,5.1164449076543e-05,0.000416689828155405,0.000182204550510295,0.012882777209598
"Tmem33","Tmem33","NM_028975","Midbrain","15.5",6,0.6701,0.857275,-0.187175,-0.1872,-0.18715,4.99999999999945e-05,0.000507842067351313,0.00669849484309605,-1,0.000138770165899282,0.000987793233780734,0.000275996517087305,0.0182907725314319
"Pax6","Pax6","NM_001244200","Midbrain","15.5",6,0,0.1671,-0.1671,-0.1671,-0.1671,-2.77555756156289e-17,0.000510881217510616,0.00673858158064354,-1,1.26237140847343e-15,1.22933488012402e-13,2.52474281694686e-15,2.21430845967786e-12
"Nf2","Nf2","NM_001252250","Midbrain","15.5",6,0.63725,0.255325,0.381925,0.38195,0.3819,-4.99999999999945e-05,0.000523797931136112,0.00690895450792268,1,0.000191491518165603,0.00132195577472694,0.000381935679118884,0.0244069316664974
"Tmem255a","Tmem255a","NM_172930","Midbrain","12.5",3,0,0.3313,-0.3313,-0.33125,-0.33135,-9.9999999999989e-05,0.0005264229983207,0.00694357944376239,-1,0.000109317932335704,0.000804418289872216,0.000288567613196542,0.0190625865952978
"Dab2","Dab2","NM_023118","Midbrain","15.5",6,0.8771,0.56445,0.31265,0.31265,0.31265,0,0.000531204954554125,0.00700665399238451,1,0.000145904181014387,0.00103056085880069,0.000291808362028774,0.0192458256607967
"Clasp1","Clasp1","NM_029709","Midbrain","15.5",6,0.80055,0.47505,0.3255,0.3255,0.3255,0,0.000533316633975926,0.00703450728502523,1,2.58943653839285e-14,1.76893299048121e-12,5.1788730767857e-14,3.23452240580021e-11
"Chn1","Chn1","NM_175752","Midbrain","15.5",6,0.36745,0.09695,0.2705,0.2705,0.2705,0,0.000541727980116454,0.00714545390084949,1,0.000149443693803796,0.00105393495614788,0.000298887387607592,0.0196812232567425
"Shtn1","Shtn1","NM_001114312","Midbrain","15.5",6,1,0.1582,0.8418,0.8418,0.8418,-2.77555756156289e-17,0.000542576866012091,0.00715665080272089,1,5.00226654452307e-05,0.000408117183142284,0.000200083935672401,0.0140246367222366
"Shtn1","Shtn1","NM_175172","Midbrain","15.5",6,0,0.8418,-0.8418,-0.8418,-0.8418,0,0.000542576866012091,0.00715665080272089,-1,5.00226654452307e-05,0.000408117183142284,0.000200083935672401,0.0140246367222366
"Ncoa4","Ncoa4","NM_001033988","Midbrain","15.5",6,0.52625,0.92225,-0.396,-0.396,-0.396,0,0.000542576866012091,0.00715665080272089,-1,8.28614808007404e-05,0.000625836629744206,0.000299846477341281,0.0197128874397514
"Fnbp1l","Fnbp1l","NM_153118","Midbrain","15.5",6,0.9867,0.84055,0.14615,0.14615,0.14615,-2.22044604925031e-16,0.000542698216808442,0.00715825143357804,1,5.27949658234858e-05,0.000429205255016154,0.000200395554692707,0.0140246367222366
"Fez2","Fez2","NM_001285940","Midbrain","15.5",6,0.38495,0.6404,-0.25545,-0.25545,-0.25545,0,0.000542713447066816,0.00715845232242467,-1,0.000100330663618488,0.000744268148106676,0.00021684493367548,0.015048099936421
"Nprl3","Nprl3","NM_001284360","Midbrain","15.5",6,0.06295,0.319925,-0.256975,-0.25695,-0.257,-4.99999999999945e-05,0.000543163265655433,0.00716438548095935,-1,0.000200914429974008,0.00137868867464922,0.000401153862187696,0.0255184800967319
"Srsf11","Srsf11","NM_001093753","Midbrain","15.5",6,0.202,0.321975,-0.119975,-0.11995,-0.12,-4.99999999999945e-05,0.00054377053478841,0.00717239543014854,-1,5.81478188848595e-05,0.000462053067770836,0.000200310308433595,0.0140246367222366
"Dpf3","Dpf3","NM_001267626","Midbrain","15.5",6,0.95545,0.84655,0.1089,0.1089,0.1089,-2.22044604925031e-16,0.00054377053478841,0.00717239543014854,1,6.32456980763513e-05,0.000493144054677104,0.000126491396152702,0.00926128871337851
"St7","St7","NM_022332","Midbrain","15.5",6,0.2279,0.661075,-0.433175,-0.4332,-0.43315,4.99999999999945e-05,0.000545922974916664,0.00720078636116059,-1,0.000252964229009879,0.00169519366936781,0.000505092016165604,0.03135604336154
"Zc3h14","Zc3h14","NM_029334","Midbrain","15.5",6,0.68725,0.48755,0.1997,0.1997,0.1997,0,0.000546067171015797,0.00720268832416944,1,0.000202599340273018,0.00138816943178084,0.000405198680546036,0.0257360657607096
"Rundc3a","Rundc3a","NM_001252347","Midbrain","15.5",6,0.31435,0.0768,0.23755,0.23755,0.23755,-1.38777878078145e-17,0.000550666731806611,0.00726335705608144,1,5.1164449076543e-05,0.000416689828155405,0.000182204550510295,0.012882777209598
"Fhl1","Fhl1","NM_001077362","Midbrain","15.5",6,0.1742,0.00255,0.17165,0.17165,0.17165,0,0.000555701756884677,0.00732976961165445,1,2.81556583934934e-15,2.52683232288274e-13,5.63113167869869e-15,4.6424208771705e-12
"Sncaip","Sncaip","NM_001199153","Midbrain","10.5",1,0,0.15345,-0.15345,-0.15345,-0.15345,0,0.00055760803040952,0.00735491357706538,-1,6.61603368399748e-14,3.99220222087171e-12,1.32208119111644e-13,7.28673164971092e-11
"Bicd2","Bicd2","NM_029791","Midbrain","15.5",6,0.86115,0,0.86115,0.86115,0.86115,0,0.000566501966586098,0.00747222561055712,1,1.52345302087526e-12,6.22575399691615e-11,3.04690604175053e-12,1.17380002979619e-09
"Fnbp1l","Fnbp1l","NM_001114665","Midbrain","15.5",6,0.0133,0.15945,-0.14615,-0.14615,-0.14615,0,0.000566501966586098,0.00747222561055712,-1,5.27949658234858e-05,0.000429205255016154,0.000200395554692707,0.0140246367222366
"Lmo1","Lmo1","NM_001302205","Midbrain","15.5",6,0.8635,0.54775,0.31575,0.31575,0.31575,0,0.000569763094960903,0.00751524026610787,1,0.000159499072041464,0.00111795903940855,0.000318998144082928,0.020707766677822
"Zfp94","Zfp94","NM_009568","Midbrain","15.5",6,0.8292,0.29105,0.53815,0.53815,0.53815,0,0.000570648359934384,0.00752691701216904,1,5.34634326646829e-05,0.000433101117356201,0.000213178216110344,0.0148436241386599
"Zfp94","Zfp94","NM_001199321","Midbrain","15.5",6,0.1708,0.70895,-0.53815,-0.53815,-0.53815,0,0.000571723012955007,0.00754109180819234,-1,5.34634326646829e-05,0.000433101117356201,0.000213178216110344,0.0148436241386599
"Pogk","Pogk","NM_001142948","Midbrain","0",8,0.3101,0.093075,0.217025,0.21705,0.217,-4.9999999999939e-05,0.000574690953407691,0.00758023928158031,1,5.52404253234401e-05,0.000445917860150591,0.000213618262366451,0.014849181534061
"Dctd","Dctd","NM_178788","Midbrain","12.5",3,0.9054,0.36985,0.53555,0.53555,0.53555,0,0.000577768063813916,0.0076208267191182,1,5.90364965588141e-08,8.77305340096403e-07,1.18072993117628e-07,1.60630043153653e-05
"1700086O06Rik","1700086O06Rik","NR_015475","Midbrain","15.5",6,0.2305,0.054675,0.175825,0.17585,0.1758,-4.99999999999876e-05,0.000580795873055521,0.00766076386866658,1,0.000163283588502227,0.00114099081614457,0.000323779752386487,0.0209521737148306
"Nav2","Nav2","NM_175272","Midbrain","12.5",3,0.05065,0.1783,-0.12765,-0.12765,-0.12765,0,0.000586247046098223,0.00773266546340018,-1,5.06741585395243e-12,1.82863091885445e-10,1.97739363094941e-11,6.08285080428977e-09
"Ncoa4","Ncoa4","NM_019744","Midbrain","15.5",6,0.4686,0.07705,0.39155,0.39155,0.39155,0,0.000587968908833825,0.00775537702944886,1,8.28614808007404e-05,0.000625836629744206,0.000299846477341281,0.0197128874397514
"Pogk","Pogk","NM_175170","Midbrain","0",8,0.6899,0.906925,-0.217025,-0.21705,-0.217,5.00000000003276e-05,0.000587968908833825,0.00775537702944886,-1,5.52404253234401e-05,0.000445917860150591,0.000213618262366451,0.014849181534061
"Ube2t","Ube2t","NM_026024","Midbrain","12.5",3,0.6857,1,-0.3143,-0.3143,-0.3143,0,0.000594723415261569,0.00784446974031837,-1,5.6764759116291e-05,0.000454217312019692,0.000224072511494253,0.0154974824818642
"Nav2","Nav2","NM_001111016","Midbrain","12.5",3,0.94935,0.8217,0.12765,0.12765,0.12765,0,0.000594723415261569,0.00784446974031837,1,5.06741585395243e-12,1.82863091885445e-10,1.97739363094941e-11,6.08285080428977e-09
"Dgkz","Dgkz","NM_138306","Midbrain","15.5",6,0.80025,0.9803,-0.18005,-0.18005,-0.18005,-1.11022302462516e-16,0.000596339627688977,0.00786578776674103,-1,6.29050524328159e-05,0.000492059785205378,0.000224872017471596,0.0155267269991624
"Dhx34","Dhx34","NM_001285932","Midbrain","14.5",5,0,0.12665,-0.12665,-0.12665,-0.12665,0,0.000599357033563366,0.0079055876946882,-1,0.000169651032189423,0.00118187636884473,0.000339302064378844,0.0219222262282428
"Ube2t","Ube2t","NM_001278115","Midbrain","12.5",3,0.3143,0,0.3143,0.3143,0.3143,0,0.000600892782062059,0.00792584439270544,1,5.6764759116291e-05,0.000454217312019692,0.000224072511494253,0.0154974824818642
"Zfp239","Zfp239","NM_001001792","Midbrain","15.5",6,0.8661,0.2562,0.6099,0.6099,0.6099,-5.55111512312578e-17,0.000602632149956698,0.00794878685380019,1,5.709053218684e-05,0.000456026816438336,0.000227918878157307,0.0156845588515284
"Zfp239","Zfp239","NM_008616","Midbrain","15.5",6,0.1339,0.7438,-0.6099,-0.6099,-0.6099,1.11022302462516e-16,0.000603294378541728,0.00795752172443608,-1,5.709053218684e-05,0.000456026816438336,0.000227918878157307,0.0156845588515284
"Hap1","Hap1","NM_177981","Midbrain","15.5",6,0.2262,0.47145,-0.24525,-0.24525,-0.24525,0,0.000604956692231287,0.0079794478317694,-1,5.73848875428282e-05,0.000457579495267464,0.000229413937479884,0.0157611310603174
"Hap1","Hap1","NM_010404","Midbrain","15.5",6,0.7738,0.52855,0.24525,0.24525,0.24525,0,0.000604956692231287,0.0079794478317694,1,5.73848875428282e-05,0.000457579495267464,0.000229413937479884,0.0157611310603174
"Sh3gl3","Sh3gl3","NM_001277954","Midbrain","15.5",6,0.0389,0.272525,-0.233625,-0.2336,-0.23365,-4.99999999999945e-05,0.000605819480261421,0.00799082810438187,-1,5.78880724517025e-05,0.000460789056715552,0.000115776144903405,0.00861446184123562
"Srsf11","Srsf11","NM_001093752","Midbrain","15.5",6,0.798,0.678025,0.119975,0.11995,0.12,4.99999999999945e-05,0.000611600352314203,0.00806707846669651,1,5.81478188848595e-05,0.000462053067770836,0.000200310308433595,0.0140246367222366
"Cnot4","Cnot4","NM_016877","Midbrain","0",8,0,0.11975,-0.11975,-0.1308,-0.1087,0.0221,0.000613683797923407,0.00809455935212594,-1,0.000197711538962412,0.00136079054711423,0.000197711538962412,0.0139314070741306
"Pitpnm1","Pitpnm1","NM_008851","Midbrain","11.5",2,0.1209,0.264175,-0.143275,-0.1433,-0.14325,4.99999999999945e-05,0.000628807952876126,0.0082940486825104,-1,9.81774543766004e-14,5.41395432146627e-12,3.48522934671402e-13,1.59627489977995e-10
"Slc7a1","Slc7a1","NM_001301424","Midbrain","15.5",6,0.00575,0.458275,-0.452525,-0.45255,-0.4525,4.9999999999939e-05,0.0006313157894362,0.00832712733302985,-1,6.03349019888467e-05,0.000474489426809195,0.000240988537797069,0.0163924019387376
"Slc7a1","Slc7a1","NM_007513","Midbrain","15.5",6,0.99425,0.541725,0.452525,0.45255,0.4525,-4.99999999999945e-05,0.000631448133941802,0.00832887297216704,1,6.03349019888467e-05,0.000474489426809195,0.000240988537797069,0.0163924019387376
"Sptan1","Sptan1","NM_001177667","Midbrain","15.5",6,0.2357,0.544875,-0.309175,-0.3099,-0.30845,0.00145000000000006,0.000631529537260261,0.00832994669123044,-1,4.77263848270422e-08,7.25726456323495e-07,4.77263848270422e-08,7.15701302425812e-06
"Snrpa","Snrpa","NM_001046637","Midbrain","15.5",6,0.3183,0.472325,-0.154025,-0.15405,-0.154,4.9999999999939e-05,0.000635714624945297,0.0083851484755614,-1,6.86852928949751e-08,1.0076044409625e-06,1.37370585789949e-07,1.83849251308797e-05
"Bcas3","Bcas3","NM_138681","Midbrain","15.5",6,0.00690000000000001,0.318,-0.3111,-0.3111,-0.3111,5.55111512312578e-17,0.000636101898792547,0.00839025666181742,-1,0.000182719851171096,0.00126713448304561,0.000365439702342191,0.023537188552585
"Fhod3","Fhod3","NM_001289654","Midbrain","15.5",6,0.02305,0.33755,-0.3145,-0.3145,-0.3145,0,0.000636774005814275,0.00839912183016106,-1,2.58155729194155e-05,0.00022766450337604,5.16311458388311e-05,0.0042480817861342
"Neurl1a","Neurl1a","NM_021360","Midbrain","15.5",6,0.11645,0.67295,-0.5565,-0.5565,-0.5565,1.11022302462516e-16,0.000649508584638125,0.00856709237861417,-1,6.26706956510601e-05,0.000491170845881682,0.000249176338054827,0.0168382051296942
"Neurl1a","Neurl1a","NM_001163480","Midbrain","15.5",6,0.88355,0.32705,0.5565,0.5565,0.5565,0,0.00065251925493839,0.00860680346356971,1,6.26706956510601e-05,0.000491170845881682,0.000249176338054827,0.0168382051296942
"Zfp78","Zfp78","NM_177888","Midbrain","12.5",3,0.4362,0.03405,0.40215,0.40215,0.40215,6.93889390390723e-18,0.00065251925493839,0.00860680346356971,1,6.29991335220344e-05,0.000492059785205378,0.000250748391487869,0.016889063381897
"Dgkz","Dgkz","NM_001166597","Midbrain","15.5",6,0.19975,0.0197,0.18005,0.18005,0.18005,0,0.000654243906357754,0.00862955181267557,1,6.29050524328159e-05,0.000492059785205378,0.000224872017471596,0.0155267269991624
"Zfp78","Zfp78","NM_001025163","Midbrain","12.5",3,0.5638,0.96595,-0.40215,-0.40215,-0.40215,0,0.000654678417845832,0.00863528306880671,-1,6.29991335220344e-05,0.000492059785205378,0.000250748391487869,0.016889063381897
"Slc38a1","Slc38a1","NM_001166458","Midbrain","15.5",6,0.66565,0.54255,0.1231,0.1231,0.1231,0,0.0006586396624021,0.00868753233671552,1,9.51494103649914e-05,0.000711797218230888,0.000210097036277285,0.0146538343247768
"Pitpnm1","Pitpnm1","NR_075078","Midbrain","11.5",2,0.8791,0.735825,0.143275,0.1433,0.14325,-5.00000000001055e-05,0.000670482868154967,0.00884374557260413,1,9.81774543766004e-14,5.41395432146627e-12,3.48522934671402e-13,1.59627489977995e-10
"Zfp606","Zfp606","NM_001039951","Midbrain","15.5",6,0.43935,0.30455,0.1348,0.1348,0.1348,-5.55111512312578e-17,0.000670482868154967,0.00884374557260413,1,7.70586187645244e-05,0.000592768568210467,0.000258685978806476,0.0173387029415711
"Dync1i2","Dync1i2","NM_010064","Midbrain","15.5",6,0.52285,0.3808,0.14205,0.14205,0.14205,0,0.000683210805255142,0.00901162851596375,1,1.22475198574227e-13,6.37010208947998e-12,2.44950397148454e-13,1.20203660657593e-10
"Nfasc","Nfasc","NM_182716","Midbrain","15.5",6,0.2823,0.898,-0.6157,-0.6157,-0.6157,0,0.000685493959534363,0.00904174358154923,-1,0.00026528183590193,0.00176481826006269,0.000530563671803859,0.0326911519509259
"Sorcs1","Sorcs1","NM_001252501","Midbrain","15.5",6,0.21295,0.479825,-0.266875,-0.2669,-0.26685,5.000000000005e-05,0.000690400394104719,0.00910646001364579,-1,0.000100275458694765,0.000744268148106676,0.000241710282488798,0.0164144096111235
"Zfp451","Zfp451","NM_133817","Midbrain","15.5",6,0.2812,0.11205,0.16915,0.16915,0.16915,0,0.00070638893687215,0.00931735071798394,1,0.000107510703794516,0.000792393705744769,0.000411237212030626,0.0260794171721386
"Kcnq2","Kcnq2","NM_010611","Midbrain","15.5",6,0,0.15185,-0.15185,-0.15185,-0.15185,2.77555756156289e-17,0.000706900212513621,0.00932409450206164,-1,5.92893074619019e-13,2.6604623554228e-11,1.18578614923804e-12,4.98768628452785e-10
"Scn8a","Scn8a","NM_001077499","Midbrain","15.5",6,1,0.8529,0.1471,0.1471,0.1471,-1.11022302462516e-16,0.000709043107236605,0.00935235952808847,1,6.93101290403425e-05,0.000537682136640081,0.000275641428442384,0.0182907725314319
"Scn8a","Scn8a","NM_011323","Midbrain","15.5",6,0,0.1471,-0.1471,-0.1471,-0.1471,0,0.00071227823086861,0.00939503117811303,-1,6.93101290403425e-05,0.000537682136640081,0.000275641428442384,0.0182907725314319
"Islr2","Islr2","NM_001161541","Midbrain","15.5",6,1,0.0874,0.9126,0.9126,0.9126,0,0.000722380330636989,0.00952827902730335,1,7.86788938498715e-10,1.78273909480625e-08,1.5720580182951e-09,3.27282068769378e-07
"Zfp451","Zfp451","NM_001290700","Midbrain","15.5",6,0.7188,0.88795,-0.16915,-0.16915,-0.16915,0,0.000735361464150799,0.00969950166026346,-1,0.000107510703794516,0.000792393705744769,0.000411237212030626,0.0260794171721386
"Tmem255a","Tmem255a","NM_001289727","Midbrain","14.5",5,0.45625,0.18735,0.2689,0.2688,0.269,0.000199999999999978,0.000746193624564968,0.00984237909271474,1,0.000109317932335704,0.000804418289872216,0.000288567613196542,0.0190625865952978
"Ralgds","Ralgds","NM_001145834","Midbrain","15.5",6,0,0.22365,-0.22365,-0.2233,-0.224,-0.000700000000000006,0.000746965167930167,0.00985255583778032,-1,0.000291935256172755,0.00191705547704835,0.000574679537836537,0.0351989332258801
"Cdk12","Cdk12","NM_001109626","Midbrain","0",8,0,0.4874,-0.4874,-0.48825,-0.48655,0.00170000000000003,0.000750894082539914,0.00990437867000376,-1,0.000220193075813913,0.00149528740059389,0.000431617998219089,0.0272044925784403
"Add3","Add3","NM_001277100","Midbrain","15.5",6,0.07585,0.3197,-0.24385,-0.24505,-0.24265,0.00240000000000007,0.00075305734389778,0.00993291233426972,-1,5.85406912289436e-05,0.00046356530061397,0.000101284256274098,0.00766328055729145
"Asap1","Asap1","NM_001276467","Midbrain","15.5",6,0.007,0.4255,-0.4185,-0.4185,-0.4185,0,0.000753945405317803,0.00994462596578001,-1,1.43093737466683e-08,2.42570383846299e-07,2.86187474933365e-08,4.40184413671913e-06
"Dnmbp","Dnmbp","NM_028029","Midbrain","15.5",6,0.7389,0.54535,0.19355,0.19355,0.19355,0,0.000771010852323121,0.0101697211599542,1,7.86109031846804e-05,0.00060268359108255,0.0003023185478311,0.0198122125831315
"Cep41","Cep41","NR_130775","Midbrain","15.5",6,0.89375,0.70655,0.1872,0.1872,0.1872,0,0.000771844838792028,0.0101807215366861,1,0.000113584580415029,0.000831098123929612,0.000259997665272509,0.0173983301547089
"Cacnb4","Cacnb4","NM_001037099","Midbrain","15.5",6,0.5735,0.06875,0.50475,0.50475,0.50475,0,0.000772863216235519,0.0101941540514227,1,1.89816109342306e-09,3.94903787481697e-08,3.79632218684612e-09,7.2448290766165e-07
"Cars","Cars","NM_013742","Midbrain","15.5",6,0.20585,0.415,-0.20915,-0.20915,-0.20915,-1.11022302462516e-16,0.000772863216235519,0.0101941540514227,-1,8.01987624718815e-05,0.000610764951470552,0.000303785813204342,0.019876768101135
"Hdac5","Hdac5","NM_001284248","Midbrain","15.5",6,0.1636,0.02785,0.13575,0.13575,0.13575,0,0.000776076250896262,0.0102365343453946,1,0.000381930950349203,0.00242791383298375,0.000763861900698406,0.0456998168091889
"Rapgef6","Rapgef6","NM_001252497","Midbrain","10.5",1,0.52635,0.6886,-0.16225,-0.16225,-0.16225,-2.22044604925031e-16,0.000777377063189816,0.010253692208046,-1,6.76615107577202e-08,9.9577728211603e-07,1.72607871337793e-07,2.26594717195785e-05
"Net1","Net1","NM_019671","Midbrain","14.5",5,0.72655,0.31,0.41655,0.41655,0.41655,-5.55111512312578e-17,0.000780012520706738,0.0102884541935554,1,7.69628445966039e-05,0.000592768568210467,0.000307593017672642,0.0200621847952729
"Net1","Net1","NM_001047159","Midbrain","14.5",5,0.27345,0.69,-0.41655,-0.41655,-0.41655,0,0.000780035567462098,0.0102887581828896,-1,7.69628445966039e-05,0.000592768568210467,0.000307593017672642,0.0200621847952729
"Zfp606","Zfp606","NM_026112","Midbrain","15.5",6,0.56065,0.69545,-0.1348,-0.1348,-0.1348,0,0.000780374377892841,0.0102932271311493,-1,7.70586187645244e-05,0.000592768568210467,0.000258685978806476,0.0173387029415711
"Mbp","Mbp","NM_001025245","Midbrain","13.5",4,0.69605,0.4013,0.29475,0.29475,0.29475,0,0.000790700247449476,0.010429426529392,1,1.80081879629047e-12,7.10764834294255e-11,3.60163759258092e-12,1.3379160329835e-09
"Iigp1","Iigp1","NM_001146275","Midbrain","0",8,1,9.81307786677359e-18,1,1,1,1.96261557335472e-17,0.000791377100705261,0.0104383543011047,1,7.8784872021524e-05,0.000603007289703203,0.000313212603410868,0.0203642679793701
"Dnmbp","Dnmbp","NM_001306088","Midbrain","15.5",6,0.2611,0.45465,-0.19355,-0.19355,-0.19355,0,0.000793846450312743,0.0104709253043258,-1,7.86109031846804e-05,0.00060268359108255,0.0003023185478311,0.0198122125831315
"Iigp1","Iigp1","NM_021792","Midbrain","0",8,0,1,-1,-1,-1,0,0.000794321581227077,0.0104771923353264,-1,7.8784872021524e-05,0.000603007289703203,0.000313212603410868,0.0203642679793701
"Dpy30","Dpy30","NM_001146224","Midbrain","15.5",6,0.20175,0.06335,0.1384,0.1384,0.1384,0,0.000801170855739859,0.0105675350480562,1,0.000239064723670877,0.00161148636265332,0.000478129447341755,0.029862102958886
"Cars","Cars","NM_001252593","Midbrain","15.5",6,0.79415,0.585,0.20915,0.20915,0.20915,0,0.000805656428459503,0.0106267002642967,1,8.01987624718815e-05,0.000610764951470552,0.000303785813204342,0.019876768101135
"Ndrg4","Ndrg4","NM_145602","Midbrain","15.5",6,0.5735,0.96065,-0.38715,-0.38715,-0.38715,0,0.000807645870030677,0.0106529412257331,-1,8.10448208476206e-05,0.00061618296514877,0.000321845298371256,0.0208597397338472
"Dnajc1","Dnajc1","NM_001190817","Midbrain","14.5",5,0.5332,0.346725,0.186475,0.1863,0.18665,0.000350000000000072,0.000808260207140132,0.0106610444023389,1,8.16771617405508e-05,0.000618934386235929,0.000312881311625115,0.0203642679793701
"Ndrg4","Ndrg4","NM_001195006","Midbrain","15.5",6,0.4265,0.03935,0.38715,0.38715,0.38715,0,0.000812525448578027,0.0107173034238203,1,8.10448208476206e-05,0.00061618296514877,0.000321845298371256,0.0208597397338472
"Trip10","Trip10","NM_001242390","Midbrain","15.5",6,0.27725,0.01325,0.264,0.264,0.264,3.46944695195361e-18,0.000817992080142059,0.010789408918215,1,0.000245064336544917,0.00164949921818542,0.000490128673089833,0.0305652169271908
"Dnajc1","Dnajc1","NM_007869","Midbrain","14.5",5,0.4668,0.653275,-0.186475,-0.1863,-0.18665,-0.000349999999999961,0.000817992080142059,0.010789408918215,-1,8.16771617405508e-05,0.000618934386235929,0.000312881311625115,0.0203642679793701
"Abl1","Abl1","NM_009594","Midbrain","15.5",6,0.7019,0.50645,0.19545,0.19545,0.19545,0,0.000827487255389563,0.0109146513636891,1,0.000413829289603555,0.00261977407816801,0.000827658579207111,0.0492233631275212
"Dab2ip","Dab2ip","NM_001114124","Midbrain","14.5",5,0.1099,0.352825,-0.242925,-0.2429,-0.24295,-4.99999999999945e-05,0.000828247879571562,0.0109246840834817,-1,1.67394385359452e-05,0.000156439015513813,3.34788770718903e-05,0.00293772548944848
"Pak3","Pak3","NM_001195048","Midbrain","15.5",6,0.1391,0.4757,-0.3366,-0.3366,-0.3366,0,0.000833607640178326,0.0109953799377498,-1,0.000417569697524815,0.00263616069733942,0.000835139395049629,0.0494616457813763
"Reps1","Reps1","NM_009048","Midbrain","15.5",6,0.2169,0.90135,-0.68445,-0.68445,-0.68445,0,0.000860190785278097,0.0113460146563205,-1,8.68784416831415e-05,0.000654017479578518,0.000345258329091407,0.0222721497586685
"Reps1","Reps1","NM_001111065","Midbrain","15.5",6,0.7831,0.09865,0.68445,0.68445,0.68445,2.77555756156289e-17,0.000865121284445412,0.0114110485031981,1,8.68784416831415e-05,0.000654017479578518,0.000345258329091407,0.0222721497586685
"Nelfe","Nelfe","NM_001045864","Midbrain","15.5",6,0.1626,0.38455,-0.22195,-0.22195,-0.22195,0,0.000867594272114099,0.0114436674928618,-1,0.000261588302545227,0.00174277970997017,0.000523176605090455,0.0323326509172646
"Cask","Cask","NM_009806","Midbrain","15.5",6,0.60595,0.00315,0.6028,0.6028,0.6028,0,0.000900096778041662,0.0118723792564993,1,8.01523783581052e-10,1.80717948642881e-08,1.60151811806488e-09,3.31739825385967e-07
"Zfp950","Zfp950","NM_001001737","Midbrain","15.5",6,0.23105,0.11995,0.1111,0.1111,0.1111,0,0.000905386071672888,0.0119421456433155,1,0.000637972769206269,0.00383705829784112,0.00127594553841254,0.071364706119707
"Gpsm1","Gpsm1","NM_153410","Midbrain","15.5",6,0.64835,0.906825,-0.258475,-0.25845,-0.2585,-4.99999999999945e-05,0.000911509774348549,0.0120229179806832,-1,0.000139344792037821,0.000990343343411656,0.000548425845596338,0.0336910251031841
"Macrod2","Macrod2","NM_028387","Midbrain","15.5",6,0.42985,0.17675,0.2531,0.2531,0.2531,0,0.000919859375556619,0.0121330501737995,1,9.6503644139414e-05,0.000720550047677158,0.000371118466610284,0.0238656555099461
"Gpsm1","Gpsm1","NM_001199146","Midbrain","15.5",6,0.35165,0.092275,0.259375,0.25935,0.2594,4.99999999999945e-05,0.000920653872756614,0.0121435296825665,1,0.000139344792037821,0.000990343343411656,0.000548425845596338,0.0336910251031841
"Lck","Lck","NM_001162432","Midbrain","15.5",6,0.17335,1,-0.82665,-0.82665,-0.82665,0,0.00092310506207462,0.0121758611494962,-1,0.000186551842181982,0.00129175156076692,0.000373103684363965,0.0239321039259954
"Dach2","Dach2","NM_001289732","Midbrain","15.5",6,0.5524,0.129025,0.423375,0.42335,0.4234,4.99999999999945e-05,0.000924659959977001,0.0121963704303342,1,0.000374089481291326,0.00238801611697406,0.000745739779280032,0.0448107307343489
"Pde4b","Pde4b","NM_019840","Midbrain","15.5",6,0.59725,0.27805,0.3192,0.3192,0.3192,0,0.000929728303402645,0.0122632224587154,1,0.000376437088890677,0.00239965537026829,0.000752874177781354,0.0451735786511596
"Ehbp1l1","Ehbp1l1","NM_001114597","Midbrain","15.5",6,0.20585,0.0274,0.17845,0.17845,0.17845,0,0.000932023836122155,0.0122935007973414,1,0.000377664368204168,0.00240413047742765,0.000755328736408336,0.0452549825093043
"Calml4","Calml4","NM_001102468","Midbrain","10.5",1,1,0.3312,0.6688,0.6688,0.6688,5.55111512312578e-17,0.000938044253744719,0.0123729107930677,1,9.51758570149231e-05,0.000711797218230888,0.00038052827624175,0.0243567813979801
"Calml4","Calml4","NM_138304","Midbrain","10.5",1,0,0.6688,-0.6688,-0.6688,-0.6688,0,0.000938044253744719,0.0123729107930677,-1,9.51758570149231e-05,0.000711797218230888,0.00038052827624175,0.0243567813979801
"Tnrc18","Tnrc18","NM_001122730","Midbrain","15.5",6,0.46175,0.26385,0.1979,0.1979,0.1979,0,0.000941719539684824,0.0124213882341846,1,0.000103983196697892,0.000768870906762927,0.000382495976652365,0.0244069316664974
"Macrod2","Macrod2","NM_001013802","Midbrain","15.5",6,0.57015,0.82325,-0.2531,-0.2531,-0.2531,0,0.000949561835462573,0.0125248290107616,-1,9.6503644139414e-05,0.000720550047677158,0.000371118466610284,0.0238656555099461
"Elf2","Elf2","NM_001291063","Midbrain","15.5",6,0.15165,0,0.15165,0.15165,0.15165,0,0.000949561835462573,0.0125248290107616,1,4.14279386342276e-10,9.87581641296144e-09,8.23321503610279e-10,1.78621893761478e-07
"Phactr3","Phactr3","NM_028806","Midbrain","15.5",6,0.15675,0.882075,-0.725325,-0.7253,-0.72535,-4.99999999999945e-05,0.000958877138870313,0.0126476989261352,-1,0.000487980136982016,0.0030305089375396,0.000974453740055441,0.0569758668932155
"Ikbkg","Ikbkg","NM_178590","Midbrain","14.5",5,0.0231,0.130075,-0.106975,-0.10695,-0.107,-5.00000000000222e-05,0.000972246850552308,0.0128240469494934,-1,0.000496337570905908,0.00307576756490881,0.00098967129662912,0.0576204371538833
"D430036J16Rik","D430036J16Rik","NR_040395","Midbrain","11.5",2,0,0.635025,-0.635025,-0.6349,-0.63515,-0.000250000000000195,0.000978812127050269,0.0129106436959868,-1,0.000141541362333654,0.00100284027151878,0.000283082724667308,0.0187302749354009
"Ube2j2","Ube2j2","NM_021402","Midbrain","15.5",6,0.40495,0.610475,-0.205525,-0.20555,-0.2055,4.99999999998835e-05,0.000997039538200147,0.0131510653298763,-1,3.1239067164607e-05,0.000269016999424435,6.2478134329214e-05,0.00501053113835418
"Tpm3","Tpm3","NM_001253740","Midbrain","15.5",6,0.07495,0.18615,-0.1112,-0.1112,-0.1112,5.55111512312578e-17,0.000998992948395113,0.0131768310333472,-1,1.56909572309338e-07,2.17628821957527e-06,3.13819144618675e-07,3.98029173901929e-05
"Tnrc18","Tnrc18","NM_178242","Midbrain","15.5",6,0.53825,0.73615,-0.1979,-0.1979,-0.1979,1.11022302462516e-16,0.00101406908692444,0.0133756870216256,-1,0.000103983196697892,0.000768870906762927,0.000382495976652365,0.0244069316664974
"Gtf2i","Gtf2i","NM_010365","Midbrain","15.5",6,0.59515,0.45505,0.1401,0.1401,0.1401,0,0.00101952566917093,0.0134476599643747,1,3.36554946470752e-10,8.19368079785443e-09,6.73109892941505e-10,1.47586609636902e-07
"Syne1","Syne1","NM_001079686","Midbrain","15.5",6,0.0633,0.34025,-0.27695,-0.27695,-0.27695,0,0.00102992972014269,0.0135848905844081,-1,2.32505916927286e-07,3.12076123688032e-06,4.65011833854573e-07,5.70484119735307e-05
"Oxr1","Oxr1","NM_001130164","Midbrain","14.5",5,0.9241,0.80755,0.11655,0.11655,0.11655,0,0.00103961500544794,0.0137126406032465,1,1.66840502102293e-05,0.000156439015513813,3.33681004204585e-05,0.00293772548944848
"Pard6a","Pard6a","NM_001286344","Midbrain","15.5",6,0.4852,0.1881,0.2971,0.2971,0.2971,0,0.00104225407005831,0.0137474501667303,1,0.000536031842773859,0.00328436110358227,0.00107206368554772,0.0615481456570521
"Slitrk2","Slitrk2","NM_001161431","Midbrain","10.5",1,0.16055,1,-0.83945,-0.83945,-0.83945,-1.11022302462516e-16,0.00104286112225734,0.0137554572545359,-1,0.000107435441172073,0.000792393705744769,0.000429494114616507,0.027153664843729
"Slitrk2","Slitrk2","NM_198863","Midbrain","10.5",1,0.83945,0,0.83945,0.83945,0.83945,0,0.00104286112225734,0.0137554572545359,1,0.000107435441172073,0.000792393705744769,0.000429494114616507,0.027153664843729
"Bace1","Bace1","NM_011792","Midbrain","10.5",1,1,0.738,0.262,0.262,0.262,1.11022302462516e-16,0.00104460286414187,0.0137784310288283,1,0.000111174732546503,0.00081676846045802,0.000430793319861012,0.0271940950314665
"Mgat1","Mgat1","NM_001110150","Midbrain","15.5",6,0.80685,0.43565,0.3712,0.3712,0.3712,-1.11022302462516e-16,0.00105319622489672,0.0138917784381942,1,2.10643992675024e-05,0.00019114902500868,4.20441489826913e-05,0.00356605575442717
"Evl","Evl","NM_007965","Midbrain","15.5",6,0,0.392975,-0.392975,-0.39295,-0.393,-5.000000000005e-05,0.00106712927464735,0.0140755569549877,-1,1.52915614053095e-08,2.58263751114767e-07,3.05831228106191e-08,4.68649740196749e-06
"Rita1","Rita1","NM_029096","Midbrain","11.5",2,0.8783,0.99245,-0.11415,-0.11415,-0.11415,1.11022302462516e-16,0.00106712927464735,0.0140755569549877,-1,0.000114156472005198,0.000833324038864099,0.000442129297620926,0.0277820498884296
"Bace1","Bace1","NM_001145947","Midbrain","10.5",1,0,0.262,-0.262,-0.262,-0.262,0,0.00107167818812829,0.0141355576431006,-1,0.000111174732546503,0.00081676846045802,0.000430793319861012,0.0271940950314665
"Dbndd1","Dbndd1","NM_001170976","Midbrain","15.5",6,0.24325,0.05555,0.1877,0.1877,0.1877,0,0.00107994940546254,0.0142446559439732,1,1.37108864957273e-06,1.57280018774296e-05,2.72597919980303e-06,0.000291206299544076
"Tmub2","Tmub2","NM_001302505","Midbrain","15.5",6,0.20525,0.31795,-0.1127,-0.1127,-0.1127,0,0.00108134617524207,0.0142630794968189,-1,0.000337310548952038,0.00217753227440547,0.000674621097904075,0.0408949647584729
"Lrrfip1","Lrrfip1","NM_008515","Midbrain","15.5",6,0.4309,0.2268,0.2041,0.2041,0.2041,0,0.0010888096442362,0.0143615235048735,1,3.67684065681871e-05,0.000309354773644471,7.35368131363742e-05,0.00576285765802843
"Rita1","Rita1","NM_133908","Midbrain","11.5",2,0.1217,0.00755,0.11415,0.11415,0.11415,-2.60208521396521e-18,0.00109368278613782,0.0144258008028688,1,0.000114156472005198,0.000833324038864099,0.000442129297620926,0.0277820498884296
"Pbx1","Pbx1","NM_001291508","Midbrain","15.5",6,0.6929,0.0353,0.6576,0.6573,0.6579,0.000599999999999989,0.00110501291828632,0.0145752465393439,1,2.01373398695729e-06,2.24801474592769e-05,3.89640807216892e-06,0.000404569146763816
"Brinp3","Brinp3","NM_153539","Midbrain","11.5",2,0.69755,0.06145,0.6361,0.6361,0.6361,-2.77555756156289e-17,0.00112021039045489,0.0147757029321751,1,3.51259415876323e-05,0.000297174555723832,0.000140412541278499,0.0101721431926198
"Brinp3","Brinp3","NM_001145807","Midbrain","11.5",2,0.30245,0.93855,-0.6361,-0.6361,-0.6361,2.22044604925031e-16,0.00112021039045489,0.0147757029321751,-1,3.51259415876323e-05,0.000297174555723832,0.000140412541278499,0.0101721431926198
"Vti1a","Vti1a","NM_016862","Midbrain","15.5",6,0.73945,0,0.73945,0.73945,0.73945,0,0.0011250257405027,0.0148392179490212,1,3.36196237209333e-06,3.63775455722722e-05,6.72392474418665e-06,0.000666267064466227
"Flot2","Flot2","NM_001040403","Midbrain","15.5",6,0.94805,0.81575,0.1323,0.1323,0.1323,0,0.00112601892767857,0.0148523182012522,1,0.000119599154264157,0.000866147672574437,0.000239198308528313,0.0162975214574435
"Tcf7l2","Tcf7l2","NM_001142924","Midbrain","10.5",1,0.4338,0.0192,0.4146,0.4146,0.4146,0,0.00113607693980827,0.0149849845294554,1,7.65713832265965e-05,0.000591007118091285,0.000153142766453193,0.0110361931143073
"Syt14","Syt14","NM_001301370","Midbrain","15.5",6,0,0.275575,-0.275575,-0.2756,-0.27555,4.99999999999945e-05,0.00113607693980827,0.0149849845294554,-1,0.000119459027223307,0.000866147672574437,0.000476637860437435,0.0298141171553787
"Syt14","Syt14","NM_181546","Midbrain","15.5",6,1,0.724425,0.275575,0.2756,0.27555,-5.00000000001055e-05,0.00113665423318444,0.0149925990949903,1,0.000119459027223307,0.000866147672574437,0.000476637860437435,0.0298141171553787
"Osbpl1a","Osbpl1a","NM_207530","Midbrain","15.5",6,0.14815,0.280325,-0.132175,-0.1322,-0.13215,4.99999999999945e-05,0.0011450592515291,0.0151034622464647,-1,0.000722603102007541,0.00429526545180327,0.00143904467572302,0.0789865548952456
"Amigo1","Amigo1","NM_001287093","Midbrain","11.5",2,0,0.4941,-0.4941,-0.4941,-0.4941,0,0.00116088530267044,0.0153122096677047,-1,0.000366990744001511,0.00234925403537751,0.000733981488003023,0.0441685728680931
"Sgk1","Sgk1","NM_011361","Midbrain","15.5",6,0.7237,0.5349,0.1888,0.18885,0.18875,-9.9999999999989e-05,0.00120187851661781,0.0158529148394141,1,1.87480363239705e-10,4.82077316038274e-09,3.74263207362417e-10,8.76563331393514e-08
"Magi2","Magi2","NM_001170746","Midbrain","11.5",2,0.3929,0.1517,0.2412,0.2412,0.2412,-2.77555756156289e-17,0.0012636660674457,0.0166678996884377,1,1.06994886661346e-12,4.53440366897205e-11,2.13989773322692e-12,8.40083687019681e-10
"Lrrc57","Lrrc57","NM_001159610","Midbrain","11.5",2,0.176,0.065975,0.110025,0.11,0.11005,5.00000000000222e-05,0.00126736941299681,0.016716747239027,1,0.000671299768967713,0.00400070187834013,0.00132632694238363,0.0733859889113334
"Pfkfb3","Pfkfb3","NM_001177757","Midbrain","15.5",6,0,0.333625,-0.333625,-0.3336,-0.33365,-5.000000000005e-05,0.00127492916844147,0.0168164612763559,-1,0.000946138615135638,0.00540907338512859,0.00189104261927437,0.100841815260131
"Sept9","Sept9","NM_001113488","Midbrain","15.5",6,0.35735,0.5527,-0.19535,-0.19535,-0.19535,0,0.0012813702193514,0.0169014194731618,-1,0.000543791531932143,0.00331857845553789,0.00108758306386429,0.0620907952270361
"Cttn","Cttn","NM_001252572","Midbrain","15.5",6,0.16955,0.315,-0.14545,-0.14545,-0.14545,0,0.00128790758589665,0.0169876480841927,-1,9.29748626789419e-05,0.000697616305707405,0.000547389019491104,0.0336775206044552
"Cadm2","Cadm2","NM_001145977","Midbrain","15.5",6,1,0.185225,0.814775,0.81445,0.8151,0.000649999999999984,0.00128828491560091,0.0169926251060674,1,0.000136990271044564,0.000978166100734741,0.000525956359029136,0.0324557821561953
"Cadm2","Cadm2","NM_178721","Midbrain","15.5",6,0,0.814775,-0.814775,-0.81445,-0.8151,-0.000649999999999817,0.00128828491560091,0.0169926251060674,-1,0.000136990271044564,0.000978166100734741,0.000525956359029136,0.0324557821561953
"Scap","Scap","NM_001103162","Midbrain","0",8,0.0415,0.17765,-0.13615,-0.13615,-0.13615,-1.66533453693773e-16,0.00129302330104563,0.0170551249510126,-1,0.000140463777325369,0.000996748385764674,0.000550389721816018,0.0337613554217383
"Scap","Scap","NM_001001144","Midbrain","0",8,0.9585,0.82235,0.13615,0.13615,0.13615,1.11022302462516e-16,0.00131896856772817,0.0173973459804404,1,0.000140463777325369,0.000996748385764674,0.000550389721816018,0.0337613554217383
"H2afy","H2afy","NM_012015","Midbrain","15.5",6,0.2494,0.36385,-0.11445,-0.11445,-0.11445,0,0.0013407973469965,0.017685270070941,-1,7.87704196191333e-07,9.5886226222546e-06,1.57540839238267e-06,0.000175513393201972
"Cttn","Cttn","NM_007803","Midbrain","15.5",6,0.83045,0.685,0.14545,0.14545,0.14545,0,0.00134365490648423,0.0177229616068001,1,9.29748626789419e-05,0.000697616305707405,0.000547389019491104,0.0336775206044552
"Smagp","Smagp","NM_174992","Midbrain","14.5",5,0,0.4757,-0.4757,-0.4757,-0.4757,5.55111512312578e-17,0.0013601853267553,0.0179409997372714,-1,0.000726439155497256,0.00431246694515038,0.00145287831099451,0.0796398130465832
"Epha7","Epha7","NM_010141","Midbrain","15.5",6,0.38965,0.2593,0.13035,0.13035,0.13035,0,0.00136074863056525,0.0179484297788309,1,2.24759240225277e-05,0.000202903953158006,4.49518480450551e-05,0.00376618179850659
"Adar","Adar","NM_001038587","Midbrain","15.5",6,0.35005,0.95245,-0.6024,-0.6024,-0.6024,0,0.00136791323034296,0.0180429316678022,-1,0.000438995561739047,0.00276380011840388,0.000877991123478095,0.0517763917260044
"Gria4","Gria4","NM_001113181","Midbrain","15.5",6,0.2369,0.79555,-0.55865,-0.55865,-0.55865,1.11022302462516e-16,0.00138221217195571,0.018231536340027,-1,0.000443915709136531,0.00278329068591493,0.000887831418273062,0.0522818927091914
"Cyth2","Cyth2","NM_011181","Midbrain","15.5",6,0.857,0.969,-0.112,-0.112,-0.112,0,0.00139378968984107,0.0183842451226126,-1,0.000186874357882308,0.0012920301148449,0.000597513419804041,0.0365432020450802
"Mgat4c","Mgat4c","NM_001162369","Midbrain","15.5",6,1,0.0186,0.9814,0.9814,0.9814,0,0.00139454241284327,0.0183941736249417,1,3.06608589763607e-05,0.000265283084186773,6.13217179527213e-05,0.00492737686508426
"Nfib","Nfib","NM_001113209","Midbrain","10.5",1,0.1098,0,0.1098,0.1098,0.1098,0,0.00139454241284327,0.0183941736249417,1,0.000748134033322815,0.00441264107025583,0.00149626806664563,0.0816923308603616
"B4galnt1","B4galnt1","NM_008080","Midbrain","15.5",6,0.3949,0.74175,-0.34685,-0.34685,-0.34685,0,0.00139704651955504,0.0184272030783362,-1,1.97085879480433e-07,2.66095006012372e-06,3.94171758960866e-07,4.89402578947874e-05
"Pdlim7","Pdlim7","NM_001114087","Midbrain","0",8,0.0579,0.1811,-0.1232,-0.1232,-0.1232,-1.11022302462516e-16,0.00141121601488612,0.0186141003393283,-1,6.86851295156574e-06,6.97055072712115e-05,1.37370259031314e-05,0.00128402346280809
"Add3","Add3","NM_001164099","Midbrain","15.5",6,0.0113,0.300525,-0.289225,-0.288,-0.29045,-0.00245000000000006,0.00144264254488601,0.0190286198576474,-1,5.85406912289436e-05,0.00046356530061397,0.000101284256274098,0.00766328055729145
"Btbd11","Btbd11","NM_028709","Midbrain","11.5",2,0.69905,1,-0.30095,-0.30095,-0.30095,-2.22044604925031e-16,0.00145806921788246,0.0192320994355638,-1,0.000159138104097524,0.00111713972769075,0.000629496369212816,0.0383742502622582
"Myo18a","Myo18a","NM_001291214","Midbrain","15.5",6,0.71025,0.02665,0.6836,0.6836,0.6836,0,0.00145858700703579,0.0192389291336065,1,7.08289101494037e-07,8.73811109848573e-06,1.41657820298807e-06,0.000159543201081145
"Ybx3","Ybx3","NM_011733","Midbrain","15.5",6,0.81125,0.443375,0.367875,0.3679,0.36785,-5.000000000005e-05,0.00146014619387692,0.0192594949860362,1,0.000158882556110699,0.00111705907729442,0.000630245480900848,0.0383742502622582
"Ybx3","Ybx3","NM_139117","Midbrain","15.5",6,0.18875,0.556625,-0.367875,-0.3679,-0.36785,4.99999999998835e-05,0.00146878357078111,0.0193734229734366,-1,0.000158882556110699,0.00111705907729442,0.000630245480900848,0.0383742502622582
"Btbd11","Btbd11","NM_001017525","Midbrain","11.5",2,0.30095,0,0.30095,0.30095,0.30095,0,0.00147006025755624,0.0193902626177459,1,0.000159138104097524,0.00111713972769075,0.000629496369212816,0.0383742502622582
"Mbnl2","Mbnl2","NM_207515","Midbrain","15.5",6,0.7848,0.3757,0.4091,0.4091,0.4091,1.11022302462516e-16,0.00148917567517515,0.0196423971583358,1,0.000163603732753639,0.00114148519026434,0.000645781382507845,0.0392622024818933
"Mbnl2","Mbnl2","NM_175341","Midbrain","15.5",6,0.2152,0.6243,-0.4091,-0.4091,-0.4091,0,0.00150575582564507,0.0198610912358072,-1,0.000163603732753639,0.00114148519026434,0.000645781382507845,0.0392622024818933
"D630023F18Rik","D630023F18Rik","NM_001285881","Midbrain","12.5",3,1,0.22345,0.77655,0.77655,0.77655,0,0.00151374645931589,0.0199664886061279,1,2.86550711699296e-07,3.75800174053776e-06,5.73101423398592e-07,6.90755279518981e-05
"Chn1","Chn1","NM_001113246","Midbrain","15.5",6,0.63255,0.89965,-0.2671,-0.2671,-0.2671,0,0.00151374645931589,0.0199664886061279,-1,0.000149443693803796,0.00105393495614788,0.000298887387607592,0.0196812232567425
"Dmc1","Dmc1","NR_103477","Midbrain","12.5",3,0,0.2273,-0.2273,-0.2273,-0.2273,0,0.00151374645931589,0.0199664886061279,-1,0.000117894582645161,0.000856513499630006,0.000235497956231523,0.0161077002354831
"Tsc22d3","Tsc22d3","NM_010286","Midbrain","15.5",6,0.424,0.268,0.156,0.156,0.156,-5.55111512312578e-17,0.00151965067316041,0.020044365860756,1,2.93123848527974e-11,9.00421379001703e-10,5.86247697055948e-11,1.66660230972564e-08
"Nsmf","Nsmf","NM_020276","Midbrain","15.5",6,0.02045,0.417825,-0.397375,-0.3974,-0.39735,4.99999999999945e-05,0.00154440731506886,0.0203709087937215,-1,0.000208351085875138,0.00142331779112016,0.000416017650442275,0.0263420518489577
"Csde1","Csde1","NM_144901","Midbrain","15.5",6,0.3483,0.4616,-0.1133,-0.1133,-0.1133,-5.55111512312578e-17,0.00156630050521661,0.0206596824710746,-1,0.000200808628264419,0.00137868867464922,0.000684982740717081,0.0414621051654036
"Ttyh1","Ttyh1","NM_021324","Midbrain","15.5",6,0.1156,0.49265,-0.37705,-0.37705,-0.37705,0,0.00156905755184373,0.0206960482308279,-1,0.000515393474826675,0.00317063969661518,0.00103078694965335,0.0594267119475559
"Dhx30","Dhx30","NM_001252683","Midbrain","15.5",6,0.38425,0.136,0.24825,0.24825,0.24825,2.77555756156289e-17,0.00156905755184373,0.0206960482308279,1,0.000515144087914005,0.00317063969661518,0.00103028817582801,0.0594267119475559
"Slc14a2","Slc14a2","NM_207651","Midbrain","10.5",1,0.61475,0,0.61475,0.61475,0.61475,0,0.00159132412788059,0.0209897469106837,1,0.000523509809813279,0.00321193619237986,0.00104701961962656,0.0601941790891334
"Gp1bb","Gp1bb","NM_010327","Midbrain","15.5",6,0.9024,0.03075,0.87165,0.87165,0.87165,0,0.00162593739433461,0.0214462998466275,1,0.000178896090851995,0.00124438815779571,0.000714700610659825,0.0431342530087261
"Gp1bb","Gp1bb","NM_001001999","Midbrain","15.5",6,0.0976,0.96925,-0.87165,-0.87165,-0.87165,0,0.00162676525186663,0.0214572193819822,-1,0.000178896090851995,0.00124438815779571,0.000714700610659825,0.0431342530087261
"Lima1","Lima1","NM_023063","Midbrain","15.5",6,0.8174,0.3585,0.4589,0.4589,0.4589,-5.55111512312578e-17,0.00162755523005008,0.021467639284405,1,0.000179855171367437,0.00124916103087824,0.00071645197072589,0.0431767363589751
"Lima1","Lima1","NM_001113545","Midbrain","15.5",6,0.1826,0.6415,-0.4589,-0.4589,-0.4589,-1.11022302462516e-16,0.00163311365977962,0.0215409556070823,-1,0.000179855171367437,0.00124916103087824,0.00071645197072589,0.0431767363589751
"Oprl1","Oprl1","NR_045541","Midbrain","10.5",1,0.35485,0.010775,0.344075,0.3441,0.34405,-4.9999999999998e-05,0.00166626928373928,0.0219782820721224,1,0.000918198640616097,0.00525981874605741,0.00182133805811974,0.0973766918795604
"Sirpa","Sirpa","NM_007547","Midbrain","15.5",6,0.13175,0.4794,-0.34765,-0.34765,-0.34765,0,0.00167295959915644,0.0220665280962343,-1,0.000738042894187255,0.00437001594656542,0.00147608578837451,0.0806973150077428
"Cyth2","Cyth2","NM_001112701","Midbrain","15.5",6,0.143,0.031,0.112,0.112,0.112,0,0.00169193948471092,0.0223168749534222,1,0.000186874357882308,0.0012920301148449,0.000597513419804041,0.0365432020450802
"Cyp26b1","Cyp26b1","NM_175475","Midbrain","11.5",2,0.08,0.44575,-0.36575,-0.3658,-0.3657,9.9999999999989e-05,0.00170576988164412,0.0224992994678352,-1,4.84994163986471e-07,6.14908113176199e-06,1.9271170077436e-06,0.000210152768835339
"Cyp26b1","Cyp26b1","NM_001177713","Midbrain","11.5",2,0.92,0.55425,0.36575,0.3658,0.3657,-9.9999999999878e-05,0.00171311728247946,0.0225962125236251,1,4.84994163986471e-07,6.14908113176199e-06,1.9271170077436e-06,0.000210152768835339
"Fgf12","Fgf12","NM_010199","Midbrain","15.5",6,0.82755,0.55205,0.2755,0.2755,0.2755,0,0.00171582025446164,0.0226318650326386,1,0.000760241202464189,0.00446678303424723,0.00152048240492838,0.0829045631575964
"Lmo1","Lmo1","NM_057173","Midbrain","15.5",6,0.07665,0.34285,-0.2662,-0.2662,-0.2662,0,0.00171839297088004,0.022665799455896,-1,0.000159499072041464,0.00111795903940855,0.000318998144082928,0.020707766677822
"Agfg2","Agfg2","NM_178162","Midbrain","11.5",2,0.84465,0.4474,0.39725,0.3973,0.3972,-9.9999999999989e-05,0.00173125273958093,0.0228354212731187,1,0.000576554050087328,0.00349985130934974,0.00114953430015606,0.0649999822435937
"Dnajb2","Dnajb2","NM_001159885","Midbrain","11.5",2,0.0788,0.25715,-0.17835,-0.17835,-0.17835,-5.55111512312578e-17,0.00173635121199184,0.022902670706255,-1,0.00096444689633085,0.0055040816016288,0.00192889379266169,0.102594822610203
"Tspan8","Tspan8","NM_001168679","Midbrain","13.5",4,1,0,1,1,1,0,0.00175244663161108,0.0231149711284695,1,0.000585913548853168,0.00354725702791131,0.00117182709770634,0.0660792327172862
"Snap25","Snap25","NM_001291056","Midbrain","15.5",6,0.7118,0.11855,0.59325,0.59325,0.59325,0,0.00176417971181693,0.0232697317958211,1,0.000197280578093788,0.00135986928604709,0.00078702400821169,0.0470173039039622
"Snap25","Snap25","NM_011428","Midbrain","15.5",6,0.2882,0.88145,-0.59325,-0.59325,-0.59325,2.22044604925031e-16,0.00176761703364348,0.0233150704631145,-1,0.000197280578093788,0.00135986928604709,0.00078702400821169,0.0470173039039622
"Tcf7l2","Tcf7l2","NM_001142922","Midbrain","0",8,0.041,0.3555,-0.3145,-0.31455,-0.31445,0.0001000000000001,0.00177344131414552,0.0233918933878303,-1,7.65713832265965e-05,0.000591007118091285,0.000153142766453193,0.0110361931143073
"Csde1","Csde1","NM_001161854","Midbrain","15.5",6,0.6517,0.5384,0.1133,0.1133,0.1133,0,0.00179665589705914,0.0236980963866141,1,0.000200808628264419,0.00137868867464922,0.000684982740717081,0.0414621051654036
"Tnik","Tnik","NM_001163009","Midbrain","10.5",1,0.00805,0.131625,-0.123575,-0.12355,-0.1236,-4.99999999999945e-05,0.00180323510492655,0.0237848768894609,-1,0.000806752144091133,0.00467405640950014,0.00161086620420421,0.0872556675221469
"Gon4l","Gon4l","NM_001242372","Midbrain","16.5",7,1,0.576475,0.423525,0.42385,0.4232,-0.000650000000000039,0.00182815473382151,0.0241135696393848,1,0.000209166115635785,0.00142675605255587,0.000812513110443046,0.0483997496002399
"Celsr2","Celsr2","NM_017392","Midbrain","15.5",6,0.47325,0.9098,-0.43655,-0.43655,-0.43655,1.11022302462516e-16,0.00185014251652063,0.024403591003289,-1,0.000208008451590016,0.00142310117029522,0.000829216227345267,0.0492233631275212
"Celsr2","Celsr2","NM_001004177","Midbrain","15.5",6,0.52675,0.0902,0.43655,0.43655,0.43655,0,0.00185444571834205,0.0244603507265626,1,0.000208008451590016,0.00142310117029522,0.000829216227345267,0.0492233631275212
"Gon4l","Gon4l","NM_027389","Midbrain","16.5",7,0,0.423525,-0.423525,-0.42385,-0.4232,0.000650000000000039,0.00186410271941126,0.024587727673099,-1,0.000209166115635785,0.00142675605255587,0.000812513110443046,0.0483997496002399
"Ngrn","Ngrn","NR_028053","Midbrain","15.5",6,0.2198,0.3784,-0.1586,-0.1586,-0.1586,0,0.00187642287880838,0.0247502319820038,-1,0.000221575629755797,0.00150244689984042,0.000842793754466782,0.0498433659075493
"Sema4a","Sema4a","NM_001163489","Midbrain","15.5",6,0.70585,0,0.70585,0.70585,0.70585,0,0.0018857658366309,0.0248734666622653,1,0.000750854885690452,0.00442298946178275,0.00169518552319013,0.0915822963327797
"B3gnt5","B3gnt5","NM_054052","Midbrain","15.5",6,0.69755,0.9064,-0.20885,-0.20885,-0.20885,0,0.00188689384320322,0.0248883451977263,-1,0.000636527063427786,0.00383340048593286,0.00127305412685556,0.0712997302306346
"Pde4b","Pde4b","NM_001177981","Midbrain","15.5",6,0.02605,0.454875,-0.428825,-0.42885,-0.4288,5.000000000005e-05,0.00188975970160495,0.0249261461972087,-1,0.000376437088890677,0.00239965537026829,0.000752874177781354,0.0451735786511596
"Crmp1","Crmp1","NM_001136058","Midbrain","15.5",6,0.0868,0.33,-0.2432,-0.2432,-0.2432,0,0.0018939964220288,0.0249820290232589,-1,0.000214670823792428,0.00146212553645527,0.000853107919421458,0.0503810695318787
"Crmp1","Crmp1","NM_007765","Midbrain","15.5",6,0.9132,0.67,0.2432,0.2432,0.2432,0,0.00190367318555425,0.025109666638849,1,0.000214670823792428,0.00146212553645527,0.000853107919421458,0.0503810695318787
"Myo1b","Myo1b","NM_010863","Midbrain","15.5",6,0.44515,0.162525,0.282625,0.2826,0.28265,5.00000000000222e-05,0.00192398304830147,0.0253775560470381,1,3.1937973568732e-05,0.000273745515026379,6.36721862361484e-05,0.00509637486163596
"Uspl1","Uspl1","NM_001115151","Midbrain","15.5",6,0.36535,0.2022,0.16315,0.16315,0.16315,0,0.00192398304830147,0.0253775560470381,1,0.00152125660446806,0.00812461082689651,0.00304251320893612,0.153319714056342
"Brd2","Brd2","NM_001204973","Midbrain","15.5",6,0.2669,0.45345,-0.18655,-0.18655,-0.18655,0,0.00192470907025985,0.025387132359551,-1,0.000653204771947259,0.0039132437712076,0.00130640954389452,0.0726741512448861
"Pigo","Pigo","NM_020035","Midbrain","15.5",6,0.24975,0.480675,-0.230925,-0.23095,-0.2309,4.99999999999945e-05,0.00194095031226854,0.0256013561957292,-1,0.00065918189481933,0.00393874090416198,0.00131484872725264,0.073045037596822
"Wbp1l","Wbp1l","NM_001177813","Midbrain","15.5",6,0.6137,0.0404,0.5733,0.5733,0.5733,0,0.00194351591323572,0.0256351967653727,1,0.000660519029711971,0.00394158487482619,0.00132103805942394,0.0732901057059964
"Ngrn","Ngrn","NM_031375","Midbrain","15.5",6,0.7802,0.6216,0.1586,0.1586,0.1586,0,0.00195451878622503,0.0257803259161785,1,0.000221575629755797,0.00150244689984042,0.000842793754466782,0.0498433659075493
"Kif3a","Kif3a","NM_001290805","Midbrain","15.5",6,0.47555,0.01805,0.4575,0.4575,0.4575,0,0.00197968636528629,0.0261122891571016,1,2.86927869121592e-05,0.000250146448946576,5.73855738243183e-05,0.00464733284751499
"Cttn","Cttn","NM_001252572","Midbrain","12.5",3,0.55895,0.3669,0.19205,0.19205,0.19205,0,0.00199904060580902,0.0263675737990569,1,9.29748626789419e-05,0.000697616305707405,0.000547389019491104,0.0336775206044552
"Pacsin3","Pacsin3","NM_030880","Midbrain","16.5",7,0,0.1791,-0.1791,-0.1791,-0.1791,-5.55111512312578e-17,0.00200645812103935,0.0264654116717209,-1,0.000913061073535204,0.0052369430245246,0.00182612214707041,0.0975060032511636
"Stox2","Stox2","NM_175162","Midbrain","15.5",6,0.3343,0.00535,0.32895,0.32895,0.32895,1.04083408558608e-17,0.00201757234985695,0.026612009618614,1,0.000562809053763347,0.00342095224312728,0.00137900480012974,0.075994648737946
"Camk2d","Camk2d","NM_023813","Midbrain","15.5",6,0.1717,0,0.1717,0.1717,0.1717,0,0.00201757234985695,0.026612009618614,1,0.00160896438413933,0.00850372977621909,0.00321792876827867,0.159622546338765
"Magi1","Magi1","NM_010367","Midbrain","15.5",6,0.3016,0.018,0.2836,0.2836,0.2836,0,0.00202139067519089,0.0266623737656647,1,2.7882221628689e-12,1.06347440328758e-10,5.57644432573779e-12,1.97940308275454e-09
"Dpy30","Dpy30","NM_001146223","Midbrain","15.5",6,0.6811,0.838175,-0.157075,-0.15705,-0.1571,-4.99999999998835e-05,0.00204834304400977,0.0270178785872408,-1,0.000239064723670877,0.00161148636265332,0.000478129447341755,0.029862102958886
"Nf2","Nf2","NM_010898","Midbrain","15.5",6,0.3414,0.73395,-0.39255,-0.39255,-0.39255,0,0.00206502876200567,0.0272379651124312,-1,0.000191491518165603,0.00132195577472694,0.000381935679118884,0.0244069316664974
"Nin","Nin","NM_001081453","Midbrain","15.5",6,0.3893,0.212525,0.176775,0.1768,0.17675,-5.00000000000222e-05,0.0020701829114709,0.0273059489322701,1,6.68622774541725e-12,2.35406649159806e-10,1.33724554908344e-11,4.30645608949317e-09
"Suv39h2","Suv39h2","NM_022724","Midbrain","0",8,0.02295,0.15835,-0.1354,-0.1354,-0.1354,8.32667268468867e-17,0.00207516430994429,0.0273716541468055,-1,0.000238726970382134,0.00161148636265332,0.000949631794148824,0.0557618233625176
"Cttn","Cttn","NM_007803","Midbrain","12.5",3,0.44105,0.6331,-0.19205,-0.19205,-0.19205,0,0.00207726625983029,0.0273993791057583,-1,9.29748626789419e-05,0.000697616305707405,0.000547389019491104,0.0336775206044552
"Suv39h2","Suv39h2","NR_027509","Midbrain","0",8,0.97705,0.84165,0.1354,0.1354,0.1354,-2.22044604925031e-16,0.00208378346462565,0.0274853417810064,1,0.000238726970382134,0.00161148636265332,0.000949631794148824,0.0557618233625176
"Mta3","Mta3","NM_054082","Midbrain","15.5",6,0.17925,0.34015,-0.1609,-0.1609,-0.1609,-5.55111512312578e-17,0.00211267079023235,0.0278663689035064,-1,0.000969158398778792,0.00552408218083503,0.00193831679755758,0.102963161705815
"Dtnb","Dtnb","NR_027869","Midbrain","15.5",6,0.33715,0.776025,-0.438875,-0.4389,-0.43885,5.00000000001055e-05,0.00219295782612347,0.0289253640723964,-1,0.00100949292914623,0.00570425819345965,0.00201519465601781,0.106225572812003
"Crbn","Crbn","NM_021449","Midbrain","0",8,0.0979,0.27465,-0.17675,-0.17675,-0.17675,0,0.00219419135829295,0.0289416345025306,-1,0.000261270686114682,0.00174277970997017,0.00101076195349661,0.0586826029428321
"Strada","Strada","NM_001252448","Midbrain","15.5",6,0.2158,0.6755,-0.4597,-0.45975,-0.45965,9.9999999999989e-05,0.00221916165861326,0.0292709956143395,-1,0.000256967582382453,0.00171950383708258,0.00102160740744352,0.0591456585171492
"Ssbp2","Ssbp2","NM_024186","Midbrain","15.5",6,0.13405,0.2735,-0.13945,-0.13945,-0.13945,-5.55111512312578e-17,0.00221983685359893,0.0292799015132801,-1,0.000273257103280271,0.00181260545175913,0.00102576786460144,0.0593032358914068
"Strada","Strada","NM_028126","Midbrain","15.5",6,0.7842,0.3245,0.4597,0.45975,0.45965,-9.9999999999989e-05,0.00222338557076623,0.0293267094978347,1,0.000256967582382453,0.00171950383708258,0.00102160740744352,0.0591456585171492
"Ralyl","Ralyl","NM_001163330","Midbrain","12.5",3,0.4805,0.25845,0.22205,0.22205,0.22205,5.55111512312578e-17,0.00223413724472813,0.0294685253047924,1,1.39173141091638e-15,1.32707388911756e-13,2.78346282183276e-15,2.3903583854988e-12
"Crbn","Crbn","NM_175357","Midbrain","0",8,0.9021,0.72535,0.17675,0.17675,0.17675,0,0.00225617466581405,0.0297592014046851,1,0.000261270686114682,0.00174277970997017,0.00101076195349661,0.0586826029428321
"Sox6","Sox6","NM_001277327","Midbrain","15.5",6,0.0156,0.45455,-0.43895,-0.43895,-0.43895,0,0.00226597585891089,0.0298884802605266,-1,0.00131293360363915,0.00717099893061621,0.00262584515173322,0.135655508274404
"Cttn","Cttn","NM_001252572","Midbrain","13.5",4,0.4778,0.2966,0.1812,0.1812,0.1812,0,0.00229809424603849,0.0303121254533419,1,9.29748626789419e-05,0.000697616305707405,0.000547389019491104,0.0336775206044552
"Upp2","Upp2","NM_029692","Midbrain","10.5",1,0,0.34455,-0.34455,-0.34455,-0.34455,-5.55111512312578e-17,0.00232003929482616,0.0306015831520757,-1,0.000270094537044442,0.00179422742533006,0.00107763109851556,0.0617817288939854
"Upp2","Upp2","NM_001289660","Midbrain","10.5",1,1,0.65545,0.34455,0.34455,0.34455,0,0.00232435429369906,0.0306584984798052,1,0.000270094537044442,0.00179422742533006,0.00107763109851556,0.0617817288939854
"Pigv","Pigv","NM_001145956","Midbrain","15.5",6,0.2954,0.6933,-0.3979,-0.3979,-0.3979,0,0.00234595448841288,0.0309434075139367,-1,0.000296054829604162,0.00193854500014056,0.00109304198900886,0.0622324804463692
"Ssbp2","Ssbp2","NM_024272","Midbrain","15.5",6,0.86595,0.7265,0.13945,0.13945,0.13945,2.22044604925031e-16,0.00234595448841288,0.0309434075139367,1,0.000273257103280271,0.00181260545175913,0.00102576786460144,0.0593032358914068
"Prmt6","Prmt6","NM_178891","Midbrain","0",8,0.3154,0.4238,-0.1084,-0.1084,-0.1084,5.55111512312578e-17,0.00235968936564185,0.0311245721125462,-1,6.4478969535766e-10,1.49807230236143e-08,2.414669822396e-09,4.80846258321437e-07
"Atp5g1","Atp5g1","NM_007506","Midbrain","13.5",4,0.5437,0.42235,0.12135,0.12135,0.12135,0,0.00237185970528748,0.0312851002818257,1,2.03280784977242e-12,7.95227481060545e-11,7.12210545789465e-12,2.40639768590221e-09
"Dcaf4","Dcaf4","NM_030246","Midbrain","15.5",6,0.81435,0.991875,-0.177525,-0.17755,-0.1775,4.99999999999945e-05,0.00237340909384402,0.0313055368937631,-1,0.00029029357504668,0.00191101647202366,0.00108304978733967,0.0619374107162121
"Cttn","Cttn","NM_007803","Midbrain","13.5",4,0.5222,0.7034,-0.1812,-0.1812,-0.1812,0,0.00238639717597877,0.0314768511798267,-1,9.29748626789419e-05,0.000697616305707405,0.000547389019491104,0.0336775206044552
"Zc3h14","Zc3h14","NM_001008506","Midbrain","15.5",6,0.21615,0.3964,-0.18025,-0.18025,-0.18025,0,0.00239626340046516,0.0316069878071203,-1,0.000202599340273018,0.00138816943178084,0.000405198680546036,0.0257360657607096
"Ift74","Ift74","NM_001290568","Midbrain","16.5",7,0.28205,0.0932,0.18885,0.1889,0.1888,-9.9999999999989e-05,0.00240276202416605,0.0316927053956113,1,0.000289254078293353,0.00190765982182806,0.00111263592820842,0.0632606871514556
"Plp1","Plp1","NM_011123","Midbrain","0",8,0.08995,0.62235,-0.5324,-0.5324,-0.5324,0,0.00240480994969459,0.0317197177671218,-1,0.000283334764554349,0.00187402199041222,0.00112661225093945,0.063845503291668
"Apopt1","Apopt1","NM_001163388","Midbrain","15.5",6,0.1583,0.363,-0.2047,-0.2047,-0.2047,0,0.002405210047002,0.0317249950962813,-1,0.000290598091441657,0.00191101647202366,0.0011275683115609,0.063845503291668
"Plp1","Plp1","NM_001290561","Midbrain","0",8,0.91005,0.37765,0.5324,0.5324,0.5324,-1.66533453693773e-16,0.00241094578377076,0.031800650119047,1,0.000283334764554349,0.00187402199041222,0.00112661225093945,0.063845503291668
"Ubr3","Ubr3","NM_177783","Midbrain","16.5",7,0.1649,0.5386,-0.3737,-0.37385,-0.37355,0.000300000000000078,0.00241094578377076,0.031800650119047,-1,0.000285565679778272,0.00188605211593817,0.00112198008358153,0.0637040962632539
"D430036J16Rik","D430036J16Rik","NR_040393","Midbrain","13.5",4,0,0.335625,-0.335625,-0.3356,-0.33565,-4.99999999999945e-05,0.00241094578377076,0.031800650119047,-1,0.000141541362333654,0.00100284027151878,0.000283082724667308,0.0187302749354009
"Fam65b","Fam65b","NM_178658","Midbrain","15.5",6,0.501,0.0831,0.4179,0.4179,0.4179,0,0.00241973211604594,0.0319165428447954,1,0.00142328654664762,0.00770021574941625,0.00284657309329524,0.145762326524647
"Ubr3","Ubr3","NM_001303033","Midbrain","16.5",7,0.8351,0.4614,0.3737,0.37385,0.37355,-0.000299999999999967,0.00242662974459242,0.0320075233527497,1,0.000285565679778272,0.00188605211593817,0.00112198008358153,0.0637040962632539
"Prmt6","Prmt6","NR_024139","Midbrain","0",8,0.6846,0.5762,0.1084,0.1084,0.1084,1.11022302462516e-16,0.00243736655796243,0.0321491431468037,1,6.4478969535766e-10,1.49807230236143e-08,2.414669822396e-09,4.80846258321437e-07
"Ift74","Ift74","NM_026319","Midbrain","16.5",7,0.71795,0.9068,-0.18885,-0.1889,-0.1888,9.9999999999989e-05,0.00245463952406637,0.0323769755415789,-1,0.000289254078293353,0.00190765982182806,0.00111263592820842,0.0632606871514556
"Clcn4-2","Clcn4-2","NM_001302386","Midbrain","15.5",6,0.37945,0.19065,0.1888,0.1888,0.1888,0,0.00245583954178499,0.0323928039122803,1,0.001158366753591,0.00644993264134552,0.002316733507182,0.121190532683544
"Dcaf4","Dcaf4","NM_001165256","Midbrain","15.5",6,0.18565,0.008125,0.177525,0.17755,0.1775,-5.00000000000014e-05,0.00246095812994196,0.0324603186744035,1,0.00029029357504668,0.00191101647202366,0.00108304978733967,0.0619374107162121
"Apopt1","Apopt1","NM_026511","Midbrain","15.5",6,0.8417,0.637,0.2047,0.2047,0.2047,0,0.00246187229142147,0.0324723765686781,1,0.000290598091441657,0.00191101647202366,0.0011275683115609,0.063845503291668
"Pigv","Pigv","NM_178698","Midbrain","15.5",6,0.7046,0.3067,0.3979,0.3979,0.3979,0,0.00250301810344836,0.0330150945264766,1,0.000296054829604162,0.00193854500014056,0.00109304198900886,0.0622324804463692
"Trpt1","Trpt1","NM_153597","Midbrain","15.5",6,0.637,0.2638,0.3732,0.3732,0.3732,0,0.00250354466609338,0.0330220399478762,1,0.000299777415199523,0.00196011604195459,0.00118578003691844,0.066714782336723
"Tns1","Tns1","NM_027884","Midbrain","15.5",6,0.1198,0,0.1198,0.1198,0.1198,0,0.00250354466609338,0.0330220399478762,1,0.000333900220445152,0.00215856117087212,0.00118633465238886,0.066714782336723
"Trpt1","Trpt1","NR_027351","Midbrain","15.5",6,0.363,0.7362,-0.3732,-0.3732,-0.3732,0,0.00252341217622893,0.0332840946746189,-1,0.000299777415199523,0.00196011604195459,0.00118578003691844,0.066714782336723
"Atp5g1","Atp5g1","NM_001161419","Midbrain","13.5",4,0.4563,0.57765,-0.12135,-0.12135,-0.12135,0,0.00252341217622893,0.0332840946746189,-1,2.03280784977242e-12,7.95227481060545e-11,7.12210545789465e-12,2.40639768590221e-09
"Cadps2","Cadps2","NM_001252105","Midbrain","15.5",6,0,0.6734,-0.6734,-0.6734,-0.6734,0,0.00255243506180841,0.0336669098486353,-1,0.00121652014874513,0.00674799042651202,0.00243304029749026,0.126631850207643
"Gm2694","Gm2694","NR_033430","Midbrain","15.5",6,0.0791,0.3103,-0.2312,-0.2312,-0.2312,0,0.00255243506180841,0.0336669098486353,-1,0.000306104905363922,0.00199294758442485,0.00121657166883031,0.0683219841868756
"Reps1","Reps1","NM_009048","Midbrain","13.5",4,0.8799,1,-0.1201,-0.1201,-0.1201,0,0.00255649142891155,0.0337204137937964,-1,8.68784416831415e-05,0.000654017479578518,0.000345258329091407,0.0222721497586685
"Ntng1","Ntng1","NM_001163349","Midbrain","15.5",6,1,0.108675,0.891325,0.89135,0.8913,-4.99999999999945e-05,0.00256076714170158,0.0337768109336079,1,0.00109751617279516,0.0061409920817646,0.00306360524637652,0.154006050720958
"Alox5ap","Alox5ap","NM_001308462","Midbrain","14.5",5,0.70855,0,0.70855,0.70855,0.70855,0,0.00256076714170158,0.0337768109336079,1,0.000310054120582594,0.00201579220157178,0.00122557128098122,0.0687337546520139
"Rims1","Rims1","NM_001012623","Midbrain","15.5",6,0.11315,0.414825,-0.301675,-0.3017,-0.30165,5.000000000005e-05,0.00256076714170158,0.0337768109336079,-1,0.00152955807892957,0.00814992703988432,0.00305494673596101,0.153758301440473
"Gm2694","Gm2694","NR_125722","Midbrain","15.5",6,0.9209,0.6897,0.2312,0.2312,0.2312,0,0.00256076714170158,0.0337768109336079,1,0.000306104905363922,0.00199294758442485,0.00121657166883031,0.0683219841868756
"Reps1","Reps1","NM_001111065","Midbrain","13.5",4,0.1201,0,0.1201,0.1201,0.1201,0,0.00256076714170158,0.0337768109336079,1,8.68784416831415e-05,0.000654017479578518,0.000345258329091407,0.0222721497586685
"Tcf7l2","Tcf7l2","NM_009333","Midbrain","0",8,0.08085,0.255325,-0.174475,-0.17445,-0.1745,-5.0000000000161e-05,0.00256191957071805,0.0337920116038953,-1,7.65713832265965e-05,0.000591007118091285,0.000153142766453193,0.0110361931143073
"Alox5ap","Alox5ap","NM_009663","Midbrain","14.5",5,0.29145,1,-0.70855,-0.70855,-0.70855,0,0.00258557456850921,0.0341040237251911,-1,0.000310054120582594,0.00201579220157178,0.00122557128098122,0.0687337546520139
"Map2k7","Map2k7","NM_001164172","Midbrain","15.5",6,0.49805,0.0395,0.45855,0.45855,0.45855,6.93889390390723e-18,0.00258897505527622,0.034148876533844,1,7.18417917425577e-08,1.05054275017791e-06,1.43683583485115e-07,1.91675896543868e-05
"Skor1","Skor1","NM_001163758","Midbrain","11.5",2,1,0.435975,0.564025,0.56395,0.5641,0.000150000000000095,0.0025997935673131,0.0342915739426407,1,0.000710439016085475,0.00422845172512772,0.00249607109234951,0.129585163231061
"Pitpnb","Pitpnb","NM_019640","Midbrain","15.5",6,0.53485,0.253125,0.281725,0.28175,0.2817,-5.000000000005e-05,0.00265254248787106,0.0349873382265632,1,0.00127742479163432,0.00702737172032485,0.00254756185981475,0.131926032712646
"Zfp422","Zfp422","NM_026057","Midbrain","15.5",6,0.81435,0.70105,0.1133,0.1133,0.1133,1.11022302462516e-16,0.00272136258643116,0.0358950831830031,1,0.000984882361311269,0.0055997597114555,0.00196976472262253,0.104364690647682
"Oprm1","Oprm1","NM_001304938","Midbrain","12.5",3,0,0.792925,-0.792925,-0.7929,-0.79295,-4.99999999999945e-05,0.00272480981021688,0.0359405524582684,-1,0.000103903511135067,0.000768870906762927,0.000207807022270134,0.0145186768669183
"Arhgap21","Arhgap21","NM_001128084","Midbrain","0",8,0.90335,0.58695,0.3164,0.3164,0.3164,1.11022302462516e-16,0.00273417269207263,0.0360640499388027,1,0.000333061584405899,0.00215820545244278,0.00132285290590331,0.0732921483594581
"Iqsec3","Iqsec3","NR_110358","Midbrain","15.5",6,0,0.12165,-0.12165,-0.12165,-0.12165,0,0.00274015849372695,0.0361430033459563,-1,0.000995617423050895,0.00564676697063686,0.00199123484610179,0.105366816319225
"Arhgap21","Arhgap21","NM_001081364","Midbrain","0",8,0.09665,0.41305,-0.3164,-0.3164,-0.3164,-3.33066907387547e-16,0.00274814228873345,0.0362483105135138,-1,0.000333061584405899,0.00215820545244278,0.00132285290590331,0.0732921483594581
"Tns1","Tns1","NM_001289895","Midbrain","15.5",6,0.8802,1,-0.1198,-0.1198,-0.1198,0,0.00275324707464556,0.0363156432224517,-1,0.000333900220445152,0.00215856117087212,0.00118633465238886,0.066714782336723
"Kcnh2","Kcnh2","NM_001294162","Midbrain","14.5",5,0.0499,0.2944,-0.2445,-0.2445,-0.2445,0,0.00277226840981276,0.0365665368047632,-1,0.000338089006570341,0.00217948363813021,0.00134571405752355,0.074358872091096
"Kcnh2","Kcnh2","NM_013569","Midbrain","14.5",5,0.9501,0.7056,0.2445,0.2445,0.2445,0,0.00278228803105915,0.0366986967528329,1,0.000338089006570341,0.00217948363813021,0.00134571405752355,0.074358872091096
"Ralyl","Ralyl","NM_001163330","Midbrain","10.5",1,0.35195,0.58615,-0.2342,-0.2342,-0.2342,-1.11022302462516e-16,0.0027863447743959,0.0367522056605584,-1,1.39173141091638e-15,1.32707388911756e-13,2.78346282183276e-15,2.3903583854988e-12
"Fbxo44","Fbxo44","NM_001161852","Midbrain","15.5",6,0.3922,0.5846,-0.1924,-0.1924,-0.1924,0,0.00279917851484962,0.0369214841622297,-1,0.00136235483841687,0.00739679489375326,0.00272470967683373,0.140394171741387
"Dus2","Dus2","NM_025518","Midbrain","12.5",3,0.84225,1,-0.15775,-0.15775,-0.15775,0,0.00285395387110324,0.0376439773643137,-1,0.000359602211405284,0.00230841419579521,0.00139083794948708,0.0765444216985651
"Mlf1","Mlf1","NM_010801","Midbrain","15.5",6,0.5525,0.9632,-0.4107,-0.4107,-0.4107,2.22044604925031e-16,0.00288825586697661,0.0380964246057642,-1,0.000369749930002257,0.00236361093522393,0.00140940056207503,0.0774625891325275
"Dctd","Dctd","NM_001161516","Midbrain","12.5",3,0,0.494775,-0.494775,-0.4948,-0.49475,4.99999999999945e-05,0.00289272016614432,0.0381553092214262,-1,5.90364965588141e-08,8.77305340096403e-07,1.18072993117628e-07,1.60630043153653e-05
"Skor1","Skor1","NM_001163758","Midbrain","12.5",3,1,0.4483,0.5517,0.5517,0.5517,0,0.00290606704717055,0.0383313561058285,1,0.000710439016085475,0.00422845172512772,0.00249607109234951,0.129585163231061
"Cdc42se1","Cdc42se1","NM_001038708","Midbrain","0",8,0.262,0.474775,-0.212775,-0.21245,-0.2131,-0.000649999999999873,0.00291381476767342,0.0384335494237332,-1,0.000358415489351281,0.00230402766118092,0.00137505619591232,0.0758784895928868
"Cep55","Cep55","NM_001164362","Midbrain","0",8,0.2216,0.94405,-0.72245,-0.72245,-0.72245,0,0.00291595476034724,0.0384617761714003,-1,5.8259911829507e-09,1.08396592050266e-07,1.16519823659014e-08,1.98473845612033e-06
"Rhobtb1","Rhobtb1","NM_001252637","Midbrain","15.5",6,0.88855,0.580475,0.308075,0.3081,0.30805,-5.00000000001055e-05,0.00292164633308054,0.0385368486654966,1,0.00107312207528463,0.00602061499713986,0.00214310639436781,0.112679912566242
"Cdc42se1","Cdc42se1","NM_172395","Midbrain","0",8,0.738,0.525225,0.212775,0.21245,0.2131,0.000649999999999928,0.00292647532955642,0.0386005436802867,1,0.000358415489351281,0.00230402766118092,0.00137505619591232,0.0758784895928868
"Dus2","Dus2","NM_001301176","Midbrain","12.5",3,0.15775,0,0.15775,0.15775,0.15775,0,0.00293425089971313,0.0387031043383049,1,0.000359602211405284,0.00230841419579521,0.00139083794948708,0.0765444216985651
"Nnat","Nnat","NM_180960","Midbrain","0",8,0.7491,0.64475,0.10435,0.10435,0.10435,0,0.00297597273217611,0.0392534200714135,1,1.03909223533746e-13,5.6618156680233e-12,2.28630368857148e-13,1.14931452817592e-10
"Atp2c1","Atp2c1","NM_175025","Midbrain","15.5",6,0.55745,0.8749,-0.31745,-0.31745,-0.31745,0,0.00298675704181866,0.0393956663467246,-1,0.000152740870716783,0.0010755307158011,0.000305481741433566,0.0199560567526531
"Inadl","Inadl","NM_007704","Midbrain","15.5",6,0,0.44105,-0.44105,-0.44105,-0.44105,-1.11022302462516e-16,0.00300920667999887,0.0396917796371492,-1,0.00147897017837322,0.00792651815739372,0.00295792830184463,0.149973984213348
"Mlf1","Mlf1","NM_001039543","Midbrain","15.5",6,0.4475,0.0368,0.4107,0.4107,0.4107,-6.93889390390723e-18,0.00300920667999887,0.0396917796371492,1,0.000369749930002257,0.00236361093522393,0.00140940056207503,0.0774625891325275
"Ablim1","Ablim1","NM_001290816","Midbrain","15.5",6,0.6512,0.2911,0.3601,0.3601,0.3601,0,0.00301231785153492,0.0397328163448779,1,0.000544523580843686,0.00331862107792483,0.00108904716168737,0.0620907952270361
"Picalm","Picalm","NM_001252520","Midbrain","15.5",6,0,0.148,-0.148,-0.148,-0.148,0,0.00301861500704762,0.0398158765449673,-1,0.000998584654847828,0.00565658659064172,0.00222832968483822,0.116714159090889
"Lims1","Lims1","NM_001193303","Midbrain","15.5",6,0.33085,0.17195,0.1589,0.1589,0.1589,0,0.00301861900295742,0.0398159292514738,1,2.66128061520491e-06,2.90708386057109e-05,5.32256123040982e-06,0.000537748657774149
"Stox2","Stox2","NM_001114311","Midbrain","15.5",6,0.6657,0.97125,-0.30555,-0.30555,-0.30555,0,0.00304504616330926,0.0401645065134121,-1,0.000562809053763347,0.00342095224312728,0.00137900480012974,0.075994648737946
"Sema4a","Sema4a","NM_001163490","Midbrain","15.5",6,0,0.569375,-0.569375,-0.56935,-0.5694,-5.00000000001055e-05,0.00304551218541393,0.0401706533981734,-1,0.000750854885690452,0.00442298946178275,0.00169518552319013,0.0915822963327797
"Slc16a10","Slc16a10","NM_028247","Midbrain","14.5",5,0.364,0.04735,0.31665,0.31665,0.31665,0,0.0031112792588439,0.0410381286046166,1,0.000387048199053174,0.00245703135515448,0.00153761871815997,0.0835075444226215
"Tbc1d24","Tbc1d24","NM_001163848","Midbrain","15.5",6,0,0.276375,-0.276375,-0.2769,-0.27585,0.00105000000000005,0.00311995149107339,0.0411525163377369,-1,0.0026992054563261,0.0132414398430917,0.00529335576023222,0.245298710589788
"Ccdc30","Ccdc30","NM_001270446","Midbrain","15.5",6,0.47915,0.157,0.32215,0.32215,0.32215,-2.77555756156289e-17,0.00312080253069895,0.0411637416475518,1,0.00192977643106254,0.00990200305490276,0.00385955286212509,0.186512006532898
"Slc16a10","Slc16a10","NM_001114332","Midbrain","14.5",5,0.636,0.95265,-0.31665,-0.31665,-0.31665,-1.11022302462516e-16,0.00312761930764918,0.0412536557137216,-1,0.000387048199053174,0.00245703135515448,0.00153761871815997,0.0835075444226215
"Arhgap24","Arhgap24","NM_001286468","Midbrain","11.5",2,0.36925,0.0156,0.35365,0.35365,0.35365,0,0.00314639964266291,0.0415013704764966,1,0.000362768390977493,0.00232547748670026,0.00155849467000958,0.0845299400518433
"Arhgap24","Arhgap24","NM_029270","Midbrain","11.5",2,0.63075,0.9844,-0.35365,-0.35365,-0.35365,0,0.00315377141555118,0.0415986050024469,-1,0.000362768390977493,0.00232547748670026,0.00155849467000958,0.0845299400518433
"Il1rap","Il1rap","NM_001159318","Midbrain","15.5",6,0,0.1468,-0.1468,-0.1468,-0.1468,0,0.00316270298278328,0.0417164133938569,-1,0.00156859152489563,0.00832882066061171,0.00313718304979125,0.15674898712821
"Slc8a1","Slc8a1","NM_001112798","Midbrain","15.5",6,0,0.437025,-0.437025,-0.4369,-0.43715,-0.000249999999999917,0.00318436428805984,0.0420021284832873,-1,0.00158035239733385,0.00838154452212863,0.00315327985191789,0.157172238370854
"Rufy3","Rufy3","NM_001289775","Midbrain","15.5",6,0.03985,0.16595,-0.1261,-0.1261,-0.1261,0,0.00318561608404373,0.0420186398152186,-1,6.18935447390281e-14,3.88064046945934e-12,1.23787089478056e-13,7.08698783470799e-11
"Tcf3","Tcf3","NM_001164150","Midbrain","15.5",6,0.19815,0,0.19815,0.19815,0.19815,0,0.0031973408496345,0.0421732908118481,1,6.39247598784028e-05,0.000497591200618112,0.00010545518576151,0.00794693108037425
"Slc38a10","Slc38a10","NM_001164798","Midbrain","15.5",6,0.0434,0.256275,-0.212875,-0.2181,-0.20765,0.01045,0.00323785172663421,0.0427076339041546,-1,0.000829921958854568,0.00480221593638098,0.000829921958854568,0.0492233631275212
"Ntrk3","Ntrk3","NM_182809","Midbrain","11.5",2,0.50645,0.32055,0.1859,0.1859,0.1859,0,0.00324067201998305,0.0427448338953876,1,4.3038128239977e-06,4.58105844079941e-05,1.61066307624444e-05,0.00148863654351512
"Ppp2r5c","Ppp2r5c","NM_001081458","Midbrain","15.5",6,0.4985,0.66165,-0.16315,-0.16315,-0.16315,0,0.00324268317326463,0.0427713612367629,-1,9.6335185415534e-06,9.50271861307972e-05,1.92670370831067e-05,0.00175321655610879
"Opa1","Opa1","NM_133752","Midbrain","15.5",6,0.7981,0.95795,-0.15985,-0.15985,-0.15985,2.22044604925031e-16,0.00324582042733479,0.042812741976094,-1,0.000417298750413256,0.00263616069733942,0.00161759429781213,0.0875051206404538
"Ldb3","Ldb3","NM_001039076","Midbrain","15.5",6,0.82305,0,0.82305,0.82305,0.82305,0,0.00326195464286445,0.0430255541207958,1,0.00284759753795477,0.0138506417972572,0.00569519507590952,0.260268074314094
"Lck","Lck","NM_010693","Midbrain","15.5",6,0.68355,0,0.68355,0.68355,0.68355,0,0.00329752811898307,0.0434947723318322,1,0.000186551842181982,0.00129175156076692,0.000373103684363965,0.0239321039259954
"Bdnf","Bdnf","NM_007540","Midbrain","15.5",6,0,0.1403,-0.1403,-0.1403,-0.1403,0,0.00333956415663696,0.0440492324672781,-1,4.54871993351914e-08,6.96304051361776e-07,9.09743986703828e-08,1.2669116054567e-05
"Opa1","Opa1","NM_001199177","Midbrain","15.5",6,0.2019,0.04205,0.15985,0.15985,0.15985,0,0.00333972407859509,0.0440513418561624,1,0.000417298750413256,0.00263616069733942,0.00161759429781213,0.0875051206404538
"Ntrk3","Ntrk3","NM_008746","Midbrain","11.5",2,0.49355,0.67945,-0.1859,-0.1859,-0.1859,1.11022302462516e-16,0.00339424311238821,0.0447704541357309,-1,4.3038128239977e-06,4.58105844079941e-05,1.61066307624444e-05,0.00148863654351512
"Stxbp5l","Stxbp5l","NM_172440","Midbrain","12.5",3,0.65115,0,0.65115,0.65115,0.65115,0,0.00342780526902211,0.0452131428131536,1,0.00171869504421049,0.00899024824840164,0.00343739008842099,0.168599657564446
"Nadsyn1","Nadsyn1","NM_001308095","Midbrain","15.5",6,0.206,0.6209,-0.4149,-0.4149,-0.4149,0,0.00343341239134223,0.0452871013966594,-1,0.00043190855450402,0.00272292762254118,0.00172268549593725,0.0929461639842539
"Pik3cd","Pik3cd","NM_001164051","Midbrain","15.5",6,0.25795,0.5796,-0.32165,-0.32165,-0.32165,0,0.00343341239134223,0.0452871013966594,-1,0.00172370084422742,0.00900614014158549,0.00344740168845483,0.168771313504935
"Nadsyn1","Nadsyn1","NM_030221","Midbrain","15.5",6,0.794,0.3791,0.4149,0.4149,0.4149,-5.55111512312578e-17,0.00343905812768882,0.0453615693035823,1,0.00043190855450402,0.00272292762254118,0.00172268549593725,0.0929461639842539
"Kcns2","Kcns2","NM_181317","Midbrain","11.5",2,1,0,1,1,1,0,0.0034694656447135,0.045762647924429,1,0.00021875803882292,0.00148774969345097,0.00174932728708743,0.0941065534113997
"Kcns2","Kcns2","NM_181317","Midbrain","10.5",1,1,0,1,1,1,0,0.0034694656447135,0.045762647924429,1,0.00021875803882292,0.00148774969345097,0.00174932728708743,0.0941065534113997
"Kcns2","Kcns2","NM_001271704","Midbrain","11.5",2,0,1,-1,-1,-1,0,0.0034694656447135,0.045762647924429,-1,0.00021875803882292,0.00148774969345097,0.00174932728708743,0.0941065534113997
"Kcns2","Kcns2","NM_001271704","Midbrain","10.5",1,0,1,-1,-1,-1,0,0.0034694656447135,0.045762647924429,-1,0.00021875803882292,0.00148774969345097,0.00174932728708743,0.0941065534113997
"Lef1","Lef1","NM_001276402","Midbrain","15.5",6,0.20985,0.6421,-0.43225,-0.43225,-0.43225,0,0.0034694656447135,0.045762647924429,-1,0.000774131420161618,0.00451362994914615,0.00262766911495438,0.135655508274404
"Zfp655","Zfp655","NM_001083958","Midbrain","15.5",6,0.58345,0.41205,0.1714,0.1714,0.1714,0,0.0034694656447135,0.045762647924429,1,0.000442160793076433,0.00277655175519977,0.00174661026923711,0.0941065534113997
"Abl2","Abl2","NM_001136104","Midbrain","11.5",2,0.99165,0.825,0.16665,0.16665,0.16665,-1.11022302462516e-16,0.0034694656447135,0.045762647924429,1,0.000442234264701908,0.00277655175519977,0.00175104134252166,0.0941065534113997
"Fgf13","Fgf13","NM_001290414","Midbrain","11.5",2,0.0974,0.2099,-0.1125,-0.1125,-0.1125,-5.55111512312578e-17,0.0034694656447135,0.045762647924429,-1,1.7128329580172e-17,3.91981822442236e-15,3.42152016640236e-17,7.40885727529421e-14
"Ntng1","Ntng1","NM_001163351","Midbrain","15.5",6,0,0.61725,-0.61725,-0.61725,-0.61725,0,0.00347567613785629,0.045844565037966,-1,0.00109751617279516,0.0061409920817646,0.00306360524637652,0.154006050720958
"Zfp655","Zfp655","NM_028298","Midbrain","15.5",6,0.41655,0.58795,-0.1714,-0.1714,-0.1714,0,0.00349570337308101,0.0461087265568688,-1,0.000442160793076433,0.00277655175519977,0.00174661026923711,0.0941065534113997
"Abl2","Abl2","NM_009595","Midbrain","11.5",2,0.00835,0.175,-0.16665,-0.16665,-0.16665,-2.77555756156289e-17,0.00349570337308101,0.0461087265568688,-1,0.000442234264701908,0.00277655175519977,0.00175104134252166,0.0941065534113997
"Kcnn4","Kcnn4","NM_001163510","Midbrain","13.5",4,0,0.8508,-0.8508,-0.8508,-0.8508,0,0.00352858190121991,0.0465423980964001,-1,0.00044696072119787,0.00279854886583126,0.00178670225213164,0.0957733496307587
"Kcnn4","Kcnn4","NM_008433","Midbrain","13.5",4,1,0.1492,0.8508,0.8508,0.8508,0,0.00352860759838142,0.0465427370448939,1,0.00044696072119787,0.00279854886583126,0.00178670225213164,0.0957733496307587
"Dcun1d2","Dcun1d2","NM_001024504","Midbrain","15.5",6,0.6395,0.35705,0.28245,0.28245,0.28245,0,0.0036285686837053,0.0478612351717714,1,0.00184138917303635,0.00955559891721927,0.00368277834607271,0.178820552339516
"Trip4","Trip4","NM_001170907","Midbrain","15.5",6,0.6273,0.42095,0.20635,0.20635,0.20635,5.55111512312578e-17,0.0037332728498301,0.0492422950758784,1,0.000479321826572066,0.00298483809553789,0.001897505941569,0.101055746761877
"Usp2","Usp2","NM_198091","Midbrain","15.5",6,0.57805,0.20755,0.3705,0.3705,0.3705,0,0.00375155033988926,0.0494833772562983,1,0.00143099601324609,0.00773278483190949,0.00286199202649217,0.146370046090892
"Trip4","Trip4","NM_019797","Midbrain","15.5",6,0.3727,0.57905,-0.20635,-0.20635,-0.20635,-1.11022302462516e-16,0.00376509024361629,0.0496619701321594,-1,0.000479321826572066,0.00298483809553789,0.001897505941569,0.101055746761877
"Snap91","Snap91","NM_001277986","Midbrain","15.5",6,0,0.150725,-0.150725,-0.15075,-0.1507,4.99999999999945e-05,0.00376740165642842,0.0496924579310199,-1,3.65732833099083e-10,8.81031145839211e-09,7.31465666198165e-10,1.59533162171109e-07
"Myo18a","Myo18a","NM_011586","Midbrain","11.5",2,0.8015,0.49835,0.30315,0.30315,0.30315,0,0.00376811019505985,0.0497018036364545,1,7.08289101494037e-07,8.73811109848573e-06,1.41657820298807e-06,0.000159543201081145
"Sept9","Sept9","NM_017380","Midbrain","10.5",1,0.12645,0.2391,-0.11265,-0.1127,-0.1126,9.9999999999989e-05,0.00377565300634189,0.0498012941783442,-1,0.000543791531932143,0.00331857845553789,0.00108758306386429,0.0620907952270361
"Slc25a25","Slc25a25","NM_146118","Midbrain","15.5",6,0,0.293675,-0.293675,-0.2938,-0.29355,0.000250000000000028,0.00379959245412161,0.0501170582274618,-1,5.40106166343755e-14,3.48178299064136e-12,1.07171846403247e-13,6.31104831365314e-11
"Snx12","Snx12","NM_018875","Midbrain","15.5",6,0.6202,0.44545,0.17475,0.17475,0.17475,-1.11022302462516e-16,0.00380689028162721,0.0502133174053732,1,0.00145803563234967,0.0078326632503104,0.00291607126469935,0.148399332112753
"Myh14","Myh14","NM_001271540","Midbrain","13.5",4,0,1,-1,-1,-1,0,0.0038361086953753,0.0505987116182547,-1,0.000766293794834538,0.00448507250506097,0.0029412107653205,0.149310018599444
"Uspl1","Uspl1","NM_001115150","Midbrain","15.5",6,0.31895,0.562925,-0.243975,-0.244,-0.24395,4.99999999999945e-05,0.00387513223069475,0.0511134365040053,-1,0.00152125660446806,0.00812461082689651,0.00304251320893612,0.153319714056342
"Tpd52l2","Tpd52l2","NM_001291202","Midbrain","15.5",6,0.16855,0.338225,-0.169675,-0.1634,-0.17595,-0.01255,0.00388821100266942,0.0512859469994104,-1,0.00302597976999258,0.0146227610080511,0.00302597976999258,0.152673195504462
"Map3k12","Map3k12","NM_001163643","Midbrain","11.5",2,1,0.83325,0.16675,0.1664,0.1671,0.000699999999999923,0.00388948220858251,0.0513027143505237,1,0.000509194287240706,0.0031409464322112,0.00195695649733494,0.103819512347716
"Tfap2c","Tfap2c","NM_009335","Midbrain","16.5",7,0,1,-1,-1,-1,0,0.00389645885196144,0.0513947370731382,-1,0.000500242850068443,0.00309406962805846,0.00199601295508322,0.105484241644803
"Tfap2c","Tfap2c","NM_001159696","Midbrain","16.5",7,1,0,1,1,1,0,0.00390127087495744,0.0514582082057911,1,0.000500242850068443,0.00309406962805846,0.00199601295508322,0.105484241644803
"Smek1","Smek1","NM_001160214","Midbrain","15.5",6,0.2671,0.08315,0.18395,0.18395,0.18395,1.38777878078145e-17,0.00390127087495744,0.0514582082057911,1,0.000509078284514093,0.0031409464322112,0.00200072661693296,0.105597964758148
"Lmo1","Lmo1","NM_001302205","Midbrain","10.5",1,0.4242,0.74725,-0.32305,-0.32305,-0.32305,0,0.00393219413397526,0.0518660895224038,-1,0.000159499072041464,0.00111795903940855,0.000318998144082928,0.020707766677822
"Mllt10","Mllt10","NR_045538","Midbrain","15.5",6,0.26935,0,0.26935,0.26935,0.26935,0,0.00393805288469762,0.0519433671132607,1,0.00252934494192137,0.0125561950099502,0.00505868988384273,0.236690583276335
"Sept9","Sept9","NM_001113488","Midbrain","12.5",3,0.67435,0.501025,0.173325,0.1733,0.17335,4.99999999998835e-05,0.0039508125101472,0.0521116680295666,1,0.000543791531932143,0.00331857845553789,0.00108758306386429,0.0620907952270361
"Map3k12","Map3k12","NM_009582","Midbrain","11.5",2,0,0.16675,-0.16675,-0.1664,-0.1671,-0.000699999999999978,0.00395997818787941,0.0522325643651988,-1,0.000509194287240706,0.0031409464322112,0.00195695649733494,0.103819512347716
"Myh14","Myh14","NM_028021","Midbrain","13.5",4,1,0,1,1,1,0,0.00396679050039037,0.052322419544905,1,0.000766293794834538,0.00448507250506097,0.0029412107653205,0.149310018599444
"Nfe2l1","Nfe2l1","NM_001130450","Midbrain","15.5",6,0.3479,0.035675,0.312225,0.3122,0.31225,4.99999999999945e-05,0.00396679050039037,0.052322419544905,1,0.00306439311663851,0.0147483988379121,0.00609832231056389,0.277154490163442
"Smek1","Smek1","NM_211355","Midbrain","15.5",6,0.7329,0.91685,-0.18395,-0.18395,-0.18395,1.11022302462516e-16,0.00396679050039037,0.052322419544905,-1,0.000509078284514093,0.0031409464322112,0.00200072661693296,0.105597964758148
"Celf4","Celf4","NM_001146293","Midbrain","15.5",6,0,0.1661,-0.1661,-0.1661,-0.1661,0,0.00402246756889667,0.0530568064345404,-1,0.00259337806830679,0.012818457255551,0.00518675613661359,0.241859079890121
"Col25a1","Col25a1","NM_198711","Midbrain","15.5",6,0.67495,0.04205,0.6329,0.6329,0.6329,6.93889390390723e-18,0.00404499726818778,0.0533539757401577,1,0.00156668105426015,0.00832882066061171,0.00313336210852031,0.1567480719038
"Kazn","Kazn","NM_001109684","Midbrain","15.5",6,0,0.48175,-0.48175,-0.48175,-0.48175,0,0.00405353770407728,0.0534666250645076,-1,2.54486814836511e-07,3.39446231826276e-06,5.08973629673023e-07,6.22564299588751e-05
"E130308A19Rik","E130308A19Rik","NM_153158","Midbrain","15.5",6,0.4005,0.51935,-0.11885,-0.11885,-0.11885,1.11022302462516e-16,0.00407181498775836,0.0537077045227771,-1,0.00054374357479197,0.00331857845553789,0.00210601024452725,0.110870893962762
"Shroom3","Shroom3","NM_015756","Midbrain","15.5",6,0.21575,0.83905,-0.6233,-0.6233,-0.6233,0,0.00408024455417965,0.0538188914661847,-1,0.00158375554577629,0.0083898716817339,0.00316751109155258,0.157500684533774
"Zbed3","Zbed3","NM_028106","Midbrain","16.5",7,0.53015,0.40395,0.1262,0.1262,0.1262,0,0.00408197701131981,0.0538417427736389,1,1.71594446933547e-05,0.000159106917495752,3.43188893867094e-05,0.0029931107395233
"Lsr","Lsr","NM_001164185","Midbrain","15.5",6,0.26755,0.00575,0.2618,0.2618,0.2618,0,0.00409015901278229,0.0539496643069779,1,0.00159201523610093,0.0084238771510219,0.00318403047220184,0.158131341388048
"Rtel1","Rtel1","NM_001166666","Midbrain","14.5",5,0,0.25375,-0.25375,-0.2538,-0.2537,0.000100000000000044,0.00409108868344256,0.0539619267691171,-1,0.00265477892716004,0.0130655087630231,0.00530217597436835,0.245298710589788
"Map2k7","Map2k7","NM_011944","Midbrain","15.5",6,0.28725,0.6764,-0.38915,-0.38915,-0.38915,0,0.0041273331658503,0.0544399956297084,-1,7.18417917425577e-08,1.05054275017791e-06,1.43683583485115e-07,1.91675896543868e-05
"Fbrsl1","Fbrsl1","NM_001142642","Midbrain","15.5",6,0.6041,0.32035,0.28375,0.28375,0.28375,0,0.00414807181811456,0.0547135408205773,1,0.000557304096275186,0.00339199580937703,0.00216003292406093,0.113425197997678
"E130308A19Rik","E130308A19Rik","NM_001015681","Midbrain","15.5",6,0.5995,0.48065,0.11885,0.11885,0.11885,-1.11022302462516e-16,0.00416908932659791,0.0549907641568101,1,0.00054374357479197,0.00331857845553789,0.00210601024452725,0.110870893962762
"Atp13a4","Atp13a4","NM_001164612","Midbrain","15.5",6,0,1,-1,-1,-1,0,0.00418872312475539,0.0552497361958816,-1,0.00109394710352524,0.00612851394471849,0.00218789420705047,0.11474204986046
"Fbrsl1","Fbrsl1","NM_028596","Midbrain","15.5",6,0.3959,0.67965,-0.28375,-0.28375,-0.28375,0,0.004263492361838,0.056235950968581,-1,0.000557304096275186,0.00339199580937703,0.00216003292406093,0.113425197997678
"Dag1","Dag1","NM_001276486","Midbrain","15.5",6,0.4346,0.22405,0.21055,0.21055,0.21055,0,0.004263492361838,0.056235950968581,1,0.00445934664865248,0.0202685497625446,0.00891869329730496,0.382955955863414
"Kat7","Kat7","NM_001195003","Midbrain","15.5",6,0.6938,0.511775,0.182025,0.182,0.18205,4.99999999999945e-05,0.00427857935979882,0.0564349501940006,1,0.00129086896381506,0.00709280581918552,0.0033483207092028,0.16489991161698
"Rhbdd3","Rhbdd3","NM_177370","Midbrain","15.5",6,0.5875,0.299125,0.288375,0.2884,0.28835,-4.99999999999945e-05,0.00428246057958055,0.0564861439259977,1,3.02550396736117e-09,6.02075289504872e-08,6.049123076334e-09,1.10069816722469e-06
"Epn2","Epn2","NM_001252189","Midbrain","15.5",6,0.6537,0.3427,0.311,0.311,0.311,0,0.00429004750282548,0.0565862163097137,1,0.00168575526425239,0.00883814644270696,0.00337151052850478,0.165843835613447
"Rims2","Rims2","NM_001256382","Midbrain","15.5",6,0,0.464625,-0.464625,-0.4646,-0.46465,-4.99999999999945e-05,0.00434478712436665,0.057308238166861,-1,0.00227982438546298,0.011466765068422,0.00455737124321283,0.216428033983715
"Dab2","Dab2","NM_001037905","Midbrain","15.5",6,0.1229,0.41505,-0.29215,-0.29215,-0.29215,5.55111512312578e-17,0.00439758133372323,0.0580045998152075,-1,0.000145904181014387,0.00103056085880069,0.000291808362028774,0.0192458256607967
"Trpm3","Trpm3","NM_177341","Midbrain","0",8,0.62135,0.1313,0.49005,0.49005,0.49005,5.55111512312578e-17,0.00444823333504267,0.0586727054949917,1,1.82734462481849e-11,5.88996925901001e-10,3.65468924963697e-11,1.08381332807132e-08
"Ccdc106","Ccdc106","NM_146178","Midbrain","15.5",6,0.11395,0.27065,-0.1567,-0.1567,-0.1567,0,0.00446414299767481,0.0588825557613405,-1,0.00176004998749902,0.00917511252025399,0.00352009997499804,0.171921971765428
"C230072F16Rik","C230072F16Rik","NR_131127","Midbrain","15.5",6,0.8968,0.3764,0.5204,0.5204,0.5204,0,0.00449756585605942,0.0593234070789528,1,1.08522190213478e-05,0.000105260221942697,4.33891634240288e-05,0.00366505323018907
"C230072F16Rik","C230072F16Rik","NR_131128","Midbrain","15.5",6,0.1032,0.6236,-0.5204,-0.5204,-0.5204,0,0.00449756585605942,0.0593234070789528,-1,1.08522190213478e-05,0.000105260221942697,4.33891634240288e-05,0.00366505323018907
"Cacul1","Cacul1","NM_001172096","Midbrain","15.5",6,0.04155,0.2559,-0.21435,-0.21435,-0.21435,0,0.00449756585605942,0.0593234070789528,-1,0.00105230249039567,0.00592421709537635,0.00355271373969144,0.173309487715594
"Acot7","Acot7","NM_133348","Midbrain","15.5",6,0.3321,0.9089,-0.5768,-0.5768,-0.5768,-2.22044604925031e-16,0.00451859352794715,0.0596007644716495,-1,2.24364775932628e-13,1.10421245101466e-11,4.48729551865252e-13,2.01055369568813e-10
"Tcf7l2","Tcf7l2","NM_001142924","Midbrain","12.5",3,0.4218,0.02805,0.39375,0.39375,0.39375,0,0.00452825538095764,0.0597282054158451,1,7.65713832265965e-05,0.000591007118091285,0.000153142766453193,0.0110361931143073
"Csde1","Csde1","NM_144901","Midbrain","14.5",5,0.3676,0.47195,-0.10435,-0.10435,-0.10435,-5.55111512312578e-17,0.00452825538095764,0.0597282054158451,-1,0.000200808628264419,0.00137868867464922,0.000684982740717081,0.0414621051654036
"Qsox1","Qsox1","NM_001024945","Midbrain","14.5",5,0.36895,0.22375,0.1452,0.1452,0.1452,0,0.00457210308142576,0.0603065615906284,1,0.000453264061540514,0.00283413881102587,0.00241590555089478,0.126058371485037
"Tasp1","Tasp1","NM_001289611","Midbrain","15.5",6,0.44915,0.2833,0.16585,0.16585,0.16585,0,0.00460230116002374,0.0607048776947176,1,0.00365441169844819,0.0171797717179959,0.00730882339689637,0.325002398395323
"Rhot1","Rhot1","NM_001163355","Midbrain","15.5",6,0.43525,0.21755,0.2177,0.2177,0.2177,-2.77555756156289e-17,0.00463961561511485,0.0611970596171495,1,0.00184368842930265,0.00955669528982813,0.0036873768586053,0.178820552339516
"Ss18","Ss18","NM_009280","Midbrain","15.5",6,0.1853,0.351125,-0.165825,-0.1658,-0.16585,-4.99999999999945e-05,0.00464951602183892,0.0613276471120603,-1,0.00184817983276021,0.00956913924722113,0.00368389042801993,0.178820552339516
"2010111I01Rik","2010111I01Rik","NM_001289924","Midbrain","15.5",6,0,0.22845,-0.22845,-0.22845,-0.22845,0,0.0046744159172697,0.0616560795753389,-1,0.000519115714910446,0.00318925184851693,0.00103823142982089,0.0597723019239257
"Dnm3","Dnm3","NM_001038619","Midbrain","15.5",6,0.142,0.37835,-0.23635,-0.23635,-0.23635,0,0.00468915010657964,0.0618504252143771,-1,0.000635078019328181,0.00383340048593286,0.00249198901565613,0.129536383609741
"Ttll9","Ttll9","NM_029064","Midbrain","15.5",6,0,0.56795,-0.56795,-0.56795,-0.56795,-1.11022302462516e-16,0.00477282705212492,0.062954133678594,-1,0.000635980325328179,0.00383340048593286,0.00254328121988386,0.131870024723647
"Ttll9","Ttll9","NM_001083618","Midbrain","15.5",6,1,0.43205,0.56795,0.56795,0.56795,0,0.00477282705212492,0.062954133678594,1,0.000635980325328179,0.00383340048593286,0.00254328121988386,0.131870024723647
"Dnm3","Dnm3","NM_172646","Midbrain","15.5",6,0.858,0.62165,0.23635,0.23635,0.23635,0,0.00477282705212492,0.062954133678594,1,0.000635078019328181,0.00383340048593286,0.00249198901565613,0.129536383609741
"Nfatc2","Nfatc2","NM_001037178","Midbrain","15.5",6,0,0.690575,-0.690575,-0.6907,-0.69045,0.000249999999999972,0.00484908233386475,0.0639599495499676,-1,0.00646957537553258,0.0279615169913245,0.0129091146751086,0.530654864425085
"Rnf130","Rnf130","NM_001290749","Midbrain","15.5",6,0.2382,0.425375,-0.187175,-0.1872,-0.18715,5.000000000005e-05,0.00484908233386475,0.0639599495499676,-1,7.04998382559361e-13,3.10267076632134e-11,1.40999676511872e-12,5.87086039924464e-10
"Qsox1","Qsox1","NM_023268","Midbrain","14.5",5,0.63105,0.77625,-0.1452,-0.1452,-0.1452,0,0.00485486408372787,0.0640362114907008,-1,0.000453264061540514,0.00283413881102587,0.00241590555089478,0.126058371485037
"Atp5g1","Atp5g1","NM_007506","Midbrain","16.5",7,0.40835,0.30385,0.1045,0.1045,0.1045,0,0.00486066870744644,0.0641127751401987,1,2.03280784977242e-12,7.95227481060545e-11,7.12210545789465e-12,2.40639768590221e-09
"Stx3","Stx3","NM_152220","Midbrain","15.5",6,0.52935,0.3011,0.22825,0.22825,0.22825,-5.55111512312578e-17,0.00491600299254665,0.064842640677576,1,0.0013547755497534,0.00736437968078543,0.00394474187562024,0.189517855935847
"Epc1","Epc1","NM_001276350","Midbrain","15.5",6,0.7867,0.5931,0.1936,0.1936,0.1936,0,0.00491884691086761,0.0648801522848882,1,3.0998682963583e-07,4.00793706000902e-06,6.1997365927166e-07,7.40752242530997e-05
"Tcf7l2","Tcf7l2","NM_001142920","Midbrain","12.5",3,0.09295,0.20185,-0.1089,-0.1089,-0.1089,0,0.00495456520219824,0.0653512806251029,-1,7.65713832265965e-05,0.000591007118091285,0.000153142766453193,0.0110361931143073
"Picalm","Picalm","NM_001252521","Midbrain","15.5",6,0.1829,0.3876,-0.2047,-0.2047,-0.2047,-1.11022302462516e-16,0.00496594522237992,0.0655013843904308,-1,0.000998584654847828,0.00565658659064172,0.00222832968483822,0.116714159090889
"Anapc5","Anapc5","NM_001042491","Midbrain","15.5",6,0.53355,0.40995,0.1236,0.1236,0.1236,0,0.00511303042190685,0.0674414549632873,1,0.00342934120190515,0.0162485452185506,0.00685868240381029,0.307640857728215
"Keap1","Keap1","NM_001110305","Midbrain","15.5",6,0.12605,0.2544,-0.12835,-0.12835,-0.12835,0,0.00511460177581151,0.0674621813006739,-1,0.002746692748822,0.0134312101617076,0.005493385497644,0.252346842106062
"Rara","Rara","NM_001176528","Midbrain","13.5",4,0.39235,0.634,-0.24165,-0.24165,-0.24165,0,0.00511974446923667,0.0675300140140364,-1,2.29597934057594e-05,0.000206457710055326,4.59195868115188e-05,0.00383168549170417
"Csde1","Csde1","NM_001161854","Midbrain","14.5",5,0.6324,0.52805,0.10435,0.10435,0.10435,1.11022302462516e-16,0.00514007988571799,0.0677982404788954,1,0.000200808628264419,0.00137868867464922,0.000684982740717081,0.0414621051654036
"Ak1","Ak1","NM_001198790","Midbrain","11.5",2,0,0.1019,-0.1019,-0.1019,-0.1019,0,0.00517431525762496,0.0682498089426235,-1,1.63310936149627e-09,3.42878052640753e-08,3.25370024385242e-09,6.26733051634834e-07
"Slc25a25","Slc25a25","NM_001164357","Midbrain","15.5",6,0.7623,0.22495,0.53735,0.53735,0.53735,0,0.00517473399744467,0.0682553321686483,1,5.40106166343755e-14,3.48178299064136e-12,1.07171846403247e-13,6.31104831365314e-11
"Atp5g1","Atp5g1","NM_001161419","Midbrain","16.5",7,0.59165,0.69615,-0.1045,-0.1045,-0.1045,0,0.00518596040356564,0.068403409746979,-1,2.03280784977242e-12,7.95227481060545e-11,7.12210545789465e-12,2.40639768590221e-09
"Cacul1","Cacul1","NM_030197","Midbrain","15.5",6,0.95845,0.74005,0.2184,0.2184,0.2184,0,0.00519592515671897,0.0685348459786374,1,0.00105230249039567,0.00592421709537635,0.00355271373969144,0.173309487715594
"Jmjd1c","Jmjd1c","NM_001242396","Midbrain","15.5",6,0.42965,0.27585,0.1538,0.1538,0.1538,0,0.00519889300384084,0.0685739922209813,1,0.000755761930872987,0.00444617269615124,0.0028094041925365,0.144037975753136
"Rara","Rara","NM_001176528","Midbrain","16.5",7,0.2482,0.471825,-0.223625,-0.2236,-0.22365,-5.00000000001055e-05,0.0052236931466207,0.0689011089354067,-1,2.29597934057594e-05,0.000206457710055326,4.59195868115188e-05,0.00383168549170417
"Fgf12","Fgf12","NM_183064","Midbrain","15.5",6,0,0.3226,-0.3226,-0.3226,-0.3226,0,0.00527598927006597,0.0695909007737218,-1,0.000760241202464189,0.00446678303424723,0.00152048240492838,0.0829045631575964
"Zfp708","Zfp708","NM_001012448","Midbrain","16.5",7,1,0.690875,0.309125,0.3092,0.30905,-0.000150000000000095,0.00528133792475576,0.0696614501396773,1,0.00286239486151179,0.0139078357549251,0.00571372799424031,0.260825857143565
"Slc38a10","Slc38a10","NM_024249","Midbrain","15.5",6,0.18015,0.5267,-0.34655,-0.34145,-0.35165,-0.0102000000000001,0.00530163156504851,0.0699291255718398,-1,0.000829921958854568,0.00480221593638098,0.000829921958854568,0.0492233631275212
"Spef2","Spef2","NM_001305044","Midbrain","12.5",3,0.2697,0.8533,-0.5836,-0.5836,-0.5836,1.11022302462516e-16,0.00531259138020007,0.0700736867848502,-1,0.0021633201457921,0.0109288259462367,0.00432664029158421,0.20642195160055
"Ralgds","Ralgds","NM_009058","Midbrain","15.5",6,0.16935,0.305975,-0.136625,-0.13695,-0.1363,0.000649999999999928,0.00531259138020007,0.0700736867848502,-1,0.000291935256172755,0.00191705547704835,0.000574679537836537,0.0351989332258801
"Arhgap24","Arhgap24","NM_001286468","Midbrain","10.5",1,0,0.1666,-0.1666,-0.16655,-0.16665,-0.000100000000000072,0.00532422867096103,0.0702271839784886,-1,0.000362768390977493,0.00232547748670026,0.00155849467000958,0.0845299400518433
"Arhgap24","Arhgap24","NM_029270","Midbrain","10.5",1,1,0.8334,0.1666,0.16655,0.16665,9.9999999999989e-05,0.0053358072266337,0.0703799064496071,1,0.000362768390977493,0.00232547748670026,0.00155849467000958,0.0845299400518433
"Henmt1","Henmt1","NM_025723","Midbrain","12.5",3,0,1,-1,-1,-1,0,0.00536760576260099,0.0707993327691041,-1,0.000732764314783295,0.00434438117715433,0.00292458826403601,0.148649245980817
"Henmt1","Henmt1","NM_001078646","Midbrain","12.5",3,1,0,1,1,1,0,0.00537317570482865,0.0708728009429458,1,0.000732764314783295,0.00434438117715433,0.00292458826403601,0.148649245980817
"Zdhhc24","Zdhhc24","NM_027476","Midbrain","15.5",6,0.9461,0.720925,0.225175,0.2252,0.22515,-4.99999999999945e-05,0.00537317570482865,0.0708728009429458,1,0.00219771610935276,0.0110781350578277,0.00438932685576703,0.20917060217467
"Nhsl1","Nhsl1","NM_173390","Midbrain","16.5",7,0.5748,0.3699,0.2049,0.2049,0.2049,0,0.00544481566215052,0.0718177401583658,1,0.000747651900721348,0.00441264107025583,0.00297709661993753,0.150760426249364
"Nhsl1","Nhsl1","NM_001163592","Midbrain","16.5",7,0.4252,0.6301,-0.2049,-0.2049,-0.2049,0,0.00546314001245132,0.0720594404307225,-1,0.000747651900721348,0.00441264107025583,0.00297709661993753,0.150760426249364
"Synj2bp-cox16","Synj2bp-cox16","NM_001309848","Midbrain","15.5",6,0.8294,0.93575,-0.10635,-0.10635,-0.10635,0,0.00547790616584426,0.0722542076796644,-1,0.000768604171010603,0.00449284966885764,0.00300044137357419,0.151756173914585
"Hs6st2","Hs6st2","NM_015819","Midbrain","15.5",6,0.4659,0.0047,0.4612,0.4565,0.4659,0.0094,0.00551435271858769,0.0727349418710514,1,2.91039486716871e-05,0.000253248618004395,5.23914489697071e-05,0.00429349791745464
"Jmjd1c","Jmjd1c","NM_207221","Midbrain","15.5",6,0.57035,0.72415,-0.1538,-0.1538,-0.1538,0,0.00551435271858769,0.0727349418710514,-1,0.000755761930872987,0.00444617269615124,0.0028094041925365,0.144037975753136
"Pde4dip","Pde4dip","NM_001039376","Midbrain","15.5",6,0.2971,0.0157,0.2814,0.2814,0.2814,0,0.0055369458201834,0.0730329474603044,1,4.04302159290661e-09,7.7751721977872e-08,8.08604318581321e-09,1.44292217746964e-06
"Stoml1","Stoml1","NM_026942","Midbrain","15.5",6,0.79215,0.90495,-0.1128,-0.1128,-0.1128,0,0.00559463840884506,0.0737939192908786,-1,0.000791260166374416,0.00459865098603295,0.00307063720290529,0.15417152993571
"Sptan1","Sptan1","NM_001309460","Midbrain","15.5",6,0.24435,0.04135,0.203,0.2038,0.2022,-0.0016,0.0055971731402729,0.0738273526877742,1,4.77263848270422e-08,7.25726456323495e-07,4.77263848270422e-08,7.15701302425812e-06
"Synj2bp-cox16","Synj2bp-cox16","NM_001309847","Midbrain","15.5",6,0.1706,0.06425,0.10635,0.10635,0.10635,0,0.0055971731402729,0.0738273526877742,1,0.000768604171010603,0.00449284966885764,0.00300044137357419,0.151756173914585
"Rcor3","Rcor3","NM_001290280","Midbrain","15.5",6,0.54035,0.353375,0.186975,0.187,0.18695,-5.000000000005e-05,0.00566168422396202,0.0746782612461531,1,0.00389544620956125,0.0180642931116128,0.0077639073125459,0.339955885042071
"Bbs12","Bbs12","NM_001255992","Midbrain","13.5",4,0,0.170275,-0.170275,-0.1703,-0.17025,4.99999999999945e-05,0.00566168422396202,0.0746782612461531,-1,0.000837412270743051,0.00483333664967332,0.00311368768325142,0.156142835995713
"Acsl4","Acsl4","NM_207625","Midbrain","15.5",6,0.28655,0.89555,-0.609,-0.60905,-0.60895,0.0001000000000001,0.00566712785587623,0.074750063372541,-1,0.00234028791939156,0.0117321991314953,0.0046589448655299,0.220997126304256
"Gfap","Gfap","NM_010277","Midbrain","12.5",3,0,1,-1,-1,-1,0,0.00568291678925039,0.0749583212061948,-1,0.000783177395658459,0.00456056353680505,0.00313125070982373,0.1567480719038
"Gfap","Gfap","NM_001131020","Midbrain","12.5",3,1,0,1,1,1,0,0.00568291678925039,0.0749583212061948,1,0.000783177395658459,0.00456056353680505,0.00313125070982373,0.1567480719038
"Nav2","Nav2","NM_175272","Midbrain","14.5",5,0.40935,0.685,-0.27565,-0.27565,-0.27565,2.22044604925031e-16,0.00568296145520152,0.0749589103551892,-1,5.06741585395243e-12,1.82863091885445e-10,1.97739363094941e-11,6.08285080428977e-09
"Usp29","Usp29","NM_001290994","Midbrain","15.5",6,0.7815,0.29215,0.48935,0.48935,0.48935,0,0.00571098440186865,0.0753285362207996,1,0.000791727545771021,0.00459865098603295,0.00315183192842603,0.157172238370854
"Kcnj6","Kcnj6","NM_001025584","Midbrain","15.5",6,0.95775,0.04335,0.9144,0.9144,0.9144,6.93889390390723e-18,0.00572437242885712,0.0755051258251411,1,0.00316262669595072,0.0151415715349021,0.00632525339190144,0.286205768747167
"Usp29","Usp29","NM_021323","Midbrain","15.5",6,0.2185,0.70785,-0.48935,-0.48935,-0.48935,0,0.00572437242885712,0.0755051258251411,-1,0.000791727545771021,0.00459865098603295,0.00315183192842603,0.157172238370854
"Gpd2","Gpd2","NM_010274","Midbrain","15.5",6,0.3817,0.0787,0.303,0.303,0.303,0,0.00572437242885712,0.0755051258251411,1,0.000798659688893885,0.00463303598994589,0.00316568010322382,0.157500684533774
"Stoml1","Stoml1","NR_028146","Midbrain","15.5",6,0.20785,0.09505,0.1128,0.1128,0.1128,0,0.00572437242885712,0.0755051258251411,1,0.000791260166374416,0.00459865098603295,0.00307063720290529,0.15417152993571
"Mphosph9","Mphosph9","NM_001277867","Midbrain","16.5",7,0,0.322225,-0.322225,-0.32215,-0.3223,-0.000149999999999983,0.00573120466937113,0.0755952438574825,-1,0.00238048518623157,0.0119206572181421,0.00475167281097521,0.224878121829529
"Lef1","Lef1","NM_010703","Midbrain","0",8,0.2069,0.6498,-0.4429,-0.4429,-0.4429,2.22044604925031e-16,0.00573736059930825,0.0756764412761077,-1,0.000774131420161618,0.00451362994914615,0.00262766911495438,0.135655508274404
"Nav2","Nav2","NM_001111016","Midbrain","14.5",5,0.59065,0.315,0.27565,0.27565,0.27565,0,0.00574006733292803,0.0757121434015507,1,5.06741585395243e-12,1.82863091885445e-10,1.97739363094941e-11,6.08285080428977e-09
"Acp5","Acp5","NM_007388","Midbrain","0",8,0,1,-1,-1,-1,1.11022302462516e-16,0.00574124316185266,0.0757276527192979,-1,0.00238878280633767,0.0119491354148716,0.00477756561267534,0.225844234003186
"Lef1","Lef1","NM_010703","Midbrain","15.5",6,0.7758,0.3579,0.4179,0.4179,0.4179,1.11022302462516e-16,0.00574860455772556,0.0758247503712309,1,0.000774131420161618,0.00451362994914615,0.00262766911495438,0.135655508274404
"Gpd2","Gpd2","NM_001145820","Midbrain","15.5",6,0.6183,0.9213,-0.303,-0.303,-0.303,1.11022302462516e-16,0.00574860455772556,0.0758247503712309,-1,0.000798659688893885,0.00463303598994589,0.00316568010322382,0.157500684533774
"Rbms3","Rbms3","NM_178660","Midbrain","15.5",6,0.48215,0.6728,-0.19065,-0.19065,-0.19065,-1.11022302462516e-16,0.00575165424474925,0.0758649760912226,-1,4.44820215740347e-06,4.71282899871197e-05,8.89640431480695e-06,0.000856819959879679
"Cnp","Cnp","NM_009923","Midbrain","0",8,0.97425,0.799,0.17525,0.17525,0.17525,1.11022302462516e-16,0.00579461089363986,0.0764315791939768,1,4.62928656105974e-05,0.000379717644981549,0.000173198403340459,0.0122881522494419
"Fam78b","Fam78b","NM_001160262","Midbrain","15.5",6,0.8631,0.360375,0.502725,0.5027,0.50275,4.9999999999939e-05,0.00584404568785688,0.077083629773125,1,0.00243996027520492,0.0121652485616699,0.00487611373120135,0.229712487921059
"Rph3a","Rph3a","NM_011286","Midbrain","15.5",6,0,0.913625,-0.913625,-0.9136,-0.91365,-5.00000000001055e-05,0.00588114961773824,0.077573034844007,-1,2.34814551803688e-11,7.46351530281583e-10,4.68346443643371e-11,1.36920017523958e-08
"Adam22","Adam22","NM_001007220","Midbrain","15.5",6,0.03285,0.4335,-0.40065,-0.40065,-0.40065,0,0.00599286006638108,0.0790465084143568,-1,0.00167133027285144,0.00877256726931312,0.00334266054570288,0.164818072078949
"Als2cl","Als2cl","NM_146228","Midbrain","10.5",1,0,1,-1,-1,-1,0,0.00599443524990526,0.0790672852648622,-1,0.00125784007221189,0.00692795909809121,0.00503136028884752,0.235947496963247
"Als2cl","Als2cl","NM_146228","Midbrain","11.5",2,0,1,-1,-1,-1,0,0.00599443524990526,0.0790672852648622,-1,0.00125784007221189,0.00692795909809121,0.00503136028884752,0.235947496963247
"Rab27b","Rab27b","NM_001082553","Midbrain","15.5",6,0.0581,0.7527,-0.6946,-0.6946,-0.6946,1.11022302462516e-16,0.00599443524990526,0.0790672852648622,-1,1.05940964266215e-06,1.2529503706627e-05,2.1188192853243e-06,0.000230448316144336
"Bbs12","Bbs12","NM_001008502","Midbrain","13.5",4,1,0.829725,0.170275,0.1703,0.17025,-5.00000000001055e-05,0.00599443524990526,0.0790672852648622,1,0.000837412270743051,0.00483333664967332,0.00311368768325142,0.156142835995713
"Qsox1","Qsox1","NM_001024945","Midbrain","15.5",6,0.3242,0.485525,-0.161325,-0.16135,-0.1613,5.000000000005e-05,0.0060430094004965,0.0797079838563361,-1,0.000453264061540514,0.00283413881102587,0.00241590555089478,0.126058371485037
"Cnp","Cnp","NM_001146318","Midbrain","0",8,0.02575,0.201,-0.17525,-0.17525,-0.17525,-2.77555756156289e-17,0.00607836403250298,0.0801743154885502,-1,4.62928656105974e-05,0.000379717644981549,0.000173198403340459,0.0122881522494419
"Sytl2","Sytl2","NM_001040087","Midbrain","15.5",6,0,0.89195,-0.89195,-0.89195,-0.89195,0,0.00610502915629992,0.0805260315154952,-1,0.00414948909447338,0.0190876498345775,0.0119905757592456,0.498249873553693
"Amph","Amph","NM_175007","Midbrain","15.5",6,0.8873,0.4573,0.43,0.43,0.43,1.11022302462516e-16,0.00612038137123982,0.0807285289831457,1,0.000860256701711549,0.00495893567220877,0.00343836942035684,0.168599657564446
"Amph","Amph","NM_001289546","Midbrain","15.5",6,0.1127,0.5427,-0.43,-0.43,-0.43,0,0.00612038137123982,0.0807285289831457,-1,0.000860256701711549,0.00495893567220877,0.00343836942035684,0.168599657564446
"Kat7","Kat7","NM_001195004","Midbrain","15.5",6,0.30295,0.4826,-0.17965,-0.17965,-0.17965,0,0.00612038137123982,0.0807285289831457,-1,0.00129086896381506,0.00709280581918552,0.0033483207092028,0.16489991161698
"Suv39h1","Suv39h1","NM_011514","Midbrain","12.5",3,0.6135,0.44595,0.16755,0.16755,0.16755,0,0.00612599317402901,0.0808025493025728,1,3.97171173722704e-05,0.000330518629477967,0.000156302597338436,0.0112182051703481
"Fgd4","Fgd4","NM_001301818","Midbrain","15.5",6,0.7242,0.0262,0.698,0.698,0.698,0,0.00615930913001056,0.081241990565285,1,3.78136025909879e-11,1.138637230651e-09,7.56272051819757e-11,2.09223573144996e-08
"Depdc1a","Depdc1a","NM_001172093","Midbrain","12.5",3,0.28115,0.6265,-0.34535,-0.34535,-0.34535,0,0.00615930913001056,0.081241990565285,-1,3.43307640772189e-06,3.68566570659231e-05,6.86615281544378e-06,0.000674935764075591
"Dph3","Dph3","NM_172254","Midbrain","15.5",6,0.3499,0.64615,-0.29625,-0.29625,-0.29625,0,0.00615930913001056,0.081241990565285,-1,5.63414465270117e-05,0.000452411931147601,0.000112106823521534,0.00838685781468464
"Gprasp1","Gprasp1","NM_026081","Midbrain","15.5",6,0.4662,0.2846,0.1816,0.1816,0.1816,-5.55111512312578e-17,0.00615930913001056,0.081241990565285,1,1.01879294656057e-05,9.98504350408507e-05,2.0322326859765e-05,0.00184517011169477
"Rusc2","Rusc2","NM_001037709","Midbrain","15.5",6,0.51435,0.2198,0.29455,0.29455,0.29455,2.77555756156289e-17,0.0061654668592904,0.0813232117174462,1,0.000889540810489912,0.00511485966031699,0.00348080881128433,0.170204652384075
"Suv39h1","Suv39h1","NM_001290716","Midbrain","12.5",3,0.3865,0.55405,-0.16755,-0.16755,-0.16755,0,0.0061654668592904,0.0813232117174462,-1,3.97171173722704e-05,0.000330518629477967,0.000156302597338436,0.0112182051703481
"Plxnb2","Plxnb2","NM_138749","Midbrain","0",8,0.9776,0.7903,0.1873,0.1873,0.1873,-1.11022302462516e-16,0.0061680849676827,0.0813577448660212,1,0.00130795234684603,0.00715232723000514,0.00508043475870471,0.237438492052183
"Spink2","Spink2","NM_183284","Midbrain","14.5",5,0,1,-1,-1,-1,0,0.00618682413906787,0.0816049166758362,-1,0.000657445830308992,0.00393350269977027,0.00525956664247192,0.244424747032028
"Spink2","Spink2","NM_183284","Midbrain","12.5",3,0,1,-1,-1,-1,0,0.00618682413906787,0.0816049166758362,-1,0.000657445830308992,0.00393350269977027,0.00525956664247192,0.244424747032028
"Spink2","Spink2","NM_183284","Midbrain","16.5",7,0,1,-1,-1,-1,0,0.00618682413906787,0.0816049166758362,-1,0.000657445830308992,0.00393350269977027,0.00525956664247192,0.244424747032028
"Spink2","Spink2","NM_183284","Midbrain","13.5",4,0,1,-1,-1,-1,0,0.00618682413906787,0.0816049166758362,-1,0.000657445830308992,0.00393350269977027,0.00525956664247192,0.244424747032028
"Bcat2","Bcat2","NM_001243052","Midbrain","15.5",6,0.0457,0.2061,-0.1604,-0.1604,-0.1604,0,0.00620038402357314,0.0817837731004433,-1,0.00263703318283068,0.0130061431873017,0.00527406636566133,0.244822572220364
"Rusc2","Rusc2","NM_199057","Midbrain","15.5",6,0.48565,0.7802,-0.29455,-0.29455,-0.29455,0,0.00626759489158583,0.0826702921222548,-1,0.000889540810489912,0.00511485966031699,0.00348080881128433,0.170204652384075
"Dnmbp","Dnmbp","NM_028029","Midbrain","12.5",3,0.21905,0.36085,-0.1418,-0.1418,-0.1418,0,0.00627329002173469,0.0827454115390686,-1,7.86109031846804e-05,0.00060268359108255,0.0003023185478311,0.0198122125831315
"Stx3","Stx3","NM_001286543","Midbrain","15.5",6,0.0543,0.453375,-0.399075,-0.3991,-0.39905,5.000000000005e-05,0.0063519582801803,0.0837830548486543,-1,0.0013547755497534,0.00736437968078543,0.00394474187562024,0.189517855935847
"Wsb1","Wsb1","NM_001042565","Midbrain","15.5",6,0.2859,0.3961,-0.1102,-0.1102,-0.1102,-5.55111512312578e-17,0.00636133723523347,0.0839067643364975,-1,0.000992668056357803,0.00563702443418073,0.00362052939712417,0.176408922365215
"Qsox1","Qsox1","NM_023268","Midbrain","15.5",6,0.6758,0.514475,0.161325,0.16135,0.1613,-4.99999999999945e-05,0.00636935869582107,0.0840125683173697,1,0.000453264061540514,0.00283413881102587,0.00241590555089478,0.126058371485037
"Lamp2","Lamp2","NM_010685","Midbrain","15.5",6,0.41485,0.2921,0.12275,0.12275,0.12275,0,0.00636957701098132,0.084015447919256,1,0.00201135611928133,0.0102516447193214,0.00544240841515101,0.250381335585143
"Wbp1l","Wbp1l","NM_146099","Midbrain","15.5",6,0.14745,0.44935,-0.3019,-0.3019,-0.3019,5.55111512312578e-17,0.00637694224491375,0.0841125961956324,-1,0.000660519029711971,0.00394158487482619,0.00132103805942394,0.0732901057059964
"Foxp2","Foxp2","NM_212435","Midbrain","15.5",6,0.1073,0.4909,-0.3836,-0.3836,-0.3836,0,0.00644345488129487,0.084989905462514,-1,4.54869785446802e-08,6.96304051361776e-07,9.09739570893605e-08,1.2669116054567e-05
"Dnmbp","Dnmbp","NM_001306088","Midbrain","12.5",3,0.78095,0.63915,0.1418,0.1418,0.1418,0,0.006449353228888,0.0850677053406168,1,7.86109031846804e-05,0.00060268359108255,0.0003023185478311,0.0198122125831315
"Cep112","Cep112","NM_029606","Midbrain","12.5",3,0.4251,1,-0.5749,-0.5749,-0.5749,0,0.00647105862427133,0.0853540019835887,-1,0.00277386474782518,0.0135351587961576,0.00554772949565036,0.254092355587015
"Dlg1","Dlg1","NM_001252436","Midbrain","15.5",6,0.07075,0.27415,-0.2034,-0.2034,-0.2034,0,0.00651129716125596,0.0858847528800063,-1,0.00558846891454604,0.0246895967392637,0.011176937829092,0.467266614214672
"Oprl1","Oprl1","NM_001252565","Midbrain","11.5",2,0.38865,0,0.38865,0.38865,0.38865,0,0.00655626936145079,0.0864779413345566,1,0.000918198640616097,0.00525981874605741,0.00182133805811974,0.0973766918795604
"Serpinb6a","Serpinb6a","NM_001243192","Midbrain","15.5",6,0.20075,0.5355,-0.33475,-0.33475,-0.33475,0,0.00655626936145079,0.0864779413345566,-1,0.0037560930787677,0.017578361985194,0.00751218615753541,0.331897155010806
"Ptbp1","Ptbp1","NM_008956","Midbrain","13.5",4,0.66615,0.539375,0.126775,0.1268,0.12675,-4.99999999999945e-05,0.00656821479183489,0.0866355029250011,1,0.0025707099413562,0.0127201507044187,0.00562237717201894,0.25722549842649
"Rara","Rara","NM_001176528","Midbrain","10.5",1,0.3628,0.60015,-0.23735,-0.23735,-0.23735,0,0.00658607975195266,0.0868711437884,-1,2.29597934057594e-05,0.000206457710055326,4.59195868115188e-05,0.00383168549170417
"Tcf7l2","Tcf7l2","NM_001142922","Midbrain","14.5",5,0.05245,0.34945,-0.297,-0.297,-0.297,-5.55111512312578e-17,0.00663105706418238,0.0874643996712741,-1,7.65713832265965e-05,0.000591007118091285,0.000153142766453193,0.0110361931143073
"Orc6","Orc6","NM_019716","Midbrain","15.5",6,0.9024,0.80195,0.10045,0.10045,0.10045,0,0.00671568534052905,0.0885806562973644,1,0.00144660594386846,0.00778039413053575,0.00417986891943804,0.200114400874372
"Agtpbp1","Agtpbp1","NM_023328","Midbrain","11.5",2,0.55665,0.40985,0.1468,0.1468,0.1468,-5.55111512312578e-17,0.00672537777390612,0.0887085006000862,1,0.0038739293560648,0.0180063255000453,0.0077478587121296,0.339955885042071
"Rims1","Rims1","NM_053270","Midbrain","15.5",6,0,0.13345,-0.13345,-0.13345,-0.13345,0,0.00673194315713066,0.0887950987543153,-1,0.00152955807892957,0.00814992703988432,0.00305494673596101,0.153758301440473
"Prom1","Prom1","NM_008935","Midbrain","12.5",3,0,0.104125,-0.104125,-0.10415,-0.1041,4.99999999999945e-05,0.00673361102786978,0.0888170981597667,-1,1.14358795309311e-24,1.30855051532679e-21,2.28717590618621e-24,2.35699362545673e-20
"Naa10","Naa10","NM_019870","Midbrain","15.5",6,0.31535,0.47565,-0.1603,-0.1603,-0.1603,0,0.00677053119837227,0.0893040794234636,-1,0.00100731621391993,0.00569899420409334,0.00390798871049218,0.18819079100087
"Gm10069","Gm10069","NR_028592","Midbrain","10.5",1,0.64355,1,-0.35645,-0.35645,-0.35645,0,0.00677495568983516,0.0893624389709545,-1,0.000978869326920739,0.00557249366830376,0.00391337604864851,0.188230325228328
"Gm10069","Gm10069","NR_028593","Midbrain","10.5",1,0.35645,0,0.35645,0.35645,0.35645,0,0.00677495568983516,0.0893624389709545,1,0.000978869326920739,0.00557249366830376,0.00391337604864851,0.188230325228328
"Lins","Lins","NR_034030","Midbrain","0",8,0.27195,0.07065,0.2013,0.2013,0.2013,-5.55111512312578e-17,0.00681280925832269,0.0898617318606299,1,0.00295464848276782,0.0143256632474876,0.00590929696553563,0.269157241209333
"Tcf12","Tcf12","NM_001253863","Midbrain","0",8,0.28445,0.0444,0.24005,0.24005,0.24005,-8.32667268468867e-17,0.00685563320203263,0.0904265845669017,1,1.42519591305873e-07,1.98875661404567e-06,2.96666467925368e-07,3.78603627351428e-05
"Wsb1","Wsb1","NM_019653","Midbrain","15.5",6,0.7141,0.6039,0.1102,0.1102,0.1102,1.11022302462516e-16,0.00685908145814553,0.0904720674586802,1,0.000992668056357803,0.00563702443418073,0.00362052939712417,0.176408922365215
"Smek1","Smek1","NM_001160214","Midbrain","0",8,0.37575,0.700075,-0.324325,-0.3243,-0.32435,-5.00000000001055e-05,0.00689210976669752,0.0909077146189589,-1,0.000509078284514093,0.0031409464322112,0.00200072661693296,0.105597964758148
"Naa10","Naa10","NM_001177965","Midbrain","15.5",6,0.68465,0.52435,0.1603,0.1603,0.1603,0,0.00694687440751281,0.0916300664831881,1,0.00100731621391993,0.00569899420409334,0.00390798871049218,0.18819079100087
"Palld","Palld","NM_001293774","Midbrain","11.5",2,0.4506,0.18235,0.26825,0.26825,0.26825,0,0.00695448797722024,0.0917304903367865,1,7.9315525763423e-11,2.25482708956017e-09,1.58631051526846e-10,4.16492689245342e-08
"Smek1","Smek1","NM_211355","Midbrain","0",8,0.62425,0.299925,0.324325,0.3243,0.32435,4.9999999999939e-05,0.00701004718070726,0.0924633225733623,1,0.000509078284514093,0.0031409464322112,0.00200072661693296,0.105597964758148
"Lef1","Lef1","NM_001276402","Midbrain","0",8,0.788,0.3387,0.4493,0.4493,0.4493,-2.22044604925031e-16,0.00709445648149873,0.0935766908868814,1,0.000774131420161618,0.00451362994914615,0.00262766911495438,0.135655508274404
"Mgat1","Mgat1","NM_001110150","Midbrain","14.5",5,0.2239,0.51065,-0.28675,-0.2867,-0.2868,-9.9999999999989e-05,0.00709445648149873,0.0935766908868814,-1,2.10643992675024e-05,0.00019114902500868,4.20441489826913e-05,0.00356605575442717
"Wdr35","Wdr35","NM_001159527","Midbrain","0",8,0.0934,0.279275,-0.185875,-0.1859,-0.18585,4.99999999999945e-05,0.00709445648149873,0.0935766908868814,-1,1.50757923394969e-09,3.21375882617433e-08,5.99367203685996e-09,1.09806813591457e-06
"Wdr35","Wdr35","NM_172470","Midbrain","0",8,0.9066,0.720725,0.185875,0.1859,0.18585,-4.99999999999945e-05,0.00711741398058673,0.0938795029206567,1,1.50757923394969e-09,3.21375882617433e-08,5.99367203685996e-09,1.09806813591457e-06
"Mcf2","Mcf2","NM_001289730","Midbrain","11.5",2,0.37715,0,0.37715,0.37715,0.37715,0,0.00714238838484088,0.0942089181638216,1,0.00312411731301461,0.0149728638132648,0.00624823462602921,0.283342863063628
"2210408F21Rik","2210408F21Rik","NR_040258","Midbrain","10.5",1,1,0,1,1,1,0,0.00716465463886027,0.0945026125962301,1,0.006271147736946,0.0273055512036238,0.012542295473892,0.517927671201009
"Ap1b1","Ap1b1","NM_001243043","Midbrain","15.5",6,0.05985,0.252375,-0.192525,-0.19255,-0.1925,4.99999999999945e-05,0.00722931073469938,0.0953554338814219,-1,0.00316700019504253,0.0151466665545556,0.0063209646847972,0.286205768747167
"Meaf6","Meaf6","NM_001290701","Midbrain","15.5",6,0.69925,0.95665,-0.2574,-0.2574,-0.2574,0,0.00727408125587244,0.0959459621666516,-1,0.00107337160534545,0.00602061499713986,0.00425275438447507,0.20336764854046
"Atp11a","Atp11a","NM_001293668","Midbrain","11.5",2,0,0.24755,-0.24755,-0.24765,-0.24745,0.000199999999999978,0.00728605739217186,0.0961039287716245,-1,0.00426092035717009,0.0195022324747675,0.00846041626575392,0.366716158452978
"Poglut1","Poglut1","NM_001300827","Midbrain","15.5",6,0.26755,0.46045,-0.1929,-0.1929,-0.1929,0,0.00730350119139383,0.0963340144747286,-1,0.0011005317933404,0.00615034678647007,0.00427345551855624,0.204120782266691
"Dlg3","Dlg3","NM_001290402","Midbrain","15.5",6,0.05625,0.563725,-0.507475,-0.50745,-0.5075,-4.99999999999945e-05,0.00733043965749999,0.0966893359179365,-1,0.00429390297745385,0.0196190456424346,0.00858173362913573,0.371194011834231
"Meaf6","Meaf6","NM_027310","Midbrain","15.5",6,0.30075,0.04335,0.2574,0.2574,0.2574,-6.93889390390723e-18,0.00733043965749999,0.0966893359179365,1,0.00107337160534545,0.00602061499713986,0.00425275438447507,0.20336764854046
"Slc6a5","Slc6a5","NM_001146013","Midbrain","11.5",2,0,0.98105,-0.98105,-0.98105,-0.98105,0,0.00733382312234774,0.0967339642055313,-1,5.54599072627874e-06,5.74298632447462e-05,6.59491180807745e-05,0.00526839249612244
"Map4k4","Map4k4","NM_001252200","Midbrain","15.5",6,0.05815,0.358075,-0.299925,-0.29995,-0.2999,4.99999999999945e-05,0.00734026691843515,0.0968189586115414,-1,0.00430435081739346,0.0196420874289231,0.00859899212288959,0.371550635382113
"Pcdh11x","Pcdh11x","NR_073451","Midbrain","10.5",1,0,0.564075,-0.564075,-0.56405,-0.5641,-5.00000000001055e-05,0.00735462059108158,0.0970082851923485,-1,5.51387222828808e-05,0.000445883271888242,0.000110277444565762,0.00828005423019027
"Slc6a5","Slc6a5","NM_148931","Midbrain","11.5",2,1,0.01895,0.98105,0.98105,0.98105,0,0.00737334146510414,0.0972552156578619,1,5.54599072627874e-06,5.74298632447462e-05,6.59491180807745e-05,0.00526839249612244
"Ing1","Ing1","NM_001302458","Midbrain","15.5",6,0.0402,0.1794,-0.1392,-0.1392,-0.1392,0,0.00737334146510414,0.0972552156578619,-1,0.00649622191237265,0.0280237584287744,0.0129924438247453,0.532897420335383
"Milr1","Milr1","NM_001271375","Midbrain","14.5",5,0.5954,0,0.5954,0.5954,0.5954,0,0.0074634906877613,0.0984442941960531,1,0.00438734237281678,0.0199809612342113,0.00877468474563356,0.377574015687038
"Arhgef9","Arhgef9","NM_001290385","Midbrain","15.5",6,0.8715,0.57175,0.29975,0.29975,0.29975,-1.11022302462516e-16,0.00746952625667857,0.0985239040390863,1,0.00329495799522655,0.0157257797123586,0.0065899159904531,0.296877726836395
"Poglut1","Poglut1","NM_172380","Midbrain","15.5",6,0.73245,0.53955,0.1929,0.1929,0.1929,0,0.00748050852959095,0.0986687614725257,1,0.0011005317933404,0.00615034678647007,0.00427345551855624,0.204120782266691
"Dst","Dst","NM_010081","Midbrain","15.5",6,0.18045,0.0792,0.10125,0.10125,0.10125,0,0.00751180316352116,0.0990815412666286,1,3.99410648597874e-08,6.19695775807616e-07,7.98821297195747e-08,1.13938533178125e-05
"Pum1","Pum1","NM_001159606","Midbrain","15.5",6,0.101,0.204425,-0.103425,-0.10345,-0.1034,5.000000000005e-05,0.00754477149425341,0.099516397312618,-1,0.005561986016076,0.0246678391430037,0.0110736219188732,0.465271934183538
"Mpv17l","Mpv17l","NM_033564","Midbrain","11.5",2,0.08185,0.310625,-0.228775,-0.2288,-0.22875,4.99999999999945e-05,0.0075564052248679,0.099669847547518,-1,0.00557358082915978,0.0246714501499655,0.0111361370036821,0.466981718816301
"Osbpl6","Osbpl6","NM_001290734","Midbrain","15.5",6,0.8028,0.307125,0.495675,0.49565,0.4957,4.99999999999945e-05,0.00759637464855938,0.100197048808877,1,0.00448730479759112,0.0203551972830273,0.00896572208150356,0.384574706055942
"Mbp","Mbp","NM_001025245","Midbrain","12.5",3,0.7215,0.48585,0.23565,0.23565,0.23565,0,0.0076312015039765,0.100656419007627,1,1.80081879629047e-12,7.10764834294255e-11,3.60163759258092e-12,1.3379160329835e-09
"Sall2","Sall2","NM_001244916","Midbrain","11.5",2,0.72125,0.90175,-0.1805,-0.1805,-0.1805,-1.11022302462516e-16,0.00763260352603479,0.10067491183863,-1,1.76212966720822e-08,2.92219836478697e-07,6.8493411397406e-08,9.97656861245285e-06
"Cd99l2","Cd99l2","NM_001199349","Midbrain","15.5",6,0.63435,0.9663,-0.33195,-0.33195,-0.33195,2.22044604925031e-16,0.00766768457148842,0.101137634832979,-1,0.00116570362883484,0.00648289855307057,0.00453923006109524,0.21581515028657
"Sall2","Sall2","NM_015772","Midbrain","11.5",2,0.27875,0.09825,0.1805,0.1805,0.1805,0,0.00775170518132613,0.102245876268446,1,1.76212966720822e-08,2.92219836478697e-07,6.8493411397406e-08,9.97656861245285e-06
"Olfm3","Olfm3","NM_153458","Midbrain","10.5",1,1,0.432175,0.567825,0.56785,0.5678,-5.00000000001055e-05,0.00778514549046505,0.1026869577635,1,8.12159036934877e-05,0.000616459686907285,0.000162336987291245,0.0115973963740724
"Cd99l2","Cd99l2","NM_138309","Midbrain","15.5",6,0.36565,0.0337,0.33195,0.33195,0.33195,0,0.00784679339721739,0.103500100691225,1,0.00116570362883484,0.00648289855307057,0.00453923006109524,0.21581515028657
"Nfix","Nfix","NM_001081981","Midbrain","15.5",6,0.0726,0.1892,-0.1166,-0.1166,-0.1166,0,0.00785337693518367,0.10358693830857,-1,0.00350192724804088,0.0165410949579805,0.00700385449608175,0.313130250889061
"Ctnnb1","Ctnnb1","NM_001165902","Midbrain","14.5",5,0.4194,0.27475,0.14465,0.14465,0.14465,0,0.00785448915450047,0.103601608608329,1,0.00125425139087292,0.00691749371420489,0.00467240762518259,0.221380978814201
"Atp5g1","Atp5g1","NM_007506","Midbrain","14.5",5,0.45535,0.3508,0.10455,0.10455,0.10455,0,0.00789319893857452,0.104112195079335,1,2.03280784977242e-12,7.95227481060545e-11,7.12210545789465e-12,2.40639768590221e-09
"Pard3","Pard3","NM_001309392","Midbrain","15.5",6,0.64375,0.113625,0.530125,0.5301,0.53015,4.99999999999945e-05,0.00790166610389479,0.104223877956512,1,3.54783550918794e-12,1.30955186496397e-10,7.09567101837587e-12,2.40639768590221e-09
"Sytl2","Sytl2","NM_031394","Midbrain","11.5",2,0.29555,0,0.29555,0.29555,0.29555,0,0.00795697510463781,0.104953409990332,1,0.00414948909447338,0.0190876498345775,0.0119905757592456,0.498249873553693
"Crem","Crem","NM_001110850","Midbrain","13.5",4,0.1835,0,0.1835,0.1835,0.1835,0,0.00802294668980339,0.105823582729915,1,0.0179405830348803,0.065118198692028,0.0358811660697606,1
"Kif17","Kif17","NM_001190978","Midbrain","10.5",1,0,0.68705,-0.68705,-0.68705,-0.68705,1.11022302462516e-16,0.00806922374166306,0.106433982326885,-1,0.00120537626630591,0.00669539705204145,0.00481690818867991,0.227182967423995
"Rapgef4","Rapgef4","NM_019688","Midbrain","12.5",3,0.1153,0.385025,-0.269725,-0.26975,-0.2697,4.9999999999939e-05,0.00806922374166306,0.106433982326885,-1,8.09543669511792e-09,1.44174372581925e-07,1.61908733902358e-08,2.63796231713569e-06
"Kif17","Kif17","NM_010623","Midbrain","10.5",1,1,0.31295,0.68705,0.68705,0.68705,0,0.00807044382206531,0.106450075326674,1,0.00120537626630591,0.00669539705204145,0.00481690818867991,0.227182967423995
"Pip5k1c","Pip5k1c","NM_008844","Midbrain","15.5",6,0.42925,0.660075,-0.230825,-0.23085,-0.2308,5.00000000001055e-05,0.00808602081479904,0.106655537639085,-1,1.34693655359549e-10,3.5430624171302e-09,2.69387310719097e-10,6.49381416682394e-08
"Oprl1","Oprl1","NR_045541","Midbrain","15.5",6,0,0.1322,-0.1322,-0.1322,-0.1322,0,0.00822613376026947,0.108503643384991,-1,0.000918198640616097,0.00525981874605741,0.00182133805811974,0.0973766918795604
"Bcs1l","Bcs1l","NM_001305652","Midbrain","12.5",3,0.59655,0.3354,0.26115,0.26115,0.26115,0,0.00835418090268398,0.110192599811169,1,0.00125442861760762,0.00691749371420489,0.00501278597888778,0.235344188674053
"Bcs1l","Bcs1l","NM_025784","Midbrain","12.5",3,0.40345,0.6646,-0.26115,-0.26115,-0.26115,0,0.00835418090268398,0.110192599811169,-1,0.00125442861760762,0.00691749371420489,0.00501278597888778,0.235344188674053
"Ctnnb1","Ctnnb1","NM_007614","Midbrain","14.5",5,0.5806,0.72525,-0.14465,-0.14465,-0.14465,0,0.00835418090268398,0.110192599811169,-1,0.00125425139087292,0.00691749371420489,0.00467240762518259,0.221380978814201
"Atp5g1","Atp5g1","NM_001161419","Midbrain","14.5",5,0.54465,0.6492,-0.10455,-0.10455,-0.10455,-1.11022302462516e-16,0.00838940572271206,0.110657219208569,-1,2.03280784977242e-12,7.95227481060545e-11,7.12210545789465e-12,2.40639768590221e-09
"Casp8ap2","Casp8ap2","NM_001122978","Midbrain","16.5",7,0.4617,0.231325,0.230375,0.23035,0.2304,4.99999999999945e-05,0.00843008791458671,0.111193821963633,1,0.00130576976363845,0.00714893326336506,0.00505317887847907,0.236690583276335
"Zfp68","Zfp68","NM_001044747","Midbrain","15.5",6,0.42165,0.5687,-0.14705,-0.14705,-0.14705,0,0.00843147404888932,0.111212105233325,-1,0.00380719751732224,0.0177811663640652,0.00761439503464448,0.335384088148319
"Trpc7","Trpc7","NM_001302372","Midbrain","15.5",6,1,0.2557,0.7443,0.74425,0.74435,9.99999999999335e-05,0.00845055223133137,0.111463748637681,1,0.00213782977740201,0.0108239456760719,0.00762787728843345,0.335569853917098
"Gtf2ird1","Gtf2ird1","NM_020331","Midbrain","15.5",6,0.1589,0,0.1589,0.1589,0.1589,0,0.00847693121898762,0.111811690496265,1,0.0089408361390968,0.0369000964911146,0.0178816722781936,0.698012250679779
"Ank3","Ank3","NM_009670","Midbrain","11.5",2,0.29405,0.1127,0.18135,0.18135,0.18135,1.38777878078145e-17,0.00849062375865905,0.111992296657658,1,2.6746715590131e-11,8.38491214082396e-10,5.34934311802621e-11,1.54717432745371e-08
"Dab1","Dab1","NM_177259","Midbrain","15.5",6,0.053,0.1806,-0.1276,-0.1276,-0.1276,2.77555756156289e-17,0.00851727733218531,0.112343860335214,-1,8.78576866581688e-07,1.04993376458078e-05,1.75715373316338e-06,0.000192637461436735
"Dcaf11","Dcaf11","NM_133734","Midbrain","15.5",6,0.31775,0.0553,0.26245,0.26245,0.26245,2.08166817117217e-17,0.00855204488539703,0.112802448331105,1,0.00387393900297205,0.0180063255000453,0.0077478780059441,0.339955885042071
"Tmem54","Tmem54","NM_133881","Midbrain","11.5",2,0.84555,0,0.84555,0.84555,0.84555,0,0.00856608746299328,0.112987671532686,1,0.00388440620276023,0.0180313663184925,0.00776881240552047,0.339955885042071
"Cntnap2","Cntnap2","NM_001004357","Midbrain","14.5",5,0.2065,0.37575,-0.16925,-0.16925,-0.16925,0,0.00860868697363163,0.113549563941122,-1,2.37932243988736e-11,7.51045434990652e-10,9.36089679034108e-11,2.55540265408656e-08
"Casp8ap2","Casp8ap2","NM_011997","Midbrain","16.5",7,0.5383,0.768675,-0.230375,-0.23035,-0.2304,-5.00000000002165e-05,0.00862028284757795,0.113702514842247,-1,0.00130576976363845,0.00714893326336506,0.00505317887847907,0.236690583276335
"Nfatc2","Nfatc2","NM_001037178","Midbrain","12.5",3,0.60975,0,0.60975,0.60975,0.60975,0,0.00865245040269077,0.114126808566401,1,0.00646957537553258,0.0279615169913245,0.0129091146751086,0.530654864425085
"Spock3","Spock3","NM_023689","Midbrain","15.5",6,0.55245,0.885075,-0.332625,-0.33265,-0.3326,4.99999999998835e-05,0.00866409408635745,0.114280390083195,-1,7.99876862044086e-05,0.000610172732929297,0.000159975372408817,0.0114485234576416
"Cntnap2","Cntnap2","NM_025771","Midbrain","14.5",5,0.7935,0.62425,0.16925,0.16925,0.16925,0,0.00866409408635745,0.114280390083195,1,2.37932243988736e-11,7.51045434990652e-10,9.36089679034108e-11,2.55540265408656e-08
"Mapk8ip3","Mapk8ip3","NM_001163448","Midbrain","15.5",6,0.34935,0.069175,0.280175,0.28015,0.2802,5.00000000000084e-05,0.00870846372217792,0.11486563064486,1,3.38378158869682e-06,3.65272838006258e-05,6.75200353649707e-06,0.000667444929348156
"Lamp2","Lamp2","NM_001017959","Midbrain","16.5",7,0.43925,0.5622,-0.12295,-0.12295,-0.12295,-1.11022302462516e-16,0.00880823739877351,0.116181656829217,-1,0.00201135611928133,0.0102516447193214,0.00544240841515101,0.250381335585143
"Nip7","Nip7","NM_025391","Midbrain","15.5",6,0.92225,0.81185,0.1104,0.1104,0.1104,0,0.00883557485731985,0.116542241028259,1,0.00193668427164832,0.00992632016946739,0.00538308651129833,0.248592875138238
"Phf21b","Phf21b","NR_030731","Midbrain","15.5",6,1,0.07035,0.92965,0.92965,0.92965,-1.38777878078145e-17,0.00883939746062225,0.116592661602202,1,0.00134847243357499,0.00733883273302348,0.00539147212493913,0.248592875138238
"Phf21b","Phf21b","NM_001081166","Midbrain","15.5",6,0,0.92965,-0.92965,-0.92965,-0.92965,0,0.00883939746062225,0.116592661602202,-1,0.00134847243357499,0.00733883273302348,0.00539147212493913,0.248592875138238
"Nipbl","Nipbl","NM_201232","Midbrain","16.5",7,0.35845,0.191,0.16745,0.16745,0.16745,2.77555756156289e-17,0.00898545904966283,0.11851923063589,1,0.0014418774539858,0.00776408600810941,0.00549737520191083,0.252346842106062
"Mapk14","Mapk14","NM_011951","Midbrain","15.5",6,0.6967,0,0.6967,0.6967,0.6967,0,0.00899580751153519,0.118655728029356,1,1.9833884062913e-10,5.04331596421961e-09,3.96677681258261e-10,9.18621478510484e-08
"Bnip2","Bnip2","NM_016787","Midbrain","15.5",6,0.5627,0.25715,0.30555,0.30555,0.30555,5.55111512312578e-17,0.00899773285087018,0.118681123474979,1,0.00140528711486841,0.007611833283731,0.00551063513899262,0.252674140674153
"Tpm1","Tpm1","NM_001164251","Midbrain","11.5",2,0.0426,0.145675,-0.103075,-0.10265,-0.1035,-0.000850000000000017,0.00902344473844397,0.11902026620732,-1,5.99028293672493e-16,6.23125568213409e-14,1.14539928077806e-15,1.12415565001639e-12
"Arvcf","Arvcf","NM_001272029","Midbrain","15.5",6,0.1012,0.207125,-0.105925,-0.1056,-0.10625,-0.000650000000000039,0.00908294382759107,0.119805065985526,-1,6.60322940724617e-14,3.99220222087171e-12,1.29138439696849e-13,7.28673164971092e-11
"Reps1","Reps1","NM_009048","Midbrain","14.5",5,0.9895,0.83565,0.15385,0.15385,0.15385,0,0.00914656819635484,0.120644278672813,1,8.68784416831415e-05,0.000654017479578518,0.000345258329091407,0.0222721497586685
"Kcnip1","Kcnip1","NM_001190885","Midbrain","13.5",4,0.0339,0.1424,-0.1085,-0.1085,-0.1085,2.77555756156289e-17,0.00914656819635484,0.120644278672813,-1,2.63525266117035e-09,5.2901541360424e-08,5.27050532234068e-09,9.78629073246229e-07
"Bnip2","Bnip2","NM_001008238","Midbrain","15.5",6,0.4373,0.74285,-0.30555,-0.30555,-0.30555,1.11022302462516e-16,0.00915429550705586,0.120746202783101,-1,0.00140528711486841,0.007611833283731,0.00551063513899262,0.252674140674153
"Reps1","Reps1","NM_001111065","Midbrain","14.5",5,0.0105,0.16435,-0.15385,-0.15385,-0.15385,2.77555756156289e-17,0.00918606862734556,0.12116529386691,-1,8.68784416831415e-05,0.000654017479578518,0.000345258329091407,0.0222721497586685
"Itga3","Itga3","NM_013565","Midbrain","11.5",2,1,0.848875,0.151125,0.15115,0.1511,-4.99999999999945e-05,0.00921204482456677,0.121507922873673,1,0.00424687262604159,0.0194573934027951,0.00848426781649755,0.367363710252705
"Trpc7","Trpc7","NM_012035","Midbrain","15.5",6,0,0.686125,-0.686125,-0.6861,-0.68615,-5.00000000001055e-05,0.00926917379376938,0.122261460499241,-1,0.00213782977740201,0.0108239456760719,0.00762787728843345,0.335569853917098
"Senp7","Senp7","NM_001003972","Midbrain","0",8,0.14235,0.449075,-0.306725,-0.3067,-0.30675,-4.99999999998835e-05,0.00927486083092768,0.122336473168585,-1,0.00570703667970001,0.0250682407706209,0.0114041125208955,0.475798842348422
"Nipbl","Nipbl","NM_027707","Midbrain","16.5",7,0.64155,0.809,-0.16745,-0.16745,-0.16745,0,0.00936827411966792,0.123568605111034,-1,0.0014418774539858,0.00776408600810941,0.00549737520191083,0.252346842106062
"Slc4a10","Slc4a10","NM_001242378","Midbrain","13.5",4,0,0.3911,-0.3911,-0.3836,-0.3986,-0.015,0.00941317608752902,0.124160867193085,-1,0.00024987839534167,0.00167696981741763,0.000499756790683339,0.0310716279128116
"Pde4dip","Pde4dip","NM_001289701","Midbrain","15.5",6,0.17405,0.01515,0.1589,0.1589,0.1589,0,0.00943188469539784,0.124407635866631,1,4.04302159290661e-09,7.7751721977872e-08,8.08604318581321e-09,1.44292217746964e-06
"Itch","Itch","NM_001243712","Midbrain","15.5",6,0.1711,0.3936,-0.2225,-0.2225,-0.2225,5.55111512312578e-17,0.00950241083866828,0.12533788374756,-1,0.00149560477777531,0.00800629598582176,0.00586375499863176,0.267378336883648
"Atxn1","Atxn1","NM_009124","Midbrain","10.5",1,0.20485,1,-0.79515,-0.79515,-0.79515,-1.11022302462516e-16,0.00953381456992956,0.125752102547914,-1,0.00441692024375022,0.0200956699360286,0.00883384048750041,0.379708026559604
"Trp63","Trp63","NM_011641","Midbrain","15.5",6,0.2818,0,0.2818,0.2818,0.2818,0,0.00965720826205554,0.127379679433554,1,0.00895743292501916,0.0369352887367682,0.0179148658500383,0.698646366996281
"Itch","Itch","NM_008395","Midbrain","15.5",6,0.8289,0.6064,0.2225,0.2225,0.2225,-1.11022302462516e-16,0.00966967200589544,0.127544077637651,1,0.00149560477777531,0.00800629598582176,0.00586375499863176,0.267378336883648
"Mpdu1","Mpdu1","NM_011900","Midbrain","15.5",6,0.7994,0.588125,0.211275,0.2113,0.21125,-4.99999999999945e-05,0.00976445104946439,0.128794224042204,1,7.15190385607762e-07,8.7995333196955e-06,1.43038077121552e-06,0.000160658767479204
"Repin1","Repin1","NM_175099","Midbrain","14.5",5,0.2302,0.049825,0.180375,0.1804,0.18035,-5.00000000000014e-05,0.00976798934850759,0.128840894610513,1,0.00907423345405819,0.0372990183497611,0.0180404483897342,0.701552690058559
"Mdk","Mdk","NM_001012335","Midbrain","13.5",4,0.3305,0.21365,0.11685,0.11685,0.11685,-5.55111512312578e-17,0.00977073989054619,0.128877174574001,1,3.57745820512206e-05,0.000302103804517411,7.12519223372526e-05,0.00560510988085864
"D430036J16Rik","D430036J16Rik","NR_040393","Midbrain","10.5",1,0,0.224775,-0.224775,-0.22475,-0.2248,-5.00000000000222e-05,0.00979655480382755,0.129217676227186,-1,0.000141541362333654,0.00100284027151878,0.000283082724667308,0.0187302749354009
"Crk","Crk","NM_001277219","Midbrain","15.5",6,0.24295,0.3766,-0.13365,-0.13365,-0.13365,-1.11022302462516e-16,0.00982701422841573,0.129619439514721,-1,0.00351144374650262,0.0165689464203531,0.0091431978672309,0.391372821475946
"Igsf1","Igsf1","NM_183336","Midbrain","15.5",6,0.5855,0,0.5855,0.5855,0.5855,0,0.0100066464134324,0.131988808541717,1,0.00621008463206381,0.0270700546294819,0.0124201692641276,0.514028274108856
"Abl1","Abl1","NM_009594","Midbrain","0",8,0.21915,0.35285,-0.1337,-0.1337,-0.1337,-1.66533453693773e-16,0.0100171028333139,0.132126729913649,-1,0.000413829289603555,0.00261977407816801,0.000827658579207111,0.0492233631275212
"Vwa8","Vwa8","NM_173758","Midbrain","15.5",6,0.60495,0.335025,0.269925,0.26995,0.2699,-4.99999999999945e-05,0.0100242118411892,0.132220498539081,1,0.00156705381464204,0.00832882066061171,0.00621364839641227,0.282084782533918
"Vwa8","Vwa8","NM_027906","Midbrain","15.5",6,0.39505,0.664975,-0.269925,-0.26995,-0.2699,4.99999999998835e-05,0.010079554264067,0.132950471414674,-1,0.00156705381464204,0.00832882066061171,0.00621364839641227,0.282084782533918
"Ank3","Ank3","NM_170689","Midbrain","15.5",6,0.3625,0.0094,0.3531,0.3531,0.3531,0,0.0101626614210114,0.134046664302199,1,2.6746715590131e-11,8.38491214082396e-10,5.34934311802621e-11,1.54717432745371e-08
"Bcl11b","Bcl11b","NM_021399","Midbrain","15.5",6,0.23535,0.705725,-0.470375,-0.4704,-0.47035,4.99999999999945e-05,0.0102369864894052,0.135027020439186,-1,0.00478440288911242,0.0216599525454674,0.00956163799192332,0.40716999970767
"Pard6a","Pard6a","NM_019695","Midbrain","15.5",6,0,0.154475,-0.154475,-0.15445,-0.1545,-4.99999999999945e-05,0.0103493502670307,0.136509111493402,-1,0.000536031842773859,0.00328436110358227,0.00107206368554772,0.0615481456570521
"2310081J21Rik","2310081J21Rik","NR_045474_1","Midbrain","10.5",1,0.5,0,0.5,0.5,0.5,0,0.010370071739148,0.136782430076171,1,0.00124438748299303,0.00687869747543372,0.00647373496602243,0.292603090618865
"Rcan2","Rcan2","NM_207649","Midbrain","11.5",2,0.60355,0.32485,0.2787,0.2788,0.2786,-0.000199999999999978,0.0103940940981742,0.137099287734094,1,7.72239278543356e-12,2.67768119537344e-10,1.54447855708671e-11,4.9352709952006e-09
"Wbp1l","Wbp1l","NM_001177812","Midbrain","15.5",6,0.23885,0.510225,-0.271375,-0.27135,-0.2714,-4.99999999998835e-05,0.0103983158697987,0.137154973383774,-1,0.000660519029711971,0.00394158487482619,0.00132103805942394,0.0732901057059964
"Disc1","Disc1","NM_174854","Midbrain","14.5",5,0,1,-1,-1,-1,0,0.0104746133535877,0.138161345904994,-1,0.00164158431915598,0.00863624302158267,0.00656452354920039,0.296189309493989
"Disc1","Disc1","NM_174853","Midbrain","14.5",5,1,0,1,1,1,0,0.0104746133535877,0.138161345904994,1,0.00164158431915598,0.00863624302158267,0.00656452354920039,0.296189309493989
"Rad54b","Rad54b","NM_001039556","Midbrain","0",8,1,0.84065,0.15935,0.15935,0.15935,0,0.0104746133535877,0.138161345904994,1,0.00166928550908769,0.008771894116067,0.00656744951657396,0.296189309493989
"Mllt10","Mllt10","NR_045538","Midbrain","14.5",5,0,0.19995,-0.19995,-0.19995,-0.19995,-2.77555756156289e-17,0.0104771019379946,0.138194170617416,-1,0.00252934494192137,0.0125561950099502,0.00505868988384273,0.236690583276335
"Mbp","Mbp","NM_010777","Midbrain","0",8,0.3902,0.1082,0.282,0.282,0.282,5.55111512312578e-17,0.0104913292639265,0.138381830670635,1,1.80081879629047e-12,7.10764834294255e-11,3.60163759258092e-12,1.3379160329835e-09
"Rad54b","Rad54b","NM_001256145","Midbrain","0",8,0,0.15935,-0.15935,-0.15935,-0.15935,-2.77555756156289e-17,0.0106306012298401,0.14021884380018,-1,0.00166928550908769,0.008771894116067,0.00656744951657396,0.296189309493989
"Neo1","Neo1","NM_001042752","Midbrain","0",8,0.1589,0.3307,-0.1718,-0.1718,-0.1718,0,0.0106721475634961,0.14076684468399,-1,1.42964767685177e-14,1.05540280918557e-12,5.65452307187196e-14,3.47888449494975e-11
"Mphosph9","Mphosph9","NM_001277867","Midbrain","0",8,0,0.264325,-0.264325,-0.26435,-0.2643,4.99999999999945e-05,0.0106765208744615,0.140824529154877,-1,0.00238048518623157,0.0119206572181421,0.00475167281097521,0.224878121829529
"Sertad2","Sertad2","NM_021372","Midbrain","13.5",4,0.3441,0.49325,-0.14915,-0.14915,-0.14915,0,0.0106916655294819,0.141024288883494,-1,1.62348203645781e-06,1.84384051634427e-05,5.89075405192476e-06,0.000588627699279526
"Nin","Nin","NM_008697","Midbrain","15.5",6,0.39645,0.0228,0.37365,0.37365,0.37365,-3.46944695195361e-18,0.0107206060190048,0.141406017244118,1,6.68622774541725e-12,2.35406649159806e-10,1.33724554908344e-11,4.30645608949317e-09
"Neo1","Neo1","NM_008684","Midbrain","0",8,0.8411,0.6693,0.1718,0.1718,0.1718,1.11022302462516e-16,0.0107206060190048,0.141406017244118,1,1.42964767685177e-14,1.05540280918557e-12,5.65452307187196e-14,3.47888449494975e-11
"Plekha6","Plekha6","NM_001160268","Midbrain","15.5",6,0.37835,0.07255,0.3058,0.3058,0.3058,0,0.0107481657502742,0.141769533245752,1,0.00170538033856615,0.00893080756249115,0.00678361503772198,0.304605222392207
"Sorbs3","Sorbs3","NM_001271409","Midbrain","15.5",6,0.79095,0.9435,-0.15255,-0.15255,-0.15255,0,0.0107859470191207,0.142267872494908,-1,0.00681263059304691,0.029114295260855,0.0136252611860938,0.552531226019181
"Plekha6","Plekha6","NM_182930","Midbrain","15.5",6,0.62165,0.92745,-0.3058,-0.3058,-0.3058,0,0.0107918330120488,0.142345509413569,-1,0.00170538033856615,0.00893080756249115,0.00678361503772198,0.304605222392207
"Tcf12","Tcf12","NM_001253864","Midbrain","15.5",6,0.34945,0.144475,0.204975,0.205,0.20495,-5.00000000000222e-05,0.0108336262874384,0.142896767487035,1,1.42519591305873e-07,1.98875661404567e-06,2.96666467925368e-07,3.78603627351428e-05
"Asap2","Asap2","NM_001098168","Midbrain","0",8,0.35675,0.093425,0.263325,0.26325,0.2634,0.000150000000000108,0.0108704168910247,0.143382039748316,1,9.16890063375689e-14,5.24377569719173e-12,1.83192972536942e-13,9.68128575193084e-11
"Nkx6-2","Nkx6-2","NM_183248","Midbrain","15.5",6,0,0.36565,-0.36565,-0.36575,-0.36555,0.000199999999999978,0.0109513593109721,0.144449679507727,-1,0.00173670905399088,0.00906375979488743,0.00692788014517942,0.310406902582552
"Nkx6-2","Nkx6-2","NR_027857","Midbrain","15.5",6,1,0.63435,0.36565,0.36575,0.36555,-0.000199999999999867,0.0109568484016149,0.144522081239934,1,0.00173670905399088,0.00906375979488743,0.00692788014517942,0.310406902582552
"Clcn5","Clcn5","NM_001243762","Midbrain","15.5",6,0.6277,0.263025,0.364675,0.36465,0.3647,5.000000000005e-05,0.0109923540842228,0.144990405246825,1,0.00176547815408261,0.00918249262640468,0.00695867392110996,0.311448101536919
"Renbp","Renbp","NM_001164704","Midbrain","14.5",5,0,0.29945,-0.29945,-0.29945,-0.29945,0,0.0110937138143903,0.146327351658858,-1,0.00176338002687928,0.00918201408762966,0.00704424681607207,0.314594912594898
"Renbp","Renbp","NM_023132","Midbrain","14.5",5,1,0.70055,0.29945,0.29945,0.29945,0,0.0110999385448569,0.146409456564321,1,0.00176338002687928,0.00918201408762966,0.00704424681607207,0.314594912594898
"Clcn5","Clcn5","NM_016691","Midbrain","15.5",6,0.3723,0.736975,-0.364675,-0.36465,-0.3647,-4.99999999999945e-05,0.0111103519631232,0.146546810740039,-1,0.00176547815408261,0.00918249262640468,0.00695867392110996,0.311448101536919
"D430036J16Rik","D430036J16Rik","NR_040393","Midbrain","15.5",6,0,0.213475,-0.213475,-0.21345,-0.2135,-5.00000000000222e-05,0.0112008049455277,0.147739895903974,-1,0.000141541362333654,0.00100284027151878,0.000283082724667308,0.0187302749354009
"Nadk2","Nadk2","NM_001040395","Midbrain","15.5",6,0.4865,0.797075,-0.310575,-0.31055,-0.3106,-5.00000000001055e-05,0.0112355006182267,0.148197535787697,-1,0.00390914877116553,0.0181094877789723,0.0142737260884425,0.575149248442375
"Zmynd11","Zmynd11","NM_144516","Midbrain","15.5",6,0.34065,0.2083,0.13235,0.13235,0.13235,0,0.0112475477704953,0.148356439101411,1,0.00192703858348531,0.00989905229698345,0.0071688852051619,0.319469002175472
"Epn2","Epn2","NM_010148","Midbrain","15.5",6,0.11865,0.358625,-0.239975,-0.24,-0.23995,4.9999999999939e-05,0.0112489106209935,0.148374415255063,-1,0.00168575526425239,0.00883814644270696,0.00337151052850478,0.165843835613447
"Sertad2","Sertad2","NM_001038625","Midbrain","13.5",4,0.6559,0.50675,0.14915,0.14915,0.14915,1.11022302462516e-16,0.0112612246132784,0.148536838219053,1,1.62348203645781e-06,1.84384051634427e-05,5.89075405192476e-06,0.000588627699279526
"Fam149b","Fam149b","NM_001024512","Midbrain","10.5",1,0.4097,0.263,0.1467,0.1467,0.1467,0,0.0113514398416219,0.149726787379783,1,0.00239487024944228,0.0119665077856958,0.00478974049888453,0.226160404801603
"Spag9","Spag9","NM_027569","Midbrain","15.5",6,0.40485,0.24235,0.1625,0.1601,0.1649,0.0048,0.0114601504524255,0.151160692746575,1,8.94281101611065e-13,3.86143830384325e-11,1.57250984882355e-12,6.41786876591917e-10
"Foxg1","Foxg1","NM_001160112","Midbrain","14.5",5,0,1,-1,-1,-1,0,0.0114699348309808,0.151289749816693,-1,0.00183315527917049,0.0095236682324215,0.00733033644548315,0.325607772972368
"Foxg1","Foxg1","NM_008241","Midbrain","14.5",5,1,0,1,1,1,0,0.0114699348309808,0.151289749816693,1,0.00183315527917049,0.0095236682324215,0.00733033644548315,0.325607772972368
"Zfp27","Zfp27","NM_001285798","Midbrain","0",8,0,0.15865,-0.15865,-0.15865,-0.15865,-2.77555756156289e-17,0.0115343148312937,0.152138929370376,-1,1.23003748907516e-09,2.68089599404619e-08,2.45793754789946e-09,4.87109209869178e-07
"Adarb2","Adarb2","NM_052977","Midbrain","15.5",6,0,0.2911,-0.2911,-0.2911,-0.2911,0,0.0115471814179249,0.152308641116879,-1,0.00554203821747896,0.0246032094290991,0.0110840764349579,0.465271934183538
"Thsd4","Thsd4","NM_172444","Midbrain","14.5",5,0.02395,0.279775,-0.255825,-0.25585,-0.2558,4.99999999999945e-05,0.0115954952118947,0.152945905574793,-1,0.00186173839926489,0.00962844819597222,0.00741659973300345,0.329084902927673
"Thsd4","Thsd4","NM_001040426","Midbrain","14.5",5,0.97605,0.720225,0.255825,0.25585,0.2558,-4.99999999999945e-05,0.0116197354991766,0.153265637731288,1,0.00186173839926489,0.00962844819597222,0.00741659973300345,0.329084902927673
"2310081J21Rik","2310081J21Rik","NR_045474","Midbrain","10.5",1,0.5,1,-0.5,-0.5,-0.5,1.11022302462516e-16,0.0116412542037547,0.153549471901227,-1,0.00124438748299303,0.00687869747543372,0.00647373496602243,0.292603090618865
"Arhgef10l","Arhgef10l","NM_172415","Midbrain","15.5",6,0.15205,0.84875,-0.6967,-0.6967,-0.6967,-1.11022302462516e-16,0.0116660274827632,0.153876234279441,-1,0.00374297086927995,0.0175348799065448,0.00748594173855989,0.331448145716237
"2010204K13Rik","2010204K13Rik","NR_027924","Midbrain","15.5",6,0.30905,0.0837,0.22535,0.22535,0.22535,0,0.0116767668454628,0.154017887699443,1,0.00188908179718061,0.00974783245286997,0.00749656454183423,0.331562346080172
"2010204K13Rik","2010204K13Rik","NR_027925","Midbrain","15.5",6,0.69095,0.9163,-0.22535,-0.22535,-0.22535,0,0.0117581486102982,0.155091322468082,-1,0.00188908179718061,0.00974783245286997,0.00749656454183423,0.331562346080172
"Dctd","Dctd","NM_178788","Midbrain","15.5",6,0.72045,0.23435,0.4861,0.4861,0.4861,0,0.0117681283121814,0.155222955875194,1,5.90364965588141e-08,8.77305340096403e-07,1.18072993117628e-07,1.60630043153653e-05
"Irak1","Irak1","NM_001177976","Midbrain","15.5",6,0,0.343075,-0.343075,-0.3431,-0.34305,4.99999999999945e-05,0.0117940998502124,0.155565523426707,-1,0.00528698256729406,0.0235853013747611,0.0189614340614825,0.731159802443471
"Lrtm2","Lrtm2","NM_001172207","Midbrain","11.5",2,0,1,-1,-1,-1,0,0.0118184547667378,0.155886767556008,-1,0.00190396373229421,0.00980252193780722,0.00761551838759374,0.335384088148319
"Lrtm2","Lrtm2","NM_172492","Midbrain","11.5",2,1,0,1,1,1,0,0.0118184547667378,0.155886767556008,1,0.00190396373229421,0.00980252193780722,0.00761551838759374,0.335384088148319
"Erg","Erg","NM_001302153","Midbrain","14.5",5,1,0.289375,0.710625,0.71035,0.7109,0.00055000000000005,0.0118184547667378,0.155886767556008,1,0.00951934306699861,0.0387917215412468,0.018931544486749,0.730690776944328
"Unkl","Unkl","NM_028789","Midbrain","15.5",6,0.264,0.424325,-0.160325,-0.16035,-0.1603,4.99999999999945e-05,0.0118478716633811,0.156274779780937,-1,0.00572752827635368,0.0251341293584572,0.0114173470586424,0.475869360473543
"Mdk","Mdk","NM_001012336","Midbrain","12.5",3,0.5657,0.71005,-0.14435,-0.14435,-0.14435,0,0.0118796728545195,0.156694241122444,-1,3.57745820512206e-05,0.000302103804517411,7.12519223372526e-05,0.00560510988085864
"Zmynd11","Zmynd11","NM_001199141","Midbrain","15.5",6,0.65935,0.7917,-0.13235,-0.13235,-0.13235,0,0.0119439177764227,0.157541638976482,-1,0.00192703858348531,0.00989905229698345,0.0071688852051619,0.319469002175472
"Nip7","Nip7","NR_028367","Midbrain","15.5",6,0.07775,0.185,-0.10725,-0.10725,-0.10725,0,0.0119977614591547,0.158251843298457,-1,0.00193668427164832,0.00992632016946739,0.00538308651129833,0.248592875138238
"Sept9","Sept9","NM_001113486","Midbrain","15.5",6,0.2253,0.03035,0.19495,0.19495,0.19495,0,0.0120044312277997,0.158339818308298,1,0.000543791531932143,0.00331857845553789,0.00108758306386429,0.0620907952270361
"Mitf","Mitf","NM_001178049","Midbrain","13.5",4,0,0.439275,-0.439275,-0.4392,-0.43935,-0.000150000000000039,0.012019577651485,0.158539601365808,-1,0.00304171097823634,0.0146546433130397,0.00775736800471779,0.339955885042071
"Gopc","Gopc","NM_053187","Midbrain","15.5",6,0.61005,0.118675,0.491375,0.4914,0.49135,-4.99999999999945e-05,0.0120748721850918,0.159268942576449,1,0.00196324951529263,0.0100399922139602,0.00779790484509187,0.340867088031066
"Gria2","Gria2","NM_001083806","Midbrain","15.5",6,0.60305,0.0773,0.52575,0.52575,0.52575,0,0.0121131461378252,0.159773780382317,1,0.000125087448800411,0.000901614571904693,0.000250174897600821,0.0168780143721863
"Gopc","Gopc","NM_001199272","Midbrain","15.5",6,0.38995,0.881325,-0.491375,-0.4914,-0.49135,4.99999999999945e-05,0.0121131461378252,0.159773780382317,-1,0.00196324951529263,0.0100399922139602,0.00779790484509187,0.340867088031066
"Map3k7","Map3k7","NM_009316","Midbrain","15.5",6,0.37025,0.1871,0.18315,0.18315,0.18315,0,0.0122160956833961,0.161131696641013,1,0.0011245184991277,0.00626908790561206,0.00793916961175534,0.345941588897939
"Mbp","Mbp","NM_001025245","Midbrain","10.5",1,0.74325,0.5255,0.21775,0.21775,0.21775,-1.11022302462516e-16,0.0122609607935065,0.161723472565125,1,1.80081879629047e-12,7.10764834294255e-11,3.60163759258092e-12,1.3379160329835e-09
"Gtf2i","Gtf2i","NM_010365","Midbrain","14.5",5,0.39355,0.504275,-0.110725,-0.1107,-0.11075,-4.99999999999945e-05,0.0122694465160706,0.161835400214466,-1,3.36554946470752e-10,8.19368079785443e-09,6.73109892941505e-10,1.47586609636902e-07
"Gm15850","Gm15850","NR_046169","Midbrain","11.5",2,1,0,1,1,1,0,0.0122920110105714,0.162133028472872,1,0.00300278794180512,0.0145282879594525,0.0120111517672205,0.498602254574672
"Gm15850","Gm15850","NR_046169","Midbrain","10.5",1,0,1,-1,-1,-1,0,0.0122920110105714,0.162133028472872,-1,0.00300278794180512,0.0145282879594525,0.0120111517672205,0.498602254574672
"Qk","Qk","NM_001159517","Midbrain","14.5",5,0.5749,0.4533,0.1216,0.1216,0.1216,0,0.0122920110105714,0.162133028472872,1,3.58895660759638e-09,6.96044677668162e-08,7.17791321519276e-09,1.29205664138959e-06
"Rara","Rara","NM_001176528","Midbrain","14.5",5,0.2798,0.4866,-0.2068,-0.2068,-0.2068,5.55111512312578e-17,0.0122974274849632,0.162204472388439,-1,2.29597934057594e-05,0.000206457710055326,4.59195868115188e-05,0.00383168549170417
"Rpl30","Rpl30","NM_009083","Midbrain","15.5",6,0.28035,0.4093,-0.12895,-0.12895,-0.12895,0,0.0123386049351289,0.1627476076569,-1,0.00211747193647085,0.0107327453524109,0.00804604337709646,0.349928485663806
"Sort1","Sort1","NM_001271599","Midbrain","15.5",6,0.2393,0.616375,-0.377075,-0.37705,-0.3771,-5.00000000001055e-05,0.0123516836697445,0.162920117659535,-1,0.00201599255397845,0.0102638464066289,0.00804764485822419,0.349928485663806
"Sort1","Sort1","NM_019972","Midbrain","15.5",6,0.7607,0.383625,0.377075,0.37705,0.3771,4.99999999999945e-05,0.0123545551031325,0.162957992193723,1,0.00201599255397845,0.0102638464066289,0.00804764485822419,0.349928485663806
"Atp2a2","Atp2a2","NM_001110140","Midbrain","15.5",6,0.01465,0.1868,-0.17215,-0.17215,-0.17215,0,0.0124747213308872,0.164542998455861,-1,4.06782558635922e-22,3.72368754175323e-19,8.13565117271845e-22,6.70719830553366e-18
"Wnt7b","Wnt7b","NM_009528","Midbrain","14.5",5,0.88565,0.72125,0.1644,0.1644,0.1644,2.22044604925031e-16,0.0125142063624095,0.16506381052921,1,1.07573616712799e-13,5.72516794993583e-12,2.15147233425597e-13,1.09488770500117e-10
"Olfm1","Olfm1","NM_001038613","Midbrain","15.5",6,0.1862,0.28785,-0.10165,-0.10165,-0.10165,-5.55111512312578e-17,0.0125144075869871,0.16506646470436,-1,0.00517743741598415,0.0232324814244701,0.0122884543941566,0.509600340542789
"Map3k7","Map3k7","NM_172688","Midbrain","15.5",6,0.62975,0.8129,-0.18315,-0.18315,-0.18315,0,0.0125332563564781,0.165315082125704,-1,0.0011245184991277,0.00626908790561206,0.00793916961175534,0.345941588897939
"Rad52","Rad52","NM_001166381","Midbrain","13.5",4,0.5228,0.7699,-0.2471,-0.2471,-0.2471,2.22044604925031e-16,0.0126156657430853,0.166402071342824,-1,0.00826665258646526,0.0344280881603744,0.0165333051729305,0.650052142613201
"Dbndd2","Dbndd2","NM_001048229","Midbrain","10.5",1,0,0.299275,-0.299275,-0.29925,-0.2993,-4.99999999999945e-05,0.0126946247564644,0.167443549743174,-1,1.51913740094649e-06,1.73393812571872e-05,4.18869737045921e-06,0.000431656042477387
"Wasl","Wasl","NM_028459","Midbrain","11.5",2,0.4655,0.2962,0.1693,0.1693,0.1693,-5.55111512312578e-17,0.0128605395157744,0.169631984359133,1,0.00215121835859659,0.01087969770972,0.00843533030474613,0.366013681637194
"Irak1","Irak1","NM_001177974","Midbrain","15.5",6,0.40985,0,0.40985,0.40985,0.40985,0,0.0128906083846739,0.170028596172549,1,0.00528698256729406,0.0235853013747611,0.0189614340614825,0.731159802443471
"Rpl30","Rpl30","NM_001163485","Midbrain","15.5",6,0.71965,0.5907,0.12895,0.12895,0.12895,1.11022302462516e-16,0.0129006552586058,0.170161115586652,1,0.00211747193647085,0.0107327453524109,0.00804604337709646,0.349928485663806
"Snx12","Snx12","NM_001110311","Midbrain","15.5",6,0.21385,0.36955,-0.1557,-0.1557,-0.1557,0,0.0129155706181962,0.170357850882372,-1,0.00145803563234967,0.0078326632503104,0.00291607126469935,0.148399332112753
"Fbxw7","Fbxw7","NM_080428","Midbrain","15.5",6,0.57915,0.8146,-0.23545,-0.23545,-0.23545,-2.22044604925031e-16,0.0129282685139859,0.170525337577416,-1,0.00637221000215992,0.0276451233932568,0.0127444200043198,0.525338110270903
"Wasl","Wasl","NM_001167745","Midbrain","11.5",2,0.5345,0.7038,-0.1693,-0.1693,-0.1693,0,0.0130744356370738,0.172453298617236,-1,0.00215121835859659,0.01087969770972,0.00843533030474613,0.366013681637194
"Slc1a2","Slc1a2","NM_001077515","Midbrain","15.5",6,0,0.176925,-0.176925,-0.17695,-0.1769,4.99999999999945e-05,0.0130837873887727,0.17257664928973,-1,0.00646434666365264,0.0279615169913245,0.0129120218053084,0.530654864425085
"Skor1","Skor1","NM_001163758","Midbrain","15.5",6,1,0.625725,0.374275,0.37425,0.3743,4.99999999999945e-05,0.0130892799546434,0.172649096860591,1,0.000710439016085475,0.00422845172512772,0.00249607109234951,0.129585163231061
"Rbm12","Rbm12","NM_170598","Midbrain","0",8,0.39235,0.23805,0.1543,0.1543,0.1543,-8.32667268468867e-17,0.0131167998179589,0.173012086999362,1,0.00228298517210908,0.0114700583235381,0.00864952190600241,0.373342613428484
"Eci2","Eci2","NM_011868","Midbrain","15.5",6,0.31115,0.434875,-0.123725,-0.12375,-0.1237,4.9999999999939e-05,0.0131714433926971,0.173732841988213,-1,0.00651732321264437,0.0280883129418769,0.0129784325077338,0.532852934788995
"Map3k7","Map3k7","NM_009316","Midbrain","16.5",7,0.1031,0.22655,-0.12345,-0.12345,-0.12345,0,0.013185509423005,0.173918374533738,-1,0.0011245184991277,0.00626908790561206,0.00793916961175534,0.345941588897939
"Ebf2","Ebf2","NM_001276387","Midbrain","15.5",6,0,0.2008,-0.2008,-0.2007,-0.2009,-0.000200000000000033,0.013324675510293,0.175753991112125,-1,0.00152765935601251,0.00814929705415997,0.00877503335715256,0.377574015687038
"Ebf2","Ebf2","NM_010095","Midbrain","15.5",6,1,0.7992,0.2008,0.2007,0.2009,0.000200000000000089,0.0133424771261604,0.175988796457631,1,0.00152765935601251,0.00814929705415997,0.00877503335715256,0.377574015687038
"Hexim2","Hexim2","NM_001130515","Midbrain","11.5",2,0.1308,0.8872,-0.7564,-0.7564,-0.7564,0,0.0133705282342864,0.176358793776099,-1,1.23197351009591e-08,2.11982810364999e-07,2.46394702019182e-08,3.86184153179333e-06
"Arhgef3","Arhgef3","NM_001289688","Midbrain","15.5",6,0.00815,0.2296,-0.22145,-0.22145,-0.22145,5.55111512312578e-17,0.0135354711648512,0.178534409859964,-1,0.00516549366484812,0.0232070054469507,0.0179420418284901,0.699044831492239
"Map3k7","Map3k7","NM_172688","Midbrain","16.5",7,0.8969,0.77345,0.12345,0.12345,0.12345,0,0.0135668414974279,0.178948188127857,1,0.0011245184991277,0.00626908790561206,0.00793916961175534,0.345941588897939
"Zfp14","Zfp14","NM_011748","Midbrain","10.5",1,0.5639,0.0478,0.5161,0.5161,0.5161,1.38777878078145e-17,0.0135943886794289,0.179311538603208,1,0.00225649754611735,0.0113619243878758,0.0090187587755834,0.386447525613122
"Zfp14","Zfp14","NM_178733","Midbrain","10.5",1,0.4361,0.9522,-0.5161,-0.5161,-0.5161,0,0.0135960905401311,0.179333986340152,-1,0.00225649754611735,0.0113619243878758,0.0090187587755834,0.386447525613122
"A830018L16Rik","A830018L16Rik","NM_001160370","Midbrain","15.5",6,0.0534,0.2828,-0.2294,-0.2294,-0.2294,0,0.0136469804984099,0.180005230699395,-1,0.00906455187854754,0.0372990183497611,0.0181291037570951,0.70433583125042
"Egflam","Egflam","NM_001289496","Midbrain","15.5",6,0,0.22375,-0.22375,-0.2238,-0.2237,9.99999999999612e-05,0.01368899300659,0.180559380478397,-1,0.00387507769664511,0.0180063255000453,0.0136319802429057,0.552531226019181
"Rbm12","Rbm12","NM_029397","Midbrain","0",8,0.60765,0.76195,-0.1543,-0.1543,-0.1543,-3.33066907387547e-16,0.0137121523029219,0.180864854240856,-1,0.00228298517210908,0.0114700583235381,0.00864952190600241,0.373342613428484
"Pdlim7","Pdlim7","NR_104287","Midbrain","15.5",6,0.12255,0.530975,-0.408425,-0.40845,-0.4084,5.00000000001055e-05,0.013721283954171,0.180985301763291,-1,6.86851295156574e-06,6.97055072712115e-05,1.37370259031314e-05,0.00128402346280809
"Tpm1","Tpm1","NM_024427","Midbrain","15.5",6,0.0174,0.122525,-0.105125,-0.1054,-0.10485,0.000549999999999995,0.0137597464834874,0.181492626915818,-1,5.99028293672493e-16,6.23125568213409e-14,1.14539928077806e-15,1.12415565001639e-12
"Timm9","Timm9","NM_001024854","Midbrain","15.5",6,0.33735,0.193225,0.144125,0.14415,0.1441,-4.99999999999945e-05,0.013792402148962,0.181923358871365,1,0.00568053021937295,0.0249757798406052,0.0183030154967938,0.708421725701914
"Bcan","Bcan","NM_001109758","Midbrain","11.5",2,0.2773,0.78935,-0.51205,-0.51205,-0.51205,1.11022302462516e-16,0.0139271422930316,0.18370059675344,-1,0.00232788357881263,0.0116828104607735,0.00929514633825885,0.397464211053958
"Bcan","Bcan","NM_007529","Midbrain","11.5",2,0.7227,0.21065,0.51205,0.51205,0.51205,2.77555756156289e-17,0.0139383490820367,0.183848415579773,1,0.00232788357881263,0.0116828104607735,0.00929514633825885,0.397464211053958
"Cttn","Cttn","NM_001252572","Midbrain","11.5",2,0.6464,0.4893,0.1571,0.1571,0.1571,0,0.0139383490820367,0.183848415579773,1,9.29748626789419e-05,0.000697616305707405,0.000547389019491104,0.0336775206044552
"Zdhhc24","Zdhhc24","NM_001168517","Midbrain","15.5",6,0.0153,0.19725,-0.18195,-0.18195,-0.18195,-5.55111512312578e-17,0.0139471351898126,0.183964305344351,-1,0.00219771610935276,0.0110781350578277,0.00438932685576703,0.20917060217467
"Sgk1","Sgk1","NM_001161849","Midbrain","15.5",6,0.1139,0.00525,0.10865,0.10865,0.10865,0,0.0139750515298605,0.184332525056484,1,1.87480363239705e-10,4.82077316038274e-09,3.74263207362417e-10,8.76563331393514e-08
"Crk","Crk","NM_133656","Midbrain","15.5",6,0.75285,0.622125,0.130725,0.1307,0.13075,4.99999999998835e-05,0.0139965739590712,0.184616408354751,1,0.00351144374650262,0.0165689464203531,0.0091431978672309,0.391372821475946
"Camk2g","Camk2g","NM_001039138","Midbrain","15.5",6,0.2432,0.0777,0.1655,0.1655,0.1655,0,0.0140069406329952,0.184753145967257,1,0.00703144615062915,0.0299376084013299,0.0140628923012583,0.567208312563499
"Hnrnpab","Hnrnpab","NM_001048061","Midbrain","15.5",6,0.38535,0.2796,0.10575,0.10575,0.10575,0,0.0140382473741865,0.185166085457517,1,0.00265924556390135,0.0130734338839704,0.00940070220423672,0.401561265180444
"Tmem255a","Tmem255a","NM_001289727","Midbrain","13.5",4,0.5752,0.33435,0.24085,0.2407,0.241,0.000300000000000022,0.0140449882345321,0.185254998175005,1,0.000109317932335704,0.000804418289872216,0.000288567613196542,0.0190625865952978
"Pitpnb","Pitpnb","NM_001301643","Midbrain","15.5",6,0.41415,0.6248,-0.21065,-0.21065,-0.21065,1.11022302462516e-16,0.0140811988241326,0.185732619985599,-1,0.00127742479163432,0.00702737172032485,0.00254756185981475,0.131926032712646
"Ric8b","Ric8b","NM_183172","Midbrain","0",8,0.41625,0.216375,0.199875,0.1999,0.19985,-4.99999999999112e-05,0.0142170909355738,0.187525052448813,1,0.00246858261412613,0.012294562159799,0.00950407455663685,0.405556662179191
"Iba57","Iba57","NM_173785","Midbrain","11.5",2,0.6401,0.31335,0.32675,0.32675,0.32675,0,0.0142396080273395,0.187822055459731,1,0.00240735819767419,0.012015788953931,0.00956057089252704,0.40716999970767
"Zfp219","Zfp219","NM_001253695","Midbrain","15.5",6,0.50665,0.7863,-0.27965,-0.2796,-0.2797,-0.000100000000000211,0.0142396080273395,0.187822055459731,-1,0.00955937148742854,0.0387990348624302,0.0190232845205727,0.732859222801656
"Ctps2","Ctps2","NM_001168568","Midbrain","15.5",6,0.66675,0.46835,0.1984,0.1984,0.1984,0,0.0142475930248022,0.187927378487823,1,0.00957048511245001,0.0387990348624302,0.0191409702249,0.735331308725778
"Tnnt3","Tnnt3","NM_001163667","Midbrain","12.5",3,0,0.58515,-0.58515,-0.58515,-0.58515,0,0.0142877753307781,0.188457387690816,-1,0.012005406810055,0.0466062315263967,0.02401081362011,0.887668566358863
"Iba57","Iba57","NM_001270791","Midbrain","11.5",2,0.3599,0.68665,-0.32675,-0.32675,-0.32675,-1.11022302462516e-16,0.0143183191068129,0.188860263583562,-1,0.00240735819767419,0.012015788953931,0.00956057089252704,0.40716999970767
"Net1","Net1","NM_019671","Midbrain","12.5",3,0.76305,0.4315,0.33155,0.33155,0.33155,5.55111512312578e-17,0.0143405783156516,0.189153865089233,1,7.69628445966039e-05,0.000592768568210467,0.000307593017672642,0.0200621847952729
"Gse1","Gse1","NM_001145896","Midbrain","15.5",6,0.29575,0.045025,0.250725,0.25075,0.2507,-4.99999999999945e-05,0.0143405783156516,0.189153865089233,1,0.00344101796020429,0.0162870105520735,0.0096025046278088,0.408488260590101
"Net1","Net1","NM_001047159","Midbrain","12.5",3,0.23695,0.5685,-0.33155,-0.33155,-0.33155,1.11022302462516e-16,0.0143431318894275,0.189187547018851,-1,7.69628445966039e-05,0.000592768568210467,0.000307593017672642,0.0200621847952729
"Cttn","Cttn","NM_007803","Midbrain","11.5",2,0.3536,0.5107,-0.1571,-0.1571,-0.1571,0,0.0143543233955241,0.189335164261875,-1,9.29748626789419e-05,0.000697616305707405,0.000547389019491104,0.0336775206044552
"Palld","Palld","NM_001293773","Midbrain","11.5",2,0.54355,0.8031,-0.25955,-0.25955,-0.25955,0,0.0144553858234728,0.190668189223703,-1,7.9315525763423e-11,2.25482708956017e-09,1.58631051526846e-10,4.16492689245342e-08
"Sept9","Sept9","NM_001113487","Midbrain","15.5",6,0.2067,0.09085,0.11585,0.11585,0.11585,0,0.0146123299799637,0.192738300564402,1,0.000543791531932143,0.00331857845553789,0.00108758306386429,0.0620907952270361
"Ric8b","Ric8b","NM_001013441","Midbrain","0",8,0.58375,0.783625,-0.199875,-0.1999,-0.19985,5.00000000001055e-05,0.0146303260326784,0.19297567055412,-1,0.00246858261412613,0.012294562159799,0.00950407455663685,0.405556662179191
"Rbm4","Rbm4","NM_001290122","Midbrain","0",8,0.16025,0.35115,-0.1909,-0.1909,-0.1909,0,0.0146622510128098,0.193396764686577,-1,0.00990759120127391,0.0398480183903609,0.0198151824025478,0.758405027098105
"Anapc5","Anapc5","NM_021505","Midbrain","15.5",6,0.3557,0.49365,-0.13795,-0.13795,-0.13795,-1.11022302462516e-16,0.0146915800305982,0.193783617779376,-1,0.00342934120190515,0.0162485452185506,0.00685868240381029,0.307640857728215
"Mcf2","Mcf2","NM_133197","Midbrain","15.5",6,0,0.9425,-0.9425,-0.9425,-0.9425,0,0.0146930381628783,0.19380285071061,-1,0.00312411731301461,0.0149728638132648,0.00624823462602921,0.283342863063628
"Trim32","Trim32","NM_001161782","Midbrain","15.5",6,0.163,0.27135,-0.10835,-0.10835,-0.10835,0,0.0147746850784378,0.194879782847567,-1,0.00266437802477759,0.0130846118233981,0.00999358067042951,0.424248899607569
"Nfam1","Nfam1","NM_001271414","Midbrain","16.5",7,0.2133,0,0.2133,0.2133,0.2133,0,0.0148755293116831,0.196209929796348,1,8.84281285651676e-05,0.000664590384963501,0.000176856257130335,0.0125261116067586
"Abr","Abr","NM_198895","Midbrain","15.5",6,0.16835,0.3757,-0.20735,-0.20735,-0.20735,0,0.0149223854528193,0.196827967646985,-1,9.62883127932527e-20,4.89679564060797e-17,1.92576625586505e-19,8.82022969300117e-16
"Klc1","Klc1","NM_008450","Midbrain","15.5",6,0.04885,0.15295,-0.1041,-0.1041,-0.1041,0,0.0150209393581765,0.198127904909459,-1,1.80137034691137e-12,7.10764834294255e-11,3.60274069382275e-12,1.3379160329835e-09
"Arpp21","Arpp21","NM_001177615","Midbrain","11.5",2,0.5397,0.0223,0.5174,0.5174,0.5174,-3.46944695195361e-18,0.0150456753940219,0.1984541760461,1,6.70609449103721e-07,8.29562013121008e-06,1.32381109551534e-06,0.000149503714908216
"Zfp428","Zfp428","NM_146183","Midbrain","15.5",6,0.5183,0.66345,-0.14515,-0.14515,-0.14515,0,0.0150566897363181,0.198599456478373,-1,0.00657635870897988,0.0282441094952439,0.0204733449957764,0.781418846034389
"Zfp516","Zfp516","NM_001177464","Midbrain","16.5",7,0,0.18515,-0.18515,-0.18515,-0.18515,0,0.0150762611000019,0.198857604999609,-1,0.00256644119432215,0.0127127720199269,0.0102547964372785,0.434443231546775
"Zfp516","Zfp516","NM_183033","Midbrain","16.5",7,1,0.81485,0.18515,0.18515,0.18515,0,0.0150852990980654,0.198976817225836,1,0.00256644119432215,0.0127127720199269,0.0102547964372785,0.434443231546775
"Plb1","Plb1","NM_001081407","Midbrain","10.5",1,0,1,-1,-1,-1,0,0.0151615838787232,0.199983022191304,-1,0.00516548188002557,0.0232070054469507,0.0103309637600511,0.43722069788285
"Egflam","Egflam","NM_178748","Midbrain","15.5",6,0.99555,0.74085,0.2547,0.25475,0.25465,-9.9999999999878e-05,0.0151615838787232,0.199983022191304,1,0.00387507769664511,0.0180063255000453,0.0136319802429057,0.552531226019181
"Fiz1","Fiz1","NM_001110328","Midbrain","11.5",2,0.1742,0.06195,0.11225,0.11225,0.11225,-1.38777878078145e-17,0.0151615838787232,0.199983022191304,1,0.00775279360995187,0.032741168154121,0.0155055872199037,0.619337466023877
"Sgsm1","Sgsm1","NM_172718","Midbrain","15.5",6,0.2279,0.813,-0.5851,-0.5851,-0.5851,-2.22044604925031e-16,0.0152808564975058,0.201556241649088,-1,0.00146229732544006,0.00784634801704474,0.00146229732544006,0.0800496691651597
"Adarb1","Adarb1","NM_001024837","Midbrain","11.5",2,0,0.467275,-0.467275,-0.46735,-0.4672,0.000150000000000095,0.0153494242387996,0.202460657984376,-1,0.0104847469235229,0.0419115167414536,0.020941137027001,0.797059300773282
"Zxdc","Zxdc","NM_030260","Midbrain","15.5",6,0.1135,0.23895,-0.12545,-0.12545,-0.12545,2.77555756156289e-17,0.0153571233305118,0.20256220988298,-1,0.00272076384997938,0.0133186482795247,0.0104949135551009,0.443249117870477
"4833439L19Rik","4833439L19Rik","NM_133797","Midbrain","15.5",6,0.64645,0.52855,0.1179,0.1179,0.1179,0,0.0154047571094115,0.203190504864491,1,0.00978392302127633,0.0394546393554024,0.026349432748462,0.966326280316749
"Akap2","Akap2","NM_001035533","Midbrain","15.5",6,0.1499,0.379225,-0.229325,-0.22935,-0.2293,4.9999999999939e-05,0.0154239184080405,0.203443244580842,-1,0.000543638989131334,0.00331857845553789,0.00108335172353828,0.0619374107162121
"Arhgef1","Arhgef1","NM_001130152","Midbrain","15.5",6,0.23035,0.4637,-0.23335,-0.23335,-0.23335,0,0.0154661444435926,0.204000210810255,-1,0.013239573197499,0.0508368511115376,0.026479146394998,0.970220150310295
"Cwc22","Cwc22","NM_030560","Midbrain","15.5",6,0.3895,0.5866,-0.1971,-0.1971,-0.1971,0,0.0154815384298174,0.204203259245922,-1,0.00795536112331911,0.0334666248726393,0.0159107222466382,0.632270551459624
"Hnrnpab","Hnrnpab","NM_010448","Midbrain","15.5",6,0.61465,0.7204,-0.10575,-0.10575,-0.10575,-2.22044604925031e-16,0.0155178446262719,0.204682142121835,-1,0.00265924556390135,0.0130734338839704,0.00940070220423672,0.401561265180444
"Trim32","Trim32","NM_053084","Midbrain","15.5",6,0.837,0.72865,0.10835,0.10835,0.10835,0,0.0155405497372512,0.204981625127645,1,0.00266437802477759,0.0130846118233981,0.00999358067042951,0.424248899607569
"Nfia","Nfia","NM_001122952","Midbrain","15.5",6,0.0283,0.245675,-0.217375,-0.2174,-0.21735,4.99999999999667e-05,0.0156049176130489,0.205830644757587,-1,0.00803559131380573,0.0337730959075196,0.016054148382762,0.635094549613912
"4931428F04Rik","4931428F04Rik","NM_001166394","Midbrain","15.5",6,0.24525,0.411975,-0.166725,-0.1666,-0.16685,-0.000250000000000028,0.015632358070267,0.206192587520869,-1,0.00278410573357359,0.013570662345651,0.0105814284242407,0.446445620262379
"Arhgef9","Arhgef9","NM_001290384","Midbrain","15.5",6,0,0.27025,-0.27025,-0.27025,-0.27025,0,0.0156763814396441,0.206773260788616,-1,0.00329495799522655,0.0157257797123586,0.0065899159904531,0.296877726836395
"Zxdc","Zxdc","NM_173002","Midbrain","15.5",6,0.8865,0.76105,0.12545,0.12545,0.12545,0,0.0157958261178998,0.20834874973049,1,0.00272076384997938,0.0133186482795247,0.0104949135551009,0.443249117870477
"Sh2b2","Sh2b2","NM_018825","Midbrain","15.5",6,0.2356,0.7832,-0.5476,-0.5476,-0.5476,-1.11022302462516e-16,0.015842670526796,0.208966632831541,-1,0.00819409195418048,0.03421930554223,0.016388183908361,0.647066866745227
"Rapgef1","Rapgef1","NM_001039087","Midbrain","15.5",6,0.1174,0.4389,-0.3215,-0.3215,-0.3215,0,0.015870971604093,0.209339927271912,-1,0.00429501501719892,0.0196190456424346,0.0164250672013598,0.647902560940672
"Ctnna3","Ctnna3","NM_177612","Midbrain","16.5",7,1,0,1,1,1,0,0.0159190566704566,0.209974174786589,1,0.00824695398095196,0.0343773300280666,0.0164939079619039,0.649996045114412
"Folr1","Folr1","NM_008034","Midbrain","12.5",3,0.8408,0.18605,0.65475,0.65475,0.65475,0,0.0159785685913095,0.210759143816459,1,0.0110493487604869,0.0436725986845841,0.0220986975209737,0.833422742692991
"4931428F04Rik","4931428F04Rik","NM_028888","Midbrain","15.5",6,0.75475,0.588025,0.166725,0.1666,0.16685,0.000249999999999972,0.0160852303102426,0.21216602406558,1,0.00278410573357359,0.013570662345651,0.0105814284242407,0.446445620262379
"6430710C18Rik","6430710C18Rik","NR_102348","Midbrain","12.5",3,1,0.18825,0.81175,0.81175,0.81175,0,0.016122582209085,0.212658699875366,1,0.00279379090928381,0.0136033840338213,0.0111733612437754,0.467266614214672
"6430710C18Rik","6430710C18Rik","NR_102349","Midbrain","12.5",3,0,0.81175,-0.81175,-0.81175,-0.81175,0,0.016122582209085,0.212658699875366,-1,0.00279379090928381,0.0136033840338213,0.0111733612437754,0.467266614214672
"Cdh8","Cdh8","NM_007667","Midbrain","15.5",6,0.11475,0.23385,-0.1191,-0.1191,-0.1191,-5.55111512312578e-17,0.0161838294099212,0.213466557446313,-1,0.0112383035256879,0.044190477007795,0.0224766070513758,0.843815006907814
"Dusp22","Dusp22","NM_001037955","Midbrain","15.5",6,0.2804,0.48575,-0.20535,-0.20535,-0.20535,0,0.0162622584000064,0.21450104477891,-1,0.00287371772404812,0.0139480445630628,0.011297962694452,0.471847670856514
"Pde4b","Pde4b","NM_001177980","Midbrain","15.5",6,0.31065,0.07945,0.2312,0.2312,0.2312,0,0.0162803138611096,0.214739198372055,1,0.000376437088890677,0.00239965537026829,0.000752874177781354,0.0451735786511596
"Timm9","Timm9","NM_001286203","Midbrain","15.5",6,0.6113,0.78535,-0.17405,-0.17405,-0.17405,2.22044604925031e-16,0.0163342974399015,0.21545124793903,-1,0.00568053021937295,0.0249757798406052,0.0183030154967938,0.708421725701914
"Steap2","Steap2","NM_001103157","Midbrain","13.5",4,0.01205,0.27705,-0.265,-0.26505,-0.26495,9.9999999999989e-05,0.016345755059701,0.215602375252176,-1,0.0113716413725235,0.0446763970489614,0.0227114080585024,0.848528535574784
"Dcx","Dcx","NM_001110222","Midbrain","15.5",6,0.0738,0.21565,-0.14185,-0.14185,-0.14185,-5.55111512312578e-17,0.0163699598477994,0.215921639170387,-1,1.87219111499185e-19,7.79001703028881e-17,3.7443822299837e-19,1.40315717792559e-15
"Magi1","Magi1","NM_001286784","Midbrain","12.5",3,0.1206,0,0.1206,0.1206,0.1206,0,0.0164012718487992,0.216334648038121,1,2.7882221628689e-12,1.06347440328758e-10,5.57644432573779e-12,1.97940308275454e-09
"Myo18a","Myo18a","NM_011586","Midbrain","15.5",6,0.1238,0.302775,-0.178975,-0.17895,-0.179,-4.9999999999939e-05,0.0164485962343785,0.216958862086415,-1,7.08289101494037e-07,8.73811109848573e-06,1.41657820298807e-06,0.000159543201081145
"Dusp22","Dusp22","NM_134068","Midbrain","15.5",6,0.7196,0.51425,0.20535,0.20535,0.20535,0,0.0164850250925345,0.217439362884175,1,0.00287371772404812,0.0139480445630628,0.011297962694452,0.471847670856514
"Zdhhc24","Zdhhc24","NM_001168517","Midbrain","12.5",3,0.0127,0.17315,-0.16045,-0.16045,-0.16045,-2.77555756156289e-17,0.0165069305471255,0.217728298330934,-1,0.00219771610935276,0.0110781350578277,0.00438932685576703,0.20917060217467
"Shroom3","Shroom3","NM_015756","Midbrain","0",8,0.4601,0.90655,-0.44645,-0.44645,-0.44645,1.11022302462516e-16,0.016522245052255,0.21793029840188,-1,0.00158375554577629,0.0083898716817339,0.00316751109155258,0.157500684533774
"Wdr61","Wdr61","NM_001025375","Midbrain","15.5",6,0.44655,0.58775,-0.1412,-0.1412,-0.1412,-1.11022302462516e-16,0.0166136174063395,0.219135510183229,-1,0.00657815615510814,0.0282441094952439,0.0174031443247034,0.681484247231169
"Tpd52l2","Tpd52l2","NM_025482","Midbrain","15.5",6,0.193,0.314525,-0.121525,-0.12775,-0.1153,0.01245,0.0166242129089913,0.219275266072779,-1,0.00302597976999258,0.0146227610080511,0.00302597976999258,0.152673195504462
"Wars","Wars","NM_001164314","Midbrain","15.5",6,0.72185,0.9384,-0.21655,-0.21655,-0.21655,0,0.0166997937454211,0.220272185933519,-1,0.0030318986665153,0.0146227610080511,0.0116767432219144,0.486189267022278
"Mpped2","Mpped2","NM_029837","Midbrain","15.5",6,0.12745,0.2418,-0.11435,-0.11435,-0.11435,0,0.0167212819721909,0.220555618097686,-1,0.00102776846866202,0.00580036532807159,0.00744516642621317,0.32999722937344
"Mcf2l","Mcf2l","NM_001159485","Midbrain","15.5",6,0.6194,0,0.6194,0.6194,0.6194,0,0.0167246917739604,0.220600593772285,1,8.78972693584817e-10,1.96246732611596e-08,1.75794538716963e-09,3.58734248976194e-07
"Slc8a1","Slc8a1","NM_001112798","Midbrain","12.5",3,0.0463,0.6143,-0.568,-0.5652,-0.5708,-0.00560000000000005,0.0167425003505495,0.220835490930505,-1,0.00158035239733385,0.00838154452212863,0.00315327985191789,0.157172238370854
"Nudt7","Nudt7","NM_024446","Midbrain","14.5",5,0,0.29465,-0.29465,-0.29465,-0.29465,-5.55111512312578e-17,0.016918873404024,0.223161871640402,-1,0.00942431905619301,0.038513489571603,0.0296489165229102,1
"Rpap2","Rpap2","NM_001163461","Midbrain","15.5",6,0.14115,0,0.14115,0.14115,0.14115,0,0.0170230323284813,0.22453573974467,1,0.0149259231289512,0.0560886290321919,0.0298518462579024,1
"Cadm1","Cadm1","NM_001025600","Midbrain","15.5",6,0.12865,0.02425,0.1044,0.1044,0.1044,0,0.017061509605678,0.225043259423421,1,8.04482538739556e-12,2.76850870662477e-10,1.6089650774791e-11,5.10178435261044e-09
"AW551984","AW551984","NM_001199556","Midbrain","10.5",1,0.982,0.837325,0.144675,0.14465,0.1447,4.99999999998835e-05,0.0170730025347881,0.225194852470404,1,0.00306919765823602,0.0147560059682209,0.0119690082446738,0.497855539268826
"Tcf7l2","Tcf7l2","NM_001142924","Midbrain","0",8,0.69205,0.16455,0.5275,0.5275,0.5275,-2.77555756156289e-17,0.0171535234181913,0.226256932114674,1,7.65713832265965e-05,0.000591007118091285,0.000153142766453193,0.0110361931143073
"Il1rap","Il1rap","NM_008364","Midbrain","15.5",6,0.84705,0.59605,0.251,0.251,0.251,0,0.0171535234181913,0.226256932114674,1,0.00156859152489563,0.00832882066061171,0.00313718304979125,0.15674898712821
"Sept9","Sept9","NM_001113488","Midbrain","10.5",1,0.6276,0.4747,0.1529,0.1528,0.153,0.000199999999999978,0.0171535234181913,0.226256932114674,1,0.000543791531932143,0.00331857845553789,0.00108758306386429,0.0620907952270361
"Cacnb4","Cacnb4","NM_001285427","Midbrain","15.5",6,0.0542,0.343475,-0.289275,-0.28925,-0.2893,-5.000000000005e-05,0.0171829565921461,0.226645159039199,-1,1.89816109342306e-09,3.94903787481697e-08,3.79632218684612e-09,7.2448290766165e-07
"Tfpi","Tfpi","NM_011576","Midbrain","15.5",6,0.7518,0.85875,-0.10695,-0.10695,-0.10695,0,0.0171857736607077,0.22668231649512,-1,0.00907824042858507,0.0372990183497611,0.0181564808571701,0.704735244068494
"Wars","Wars","NM_011710","Midbrain","15.5",6,0.27815,0.0616,0.21655,0.21655,0.21655,0,0.0172110093463819,0.227015178070043,1,0.0030318986665153,0.0146227610080511,0.0116767432219144,0.486189267022278
"Mitf","Mitf","NM_001113198","Midbrain","13.5",4,1,0.522125,0.477875,0.4778,0.47795,0.000149999999999983,0.0172588831888415,0.227646639517314,1,0.00304171097823634,0.0146546433130397,0.00775736800471779,0.339955885042071
"Ebf2","Ebf2","NM_001276387","Midbrain","0",8,0.80615,0.285075,0.521075,0.52105,0.5211,5.00000000001055e-05,0.0172898839628697,0.228055543265763,1,0.00152765935601251,0.00814929705415997,0.00877503335715256,0.377574015687038
"Fam134b","Fam134b","NM_001277315","Midbrain","15.5",6,0.4222,0.013875,0.408325,0.4083,0.40835,4.9999999999998e-05,0.0173006473942503,0.228197514154416,1,3.40350881501475e-06,3.66537878737e-05,6.8070176300295e-06,0.000671273380619607
"Ebf2","Ebf2","NM_010095","Midbrain","0",8,0.19385,0.714925,-0.521075,-0.52105,-0.5211,-4.99999999999945e-05,0.0173086328664481,0.228302843444318,-1,0.00152765935601251,0.00814929705415997,0.00877503335715256,0.377574015687038
"Mpped2","Mpped2","NM_001143683","Midbrain","15.5",6,0.87255,0.7582,0.11435,0.11435,0.11435,0,0.0173270932696222,0.228546338269605,1,0.00102776846866202,0.00580036532807159,0.00744516642621317,0.32999722937344
"AW551984","AW551984","NM_178737","Midbrain","10.5",1,0.018,0.162675,-0.144675,-0.14465,-0.1447,-4.99999999999945e-05,0.0173560561143574,0.228928361498031,-1,0.00306919765823602,0.0147560059682209,0.0119690082446738,0.497855539268826
"Lrriq1","Lrriq1","NM_001163559","Midbrain","15.5",6,0.6757,0.20425,0.47145,0.47145,0.47145,5.55111512312578e-17,0.0175131262461087,0.231000134466797,1,0.00310131242578185,0.0148947607269712,0.0123992430129436,0.51367794914518
"Lrriq1","Lrriq1","NM_029134","Midbrain","15.5",6,0.3243,0.79575,-0.47145,-0.47145,-0.47145,-1.11022302462516e-16,0.0175137052260372,0.231007771278149,-1,0.00310131242578185,0.0148947607269712,0.0123992430129436,0.51367794914518
"Aldh3a1","Aldh3a1","NM_001112725","Midbrain","16.5",7,1,0,1,1,1,0,0.0175704560259924,0.231756320808172,1,0.00311416926529234,0.0149408309509885,0.0124527783658753,0.514860924524227
"Aldh3a1","Aldh3a1","NM_007436","Midbrain","16.5",7,0,1,-1,-1,-1,0,0.0175704560259924,0.231756320808172,-1,0.00311416926529234,0.0149408309509885,0.0124527783658753,0.514860924524227
"Ptbp1","Ptbp1","NM_001077363","Midbrain","15.5",6,0.48595,0.36625,0.1197,0.1197,0.1197,0,0.0176021756007022,0.232174705619669,1,0.0025707099413562,0.0127201507044187,0.00562237717201894,0.25722549842649
"Nsun7","Nsun7","NM_001302834","Midbrain","11.5",2,0.8591,0.3246,0.5345,0.5345,0.5345,5.55111512312578e-17,0.0176811176612977,0.233215960410868,1,0.00627604104570948,0.0273055512036238,0.012552082091419,0.517927671201009
"Snap91","Snap91","NM_001277985","Midbrain","15.5",6,0.41315,0.0161,0.39705,0.39705,0.39705,0,0.017771526141457,0.23440845858511,1,3.65732833099083e-10,8.81031145839211e-09,7.31465666198165e-10,1.59533162171109e-07
"Mdk","Mdk","NM_001012335","Midbrain","12.5",3,0.33535,0.2235,0.11185,0.11185,0.11185,0,0.0177729028401586,0.234426617398146,1,3.57745820512206e-05,0.000302103804517411,7.12519223372526e-05,0.00560510988085864
"Mid1","Mid1","NM_001290505","Midbrain","0",8,0.7397,0.114675,0.625025,0.62505,0.625,-5.000000000005e-05,0.0179519991968244,0.236788918788026,1,0.0103531422693814,0.0414941612670392,0.0255162927669217,0.939114153120549
"Dlk1","Dlk1","NM_010052","Midbrain","0",8,0.4055,0.62695,-0.22145,-0.22145,-0.22145,0,0.0180428469428489,0.237987210929174,-1,5.0656515856658e-15,4.06762935220919e-13,1.01313031713316e-14,7.45754901361437e-12
"Pde4b","Pde4b","NM_001177983","Midbrain","15.5",6,0.06605,0.18765,-0.1216,-0.1216,-0.1216,0,0.0180957709826363,0.238685285055724,-1,0.000376437088890677,0.00239965537026829,0.000752874177781354,0.0451735786511596
"Pcdh15","Pcdh15","NM_001142748","Midbrain","12.5",3,0,0.33625,-0.33625,-0.33625,-0.33625,0,0.0182043757524319,0.240117794367538,-1,0.0226976583990036,0.0794852199634579,0.0453953167980072,1
"Phf21a","Phf21a","NM_138755","Midbrain","15.5",6,0.351,0.5211,-0.1701,-0.1701,-0.1701,0,0.0182268983035066,0.240414869387365,-1,0.00974397139873089,0.0393281808571352,0.0194879427974618,0.746982414534153
"Islr2","Islr2","NM_001161540","Midbrain","12.5",3,0.1635,0.01855,0.14495,0.14495,0.14495,-1.04083408558608e-17,0.01824966603582,0.240715178375719,1,7.86788938498715e-10,1.78273909480625e-08,1.5720580182951e-09,3.27282068769378e-07
"Esrp1","Esrp1","NM_001290383","Midbrain","15.5",6,0,1,-1,-1,-1,0,0.0183032952204556,0.241422553443316,-1,0.00326659766241122,0.0156066988526682,0.0130625504198539,0.535240331458642
"Esrp1","Esrp1","NM_194055","Midbrain","15.5",6,1,0,1,1,1,0,0.0183032952204556,0.241422553443316,1,0.00326659766241122,0.0156066988526682,0.0130625504198539,0.535240331458642
"Ppp3ca","Ppp3ca","NM_001293622","Midbrain","15.5",6,0.5952,0.85835,-0.26315,-0.26315,-0.26315,-1.11022302462516e-16,0.0183032952204556,0.241422553443316,-1,0.00335929395847854,0.0159994676877797,0.0130819013888879,0.535500933772309
"Cxadr","Cxadr","NM_001025192","Midbrain","0",8,0.78255,0.62665,0.1559,0.1559,0.1559,1.11022302462516e-16,0.0183032952204556,0.241422553443316,1,1.19961178642431e-05,0.000114866593022261,3.95398915342173e-05,0.0033955729729595
"Tmpo","Tmpo","NM_001080130","Midbrain","0",8,0.2841,0.16,0.1241,0.1241,0.1241,0,0.0183032952204556,0.241422553443316,1,9.13843145189631e-10,2.02060873214152e-08,1.82768629037926e-09,3.69309363269828e-07
"Epb4.1","Epb4.1","NM_001128607","Midbrain","16.5",7,0.09955,0.2709,-0.17135,-0.1713,-0.1714,-9.9999999999989e-05,0.0183486274220734,0.242020490357733,-1,5.29040605826545e-12,1.8917334788032e-10,1.05588095033885e-11,3.48195996637924e-09
"Zfp428","Zfp428","NM_175142","Midbrain","15.5",6,0.42895,0.27205,0.1569,0.1569,0.1569,0,0.018370069618456,0.242303315375838,1,0.00657635870897988,0.0282441094952439,0.0204733449957764,0.781418846034389
"Ptbp1","Ptbp1","NM_001077363","Midbrain","13.5",4,0.32745,0.443,-0.11555,-0.11555,-0.11555,0,0.0184255008844755,0.243034460102613,-1,0.0025707099413562,0.0127201507044187,0.00562237717201894,0.25722549842649
"Syn2","Syn2","NM_001111015","Midbrain","15.5",6,0.37095,0.1821,0.18885,0.18885,0.18885,0,0.0184804808766993,0.243759652476505,1,0.00339593318924972,0.0161069287121202,0.0132465346669127,0.541165305732546
"Gfra4","Gfra4","NM_001136063","Midbrain","12.5",3,0.9757,0.80645,0.16925,0.16925,0.16925,0,0.0185073365399043,0.244113881739993,1,0.00218669244283019,0.0110347202986039,0.0132805701686842,0.542018586039142
"Cdc42se1","Cdc42se1","NM_001038708","Midbrain","15.5",6,0.61015,0.412,0.19815,0.19805,0.19825,0.000200000000000089,0.0185991946316314,0.245325500456299,1,0.000358415489351281,0.00230402766118092,0.00137505619591232,0.0758784895928868
"Epb4.1l5","Epb4.1l5","NM_001113416","Midbrain","15.5",6,0.5069,0.1545,0.3524,0.3524,0.3524,0,0.0186183016760771,0.24557752455378,1,0.00337092110145543,0.0160215014344356,0.013376563775815,0.544857437935415
"Bcl11a","Bcl11a","NM_001159289","Midbrain","15.5",6,0.8358,0.58825,0.24755,0.24755,0.24755,0,0.0186183016760771,0.24557752455378,1,1.07001724211612e-05,0.00010420146632267,2.13780997418746e-05,0.00193676324308906
"Cdc37l1","Cdc37l1","NM_001302382","Midbrain","15.5",6,0.4412,0.3375,0.1037,0.1037,0.1037,0,0.0186445787642148,0.245924122346081,1,2.75995855763442e-05,0.000241535952548618,5.51991711526884e-05,0.0044967720371938
"Cdc42se1","Cdc42se1","NM_172395","Midbrain","15.5",6,0.38985,0.588,-0.19815,-0.19805,-0.19825,-0.000199999999999978,0.0186504509358726,0.246001576960609,-1,0.000358415489351281,0.00230402766118092,0.00137505619591232,0.0758784895928868
"Ppp3ca","Ppp3ca","NM_008913","Midbrain","15.5",6,0.4048,0.14165,0.26315,0.26315,0.26315,0,0.018663241224268,0.246170282324671,1,0.00335929395847854,0.0159994676877797,0.0130819013888879,0.535500933772309
"Cyp2d22","Cyp2d22","NM_019823","Midbrain","11.5",2,0.2642,1,-0.7358,-0.7358,-0.7358,0,0.018665811346153,0.246204182525736,-1,0.00336931327402478,0.0160215014344356,0.0134449912196945,0.547104024539955
"Cyp2d22","Cyp2d22","NM_001163472","Midbrain","11.5",2,0.7358,0,0.7358,0.7358,0.7358,0,0.0187023034372364,0.246685517373026,1,0.00336931327402478,0.0160215014344356,0.0134449912196945,0.547104024539955
"Epb4.1l5","Epb4.1l5","NM_145506","Midbrain","15.5",6,0.4931,0.8455,-0.3524,-0.3524,-0.3524,0,0.0187029341431373,0.246693836455859,-1,0.00337092110145543,0.0160215014344356,0.013376563775815,0.544857437935415
"Amigo1","Amigo1","NM_001287093","Midbrain","12.5",3,0,0.2238,-0.2238,-0.2238,-0.2238,0,0.0187057140874892,0.246730504239217,-1,0.000366990744001511,0.00234925403537751,0.000733981488003023,0.0441685728680931
"Fmn1","Fmn1","NM_010230","Midbrain","13.5",4,0,0.514175,-0.514175,-0.5142,-0.51415,4.99999999999945e-05,0.0187489844397913,0.247301245125781,-1,0.00676443346889012,0.0289624059748457,0.0135233573752133,0.549750207545257
"Syn2","Syn2","NM_013681","Midbrain","15.5",6,0.62905,0.8179,-0.18885,-0.18885,-0.18885,0,0.0188136323796003,0.248153958832004,-1,0.00339593318924972,0.0161069287121202,0.0132465346669127,0.541165305732546
"Wnt7b","Wnt7b","NM_001163634","Midbrain","14.5",5,0.11115,0.248925,-0.137775,-0.13775,-0.1378,-5.000000000005e-05,0.0188601463697473,0.248767483672033,-1,1.07573616712799e-13,5.72516794993583e-12,2.15147233425597e-13,1.09488770500117e-10
"Ptbp1","Ptbp1","NM_008956","Midbrain","15.5",6,0.4962,0.61315,-0.11695,-0.11695,-0.11695,0,0.018967035859685,0.250177368246706,-1,0.0025707099413562,0.0127201507044187,0.00562237717201894,0.25722549842649
"Gse1","Gse1","NM_198671","Midbrain","15.5",6,0.6997,0.9532,-0.2535,-0.2535,-0.2535,0,0.0190327979707809,0.251044777999396,-1,0.00344101796020429,0.0162870105520735,0.0096025046278088,0.408488260590101
"Sh3bp2","Sh3bp2","NM_001145859","Midbrain","15.5",6,0.6488,0.99,-0.3412,-0.3412,-0.3412,-2.22044604925031e-16,0.0190495386931844,0.251265590039003,-1,1.2593599047224e-05,0.000120335914069194,2.51871980944479e-05,0.00225704832687409
"Ccdc30","Ccdc30","NM_029286","Midbrain","15.5",6,0.26075,0.7021,-0.44135,-0.44135,-0.44135,0,0.019050930587057,0.251283949278079,-1,0.00192977643106254,0.00990200305490276,0.00385955286212509,0.186512006532898
"Olfm1","Olfm1","NM_019498","Midbrain","15.5",6,0.26905,0.09335,0.1757,0.1757,0.1757,-1.38777878078145e-17,0.0190661912726901,0.251485239463724,1,0.00517743741598415,0.0232324814244701,0.0122884543941566,0.509600340542789
"Angpt1","Angpt1","NM_009640","Midbrain","16.5",7,0,0.253975,-0.253975,-0.254,-0.25395,4.99999999999945e-05,0.0191154239429282,0.252134624004516,-1,0.00346668193962643,0.0163915322703204,0.0138385787073587,0.560354084691368
"Angpt1","Angpt1","NM_001286062","Midbrain","16.5",7,1,0.746025,0.253975,0.254,0.25395,-5.00000000001055e-05,0.0191324770010159,0.252359555787452,1,0.00346668193962643,0.0163915322703204,0.0138385787073587,0.560354084691368
"Gfra4","Gfra4","NM_001271001","Midbrain","12.5",3,0.0243,0.19355,-0.16925,-0.16925,-0.16925,0,0.0191991014561702,0.253238339956718,-1,0.00218669244283019,0.0110347202986039,0.0132805701686842,0.542018586039142
"Grip1","Grip1","NM_001277294","Midbrain","15.5",6,0,0.642125,-0.642125,-0.6421,-0.64215,-4.99999999999945e-05,0.0193038867373413,0.254620469777545,-1,6.12780262625205e-05,0.000481079804808845,0.000122556052525041,0.00902122612623845
"Cd82","Cd82","NM_001271431","Midbrain","15.5",6,0,0.101375,-0.101375,-0.1014,-0.10135,4.99999999999945e-05,0.0193157941986766,0.254777530551901,-1,0.0140273683203619,0.0531044373881692,0.0280157525831276,1
"Scn9a","Scn9a","NM_001290675","Midbrain","15.5",6,0.1409,0.41405,-0.27315,-0.27315,-0.27315,0,0.0193492221612789,0.255218449194728,-1,0.0035257974080744,0.0166195414384722,0.0140609191322995,0.567208312563499
"St7","St7","NM_001289626","Midbrain","15.5",6,0.3404,0,0.3404,0.3404,0.3404,0,0.0193792405819425,0.255614395590153,1,0.000252964229009879,0.00169519366936781,0.000505092016165604,0.03135604336154
"Pank4","Pank4","NR_131230","Midbrain","12.5",3,0.44765,0.260175,0.187475,0.18745,0.1875,4.99999999999945e-05,0.0193815575896611,0.255644957186468,1,0.0105702806491828,0.0421797511170966,0.0210681501161001,0.798942808650706
"Scn9a","Scn9a","NM_001290674","Midbrain","15.5",6,0.8591,0.58595,0.27315,0.27315,0.27315,0,0.0193860778198407,0.255704579538562,1,0.0035257974080744,0.0166195414384722,0.0140609191322995,0.567208312563499
"Sphk1","Sphk1","NM_025367","Midbrain","13.5",4,0,0.2277,-0.2277,-0.2277,-0.2277,-2.77555756156289e-17,0.0195417878564657,0.257758412697345,-1,0.0178018084232124,0.064717138326484,0.0356036168464249,1
"Bace1","Bace1","NM_011792","Midbrain","12.5",3,0.83625,0.99355,-0.1573,-0.1573,-0.1573,-2.22044604925031e-16,0.019550874352608,0.257878264618767,-1,0.000111174732546503,0.00081676846045802,0.000430793319861012,0.0271940950314665
"Map3k12","Map3k12","NM_001163643","Midbrain","15.5",6,0.7583,0.980925,-0.222625,-0.2226,-0.22265,-4.99999999999945e-05,0.0197057257085267,0.259920771681008,-1,0.000509194287240706,0.0031409464322112,0.00195695649733494,0.103819512347716
"Lhx3","Lhx3","NM_001039653","Midbrain","11.5",2,0,0.609475,-0.609475,-0.60945,-0.6095,-5.00000000001055e-05,0.019718503026207,0.260089305959856,-1,0.00191114921288784,0.00982846061504232,0.0143900838732612,0.578706408597638
"Lhx3","Lhx3","NM_010711","Midbrain","11.5",2,1,0.390525,0.609475,0.60945,0.6095,4.99999999999945e-05,0.0197273152159845,0.260205539749013,1,0.00191114921288784,0.00982846061504232,0.0143900838732612,0.578706408597638
"Brca2","Brca2","NM_001081001","Midbrain","0",8,0.31245,0.666125,-0.353675,-0.3537,-0.35365,5.00000000001055e-05,0.0198378540077099,0.261663559030866,-1,0.00363919549707179,0.0171364174795243,0.0144834229445474,0.580760312649695
"Ampd2","Ampd2","NM_028779","Midbrain","15.5",6,0.3626,0.18595,0.17665,0.17665,0.17665,0,0.0198450319765668,0.261758237259517,1,7.91758377697776e-08,1.14679686541858e-06,1.57956774519134e-07,2.08690411181666e-05
"Fam19a2","Fam19a2","NR_045514","Midbrain","15.5",6,0.04325,0.287225,-0.243975,-0.24395,-0.244,-4.99999999999945e-05,0.0198545729296602,0.261884083520005,-1,0.0109043909566948,0.0432865545609646,0.0217886492567062,0.823991329523879
"Brca2","Brca2","NM_009765","Midbrain","0",8,0.68755,0.333875,0.353675,0.3537,0.35365,-4.9999999999939e-05,0.0198742626687817,0.262143793426778,1,0.00363919549707179,0.0171364174795243,0.0144834229445474,0.580760312649695
"Bace1","Bace1","NM_001145947","Midbrain","12.5",3,0.16375,0.00645,0.1573,0.1573,0.1573,5.20417042793042e-18,0.0199258834543745,0.262824677481724,1,0.000111174732546503,0.00081676846045802,0.000430793319861012,0.0271940950314665
"Map3k12","Map3k12","NM_009582","Midbrain","15.5",6,0.2417,0.019075,0.222625,0.2226,0.22265,4.9999999999998e-05,0.0199849931399395,0.263604340982227,1,0.000509194287240706,0.0031409464322112,0.00195695649733494,0.103819512347716
"Slc25a19","Slc25a19","NM_001252395","Midbrain","15.5",6,0.217,0.0372,0.1798,0.1798,0.1798,6.93889390390723e-18,0.0201886861144147,0.266291074568937,1,0.00271330561552566,0.0132963595313287,0.00542661123105133,0.249933520107072
"Dopey2","Dopey2","NM_027293","Midbrain","11.5",2,0.5173,0.14765,0.36965,0.36965,0.36965,2.77555756156289e-17,0.0201954539444493,0.266380343019703,1,0.00373203372569094,0.0175015556992699,0.014833986064174,0.59423923617658
"Dopey2","Dopey2","NM_026700","Midbrain","11.5",2,0.4827,0.85235,-0.36965,-0.36965,-0.36965,2.22044604925031e-16,0.0203015498237608,0.267779759779618,-1,0.00373203372569094,0.0175015556992699,0.014833986064174,0.59423923617658
"Cdk10","Cdk10","NM_194444","Midbrain","15.5",6,0.10195,0.272975,-0.171025,-0.17105,-0.171,4.99999999999945e-05,0.0204237267833965,0.26939128782481,-1,0.00381557258698214,0.0178021159333509,0.0149920254784601,0.599987108107594
"Nudt7","Nudt7","NM_024437","Midbrain","14.5",5,0.9195,0.442175,0.477325,0.4773,0.47735,4.99999999999945e-05,0.0204798961156889,0.27013216772998,1,0.00942431905619301,0.038513489571603,0.0296489165229102,1
"Cdk10","Cdk10","NM_194446","Midbrain","15.5",6,0.89805,0.727025,0.171025,0.17105,0.171,-5.00000000001055e-05,0.0207109809502409,0.27318020307813,1,0.00381557258698214,0.0178021159333509,0.0149920254784601,0.599987108107594
"Phactr2","Phactr2","NM_001195096","Midbrain","15.5",6,0.37035,0,0.37035,0.37035,0.37035,0,0.0207878432746064,0.274194025911036,1,0.0153255746375384,0.0572146452822293,0.0306511492750767,1
"Eif4e2","Eif4e2","NM_023314","Midbrain","0",8,0.50015,0.3733,0.12685,0.12685,0.12685,-5.55111512312578e-17,0.020798435729298,0.274333741597642,1,1.14170522491546e-08,1.98691437811333e-07,2.28341044983091e-08,3.60630379431266e-06
"Meis2","Meis2","NM_001159567","Midbrain","10.5",1,0.0527,0.156975,-0.104275,-0.1083,-0.10025,0.00805,0.0209721582720785,0.276625161768905,-1,6.48588318642138e-08,9.57609269169376e-07,1.21662019712996e-07,1.64427333703698e-05
"Ndrg3","Ndrg3","NM_180956","Midbrain","15.5",6,0.0872,0.2521,-0.1649,-0.1649,-0.1649,0,0.0211075585125952,0.278411106398474,-1,0.00395910004004748,0.0183223466969639,0.0156253604839584,0.622914354122141
"Nrf1","Nrf1","NM_001164227","Midbrain","15.5",6,0.31545,0.1835,0.13195,0.13195,0.13195,0,0.0211075585125952,0.278411106398474,1,0.0156152640784641,0.0581065558431951,0.0312305281569281,1
"Col25a1","Col25a1","NM_198711","Midbrain","16.5",7,0.12995,0,0.12995,0.12995,0.12995,0,0.0211885267775007,0.279479087055832,1,0.00156668105426015,0.00832882066061171,0.00313336210852031,0.1567480719038
"Arhgap33","Arhgap33","NM_178252","Midbrain","15.5",6,0.49115,0.1817,0.30945,0.30945,0.30945,0,0.0213327831258176,0.281381844758289,1,8.69658304647003e-10,1.95118924527909e-08,1.73747258211888e-09,3.56320438788874e-07
"Ndrg3","Ndrg3","NM_013865","Midbrain","15.5",6,0.9128,0.7479,0.1649,0.1649,0.1649,-1.11022302462516e-16,0.0213327831258176,0.281381844758289,1,0.00395910004004748,0.0183223466969639,0.0156253604839584,0.622914354122141
"Grin1","Grin1","NM_001177656","Midbrain","12.5",3,0,0.36985,-0.36985,-0.36985,-0.36985,0,0.0213415099804462,0.281496952967089,-1,0.00828168453796089,0.0344593364820427,0.0237745478283408,0.881305155006834
"Ccdc9","Ccdc9","NM_001136471","Midbrain","15.5",6,0.1697,0.33375,-0.16405,-0.16405,-0.16405,0,0.0214310548546843,0.28267806008064,-1,0.00410848752770507,0.0189371071644573,0.0159367467114645,0.632270551459624
"Gpr12","Gpr12","NM_008151","Midbrain","11.5",2,0.3895,1,-0.6105,-0.6105,-0.6105,1.11022302462516e-16,0.0214403331383087,0.282800441700846,-1,0.00399105026861543,0.0184329334807798,0.0159574083955821,0.632481537358389
"Gpr12","Gpr12","NM_001010941","Midbrain","11.5",2,0.6105,0,0.6105,0.6105,0.6105,0,0.0214403331383087,0.282800441700846,1,0.00399105026861543,0.0184329334807798,0.0159574083955821,0.632481537358389
"Ppp1r18","Ppp1r18","NM_175242","Midbrain","15.5",6,0.40525,0.1882,0.21705,0.21705,0.21705,-5.55111512312578e-17,0.0214403331383087,0.282800441700846,1,0.0105385510476459,0.0420898325873255,0.0239441635359814,0.885999161957043
"Lhx3","Lhx3","NM_001039653","Midbrain","10.5",1,0.1865,0.805575,-0.619075,-0.6191,-0.61905,5.00000000001055e-05,0.0214837964459955,0.283373727690962,-1,0.00191114921288784,0.00982846061504232,0.0143900838732612,0.578706408597638
"Vsig8","Vsig8","NR_027644","Midbrain","10.5",1,1,0,1,1,1,0,0.0214852739485251,0.283393216117998,1,0.00401506310635149,0.0185251449977528,0.0160216942586509,0.634419527662977
"Lhx3","Lhx3","NM_010711","Midbrain","10.5",1,0.8135,0.194425,0.619075,0.6191,0.61905,-5.00000000000222e-05,0.0214852739485251,0.283393216117998,1,0.00191114921288784,0.00982846061504232,0.0143900838732612,0.578706408597638
"Vsig8","Vsig8","NM_177723","Midbrain","10.5",1,0,1,-1,-1,-1,0,0.021509328012926,0.283710491973433,-1,0.00401506310635149,0.0185251449977528,0.0160216942586509,0.634419527662977
"Nrp2","Nrp2","NM_001077407","Midbrain","16.5",7,0.34975,0.5958,-0.24605,-0.24605,-0.24605,-1.11022302462516e-16,0.0215122021635897,0.283748402348798,-1,0.0241039095106132,0.0838325181079611,0.0482078190212265,1
"Sgip1","Sgip1","NM_001285862","Midbrain","15.5",6,0.3055,0.04615,0.25935,0.25935,0.25935,0,0.0215520722512109,0.28427429335605,1,1.53321820093386e-16,2.19298115802321e-14,3.06643640186772e-16,3.95005202295657e-13
"Cpsf7","Cpsf7","NM_001164272","Midbrain","12.5",3,0.3226,0.19645,0.12615,0.12615,0.12615,0,0.0215634401896732,0.28442423776212,1,0.00421797699653225,0.0193637720292158,0.0161213288563523,0.637140718089376
"Ccdc9","Ccdc9","NM_172297","Midbrain","15.5",6,0.8303,0.66625,0.16405,0.16405,0.16405,0,0.0219581291136995,0.289630229727312,1,0.00410848752770507,0.0189371071644573,0.0159367467114645,0.632270551459624
"Cldnd1","Cldnd1","NR_045517","Midbrain","13.5",4,0.6825,0.52865,0.15385,0.15385,0.15385,0,0.0219952038709708,0.290119250008136,1,2.29003068297104e-14,1.61253391322437e-12,4.58006136594207e-14,2.94991943299158e-11
"Pnck","Pnck","NM_001199352","Midbrain","12.5",3,0.75585,0.6395,0.11635,0.11635,0.11635,-1.11022302462516e-16,0.0220286310994886,0.290560158968304,1,2.65992580079279e-13,1.26018419214305e-11,5.31985160158558e-13,2.34231782451542e-10
"Zfp661","Zfp661","NM_028141","Midbrain","15.5",6,0.04885,0.262425,-0.213575,-0.21355,-0.2136,-4.99999999999945e-05,0.0220656692193141,0.291048695997037,-1,0.00414860291559041,0.0190876498345775,0.0165230840577533,0.650052142613201
"A930016O22Rik","A930016O22Rik","NR_073014","Midbrain","15.5",6,1,0,1,1,1,0,0.0221186909753884,0.291748059012567,1,0.00415951356814543,0.0191145518086362,0.0166004284814672,0.651701665377604
"Zfp661","Zfp661","NM_001111029","Midbrain","15.5",6,0.95115,0.737575,0.213575,0.21355,0.2136,4.99999999998835e-05,0.0221186909753884,0.291748059012567,1,0.00414860291559041,0.0190876498345775,0.0165230840577533,0.650052142613201
"Tcf7l2","Tcf7l2","NM_001142922","Midbrain","16.5",7,0.0302,0.189975,-0.159775,-0.15975,-0.1598,-4.99999999999667e-05,0.0221186909753884,0.291748059012567,-1,7.65713832265965e-05,0.000591007118091285,0.000153142766453193,0.0110361931143073
"A930016O22Rik","A930016O22Rik","NR_073015","Midbrain","15.5",6,0,1,-1,-1,-1,0,0.0221551622691389,0.29222911954066,-1,0.00415951356814543,0.0191145518086362,0.0166004284814672,0.651701665377604
"Tpx2","Tpx2","NM_001141975","Midbrain","14.5",5,0.03595,0.2496,-0.21365,-0.21365,-0.21365,0,0.0223146753645279,0.294333115478693,-1,0.00012628469195544,0.000908812948239068,0.000252569383910879,0.0169839640648044
"Rapgef1","Rapgef1","NM_054050","Midbrain","15.5",6,0.69705,0.4154,0.28165,0.28165,0.28165,0,0.0223559604149418,0.294877670006712,1,0.00429501501719892,0.0196190456424346,0.0164250672013598,0.647902560940672
"Cpsf7","Cpsf7","NM_172302","Midbrain","12.5",3,0.6774,0.80355,-0.12615,-0.12615,-0.12615,0,0.022399837957401,0.295456419800765,-1,0.00421797699653225,0.0193637720292158,0.0161213288563523,0.637140718089376
"Cartpt","Cartpt","NM_013732","Midbrain","15.5",6,0.70945,0.2844,0.42505,0.42505,0.42505,0,0.0224330106886626,0.29589397191307,1,0.00423424370230994,0.019418971368209,0.0169040630195307,0.662990368062024
"Cartpt","Cartpt","NM_001081493","Midbrain","15.5",6,0.29055,0.7156,-0.42505,-0.42505,-0.42505,0,0.0224460070899001,0.296065395929049,-1,0.00423424370230994,0.019418971368209,0.0169040630195307,0.662990368062024
"Sema6d","Sema6d","NM_199240","Midbrain","15.5",6,0.4246,0.1952,0.2294,0.2294,0.2294,5.55111512312578e-17,0.0224460070899001,0.296065395929049,1,3.42655808950327e-09,6.70228904942584e-08,6.85311617900654e-09,1.23900220498493e-06
"Lef1","Lef1","NM_010703","Midbrain","14.5",5,0.1248,0.446125,-0.321325,-0.32135,-0.3213,4.9999999999939e-05,0.0224666321617285,0.296337442981002,-1,0.000774131420161618,0.00451362994914615,0.00262766911495438,0.135655508274404
"Eif4e2","Eif4e2","NM_001039170","Midbrain","16.5",7,0,0.1023,-0.1023,-0.1023,-0.1023,0,0.0225084159434612,0.296888575832052,-1,1.14170522491546e-08,1.98691437811333e-07,2.28341044983091e-08,3.60630379431266e-06
"Sept9","Sept9","NM_001113488","Midbrain","11.5",2,0.68895,0.54745,0.1415,0.1415,0.1415,0,0.0226685796394642,0.299001153266455,1,0.000543791531932143,0.00331857845553789,0.00108758306386429,0.0620907952270361
"Rapgef1","Rapgef1","NM_054050","Midbrain","16.5",7,0.23205,0.49285,-0.2608,-0.2608,-0.2608,0,0.0227079954737852,0.29952105262082,-1,0.00429501501719892,0.0196190456424346,0.0164250672013598,0.647902560940672
"Plxnb2","Plxnb2","NM_001284506","Midbrain","0",8,0.0224,0.18935,-0.16695,-0.16695,-0.16695,-2.77555756156289e-17,0.0227079954737852,0.29952105262082,-1,0.00130795234684603,0.00715232723000514,0.00508043475870471,0.237438492052183
"Dync1i1","Dync1i1","NM_010063","Midbrain","15.5",6,0.05685,0.760475,-0.703625,-0.7036,-0.70365,-4.99999999997724e-05,0.022807736436163,0.30083664730091,-1,0.011024072943718,0.0436103559752786,0.0431873105790412,1
"Eif4e2","Eif4e2","NM_001039169","Midbrain","15.5",6,0.36625,0.47835,-0.1121,-0.1121,-0.1121,0,0.0228490721273448,0.301381869786438,-1,1.14170522491546e-08,1.98691437811333e-07,2.28341044983091e-08,3.60630379431266e-06
"Senp8","Senp8","NM_027838","Midbrain","0",8,0.32585,0.691875,-0.366025,-0.36605,-0.366,5.00000000001055e-05,0.0228838957911931,0.301841197888031,-1,0.0216964634738343,0.0766240071911571,0.0433177663642959,1
"Tnik","Tnik","NM_001163008","Midbrain","10.5",1,0,0.235325,-0.235325,-0.2354,-0.23525,0.000150000000000011,0.0229465376127924,0.302667450666052,-1,0.000806752144091133,0.00467405640950014,0.00161086620420421,0.0872556675221469
"Fmo5","Fmo5","NM_010232","Midbrain","13.5",4,1,0,1,1,1,0,0.0229530674635892,0.302753580143503,1,0.0130700629226773,0.0502281091495333,0.0261401258453546,0.960359084752783
"Rreb1","Rreb1","NM_001177869","Midbrain","11.5",2,0.7958,0.6027,0.1931,0.1931,0.1931,-1.11022302462516e-16,0.0229530674635892,0.302753580143503,1,0.0261482162122378,0.0897154314868159,0.0522964324244756,1
"Mcf2","Mcf2","NM_001289731","Midbrain","15.5",6,1,0.0575,0.9425,0.9425,0.9425,2.08166817117217e-17,0.0230232947144133,0.303679885598945,1,0.00312411731301461,0.0149728638132648,0.00624823462602921,0.283342863063628
"Tfdp2","Tfdp2","NM_001184706","Midbrain","15.5",6,0.7459,0.56235,0.18355,0.18355,0.18355,0,0.0230592398217429,0.304154005668079,1,5.65563152120936e-05,0.000453341952234242,0.000113112630424187,0.00844677364435638
"Wdr61","Wdr61","NM_023191","Midbrain","15.5",6,0.4825,0.31685,0.16565,0.16565,0.16565,0,0.0230592398217429,0.304154005668079,1,0.00657815615510814,0.0282441094952439,0.0174031443247034,0.681484247231169
"Slc38a10","Slc38a10","NM_001164799","Midbrain","15.5",6,0.44815,0.181825,0.266325,0.26105,0.2716,0.01055,0.0230756486764367,0.304370440334708,1,0.000829921958854568,0.00480221593638098,0.000829921958854568,0.0492233631275212
"Dync1i1","Dync1i1","NM_010063","Midbrain","11.5",2,0,0.4068,-0.4068,-0.4068,-0.4068,5.55111512312578e-17,0.0231621185122146,0.305510987339927,-1,0.011024072943718,0.0436103559752786,0.0431873105790412,1
"Lrba","Lrba","NM_030695","Midbrain","15.5",6,0.8309,0.55025,0.28065,0.28065,0.28065,0,0.0232131872200626,0.306184589426394,1,0.0132636186784284,0.0508864901015647,0.0265272373568567,0.971119030236594
"Arhgap1","Arhgap1","NM_001145902","Midbrain","0",8,0.22045,0.09905,0.1214,0.1214,0.1214,0,0.0233561816315324,0.308070702037777,1,0.0222795245410639,0.0783205712937401,0.0445590490821274,1
"Arhgef3","Arhgef3","NM_001289686","Midbrain","14.5",5,0.0116,0.161775,-0.150175,-0.1502,-0.15015,5.00000000000222e-05,0.0233899194688519,0.308515707963498,-1,0.00516549366484812,0.0232070054469507,0.0179420418284901,0.699044831492239
"Plekhg2","Plekhg2","NM_138752","Midbrain","0",8,0.17645,0.662525,-0.486075,-0.4861,-0.48605,5.00000000001055e-05,0.0233911189219909,0.308531528887329,-1,0.0133994757451176,0.0513646570229508,0.0267707495209498,0.978295966396048
"Kifc3","Kifc3","NM_001145831","Midbrain","15.5",6,0.264,0.14165,0.12235,0.12235,0.12235,-2.77555756156289e-17,0.0233911189219909,0.308531528887329,1,0.00446817650734842,0.0202885355894184,0.0159235069087109,0.632270551459624
"Sntg1","Sntg1","NM_001290393","Midbrain","11.5",2,0.78825,0,0.78825,0.78825,0.78825,0,0.0234494344818404,0.309300717778988,1,0.0134435680947261,0.0514475009778941,0.0268871361894522,0.981678855948575
"Prkcsh","Prkcsh","NM_001293650","Midbrain","15.5",6,0.35585,0.4927,-0.13685,-0.13685,-0.13685,0,0.0234678731313151,0.309543925670497,-1,0.013459763618256,0.0514664478535989,0.0269195272365121,0.981991699703984
"Slc25a14","Slc25a14","NM_001290705","Midbrain","0",8,0.14245,0.292225,-0.149775,-0.1498,-0.14975,4.99999999998835e-05,0.0236250387688267,0.311616958371144,-1,5.83463358202184e-05,0.000462827000085164,0.000116692671640437,0.00866701267660541
"St3gal3","St3gal3","NM_001285521","Midbrain","15.5",6,0.25875,0.487225,-0.228475,-0.22845,-0.2285,-5.00000000001055e-05,0.0237059226766824,0.312683826349386,-1,0.0136218621756043,0.0519560526481172,0.0271894263865421,0.990960337253756
"Hdac7","Hdac7","NM_001204281","Midbrain","15.5",6,0.22175,0.43975,-0.218,-0.218,-0.218,0,0.0238031919242729,0.313966818829262,-1,0.0107200237221479,0.0427028273074595,0.0340842190391705,1
"Acin1","Acin1","NM_019567","Midbrain","11.5",2,0.34185,0.17705,0.1648,0.1648,0.1648,-5.55111512312578e-17,0.0240926731231115,0.317785108888821,1,0.027774454347674,0.0936799392404599,0.055548908695348,1
"Bcs1l","Bcs1l","NM_001305652","Midbrain","0",8,0.4389,0.2305,0.2084,0.20835,0.20845,9.99999999999057e-05,0.0241996345217717,0.319195941947754,1,0.00125442861760762,0.00691749371420489,0.00501278597888778,0.235344188674053
"Bcs1l","Bcs1l","NM_025784","Midbrain","0",8,0.5611,0.7695,-0.2084,-0.20835,-0.20845,-9.99999999997669e-05,0.0242157820757813,0.319408930028529,-1,0.00125442861760762,0.00691749371420489,0.00501278597888778,0.235344188674053
"Wdr59","Wdr59","NM_001170742","Midbrain","11.5",2,0.8149,0.9888,-0.1739,-0.1739,-0.1739,0,0.0242805050440701,0.320262633368966,-1,0.0140189510228884,0.0531044373881692,0.0280379020457767,1
"Ttyh1","Ttyh1","NM_001001454","Midbrain","15.5",6,0.28235,0.04665,0.2357,0.2357,0.2357,0,0.0243110874576428,0.320666018895247,1,0.000515393474826675,0.00317063969661518,0.00103078694965335,0.0594267119475559
"Tpbg","Tpbg","NM_011627","Midbrain","15.5",6,0.05795,0.208,-0.15005,-0.15005,-0.15005,0,0.0243110874576428,0.320666018895247,-1,0.00469432680637236,0.0212732017750161,0.0187249214845978,0.723393193020677
"Tpbg","Tpbg","NM_001164792","Midbrain","15.5",6,0.94205,0.792,0.15005,0.15005,0.15005,0,0.0243509691816672,0.321192063387985,1,0.00469432680637236,0.0212732017750161,0.0187249214845978,0.723393193020677
"Spock1","Spock1","NM_009262","Midbrain","10.5",1,0.4526,0.738075,-0.285475,-0.28545,-0.2855,-4.99999999999945e-05,0.0244125325356539,0.322004091055079,-1,5.82948091984346e-14,3.70576863473938e-12,1.16589618396869e-13,6.76893531654163e-11
"Hnrnpf","Hnrnpf","NM_133834","Midbrain","15.5",6,0.5236,0.63905,-0.11545,-0.1156,-0.1153,0.000299999999999967,0.0244125325356539,0.322004091055079,-1,0.0111593523020411,0.043993415578331,0.0223187046040821,0.839588094114204
"Trip4","Trip4","NM_001170907","Midbrain","13.5",4,0.47905,0.31745,0.1616,0.1616,0.1616,0,0.0244503123069897,0.322502410551899,1,0.000479321826572066,0.00298483809553789,0.001897505941569,0.101055746761877
"Trip4","Trip4","NM_019797","Midbrain","13.5",4,0.52095,0.68255,-0.1616,-0.1616,-0.1616,0,0.0246482837389948,0.325113676340264,-1,0.000479321826572066,0.00298483809553789,0.001897505941569,0.101055746761877
"Ganab","Ganab","NM_001293621","Midbrain","15.5",6,0.62025,0.9342,-0.31395,-0.31395,-0.31395,0,0.0246982586175776,0.325772850693851,-1,0.00481752350253578,0.0217883449319232,0.0190964086363278,0.734303749734194
"Plp1","Plp1","NM_011123","Midbrain","14.5",5,0.06265,0.3225,-0.25985,-0.25985,-0.25985,0,0.0247358852292138,0.326269149996749,-1,0.000283334764554349,0.00187402199041222,0.00112661225093945,0.063845503291668
"Plp1","Plp1","NM_001290561","Midbrain","14.5",5,0.93735,0.6775,0.25985,0.25985,0.25985,-1.11022302462516e-16,0.0248366685564111,0.327598493587803,1,0.000283334764554349,0.00187402199041222,0.00112661225093945,0.063845503291668
"Sgms1","Sgms1","NM_001168526","Midbrain","15.5",6,0.38375,0.143825,0.239925,0.2399,0.23995,4.99999999999945e-05,0.0248467336549094,0.327731253386016,1,0.0144262712181077,0.0543896568083021,0.0287494257349838,1
"Ganab","Ganab","NM_008060","Midbrain","15.5",6,0.37975,0.0658,0.31395,0.31395,0.31395,0,0.0248817584820468,0.328193234854358,1,0.00481752350253578,0.0217883449319232,0.0190964086363278,0.734303749734194
"Slc38a10","Slc38a10","NM_001164800","Midbrain","15.5",6,0.23235,0.012925,0.219425,0.22485,0.214,-0.01085,0.0248819109018561,0.328195245289043,1,0.000829921958854568,0.00480221593638098,0.000829921958854568,0.0492233631275212
"Ppap2c","Ppap2c","NM_015817","Midbrain","15.5",6,0.64325,0.23985,0.4034,0.4034,0.4034,0,0.0249580733144503,0.329199836205784,1,1.14031460743967e-07,1.61585757221405e-06,2.27575361220042e-07,2.93152832197913e-05
"Wdr73","Wdr73","NR_027976","Midbrain","15.5",6,0.29285,0.44215,-0.1493,-0.1493,-0.1493,-5.55111512312578e-17,0.0251301682167732,0.331469787613601,-1,0.00503972819504381,0.022725946747503,0.01949861737807,0.746982414534153
"Arhgef3","Arhgef3","NM_001289688","Midbrain","14.5",5,0.00985,0.212775,-0.202925,-0.20295,-0.2029,4.99999999999945e-05,0.0253778745859962,0.334737062901558,-1,0.00516549366484812,0.0232070054469507,0.0179420418284901,0.699044831492239
"Osbpl6","Osbpl6","NM_145525","Midbrain","10.5",1,0,0.181025,-0.181025,-0.181,-0.18105,-5.00000000000222e-05,0.0255263402256546,0.336695341637338,-1,0.00448730479759112,0.0203551972830273,0.00896572208150356,0.384574706055942
"Amz2","Amz2","NM_001252193","Midbrain","15.5",6,0.6801,0.4297,0.2504,0.2504,0.2504,0,0.0258250995038959,0.340636010623395,1,0.00503090600121025,0.022708537246094,0.0200790819183442,0.767095247482631
"Sh3gl3","Sh3gl3","NM_017400","Midbrain","15.5",6,0.9611,0.727475,0.233625,0.2336,0.23365,4.99999999998835e-05,0.0258459103116626,0.340910507553579,1,5.78880724517025e-05,0.000460789056715552,0.000115776144903405,0.00861446184123562
"Amz2","Amz2","NM_025275","Midbrain","15.5",6,0.3199,0.5703,-0.2504,-0.2504,-0.2504,0,0.0258558203314098,0.341041221845363,-1,0.00503090600121025,0.022708537246094,0.0200790819183442,0.767095247482631
"Ss18","Ss18","NM_001161369","Midbrain","15.5",6,0.7611,0.60055,0.16055,0.16055,0.16055,0,0.0258833099320333,0.341403812815772,1,0.00184817983276021,0.00956913924722113,0.00368389042801993,0.178820552339516
"Wdr73","Wdr73","NM_028026","Midbrain","15.5",6,0.70715,0.55785,0.1493,0.1493,0.1493,0,0.0258833099320333,0.341403812815772,1,0.00503972819504381,0.022725946747503,0.01949861737807,0.746982414534153
"Cntn1","Cntn1","NM_001159648","Midbrain","15.5",6,1,0.60075,0.39925,0.39925,0.39925,-1.11022302462516e-16,0.0258884073210529,0.341471047958853,1,1.02142561772399e-07,1.45640655835598e-06,2.04285123544798e-07,2.64806385565138e-05
"Tcf7l2","Tcf7l2","NM_001142924","Midbrain","14.5",5,0.5649,0.107975,0.456925,0.45695,0.4569,-5.00000000000084e-05,0.026014577529886,0.343135247416823,1,7.65713832265965e-05,0.000591007118091285,0.000153142766453193,0.0110361931143073
"Dhx30","Dhx30","NM_001252683","Midbrain","16.5",7,0.0755,0.18885,-0.11335,-0.11335,-0.11335,-2.77555756156289e-17,0.0260384000695023,0.343449469433919,-1,0.000515144087914005,0.00317063969661518,0.00103028817582801,0.0594267119475559
"Fxyd1","Fxyd1","NM_019503","Midbrain","0",8,0.93625,0.3979,0.53835,0.53835,0.53835,-1.66533453693773e-16,0.0260466247279296,0.343557953617493,1,0.0203235883092438,0.0724947934907806,0.0406471766184876,1
"Fbxw11","Fbxw11","NM_001271347","Midbrain","15.5",6,0.07855,0.182,-0.10345,-0.10345,-0.10345,0,0.0260499996798168,0.343602469618167,-1,0.0203371891724191,0.0724947934907806,0.0406743783448382,1
"Pitx2","Pitx2","NM_001286942","Midbrain","16.5",7,0,0.14725,-0.14725,-0.14725,-0.14725,0,0.026211137364506,0.345727894074532,-1,0.0255944416743369,0.0881457934864108,0.0511888833486738,1
"Tfap2c","Tfap2c","NM_009335","Midbrain","0",8,0,1,-1,-1,-1,0,0.0262432020091781,0.346150830398223,-1,0.000500242850068443,0.00309406962805846,0.00199601295508322,0.105484241644803
"Mitf","Mitf","NM_001178049","Midbrain","16.5",7,0,0.340575,-0.340575,-0.34055,-0.3406,-4.99999999999945e-05,0.0262432020091781,0.346150830398223,-1,0.00304171097823634,0.0146546433130397,0.00775736800471779,0.339955885042071
"Tfap2c","Tfap2c","NM_001159696","Midbrain","0",8,1,9.81307786677359e-18,1,1,1,1.96261557335472e-17,0.0262675385974658,0.346471832775978,1,0.000500242850068443,0.00309406962805846,0.00199601295508322,0.105484241644803
"2210408F21Rik","2210408F21Rik","NR_040262","Midbrain","11.5",2,0,1,-1,-1,-1,0,0.0262865628648606,0.346722765034707,-1,0.006271147736946,0.0273055512036238,0.012542295473892,0.517927671201009
"Atf2","Atf2","NM_001025093","Midbrain","15.5",6,0.2503,0.388775,-0.138475,-0.13845,-0.1385,-4.9999999999939e-05,0.0262934413160891,0.346813492591648,-1,0.0308979969895626,0.101887703329415,0.0615900618433759,1
"Otud4","Otud4","NM_001081164","Midbrain","16.5",7,0.0388,0.348925,-0.310125,-0.3102,-0.31005,0.000149999999999928,0.0263090022041002,0.347018742480929,-1,0.00516668965489246,0.0232070054469507,0.0205836246517164,0.784901197636109
"Arhgef3","Arhgef3","NM_027871","Midbrain","15.5",6,0.30115,0.014,0.28715,0.28715,0.28715,1.04083408558608e-17,0.0263420184163389,0.347454230089455,1,0.00516549366484812,0.0232070054469507,0.0179420418284901,0.699044831492239
"Otud4","Otud4","NM_001256033","Midbrain","16.5",7,0.9612,0.651075,0.310125,0.3102,0.31005,-0.000149999999999983,0.0263427512872867,0.34746389674092,1,0.00516668965489246,0.0232070054469507,0.0205836246517164,0.784901197636109
"Mid1","Mid1","NM_001290506","Midbrain","0",8,0,0.424625,-0.424625,-0.42465,-0.4246,5.000000000005e-05,0.0263823863570536,0.347986687835844,-1,0.0103531422693814,0.0414941612670392,0.0255162927669217,0.939114153120549
"Cenpl","Cenpl","NM_001159930","Midbrain","14.5",5,0.9116,0.6435,0.2681,0.2681,0.2681,0,0.0264588421967166,0.34899514908912,1,0.0156019774172877,0.0581043536525028,0.0312039548345753,1
"Prom1","Prom1","NM_001163577","Midbrain","14.5",5,0.7157,0.611,0.1047,0.1047,0.1047,0,0.0264588421967166,0.34899514908912,1,1.14358795309311e-24,1.30855051532679e-21,2.28717590618621e-24,2.35699362545673e-20
"Dnm1l","Dnm1l","NM_001025947","Midbrain","15.5",6,0.79395,0.6613,0.13265,0.13265,0.13265,0,0.0266972718691602,0.352140063687539,1,0.0262664299008315,0.0899861150120552,0.052532859801663,1
"Iqsec1","Iqsec1","NM_001134384","Midbrain","16.5",7,0.2975,0.43165,-0.13415,-0.13415,-0.13415,-5.55111512312578e-17,0.0267071047968036,0.352269761125673,-1,0.00556904734876054,0.0246714501499655,0.0210294179817286,0.798942808650706
"Cbs","Cbs","NM_178224","Midbrain","11.5",2,0,1,-1,-1,-1,0,0.0267198363408823,0.352437691645491,-1,0.0157859862379823,0.0586464764701664,0.0315719724759646,1
"Wnt5a","Wnt5a","NM_009524","Midbrain","13.5",4,1,0.67745,0.32255,0.32255,0.32255,0,0.0267252899336506,0.352509625156681,1,0.00526992753150765,0.0235321544504493,0.0210608180798538,0.798942808650706
"Wnt5a","Wnt5a","NM_001256224","Midbrain","13.5",4,0,0.32255,-0.32255,-0.32255,-0.32255,0,0.0267384203128826,0.352682816357702,-1,0.00526992753150765,0.0235321544504493,0.0210608180798538,0.798942808650706
"Cxadr","Cxadr","NM_009988","Midbrain","0",8,0.2127,0.3708,-0.1581,-0.1581,-0.1581,0,0.026765861655765,0.353044770802996,-1,1.19961178642431e-05,0.000114866593022261,3.95398915342173e-05,0.0033955729729595
"Tmem255a","Tmem255a","NM_172930","Midbrain","13.5",4,0.07555,0.41445,-0.3389,-0.33875,-0.33905,-0.000299999999999967,0.0269694835972397,0.355730567456321,-1,0.000109317932335704,0.000804418289872216,0.000288567613196542,0.0190625865952978
"Zfp821","Zfp821","NM_001286393","Midbrain","16.5",7,0.4929,0.6037,-0.1108,-0.1108,-0.1108,0,0.0272667411941543,0.359651429094249,-1,3.18530949909854e-08,5.01002116060962e-07,6.34690272880216e-08,9.31052894231827e-06
"Osbp2","Osbp2","NM_152818","Midbrain","15.5",6,1,0.634,0.366,0.366,0.366,1.11022302462516e-16,0.0272729674034515,0.359733553505657,1,0.0148555646799618,0.0559160522534416,0.0323824272229845,1
"Tmem196","Tmem196","NM_001294146","Midbrain","10.5",1,0.49155,0,0.49155,0.49155,0.49155,0,0.0272831861167167,0.359868339500182,1,0.000123327304489631,0.000890468937225483,0.000246654608979263,0.0167226264161684
"Henmt1","Henmt1","NM_025723","Midbrain","11.5",2,0.06805,1,-0.93195,-0.93195,-0.93195,0,0.0273714535708547,0.361032597296785,-1,0.000732764314783295,0.00434438117715433,0.00292458826403601,0.148649245980817
"Dbndd2","Dbndd2","NM_001048227","Midbrain","13.5",4,0,0.19305,-0.19305,-0.19305,-0.19305,0,0.0273714535708547,0.361032597296785,-1,1.51913740094649e-06,1.73393812571872e-05,4.18869737045921e-06,0.000431656042477387
"Henmt1","Henmt1","NM_001078646","Midbrain","11.5",2,0.93195,0,0.93195,0.93195,0.93195,0,0.0274109166664798,0.361553120033147,1,0.000732764314783295,0.00434438117715433,0.00292458826403601,0.148649245980817
"Aqp4","Aqp4","NM_001308647","Midbrain","13.5",4,0,0.597025,-0.597025,-0.597,-0.59705,-4.99999999998835e-05,0.027525890654121,0.363069640055447,-1,0.010925031938138,0.0433309109019562,0.0218317751873127,0.8248654852701
"Asph","Asph","NM_001177854","Midbrain","15.5",6,0.1367,0.020975,0.115725,0.1158,0.11565,-0.000150000000000001,0.0275684270743941,0.363630700294764,1,3.59210696206275e-18,9.67121974433011e-16,7.16760810517361e-18,1.7379775508017e-14
"Lef1","Lef1","NM_001276402","Midbrain","14.5",5,0.8735,0.5485,0.325,0.325,0.325,0,0.0275960964789365,0.36399566289939,1,0.000774131420161618,0.00451362994914615,0.00262766911495438,0.135655508274404
"Skil","Skil","NM_001039090","Midbrain","14.5",5,0.81845,0.560625,0.257825,0.2578,0.25785,4.99999999998835e-05,0.0276959153898487,0.365312285729546,1,0.0165153241567333,0.0610586742046593,0.0329768627439826,1
"Grin1","Grin1","NM_001177656","Midbrain","15.5",6,0,0.28285,-0.28285,-0.28285,-0.28285,0,0.0277541754649683,0.366080742771284,-1,0.00828168453796089,0.0344593364820427,0.0237745478283408,0.881305155006834
"Iqsec1","Iqsec1","NM_001134383","Midbrain","16.5",7,0.7025,0.56835,0.13415,0.13415,0.13415,0,0.0279613981806802,0.368814034047857,1,0.00556904734876054,0.0246714501499655,0.0210294179817286,0.798942808650706
"Fgf13","Fgf13","NM_010200","Midbrain","11.5",2,0.5269,0.36345,0.16345,0.16345,0.16345,0,0.0280293064453696,0.36970975181145,1,1.7128329580172e-17,3.91981822442236e-15,3.42152016640236e-17,7.40885727529421e-14
"Ambra1","Ambra1","NM_001080754","Midbrain","15.5",6,0.64345,0.4115,0.23195,0.23195,0.23195,0,0.02823473510325,0.372419379260417,1,0.00563913099928456,0.0248470883666971,0.0225119961916142,0.84437457176621
"Map3k7","Map3k7","NM_009316","Midbrain","12.5",3,0.4672,0.26875,0.19845,0.19845,0.19845,0,0.0282355676276147,0.372430360351828,1,0.0011245184991277,0.00626908790561206,0.00793916961175534,0.345941588897939
"Slc15a2","Slc15a2","NM_021301","Midbrain","12.5",3,0.89795,0.23505,0.6629,0.6629,0.6629,0,0.0282504614712531,0.372626811849684,1,0.00564040306161204,0.0248470883666971,0.0225425908104878,0.844753450956131
"Slc15a2","Slc15a2","NM_001145899","Midbrain","12.5",3,0.10205,0.76495,-0.6629,-0.6629,-0.6629,0,0.028251670717166,0.372642761941323,-1,0.00564040306161204,0.0248470883666971,0.0225425908104878,0.844753450956131
"Ambra1","Ambra1","NM_172669","Midbrain","15.5",6,0.35655,0.5885,-0.23195,-0.23195,-0.23195,0,0.028251670717166,0.372642761941323,-1,0.00563913099928456,0.0248470883666971,0.0225119961916142,0.84437457176621
"Flt3l","Flt3l","NR_102725","Midbrain","11.5",2,0,0.334275,-0.334275,-0.3343,-0.33425,4.9999999999939e-05,0.0283040618322477,0.373333806730165,-1,0.00578019097644413,0.0252924800183411,0.022602003214971,0.846210569043672
"Fgfr2","Fgfr2","NM_201601","Midbrain","15.5",6,0.5197,0.29475,0.22495,0.22495,0.22495,0,0.028357881107336,0.374043689112535,1,0.00580542202787668,0.0253786214150827,0.0226690867108736,0.847951984815334
"Mum1l1","Mum1l1","NM_175541","Midbrain","13.5",4,0.1087,0.412875,-0.304175,-0.30415,-0.3042,-5.000000000005e-05,0.0283776146994347,0.374303977445083,-1,0.0227188527457974,0.0794986154568156,0.0454052639374043,1
"Rbfox2","Rbfox2","NM_001286417","Midbrain","15.5",6,0,0.110625,-0.110625,-0.11065,-0.1106,5.00000000000222e-05,0.0283776146994347,0.374303977445083,-1,2.82398493913164e-20,2.15422984440092e-17,5.4937178790135e-20,3.77427842661621e-16
"Lhx3","Lhx3","NM_001039653","Midbrain","12.5",3,0,0.570575,-0.570575,-0.5706,-0.57055,4.99999999999945e-05,0.0285872590664755,0.377069210579138,-1,0.00191114921288784,0.00982846061504232,0.0143900838732612,0.578706408597638
"Brd2","Brd2","NR_037970","Midbrain","15.5",6,0.43735,0.3257,0.11165,0.11165,0.11165,5.55111512312578e-17,0.0285872590664755,0.377069210579138,1,0.000653204771947259,0.0039132437712076,0.00130640954389452,0.0726741512448861
"Lhx3","Lhx3","NM_010711","Midbrain","12.5",3,1,0.429425,0.570575,0.5706,0.57055,-4.99999999999945e-05,0.0285918582044428,0.37712987373396,1,0.00191114921288784,0.00982846061504232,0.0143900838732612,0.578706408597638
"1700028E10Rik","1700028E10Rik","NR_045700","Midbrain","14.5",5,0.9036,0,0.9036,0.9036,0.9036,0,0.0286257262824831,0.377576597549657,1,0.00574481300803688,0.0251858325074567,0.0229704308846677,0.85611645956652
"1700028E10Rik","1700028E10Rik","NR_045699","Midbrain","14.5",5,0.0964,1,-0.9036,-0.9036,-0.9036,0,0.0286257262824831,0.377576597549657,-1,0.00574481300803688,0.0251858325074567,0.0229704308846677,0.85611645956652
"Nrg3","Nrg3","NM_001190188","Midbrain","11.5",2,0.70495,0,0.70495,0.70495,0.70495,0,0.0286363160131082,0.377716277305515,1,0.0172514072357084,0.0631677527342701,0.0345028144714169,1
"Numb","Numb","NM_010949","Midbrain","15.5",6,0.1187,0,0.1187,0.1187,0.1187,0,0.0286363160131082,0.377716277305515,1,0.0287575690888208,0.0964273946663245,0.0575151381776417,1
"Sept9","Sept9","NM_001113488","Midbrain","14.5",5,0.69285,0.5577,0.13515,0.13515,0.13515,0,0.0286552049219503,0.377965424169481,1,0.000543791531932143,0.00331857845553789,0.00108758306386429,0.0620907952270361
"Matn4","Matn4","NM_013592","Midbrain","10.5",1,0,1,-1,-1,-1,0,0.0286654620915105,0.378100717406928,-1,0.00576757536874006,0.0252614281939935,0.023069432592232,0.858431624238056
"Matn4","Matn4","NM_001252563","Midbrain","10.5",1,1,0,1,1,1,0,0.0286654620915105,0.378100717406928,1,0.00576757536874006,0.0252614281939935,0.023069432592232,0.858431624238056
"Tbrg4","Tbrg4","NM_134011","Midbrain","15.5",6,0.19255,0.30215,-0.1096,-0.1096,-0.1096,0,0.0286654620915105,0.378100717406928,-1,0.00614860437864263,0.0268532082452741,0.0230741991662696,0.858431624238056
"Flt3l","Flt3l","NM_013520","Midbrain","11.5",2,1,0.665725,0.334275,0.3343,0.33425,-5.00000000001055e-05,0.0286934961142777,0.378470489367562,1,0.00578019097644413,0.0252924800183411,0.022602003214971,0.846210569043672
"Gpr19","Gpr19","NM_008157","Midbrain","15.5",6,0.35785,0.681675,-0.323825,-0.3238,-0.32385,-4.99999999999945e-05,0.0287620486208011,0.37937470475449,-1,0.0202937878418376,0.0724529383401645,0.0649644192151313,1
"Uspl1","Uspl1","NM_001115150","Midbrain","14.5",5,0.2908,0.48215,-0.19135,-0.19135,-0.19135,0,0.0287620486208011,0.37937470475449,-1,0.00152125660446806,0.00812461082689651,0.00304251320893612,0.153319714056342
"Map3k7","Map3k7","NM_172688","Midbrain","12.5",3,0.5328,0.73125,-0.19845,-0.19845,-0.19845,0,0.0287638643808329,0.379398654836594,-1,0.0011245184991277,0.00626908790561206,0.00793916961175534,0.345941588897939
"Fgfr2","Fgfr2","NM_010207","Midbrain","15.5",6,0.4803,0.70525,-0.22495,-0.22495,-0.22495,0,0.0287674059869091,0.379445369025046,-1,0.00580542202787668,0.0253786214150827,0.0226690867108736,0.847951984815334
"Daam1","Daam1","NM_001286452","Midbrain","15.5",6,0.21825,0.03395,0.1843,0.1843,0.1843,0,0.0289718753635508,0.382142343444966,1,0.0175539428582863,0.064019439412252,0.0351078857165726,1
"Dhx30","Dhx30","NM_001252682","Midbrain","15.5",6,0.34565,0.48365,-0.138,-0.138,-0.138,1.11022302462516e-16,0.0290809282338871,0.383580763254066,-1,0.000515144087914005,0.00317063969661518,0.00103028817582801,0.0594267119475559
"Kcnip4","Kcnip4","NM_001199242","Midbrain","15.5",6,0,0.288375,-0.288375,-0.28835,-0.2884,-4.9999999999939e-05,0.0291648440378326,0.38468762228785,-1,0.0294747365246131,0.0984800682492623,0.0589162606635873,1
"Maged2","Maged2","NM_001199246","Midbrain","14.5",5,0.3066,0.196,0.1106,0.1106,0.1106,0,0.0294342991643832,0.388241766167773,1,0.00636091702097298,0.0276223123387034,0.0238070499912291,0.881717075450115
"Tmem255a","Tmem255a","NM_172930","Midbrain","11.5",2,0.08675,0.425175,-0.338425,-0.3384,-0.33845,-4.99999999999945e-05,0.0296617357031659,0.391241680078242,-1,0.000109317932335704,0.000804418289872216,0.000288567613196542,0.0190625865952978
"Abi1","Abi1","NM_001077190","Midbrain","10.5",1,0.1926,0.3342,-0.1416,-0.14165,-0.14155,0.0001000000000001,0.0297107199081736,0.39188778733428,-1,0.0150399096443369,0.0564706041362839,0.0547021404562257,1
"P2ry14","P2ry14","NM_001287124","Midbrain","14.5",5,0,0.320275,-0.320275,-0.32025,-0.3203,-4.99999999999945e-05,0.0299662608893222,0.395258402047927,-1,0.0364493346680458,0.11569251371404,0.0728551218706772,1
"Grip1","Grip1","NM_028736","Midbrain","15.5",6,0.48875,0.024925,0.463825,0.4638,0.46385,4.9999999999998e-05,0.0300277874521334,0.396069944435216,1,6.12780262625205e-05,0.000481079804808845,0.000122556052525041,0.00902122612623845
"Sirpa","Sirpa","NM_001291020","Midbrain","15.5",6,0.61065,0.36435,0.2463,0.2463,0.2463,0,0.0301456173474748,0.397624134206111,1,0.000738042894187255,0.00437001594656542,0.00147608578837451,0.0806973150077428
"Tbrg4","Tbrg4","NM_001130457","Midbrain","15.5",6,0.80745,0.69785,0.1096,0.1096,0.1096,0,0.030295316783574,0.399598686857794,1,0.00614860437864263,0.0268532082452741,0.0230741991662696,0.858431624238056
"Adcy7","Adcy7","NM_001037723","Midbrain","16.5",7,0.36165,0,0.36165,0.36165,0.36165,0,0.0303007513260421,0.399670369093349,1,0.0246095260829707,0.0853963615479581,0.0492190521659412,1
"Snap91","Snap91","NM_001277982","Midbrain","11.5",2,0,0.111025,-0.111025,-0.111,-0.11105,-4.99999999999945e-05,0.030321580326484,0.399945105986996,-1,3.65732833099083e-10,8.81031145839211e-09,7.31465666198165e-10,1.59533162171109e-07
"Sox6","Sox6","NM_001025560","Midbrain","15.5",6,0.74915,0.3714,0.37775,0.37775,0.37775,0,0.0303715225948676,0.400603850208334,1,0.00131293360363915,0.00717099893061621,0.00262584515173322,0.135655508274404
"Slc6a17","Slc6a17","NR_121629","Midbrain","12.5",3,0,0.27855,-0.27855,-0.27855,-0.27855,0,0.030515175929796,0.402498654095357,-1,0.0140188618664182,0.0531044373881692,0.0372559653718257,1
"Cbll1","Cbll1","NM_134048","Midbrain","0",8,0.1717,0.02225,0.14945,0.14945,0.14945,-1.04083408558608e-17,0.0305418344304585,0.402850282762403,1,0.00968430172637514,0.0391564037116776,0.0373031528938923,1
"E030030I06Rik","E030030I06Rik","NM_001254745","Midbrain","16.5",7,0.93755,0.8237,0.11385,0.11385,0.11385,0,0.0308026307380992,0.406290215832424,1,0.00630217273826162,0.0273932047702027,0.0250909661265205,0.925112208938816
"Strn4","Strn4","NM_001039878","Midbrain","15.5",6,0.34985,0.2137,0.13615,0.13615,0.13615,0,0.0308256247320379,0.406593509237446,1,0.00648882407303901,0.0280182526248109,0.0251195471971548,0.925338329529334
"E030030I06Rik","E030030I06Rik","NM_001254744","Midbrain","16.5",7,0.06245,0.1763,-0.11385,-0.11385,-0.11385,0,0.0309228914797415,0.40787646874353,-1,0.00630217273826162,0.0273932047702027,0.0250909661265205,0.925112208938816
"Klc3","Klc3","NM_001286038","Midbrain","16.5",7,1,0,1,1,1,0,0.0311663571567736,0.411087808817376,1,0.00954262713136812,0.0387917215412468,0.0381705085254724,1
"Klc3","Klc3","NM_001286038","Midbrain","15.5",6,0,1,-1,-1,-1,2.22044604925031e-16,0.0311663571567736,0.411087808817376,-1,0.00954262713136812,0.0387917215412468,0.0381705085254724,1
"Sec16b","Sec16b","NR_027641","Midbrain","12.5",3,0,0.541075,-0.541075,-0.54105,-0.5411,-4.99999999999945e-05,0.0311663571567736,0.411087808817376,-1,0.0190699395052695,0.0688352627094782,0.0381233275862396,1
"Maged2","Maged2","NM_030700","Midbrain","14.5",5,0.6934,0.804,-0.1106,-0.1106,-0.1106,0,0.0311663571567736,0.411087808817376,-1,0.00636091702097298,0.0276223123387034,0.0238070499912291,0.881717075450115
"Hdac7","Hdac7","NM_001204275","Midbrain","15.5",6,0.2369,0,0.2369,0.2369,0.2369,0,0.0314958981387735,0.415434491990017,1,0.0107200237221479,0.0427028273074595,0.0340842190391705,1
"Calca","Calca","NM_007587","Midbrain","15.5",6,0.1809,0.0222,0.1587,0.1587,0.1587,0,0.0314958981387735,0.415434491990017,1,0.0257362024577275,0.0884343833701343,0.0514724049154549,1
"Bicd1","Bicd1","NM_001112796","Midbrain","15.5",6,0.9101,0.155925,0.754175,0.75415,0.7542,4.99999999999945e-05,0.0315711328681096,0.41642684665868,1,0.00646026331513732,0.0279615169913245,0.0257795766894971,0.947957792844648
"Cbll1","Cbll1","NM_001253847","Midbrain","0",8,0.80515,0.967,-0.16185,-0.16185,-0.16185,1.11022302462516e-16,0.0315734595843036,0.416457536310895,-1,0.00968430172637514,0.0391564037116776,0.0373031528938923,1
"Bicd1","Bicd1","NM_009753","Midbrain","15.5",6,0.0899,0.844075,-0.754175,-0.75415,-0.7542,-5.00000000001055e-05,0.031587154654521,0.416638175850478,-1,0.00646026331513732,0.0279615169913245,0.0257795766894971,0.947957792844648
"Lnx1","Lnx1","NM_001159580","Midbrain","10.5",1,0.8553,0,0.8553,0.8553,0.8553,0,0.0316113028937882,0.41695669388315,1,0.0263754857961331,0.0902246625477586,0.0647025309689904,1
"Mb","Mb","NM_001164047","Midbrain","13.5",4,0,1,-1,-1,-1,2.22044604925031e-16,0.031613609954823,0.416987124281571,-1,0.00971745340746038,0.0392557672073664,0.0388698136298414,1
"Mb","Mb","NM_001164047","Midbrain","0",8,1,9.81307786677359e-17,1,1,1,1.96261557335472e-16,0.031613609954823,0.416987124281571,1,0.00971745340746038,0.0392557672073664,0.0388698136298414,1
"Strn4","Strn4","NM_133789","Midbrain","15.5",6,0.65015,0.7863,-0.13615,-0.13615,-0.13615,0,0.0316402847379156,0.417338967715728,-1,0.00648882407303901,0.0280182526248109,0.0251195471971548,0.925338329529334
"Plb1","Plb1","NM_001081407","Midbrain","12.5",3,1,0.01525,0.98475,0.98475,0.98475,-1.73472347597681e-18,0.0317020097117303,0.418153127166804,1,0.00516548188002557,0.0232070054469507,0.0103309637600511,0.43722069788285
"Dnlz","Dnlz","NM_001139503","Midbrain","15.5",6,0.1843,0.319625,-0.135325,-0.1353,-0.13535,-5.00000000001055e-05,0.0317629719020245,0.418957225416167,-1,0.0195571801908527,0.0703167429171506,0.0389762954784435,1
"Atp13a4","Atp13a4","NM_172613","Midbrain","15.5",6,1,0,1,1,1,0,0.0318150609444735,0.4196442858325,1,0.00109394710352524,0.00612851394471849,0.00218789420705047,0.11474204986046
"Sema6c","Sema6c","NM_011351","Midbrain","15.5",6,0.1524,0.3926,-0.2402,-0.2402,-0.2402,0,0.0318499299403338,0.420104211868507,-1,0.032735427712902,0.106262448682236,0.0654708554258039,1
"Rfx4","Rfx4","NM_027689","Midbrain","15.5",6,1,0.232275,0.767725,0.76775,0.7677,-5.00000000000222e-05,0.0318736244133814,0.420416744672942,1,0.00655764676254202,0.0282089748422508,0.0262170390475076,0.962327101025189
"Rfx4","Rfx4","NM_001024918","Midbrain","15.5",6,0,0.767725,-0.767725,-0.76775,-0.7677,5.00000000001055e-05,0.0318736244133814,0.420416744672942,-1,0.00655764676254202,0.0282089748422508,0.0262170390475076,0.962327101025189
"Ttyh1","Ttyh1","NM_001109765","Midbrain","15.5",6,0.60205,0.46065,0.1414,0.1414,0.1414,0,0.0318736244133814,0.420416744672942,1,0.000515393474826675,0.00317063969661518,0.00103078694965335,0.0594267119475559
"Prc1","Prc1","NM_001285998","Midbrain","15.5",6,0.47315,0.63285,-0.1597,-0.1597,-0.1597,0,0.0319034244313315,0.420809810311643,-1,0.0197201242170817,0.0706252023017082,0.0394402484341634,1
"Prr3","Prr3","NM_145487","Midbrain","15.5",6,0.30825,0.48395,-0.1757,-0.1757,-0.1757,0,0.0320685360183113,0.422987650992877,-1,0.0264565901173035,0.0904345130447333,0.0529131802346069,1
"Kcnip1","Kcnip1","NM_001290690","Midbrain","15.5",6,0.8167,0.47195,0.34475,0.34475,0.34475,0,0.0322105299046561,0.424860566563642,1,2.63525266117035e-09,5.2901541360424e-08,5.27050532234068e-09,9.78629073246229e-07
"Atp8a1","Atp8a1","NM_009727","Midbrain","15.5",6,0.63975,0.196775,0.442975,0.443,0.44295,-4.99999999999945e-05,0.0324532468321884,0.428062030546111,1,0.0201183165929828,0.0719386992547519,0.0401812471738991,1
"Eef1d","Eef1d","NM_023240","Midbrain","0",8,0.36355,0.4948,-0.13125,-0.13125,-0.13125,1.11022302462516e-16,0.032649457172242,0.430650067330589,-1,2.73306057274176e-17,5.7516018460452e-15,5.46612114548353e-17,1.03599278197588e-13
"Uap1","Uap1","NM_001305046","Midbrain","12.5",3,0.82455,0.5166,0.30795,0.30795,0.30795,0,0.0332738934409034,0.438886452999241,1,1.91628252100051e-06,2.15499388172465e-05,3.82364340110359e-06,0.000398016456131409
"Shank2","Shank2","NM_001113373","Midbrain","15.5",6,0.9461,0.732975,0.213125,0.21315,0.2131,-5.00000000001055e-05,0.0333758491988337,0.440231261085507,1,5.53492831130349e-07,6.94064846050303e-06,2.20709056247884e-06,0.000239417222946522
"Stag2","Stag2","NM_001290713","Midbrain","15.5",6,0.327,0.48445,-0.15745,-0.15745,-0.15745,-5.55111512312578e-17,0.0333758491988337,0.440231261085507,-1,5.87936138552721e-05,0.000464764025242799,0.000117587227710544,0.00871774560698317
"Atg16l1","Atg16l1","NM_029846","Midbrain","14.5",5,0.68755,0.4266,0.26095,0.26095,0.26095,0,0.0333857134605066,0.440361371823065,1,0.0175536740451362,0.064019439412252,0.0416032139483152,1
"Prorsd1","Prorsd1","NM_001163454","Midbrain","0",8,0.48885,0.247175,0.241675,0.24165,0.2417,4.99999999999945e-05,0.0333857134605066,0.440361371823065,1,0.00701986021535249,0.0299161081989463,0.0276499798216922,1
"Shank2","Shank2","NM_001081370","Midbrain","15.5",6,0.0539,0.267025,-0.213125,-0.21315,-0.2131,4.99999999999945e-05,0.0333857134605066,0.440361371823065,-1,5.53492831130349e-07,6.94064846050303e-06,2.20709056247884e-06,0.000239417222946522
"Add3","Add3","NM_001164101","Midbrain","12.5",3,0,0.129925,-0.129925,-0.1232,-0.13665,-0.01345,0.0333857134605066,0.440361371823065,-1,5.85406912289436e-05,0.00046356530061397,0.000101284256274098,0.00766328055729145
"Cttn","Cttn","NM_001252572","Midbrain","10.5",1,0.68655,0.5485,0.13805,0.13805,0.13805,0,0.0335474304078329,0.442494436819742,1,9.29748626789419e-05,0.000697616305707405,0.000547389019491104,0.0336775206044552
"Henmt1","Henmt1","NM_025723","Midbrain","15.5",6,0,1,-1,-1,-1,0,0.0335952203185623,0.443124791197909,-1,0.000732764314783295,0.00434438117715433,0.00292458826403601,0.148649245980817
"Dgkh","Dgkh","NM_001253766","Midbrain","15.5",6,0,0.24765,-0.24765,-0.24765,-0.24765,0,0.0335952203185623,0.443124791197909,-1,0.02800562942145,0.0942512984279241,0.0560112588429001,1
"Rtkn","Rtkn","NM_001136227","Midbrain","14.5",5,0.14865,0.38645,-0.2378,-0.2378,-0.2378,-1.11022302462516e-16,0.0335952203185623,0.443124791197909,-1,0.0210114390240365,0.0746656493889868,0.042022878048073,1
"Henmt1","Henmt1","NM_001078646","Midbrain","15.5",6,1,0,1,1,1,0,0.0336194616737332,0.443444537439983,1,0.000732764314783295,0.00434438117715433,0.00292458826403601,0.148649245980817
"Prorsd1","Prorsd1","NM_026465","Midbrain","0",8,0.51115,0.752825,-0.241675,-0.24165,-0.2417,-4.99999999998835e-05,0.0336528496038174,0.443884928049325,-1,0.00701986021535249,0.0299161081989463,0.0276499798216922,1
"Ppp1r18","Ppp1r18","NM_001146710","Midbrain","15.5",6,0.5785,0.78405,-0.20555,-0.20555,-0.20555,1.11022302462516e-16,0.0336615102936863,0.443999163537391,-1,0.0105385510476459,0.0420898325873255,0.0239441635359814,0.885999161957043
"Ank3","Ank3","NM_170729","Midbrain","15.5",6,0.1609,0.02265,0.13825,0.13825,0.13825,6.93889390390723e-18,0.0337256610192757,0.444845318931296,1,2.6746715590131e-11,8.38491214082396e-10,5.34934311802621e-11,1.54717432745371e-08
"Serpinb6a","Serpinb6a","NM_009254","Midbrain","15.5",6,0.73045,0.43315,0.2973,0.2973,0.2973,0,0.0338106675447258,0.445966564706242,1,0.0037560930787677,0.017578361985194,0.00751218615753541,0.331897155010806
"Foxp1","Foxp1","NM_053202","Midbrain","12.5",3,0.35835,0.2219,0.13645,0.13645,0.13645,0,0.033913929018402,0.447328595332255,1,0.0212595385510019,0.075371733499563,0.0425190771020039,1
"Arpp21","Arpp21","NM_028755","Midbrain","11.5",2,0,0.2905,-0.2905,-0.2905,-0.2905,5.55111512312578e-17,0.0341470845718377,0.450403943698872,-1,6.70609449103721e-07,8.29562013121008e-06,1.32381109551534e-06,0.000149503714908216
"Mpped2","Mpped2","NM_029837","Midbrain","16.5",7,0.18535,0.31805,-0.1327,-0.1327,-0.1327,0,0.0341470845718377,0.450403943698872,-1,0.00102776846866202,0.00580036532807159,0.00744516642621317,0.32999722937344
"Il1rn","Il1rn","NM_001039701","Midbrain","0",8,0,1,-1,-1,-1,-2.22044604925031e-16,0.0343272062598182,0.452779769325843,-1,0.0143854995595922,0.0543254385183611,0.0287709991191844,1
"Nrxn2","Nrxn2","NM_001205234","Midbrain","15.5",6,1,0.8231,0.1769,0.1769,0.1769,0,0.0343272062598182,0.452779769325843,1,0.00719480910942183,0.0305479047252539,0.0287725947123642,1
"Nrxn2","Nrxn2","NM_001205235","Midbrain","15.5",6,0,0.1769,-0.1769,-0.1769,-0.1769,-2.77555756156289e-17,0.0343272062598182,0.452779769325843,-1,0.00719480910942183,0.0305479047252539,0.0287725947123642,1
"Sytl2","Sytl2","NM_001040088","Midbrain","15.5",6,0.49145,0,0.49145,0.49145,0.49145,0,0.0343309967399113,0.452829766190988,1,0.00414948909447338,0.0190876498345775,0.0119905757592456,0.498249873553693
"Mitf","Mitf","NM_001113198","Midbrain","16.5",7,1,0.6234,0.3766,0.3766,0.3766,2.22044604925031e-16,0.0344027272079302,0.453775899252835,1,0.00304171097823634,0.0146546433130397,0.00775736800471779,0.339955885042071
"Nudt7","Nudt7","NM_024446","Midbrain","12.5",3,0,0.23145,-0.23145,-0.23145,-0.23145,2.77555756156289e-17,0.0344027272079302,0.453775899252835,-1,0.00942431905619301,0.038513489571603,0.0296489165229102,1
"Cttn","Cttn","NM_007803","Midbrain","10.5",1,0.31345,0.4515,-0.13805,-0.13805,-0.13805,0,0.0344027272079302,0.453775899252835,-1,9.29748626789419e-05,0.000697616305707405,0.000547389019491104,0.0336775206044552
"Mov10","Mov10","NM_001163440","Midbrain","11.5",2,0.1611,0.03715,0.12395,0.12395,0.12395,1.38777878078145e-17,0.0344027272079302,0.453775899252835,1,0.021663597609942,0.0765670164175325,0.0433271952198838,1
"Ddhd1","Ddhd1","NM_001039106","Midbrain","10.5",1,0.20675,0.573875,-0.367125,-0.3671,-0.36715,-4.99999999999945e-05,0.0345123864676093,0.455222317406592,-1,5.29095504267652e-05,0.000429374135289546,0.00010581910085353,0.00795980338618908
"Ccne2","Ccne2","NM_009830","Midbrain","16.5",7,0.0216,0.1767,-0.1551,-0.15505,-0.15515,-9.9999999999989e-05,0.0346065816865503,0.456464763097653,-1,0.0218305959093234,0.0770382709922693,0.043564020627027,1
"Zfp185","Zfp185","NM_001109043","Midbrain","14.5",5,1,0.13195,0.86805,0.86805,0.86805,0,0.0347905000138897,0.458890666831189,1,0.00559502768494125,0.0246947364647793,0.0293171951223601,1
"Zfp185","Zfp185","NM_009549","Midbrain","14.5",5,0,0.86805,-0.86805,-0.86805,-0.86805,-2.22044604925031e-16,0.0347905000138897,0.458890666831189,-1,0.00559502768494125,0.0246947364647793,0.0293171951223601,1
"Znfx1","Znfx1","NM_001291162","Midbrain","15.5",6,0.0235,0.2152,-0.1917,-0.1917,-0.1917,0,0.0347905000138897,0.458890666831189,-1,2.02396197619335e-05,0.000184538340782139,8.0850351059744e-05,0.00625278553296297
"Znfx1","Znfx1","NM_001033196","Midbrain","15.5",6,0.9765,0.7848,0.1917,0.1917,0.1917,2.22044604925031e-16,0.0348073775008492,0.459113282810901,1,2.02396197619335e-05,0.000184538340782139,8.0850351059744e-05,0.00625278553296297
"Mdfi","Mdfi","NM_001109973","Midbrain","15.5",6,0.13805,0,0.13805,0.13805,0.13805,0,0.0349111795776926,0.460482444054405,1,0.0220854977619205,0.0778178008131718,0.044170995523841,1
"Epb4.1l1","Epb4.1l1","NM_001291123","Midbrain","12.5",3,0.3733,0,0.3733,0.3733,0.3733,0,0.0349168086438661,0.460556692079841,1,0.0441948549448566,0.132991355083898,0.0883897098897132,1
"Synj2","Synj2","NM_001113351","Midbrain","14.5",5,0,0.41865,-0.41865,-0.4187,-0.4186,0.000100000000000044,0.0350071972129588,0.461748927624841,-1,0.0295506947153569,0.0985094899578942,0.0590579702026419,1
"Art5","Art5","NR_111935","Midbrain","14.5",5,0,0.8906,-0.8906,-0.8906,-0.8906,0,0.0350420861180348,0.462209116265675,-1,0.0221935078453879,0.0780781594222449,0.0443870156907759,1
"Prlr","Prlr","NM_001253782","Midbrain","12.5",3,0,0.963,-0.963,-0.963,-0.963,0,0.0350664552621622,0.462530548058672,-1,0.00764818841904326,0.0323876278202143,0.0296231283807704,1
"Mpped2","Mpped2","NM_001143683","Midbrain","16.5",7,0.81465,0.68195,0.1327,0.1327,0.1327,0,0.0352292445488952,0.46467775733454,1,0.00102776846866202,0.00580036532807159,0.00744516642621317,0.32999722937344
"Ncald","Ncald","NM_134094","Midbrain","15.5",6,0.0322,0.1955,-0.1633,-0.1633,-0.1633,0,0.0357646897682266,0.471740340903401,-1,0.0302701225057596,0.0999612919977357,0.0605402450115189,1
"Capn1","Capn1","NM_007600","Midbrain","16.5",7,0.67395,0,0.67395,0.67395,0.67395,0,0.0357847273605468,0.472004639033575,1,0.00757748820557077,0.0321428762899883,0.0303036156811074,1
"Capn1","Capn1","NM_001110504","Midbrain","16.5",7,0.32605,1,-0.67395,-0.67395,-0.67395,0,0.0357847273605468,0.472004639033575,-1,0.00757748820557077,0.0321428762899883,0.0303036156811074,1
"Atp2b4","Atp2b4","NM_001167949","Midbrain","10.5",1,0.2189,0.0366,0.1823,0.1823,0.1823,0,0.0358960201514246,0.473472603650324,1,0.00764933923391996,0.0323876278202143,0.0304271609656158,1
"Itga9","Itga9","NM_001113514","Midbrain","16.5",7,0,0.6769,-0.6769,-0.6769,-0.6769,0,0.035944092197875,0.474106679430861,-1,0.00766944907888774,0.0324427619538532,0.0305070611536781,1
"Kcnq2","Kcnq2","NM_001302888","Midbrain","15.5",6,0.62165,0.1718,0.44985,0.44985,0.44985,0,0.035944092197875,0.474106679430861,1,5.92893074619019e-13,2.6604623554228e-11,1.18578614923804e-12,4.98768628452785e-10
"Jkamp","Jkamp","NM_001205067","Midbrain","14.5",5,0.4464,0.28805,0.15835,0.15835,0.15835,-5.55111512312578e-17,0.035944092197875,0.474106679430861,1,0.00792107551926132,0.0333530475176256,0.030508111808758,1
"Tmem255a","Tmem255a","NM_001289728","Midbrain","15.5",6,0.11935,0.367025,-0.247675,-0.2477,-0.24765,5.000000000005e-05,0.0359615725968321,0.47433724788865,-1,0.000109317932335704,0.000804418289872216,0.000288567613196542,0.0190625865952978
"Pak3","Pak3","NM_001195049","Midbrain","15.5",6,0.2027,0.02115,0.18155,0.18155,0.18155,0,0.0359615725968321,0.47433724788865,1,0.000417569697524815,0.00263616069733942,0.000835139395049629,0.0494616457813763
"Prlr","Prlr","NM_011169","Midbrain","12.5",3,1,0.037,0.963,0.963,0.963,3.46944695195361e-17,0.0360017970261238,0.474867812702987,1,0.00764818841904326,0.0323876278202143,0.0296231283807704,1
"Atp2b4","Atp2b4","NM_213616","Midbrain","10.5",1,0.7811,0.9634,-0.1823,-0.1823,-0.1823,2.22044604925031e-16,0.0360017970261238,0.474867812702987,-1,0.00764933923391996,0.0323876278202143,0.0304271609656158,1
"Nprl3","Nprl3","NM_181569","Midbrain","15.5",6,0.85755,0.635,0.22255,0.22255,0.22255,0,0.036046300684228,0.475454821033874,1,0.000200914429974008,0.00137868867464922,0.000401153862187696,0.0255184800967319
"Itga9","Itga9","NM_133721","Midbrain","16.5",7,1,0.3231,0.6769,0.6769,0.6769,-5.55111512312578e-17,0.036062544748474,0.475669082095685,1,0.00766944907888774,0.0324427619538532,0.0305070611536781,1
"Dtna","Dtna","NM_010087","Midbrain","15.5",6,0.74125,0.56865,0.1726,0.1726,0.1726,-1.11022302462516e-16,0.0361040304459143,0.476216283180887,1,2.62772843102096e-06,2.88419976709423e-05,5.25545686204193e-06,0.000532273565695165
"Speg","Speg","NM_001173477","Midbrain","0",8,0.76715,0.87695,-0.1098,-0.1098,-0.1098,-2.22044604925031e-16,0.0361892462882313,0.477340289869202,-1,3.52675894300239e-14,2.33941676552492e-12,7.05351788600477e-14,4.21381546913519e-11
"Kif2a","Kif2a","NM_008442","Midbrain","15.5",6,0.05305,0.189625,-0.136575,-0.13655,-0.1366,-4.99999999999667e-05,0.0362335054382133,0.477924073110044,-1,0.00775429894670465,0.032741168154121,0.0307859056699093,1
"Tmem255a","Tmem255a","NM_001289727","Midbrain","12.5",3,0.62755,0.41005,0.2175,0.2175,0.2175,0,0.0362702576717602,0.478408839266124,1,0.000109317932335704,0.000804418289872216,0.000288567613196542,0.0190625865952978
"Kif2a","Kif2a","NM_001145779","Midbrain","15.5",6,0.94695,0.810375,0.136575,0.13655,0.1366,5.00000000001055e-05,0.0363727037346457,0.479760114530723,1,0.00775429894670465,0.032741168154121,0.0307859056699093,1
"Cenpa","Cenpa","NM_007681","Midbrain","15.5",6,0.29065,0.41645,-0.1258,-0.1258,-0.1258,1.11022302462516e-16,0.0365310314458779,0.481848475116405,-1,0.0389689914762246,0.121169207871386,0.0779379829524492,1
"Ntng1","Ntng1","NM_133488","Midbrain","15.5",6,0,0.21705,-0.21705,-0.21705,-0.21705,0,0.0366130299630701,0.482930044919037,-1,0.00109751617279516,0.0061409920817646,0.00306360524637652,0.154006050720958
"Lrif1","Lrif1","NM_001039478","Midbrain","15.5",6,0.2615,0.46865,-0.20715,-0.20715,-0.20715,0,0.0367977537221326,0.485366572388947,-1,0.0314325783172518,0.103204383757577,0.0628651566345037,1
"Rhot1","Rhot1","NM_021536","Midbrain","15.5",6,0.4999,0.6754,-0.1755,-0.1755,-0.1755,-1.11022302462516e-16,0.036833077682269,0.485832499455694,-1,0.00184368842930265,0.00955669528982813,0.0036873768586053,0.178820552339516
"Sema4d","Sema4d","NM_001281880","Midbrain","12.5",3,0.0154,0.1485,-0.1331,-0.1331,-0.1331,-2.77555756156289e-17,0.036833077682269,0.485832499455694,-1,0.00788310017517973,0.0332237104068118,0.0314862931373554,1
"Rara","Rara","NM_001176528","Midbrain","12.5",3,0.4,0.59845,-0.19845,-0.19845,-0.19845,0,0.0368546047409397,0.486116443817068,-1,2.29597934057594e-05,0.000206457710055326,4.59195868115188e-05,0.00383168549170417
"Sema4d","Sema4d","NM_013660","Midbrain","12.5",3,0.9846,0.8515,0.1331,0.1331,0.1331,0,0.0368546047409397,0.486116443817068,1,0.00788310017517973,0.0332237104068118,0.0314862931373554,1
"Mdk","Mdk","NM_001012336","Midbrain","13.5",4,0.5713,0.6978,-0.1265,-0.1265,-0.1265,0,0.0369698886018832,0.4876370511036,-1,3.57745820512206e-05,0.000302103804517411,7.12519223372526e-05,0.00560510988085864
"Tspan32","Tspan32","NM_001128080","Midbrain","16.5",7,0,1,-1,-1,-1,0,0.0369907550250062,0.487912281606682,-1,0.0316860969384131,0.103813361264937,0.0633721938768261,1
"Jkamp","Jkamp","NM_024205","Midbrain","14.5",5,0.5536,0.71195,-0.15835,-0.15835,-0.15835,0,0.0369907550250062,0.487912281606682,-1,0.00792107551926132,0.0333530475176256,0.030508111808758,1
"Kcnma1","Kcnma1","NM_001253377","Midbrain","10.5",1,0.90055,0,0.90055,0.90055,0.90055,0,0.0370681222141594,0.488932763663772,1,0.00964362137555278,0.0390263970255571,0.0192872427511056,0.740260706098391
"Mbp","Mbp","NM_001025254","Midbrain","14.5",5,0,0.24025,-0.24025,-0.24025,-0.24025,0,0.0370775124290992,0.489056621670805,-1,1.80081879629047e-12,7.10764834294255e-11,3.60163759258092e-12,1.3379160329835e-09
"Vezt","Vezt","NM_172538","Midbrain","14.5",5,0.0983,0.27215,-0.17385,-0.17385,-0.17385,0,0.037140015054142,0.489881038430356,-1,0.0024762651220028,0.0123194189819639,0.0049525302440056,0.232780381121326
"Mfsd4","Mfsd4","NM_172510","Midbrain","15.5",6,0.938,0.82295,0.11505,0.11505,0.11505,0,0.037140015054142,0.489881038430356,1,0.00815353831108626,0.0340851090291194,0.0318792299865544,1
"Pclo","Pclo","NM_011995","Midbrain","15.5",6,0.30065,0.5032,-0.20255,-0.20255,-0.20255,0,0.037168130942053,0.490251890201584,-1,0.00821248398661352,0.0342648488666637,0.0319152409814801,1
"Bcl2l1","Bcl2l1","NM_001289716","Midbrain","15.5",6,0.45225,0.31565,0.1366,0.1366,0.1366,0,0.0373802473460947,0.493049729785885,1,0.0321391884587897,0.104847516447527,0.0642783769175794,1
"Tbc1d24","Tbc1d24","NM_001163848","Midbrain","12.5",3,0,0.119775,-0.119775,-0.1198,-0.11975,4.99999999999945e-05,0.0373884283619397,0.493157638318817,-1,0.0026992054563261,0.0132414398430917,0.00529335576023222,0.245298710589788
"Ncam2","Ncam2","NM_010954","Midbrain","15.5",6,0.55585,0.0762,0.47965,0.47965,0.47965,0,0.0374252909090231,0.493643859523038,1,0.00805704674435408,0.0338322045402831,0.0322124133587289,1
"Amigo2","Amigo2","NM_001164563","Midbrain","12.5",3,0.0686,0.364475,-0.295875,-0.29585,-0.2959,-5.000000000005e-05,0.0374252909090231,0.493643859523038,-1,0.0241603469833316,0.0839650023862631,0.0482841541522271,1
"Ncam2","Ncam2","NM_001113208","Midbrain","15.5",6,0.44415,0.9238,-0.47965,-0.47965,-0.47965,0,0.0374281143436927,0.493681100948651,-1,0.00805704674435408,0.0338322045402831,0.0322124133587289,1
"2310045N01Rik","2310045N01Rik","NM_001145552","Midbrain","11.5",2,0.10475,0,0.10475,0.10475,0.10475,0,0.0375353949709287,0.49509614466894,1,6.74295150117181e-09,1.23449956083453e-07,1.34859030023436e-08,2.25061863420982e-06
"Ppp2r2b","Ppp2r2b","NR_073583","Midbrain","15.5",6,1,0.8952,0.1048,0.1048,0.1048,0,0.0375820140526925,0.495711055679392,1,0.00815451046250507,0.0340851090291194,0.0324147498372508,1
"Mfsd4","Mfsd4","NM_001114662","Midbrain","15.5",6,0.062,0.17705,-0.11505,-0.11505,-0.11505,0,0.0377757244482516,0.498266117910598,-1,0.00815353831108626,0.0340851090291194,0.0318792299865544,1
"Ppp2r2b","Ppp2r2b","NM_028392","Midbrain","15.5",6,0,0.1048,-0.1048,-0.1048,-0.1048,0,0.0377757244482516,0.498266117910598,-1,0.00815451046250507,0.0340851090291194,0.0324147498372508,1
"Kif20a","Kif20a","NM_001166406","Midbrain","15.5",6,0.07535,0.2133,-0.13795,-0.1379,-0.138,-9.99999999999335e-05,0.0378958867778697,0.499851072755869,-1,0.0245549724144693,0.0852717061768027,0.0488601115788866,1
"Pclo","Pclo","NM_001110796","Midbrain","15.5",6,0.69935,0.4968,0.20255,0.20255,0.20255,0,0.0379950700648462,0.501159311633752,1,0.00821248398661352,0.0342648488666637,0.0319152409814801,1
"Scn3b","Scn3b","NM_001083917","Midbrain","15.5",6,0.91325,0.75455,0.1587,0.1587,0.1587,0,0.0382367169047648,0.504346661038435,1,0.0248078915062391,0.0859456184009128,0.0496157830124782,1
"Prosc","Prosc","NM_054057","Midbrain","15.5",6,0.6717,0.5202,0.1515,0.1515,0.1515,0,0.0382667127193879,0.504742309257605,1,0.0248365242575942,0.0859456184009128,0.0496730485151885,1
"Tpd52l2","Tpd52l2","NM_001291203","Midbrain","15.5",6,0.29425,0.184475,0.109775,0.10335,0.1162,0.01285,0.0382948397788684,0.505113308383109,1,0.00302597976999258,0.0146227610080511,0.00302597976999258,0.152673195504462
"Myl1","Myl1","NM_021285","Midbrain","15.5",6,0.01925,1,-0.98075,-0.98075,-0.98075,0,0.0383072915006435,0.505277548014798,-1,0.00616060866752561,0.0268799865312342,0.0331955347586413,1
"Myl1","Myl1","NM_001113387","Midbrain","15.5",6,0.98075,0,0.98075,0.98075,0.98075,0,0.0383072915006435,0.505277548014798,1,0.00616060866752561,0.0268799865312342,0.0331955347586413,1
"Ppfia1","Ppfia1","NM_001033319","Midbrain","15.5",6,0.6446,0.9649,-0.3203,-0.3203,-0.3203,0,0.0383072915006435,0.505277548014798,-1,0.00830326905968911,0.0345177679257012,0.0331711078489222,1
"Ppfia1","Ppfia1","NM_001195086","Midbrain","15.5",6,0.3554,0.0351,0.3203,0.3203,0.3203,0,0.0383088900921963,0.505298633619874,1,0.00830326905968911,0.0345177679257012,0.0331711078489222,1
"Pnck","Pnck","NM_012040","Midbrain","15.5",6,0,0.180775,-0.180775,-0.18075,-0.1808,-4.99999999999945e-05,0.0383148734297553,0.505377554525329,-1,2.65992580079279e-13,1.26018419214305e-11,5.31985160158558e-13,2.34231782451542e-10
"Trub2","Trub2","NM_001290496","Midbrain","14.5",5,0.14435,0,0.14435,0.14435,0.14435,0,0.0383148734297553,0.505377554525329,1,0.0332442210103823,0.107532720540297,0.0664884420207645,1
"Dlg2","Dlg2","NM_001243046","Midbrain","15.5",6,0.50015,0.0653,0.43485,0.43485,0.43485,1.38777878078145e-17,0.0383855885060226,0.506310294454056,1,2.35085968609428e-05,0.000210565259946253,4.70171937218857e-05,0.00391534771616573
"Dlg2","Dlg2","NM_001243046","Midbrain","10.5",1,0.07725,0.3037,-0.22645,-0.22645,-0.22645,0,0.0384876444977612,0.507656424635695,-1,2.35085968609428e-05,0.000210565259946253,4.70171937218857e-05,0.00391534771616573
"Mon2","Mon2","NM_153395","Midbrain","16.5",7,0,0.36715,-0.36715,-0.36725,-0.36705,0.000200000000000033,0.0385778755761357,0.508846582860143,-1,1.71725622116892e-05,0.000159106917495752,3.43451244233785e-05,0.0029931107395233
"Mllt10","Mllt10","NR_045539","Midbrain","15.5",6,0.2222,0.43165,-0.20945,-0.20945,-0.20945,0,0.0386285008390848,0.50951433585777,-1,0.00252934494192137,0.0125561950099502,0.00505868988384273,0.236690583276335
"Arap1","Arap1","NM_001040111","Midbrain","14.5",5,0.68135,0.2693,0.41205,0.41205,0.41205,0,0.0387972963898861,0.511740768442367,1,0.0337666970417368,0.108802859520298,0.0675333940834736,1
"Zak","Zak","NM_023057","Midbrain","15.5",6,0.0487,0.2439,-0.1952,-0.1952,-0.1952,0,0.0390293368780609,0.514801408970897,-1,0.0254905192121233,0.0878539958086509,0.0509810384242466,1
"Ptbp1","Ptbp1","NM_008956","Midbrain","12.5",3,0.6538,0.55155,0.10225,0.10225,0.10225,-1.11022302462516e-16,0.0390427675707661,0.514978561340914,1,0.0025707099413562,0.0127201507044187,0.00562237717201894,0.25722549842649
"Slc4a10","Slc4a10","NM_001242378","Midbrain","15.5",6,0,0.226675,-0.226675,-0.22905,-0.2243,0.00475,0.0391980462343204,0.517026704639649,-1,0.00024987839534167,0.00167696981741763,0.000499756790683339,0.0310716279128116
"Rnpc3","Rnpc3","NM_001038696","Midbrain","0",8,0.4341,0.29825,0.13585,0.13585,0.13585,0,0.0393478768410504,0.519002987446926,1,0.0170548472522496,0.0625982645337182,0.051491429468435,1
"Rdx","Rdx","NM_001104617","Midbrain","15.5",6,0.58765,0.7194,-0.13175,-0.13175,-0.13175,0,0.0393597201769624,0.519159202399629,-1,0.0128861654777656,0.049688272444594,0.0326715601279837,1
"Atxn1","Atxn1","NM_001199304","Midbrain","10.5",1,0.6934,0,0.6934,0.6934,0.6934,0,0.0395460554181836,0.521616985503178,1,0.00441692024375022,0.0200956699360286,0.00883384048750041,0.379708026559604
"Steap2","Steap2","NM_001103156","Midbrain","15.5",6,0.0993,0.4687,-0.3694,-0.3694,-0.3694,0,0.0396622129220301,0.523149116239336,-1,0.0113716413725235,0.0446763970489614,0.0227114080585024,0.848528535574784
"Pip5k1a","Pip5k1a","NM_001293707","Midbrain","14.5",5,0.64595,0.317225,0.328725,0.3289,0.32855,-0.000350000000000017,0.0396622129220301,0.523149116239336,1,0.0086788271643089,0.0359809709520306,0.0343397964197986,1
"Pip5k1a","Pip5k1a","NM_008847","Midbrain","14.5",5,0.35405,0.682775,-0.328725,-0.3289,-0.32855,0.000349999999999961,0.0396759969377847,0.523330928980707,-1,0.0086788271643089,0.0359809709520306,0.0343397964197986,1
"Pqbp1","Pqbp1","NM_001252529","Midbrain","15.5",6,0.7108,0.8288,-0.118,-0.118,-0.118,0,0.0397561412475052,0.524388041575114,-1,0.00645255862904487,0.0279615169913245,0.0129051172580897,0.530654864425085
"Arfrp1","Arfrp1","NR_028585","Midbrain","15.5",6,0.1071,0.2554,-0.1483,-0.1483,-0.1483,-5.55111512312578e-17,0.0398296865115088,0.525358112003173,-1,0.0436099587473219,0.131925169323524,0.0872199174946437,1
"Cenpm","Cenpm","NM_001080158","Midbrain","0",8,0.5155,0.23825,0.27725,0.27725,0.27725,0,0.0403571260237364,0.532315099381411,1,0.026541492484413,0.0906570232098197,0.053082984968826,1
"Dync1i2","Dync1i2","NM_001198876","Midbrain","11.5",2,0.11885,0.0116,0.10725,0.107,0.1075,0.000500000000000002,0.0404286237440157,0.533258162474002,1,1.22475198574227e-13,6.37010208947998e-12,2.44950397148454e-13,1.20203660657593e-10
"Ablim1","Ablim1","NM_001290815","Midbrain","15.5",6,0.15985,0.537825,-0.377975,-0.37795,-0.378,-4.99999999999945e-05,0.0405546756147732,0.534920801039247,-1,0.000544523580843686,0.00331862107792483,0.00108904716168737,0.0620907952270361
"Far1","Far1","NM_027379","Midbrain","15.5",6,0.8057,0.9413,-0.1356,-0.1356,-0.1356,0,0.0407230250832041,0.537141349746454,-1,0.0101744199269124,0.0408136021082191,0.0357680704453738,1
"Nfe2","Nfe2","NM_001302338","Midbrain","13.5",4,0.23005,0.0248,0.20525,0.20525,0.20525,0,0.0407315411127729,0.537253677148647,1,0.019670132537226,0.0705013286005351,0.039340265074452,1
"Stag2","Stag2","NM_021465","Midbrain","0",8,0.39105,0.52175,-0.1307,-0.1307,-0.1307,1.11022302462516e-16,0.0407315411127729,0.537253677148647,-1,5.87936138552721e-05,0.000464764025242799,0.000117587227710544,0.00871774560698317
"Gcnt2","Gcnt2","NM_023887","Midbrain","15.5",6,0.20995,0.0573,0.15265,0.15265,0.15265,0,0.0407635295687267,0.537675608534448,1,0.0261703355289534,0.0897240642067565,0.0537640896101389,1
"Yaf2","Yaf2","NR_028315","Midbrain","15.5",6,0.21165,0.3252,-0.11355,-0.11355,-0.11355,0,0.0410141664871224,0.540981538100543,-1,0.00956712608586082,0.0387990348624302,0.0360893208987111,1
"Dlg3","Dlg3","NM_016747","Midbrain","15.5",6,0,0.138625,-0.138625,-0.1386,-0.13865,-4.99999999999945e-05,0.0412109093584532,0.543576599033361,-1,0.00429390297745385,0.0196190456424346,0.00858173362913573,0.371194011834231
"E2f1","E2f1","NM_007891","Midbrain","16.5",7,0.9263,0.803675,0.122625,0.12265,0.1226,-5.00000000001055e-05,0.0413571841949353,0.545505980825145,1,0.00913198155340438,0.0374525802597956,0.036396151919923,1
"E2f1","E2f1","NM_001291105","Midbrain","16.5",7,0.0737,0.196325,-0.122625,-0.12265,-0.1226,4.99999999999945e-05,0.041429870642973,0.546464723372574,-1,0.00913198155340438,0.0374525802597956,0.036396151919923,1
"Gt(ROSA)26Sor","Gt(ROSA)26Sor","NR_027008","Midbrain","15.5",6,0.2099,0.38725,-0.17735,-0.17745,-0.17725,0.000199999999999978,0.0414460807373404,0.546678536367807,-1,0.00365590947199651,0.0171797717179959,0.00727285730103236,0.323752336740214
"Ifi27","Ifi27","NM_026790","Midbrain","10.5",1,0.2938,0.926325,-0.632525,-0.63255,-0.6325,4.99999999999945e-05,0.0414741478508686,0.547048744799358,-1,0.0365994081684893,0.116088351481064,0.0731513154645334,1
"Zfp790","Zfp790","NM_001145880","Midbrain","15.5",6,0.0423,0.247125,-0.204825,-0.2048,-0.20485,-4.99999999999945e-05,0.0414741478508686,0.547048744799358,-1,0.00917516247688146,0.0375959880543298,0.0365692311841166,1
"Runx2","Runx2","NM_001145920","Midbrain","0",8,0,0.24735,-0.24735,-0.24735,-0.24735,-2.77555756156289e-17,0.041557991215171,0.54815464834598,-1,0.036697630630721,0.116238792662152,0.0733952612614418,1
"Zfp790","Zfp790","NM_146185","Midbrain","15.5",6,0.9577,0.752875,0.204825,0.2048,0.20485,4.99999999999945e-05,0.041557991215171,0.54815464834598,1,0.00917516247688146,0.0375959880543298,0.0365692311841166,1
"Slc8a1","Slc8a1","NM_011406","Midbrain","15.5",6,0.9353,0,0.9353,0.9353,0.9353,0,0.0416082863453951,0.548818046855276,1,0.00158035239733385,0.00838154452212863,0.00315327985191789,0.157172238370854
"Dusp16","Dusp16","NM_130447","Midbrain","15.5",6,0.8088,1,-0.1912,-0.1912,-0.1912,0,0.0416082863453951,0.548818046855276,-1,0.00919956319093082,0.0376622546734261,0.0367816210827549,1
"Dusp16","Dusp16","NM_001048054","Midbrain","15.5",6,0.1912,0,0.1912,0.1912,0.1912,0,0.0416082863453951,0.548818046855276,1,0.00919956319093082,0.0376622546734261,0.0367816210827549,1
"Porcn","Porcn","NM_016913","Midbrain","15.5",6,0.28545,0,0.28545,0.28545,0.28545,0,0.0419690210276535,0.553576178495367,1,0.0114042667479672,0.0447661482894048,0.0228085334959343,0.850851789391639
"Tmem33","Tmem33","NM_030108","Midbrain","15.5",6,0.15385,0.05065,0.1032,0.1032,0.1032,0,0.0420275038995773,0.554347574252387,1,0.000138770165899282,0.000987793233780734,0.000275996517087305,0.0182907725314319
"Foxp2","Foxp2","NM_001286607","Midbrain","15.5",6,0.0548,0.21,-0.1552,-0.1552,-0.1552,-5.55111512312578e-17,0.0421299085477019,0.55569830325156,-1,4.54869785446802e-08,6.96304051361776e-07,9.09739570893605e-08,1.2669116054567e-05
"Ephb4","Ephb4","NM_010144","Midbrain","0",8,0.9612,0.646275,0.314925,0.3149,0.31495,4.99999999998835e-05,0.0421559384941638,0.556041641216946,1,0.00936363275692379,0.0382996846545489,0.037342206183317,1
"Slc6a17","Slc6a17","NM_001293689","Midbrain","12.5",3,1,0.72145,0.27855,0.27855,0.27855,0,0.0421559384941638,0.556041641216946,1,0.0140188618664182,0.0531044373881692,0.0372559653718257,1
"Ephb4","Ephb4","NM_001159571","Midbrain","0",8,0.0388,0.353725,-0.314925,-0.3149,-0.31495,-4.99999999999945e-05,0.0422164671663129,0.556840021312484,-1,0.00936363275692379,0.0382996846545489,0.037342206183317,1
"Adk","Adk","NM_001243041","Midbrain","12.5",3,0.14725,0.2537,-0.10645,-0.10645,-0.10645,0,0.0423768013234179,0.558954847148282,-1,1.51233881858983e-05,0.000143016007700117,5.62565202605382e-05,0.00457386917034234
"Prdm16","Prdm16","NM_001291029","Midbrain","0",8,0.2131,0.546025,-0.332925,-0.33295,-0.3329,4.99999999998835e-05,0.0424067956126179,0.559350475246948,-1,0.0282553867068174,0.0949522062827484,0.0564737848095482,1
"Ctnna2","Ctnna2","NM_001109764","Midbrain","15.5",6,0,0.18045,-0.18045,-0.18045,-0.18045,0,0.0425016954686703,0.56060221518195,-1,0.000117815389492957,0.000856513499630006,0.000235630778985914,0.0161077002354831
"Depdc1a","Depdc1a","NM_001172092","Midbrain","12.5",3,0.6989,0.3646,0.3343,0.3343,0.3343,0,0.0425225937919678,0.560877866451975,1,3.43307640772189e-06,3.68566570659231e-05,6.86615281544378e-06,0.000674935764075591
"Coch","Coch","NM_001198835","Midbrain","12.5",3,1,0.8782,0.1218,0.1218,0.1218,-1.11022302462516e-16,0.0425225937919678,0.560877866451975,1,0.00946116671012466,0.0385951515438864,0.0378233096319785,1
"Coch","Coch","NM_007728","Midbrain","12.5",3,0,0.1218,-0.1218,-0.1218,-0.1218,0,0.0425225937919678,0.560877866451975,-1,0.00946116671012466,0.0385951515438864,0.0378233096319785,1
"Myadm","Myadm","NM_001093765","Midbrain","15.5",6,0.44585,0.21725,0.2286,0.2286,0.2286,0,0.04271500852684,0.563415838770808,1,4.31275458062339e-09,8.22478238146385e-08,8.62550916124677e-09,1.51945455456973e-06
"Ltbp1","Ltbp1","NM_206958","Midbrain","10.5",1,0.24295,0,0.24295,0.24295,0.24295,0,0.042806758985684,0.5646260377971,1,0.00954325507001179,0.0387917215412468,0.0381361423521958,1
"Mphosph9","Mphosph9","NM_001277867","Midbrain","14.5",5,0.2692,0.72825,-0.45905,-0.4591,-0.459,0.000100000000000211,0.0428111807362996,0.564684361192502,-1,0.00238048518623157,0.0119206572181421,0.00475167281097521,0.224878121829529
"Ltbp1","Ltbp1","NM_019919","Midbrain","10.5",1,0.75705,1,-0.24295,-0.24295,-0.24295,0,0.042822342251779,0.564831582855863,-1,0.00954325507001179,0.0387917215412468,0.0381361423521958,1
"Yaf2","Yaf2","NM_024189","Midbrain","15.5",6,0.78835,0.6748,0.11355,0.11355,0.11355,0,0.0429063838110784,0.565940100617121,1,0.00956712608586082,0.0387990348624302,0.0360893208987111,1
"Ankrd27","Ankrd27","NM_145633","Midbrain","15.5",6,0.6143,0.41695,0.19735,0.19735,0.19735,0,0.0429334004577287,0.566296453270631,1,0.00958033831185199,0.0388046092507492,0.0383063207087892,1
"Ankrd27","Ankrd27","NM_178263","Midbrain","15.5",6,0.3857,0.58305,-0.19735,-0.19735,-0.19735,0,0.0429348709808276,0.566315849638178,-1,0.00958033831185199,0.0388046092507492,0.0383063207087892,1
"Sept9","Sept9","NM_017380","Midbrain","15.5",6,0.21055,0.32615,-0.1156,-0.1156,-0.1156,0,0.0429839581908494,0.566963315542113,-1,0.000543791531932143,0.00331857845553789,0.00108758306386429,0.0620907952270361
"Zbed3","Zbed3","NM_001302538","Midbrain","15.5",6,0.5847,0,0.5847,0.5847,0.5847,0,0.0430731077535819,0.568139208451777,1,1.71594446933547e-05,0.000159106917495752,3.43188893867094e-05,0.0029931107395233
"Kif21a","Kif21a","NM_001109042","Midbrain","15.5",6,0.8899,0.6932,0.1967,0.1967,0.1967,1.11022302462516e-16,0.0430731077535819,0.568139208451777,1,1.58680359473118e-13,7.98109895943366e-12,3.17360718946235e-13,1.5036707460803e-10
"Sox6","Sox6","NM_001277327","Midbrain","0",8,0.03595,0.321025,-0.285075,-0.28525,-0.2849,0.000349999999999961,0.0432782658738614,0.570845267478905,-1,0.00131293360363915,0.00717099893061621,0.00262584515173322,0.135655508274404
"Tmem254c","Tmem254c","NM_001270498_2","Midbrain","12.5",3,0.13125,0.322025,-0.190775,-0.18255,-0.199,-0.01645,0.0433209425593441,0.571408177832349,-1,0.0582169509299934,0.16591468518467,0.0870185281551291,1
"Sh3bp5l","Sh3bp5l","NM_001308168","Midbrain","11.5",2,0.15225,0.05155,0.1007,0.1007,0.1007,-6.93889390390723e-18,0.0434577597904926,0.573212812730113,1,0.038947762988715,0.121169207871386,0.0778955259774301,1
"Msra","Msra","NM_001253716","Midbrain","12.5",3,0,0.19465,-0.19465,-0.1947,-0.1946,9.99999999999612e-05,0.0435772530443613,0.57478894238987,-1,0.048835976438426,0.144207912360436,0.0975244840819805,1
"Rcan2","Rcan2","NM_207649","Midbrain","12.5",3,0.48575,0.261525,0.224225,0.2244,0.22405,-0.000349999999999961,0.0436790010156422,0.576131009746509,1,7.72239278543356e-12,2.67768119537344e-10,1.54447855708671e-11,4.9352709952006e-09
"Pum1","Pum1","NM_001159603","Midbrain","14.5",5,0.12825,0.230375,-0.102125,-0.1009,-0.10335,-0.00244999999999995,0.0437336905461137,0.576852370896729,-1,0.005561986016076,0.0246678391430037,0.0110736219188732,0.465271934183538
"Adk","Adk","NM_134079","Midbrain","12.5",3,0.85275,0.7463,0.10645,0.10645,0.10645,0,0.0437778888694016,0.577435351826532,1,1.51233881858983e-05,0.000143016007700117,5.62565202605382e-05,0.00457386917034234
"Clec4a3","Clec4a3","NM_153197","Midbrain","16.5",7,0,1,-1,-1,-1,0,0.0437958509597814,0.577672273849175,-1,0.00985467877512377,0.0396700657464745,0.0394151852260901,1
"Clec4a3","Clec4a3","NM_001204241","Midbrain","16.5",7,1,0,1,1,1,0,0.0437958509597814,0.577672273849175,1,0.00985467877512377,0.0396700657464745,0.0394151852260901,1
"Sgk1","Sgk1","NM_001161850","Midbrain","15.5",6,0.15875,0.0416,0.11715,0.11715,0.11715,1.38777878078145e-17,0.0438129746614926,0.57789813742957,1,1.87480363239705e-10,4.82077316038274e-09,3.74263207362417e-10,8.76563331393514e-08
"Zbtb20","Zbtb20","NM_181058","Midbrain","12.5",3,0.61665,0.493575,0.123075,0.1231,0.12305,-5.000000000005e-05,0.0438232293503014,0.578033397945623,1,0.0295982728231564,0.098596284360689,0.0589678563920644,1
"Upp1","Upp1","NM_001159402","Midbrain","16.5",7,0,0.6292,-0.6292,-0.6292,-0.6292,0,0.043927971438479,0.579414958045935,-1,0.029703299459201,0.0988741829998278,0.0594065989184021,1
"Osbp2","Osbp2","NM_001302630","Midbrain","15.5",6,0,0.34225,-0.34225,-0.34225,-0.34225,0,0.043927971438479,0.579414958045935,-1,0.0148555646799618,0.0559160522534416,0.0323824272229845,1
"Nasp","Nasp","NM_001081475","Midbrain","14.5",5,0.78525,0.66525,0.12,0.12,0.12,0,0.0440937138923307,0.581601119933229,1,0.0298602193663291,0.0992521597964331,0.0597204387326582,1
"March1","March1","NM_001166375","Midbrain","15.5",6,0.1546,0.01005,0.14455,0.14455,0.14455,-5.20417042793042e-18,0.0442479431942283,0.583635422031919,1,0.039981164618257,0.123154604371195,0.0799623292365139,1
"Hmg20b","Hmg20b","NM_001163166","Midbrain","15.5",6,0.1806,0.38145,-0.20085,-0.20085,-0.20085,5.55111512312578e-17,0.0443197479533631,0.584582535002065,-1,0.0300451562881092,0.0997943979177618,0.0600903125762184,1
"Sgms1","Sgms1","NM_001168526","Midbrain","10.5",1,0.08935,0.23895,-0.1496,-0.1496,-0.1496,5.55111512312578e-17,0.04436383187403,0.585164006948236,-1,0.0144262712181077,0.0543896568083021,0.0287494257349838,1
"Tmpo","Tmpo","NM_001080129","Midbrain","16.5",7,0.1649,0.29905,-0.13415,-0.13415,-0.13415,5.55111512312578e-17,0.0444598312824244,0.586430250104153,-1,9.13843145189631e-10,2.02060873214152e-08,1.82768629037926e-09,3.69309363269828e-07
"Dedd","Dedd","NM_011615","Midbrain","16.5",7,0.04085,0.1464,-0.10555,-0.10555,-0.10555,-2.77555756156289e-17,0.0444598312824244,0.586430250104153,-1,0.00667945218277308,0.0286253301877831,0.0402578675205719,1
"Lingo2","Lingo2","NM_001165999","Midbrain","11.5",2,0.79935,0.435,0.36435,0.36435,0.36435,-5.55111512312578e-17,0.0445369704047784,0.587447723934125,1,6.73706166031206e-14,4.00461444405822e-12,1.34741233206241e-13,7.30812147427169e-11
"Dedd","Dedd","NM_001128609","Midbrain","16.5",7,0.95915,0.8536,0.10555,0.10555,0.10555,0,0.0445762193392489,0.58796542186041,1,0.00667945218277308,0.0286253301877831,0.0402578675205719,1
"Creb3l4","Creb3l4","NM_030080","Midbrain","0",8,0.32695,1,-0.67305,-0.67305,-0.67305,1.11022302462516e-16,0.0448188214567884,0.591165371485966,-1,0.0178656716802697,0.0648977613338052,0.0609710706851635,1
"Far1","Far1","NM_001285831","Midbrain","15.5",6,0.1943,0.0587,0.1356,0.1356,0.1356,1.38777878078145e-17,0.044858476303333,0.591688423438846,1,0.0101744199269124,0.0408136021082191,0.0357680704453738,1
"Mitf","Mitf","NM_001178049","Midbrain","14.5",5,0,0.2767,-0.2767,-0.2767,-0.2767,-5.55111512312578e-17,0.0450382982964147,0.594060296055889,-1,0.00304171097823634,0.0146546433130397,0.00775736800471779,0.339955885042071
"Tle4","Tle4","NM_001302947","Midbrain","12.5",3,0.04655,0.199375,-0.152825,-0.1528,-0.15285,-5.00000000000222e-05,0.0450740846303719,0.594532321886115,-1,0.0409220977662016,0.125452405543138,0.0817358562618548,1
"Mitf","Mitf","NM_001178049","Midbrain","0",8,0,0.27725,-0.27725,-0.27725,-0.27725,-5.55111512312578e-17,0.0453342578475713,0.597964036322084,-1,0.00304171097823634,0.0146546433130397,0.00775736800471779,0.339955885042071
"Pank4","Pank4","NM_172990","Midbrain","12.5",3,0.5339,0.71305,-0.17915,-0.1791,-0.1792,-9.9999999999878e-05,0.0453645046802213,0.598362995497686,-1,0.0105702806491828,0.0421797511170966,0.0210681501161001,0.798942808650706
"Ampd2","Ampd2","NM_001289719","Midbrain","15.5",6,0.3786,0.14925,0.22935,0.22935,0.22935,0,0.0455339950523693,0.600598592855165,1,7.91758377697776e-08,1.14679686541858e-06,1.57956774519134e-07,2.08690411181666e-05
"Cdh8","Cdh8","NM_001285914","Midbrain","12.5",3,0.54845,0,0.54845,0.54845,0.54845,0,0.0456008380078072,0.601480259068116,1,0.0112383035256879,0.044190477007795,0.0224766070513758,0.843815006907814
"Rasgrf1","Rasgrf1","NM_001039655","Midbrain","15.5",6,0,0.91335,-0.91335,-0.91335,-0.91335,0,0.0457061383239971,0.602869182259637,-1,0.0104141492769865,0.0417021533165067,0.0416508181638386,1
"Rasgrf1","Rasgrf1","NM_011245","Midbrain","15.5",6,1,0.08665,0.91335,0.91335,0.91335,0,0.0457061383239971,0.602869182259637,1,0.0104141492769865,0.0417021533165067,0.0416508181638386,1
"Pex3","Pex3","NM_001164195","Midbrain","11.5",2,0.1283,0.345975,-0.217675,-0.2177,-0.21765,5.00000000001055e-05,0.0457061383239971,0.602869182259637,-1,0.0104285143874422,0.0417231733840236,0.0415932953547037,1
"Pex3","Pex3","NM_019961","Midbrain","11.5",2,0.8717,0.654025,0.217675,0.2177,0.21765,-5.00000000001055e-05,0.0457531421617995,0.603489168246161,1,0.0104285143874422,0.0417231733840236,0.0415932953547037,1
"Lnx1","Lnx1","NM_001159577","Midbrain","15.5",6,0.21825,0.00595,0.2123,0.2123,0.2123,0,0.0462221849086731,0.609675895622865,1,0.0263754857961331,0.0902246625477586,0.0647025309689904,1
"Sept9","Sept9","NM_001113488","Midbrain","13.5",4,0.67305,0.54225,0.1308,0.1308,0.1308,0,0.0462471450829142,0.610005123170532,1,0.000543791531932143,0.00331857845553789,0.00108758306386429,0.0620907952270361
"Celf2","Celf2","NM_001160292","Midbrain","15.5",6,0.12885,0,0.12885,0.12885,0.12885,0,0.0462669064352285,0.610265777663495,1,4.37950392513169e-27,2.00449894653278e-23,8.75900785026338e-27,3.61055319139331e-22
"March8","March8","NM_001302384","Midbrain","15.5",6,0.2503,0.07605,0.17425,0.17425,0.17425,0,0.0463186760172344,0.610948624360115,1,0.0248429218143779,0.0859456184009128,0.0846665580629803,1
"Gria1","Gria1","NM_008165","Midbrain","15.5",6,0,0.38065,-0.38065,-0.38065,-0.38065,0,0.0463629640424335,0.611532788468367,-1,0.0317914292862672,0.103981794746385,0.0635828585725345,1
"Rbms1","Rbms1","NM_020296","Midbrain","15.5",6,0.4417,0.55235,-0.11065,-0.11065,-0.11065,0,0.0463675127981105,0.611592787075028,-1,0.0318056614911382,0.103981794746385,0.0636113229822764,1
"Mtg2","Mtg2","NM_001083329","Midbrain","15.5",6,0.2833,0.4804,-0.1971,-0.1971,-0.1971,0,0.0464180589334167,0.612259496370012,-1,0.0424686115607165,0.12924124675093,0.0849372231214328,1
"Cacna1c","Cacna1c","NM_009781","Midbrain","15.5",6,0.62645,0.0135,0.61295,0.61295,0.61295,0,0.0466003359409614,0.614663750908084,1,0.0853452185915635,0.222329746530987,0.170690437183127,1
"Ctnna3","Ctnna3","NM_001164376","Midbrain","13.5",4,0,1,-1,-1,-1,0,0.0468893306982137,0.618475624747588,-1,0.00824695398095196,0.0343773300280666,0.0164939079619039,0.649996045114412
"Ctnna3","Ctnna3","NM_001164376","Midbrain","14.5",5,0,1,-1,-1,-1,0,0.0468893306982137,0.618475624747588,-1,0.00824695398095196,0.0343773300280666,0.0164939079619039,0.649996045114412
"Magi2","Magi2","NM_015823","Midbrain","15.5",6,0,0.525375,-0.525375,-0.5255,-0.52525,0.000250000000000083,0.0469622851487867,0.619437902279051,-1,1.06994886661346e-12,4.53440366897205e-11,2.13989773322692e-12,8.40083687019681e-10
"Lima1","Lima1","NM_023063","Midbrain","12.5",3,0.361,0.71005,-0.34905,-0.34905,-0.34905,-1.11022302462516e-16,0.0472204678858168,0.622843362054357,-1,0.000179855171367437,0.00124916103087824,0.00071645197072589,0.0431767363589751
"Epb4.1","Epb4.1","NM_001128606","Midbrain","16.5",7,0.85035,0.6974,0.15295,0.1529,0.153,9.9999999999989e-05,0.0472771922995726,0.623591563547397,1,5.29040605826545e-12,1.8917334788032e-10,1.05588095033885e-11,3.48195996637924e-09
"Lima1","Lima1","NM_001113545","Midbrain","12.5",3,0.639,0.28995,0.34905,0.34905,0.34905,0,0.0473154720664403,0.624096478042361,1,0.000179855171367437,0.00124916103087824,0.00071645197072589,0.0431767363589751
"Otof","Otof","NM_031875","Midbrain","15.5",6,0,0.453075,-0.453075,-0.45315,-0.453,0.000150000000000095,0.0474358429948827,0.625684184329938,-1,0.0327658623099589,0.106285862361929,0.065455686725749,1
"Arhgef3","Arhgef3","NM_001289687","Midbrain","14.5",5,0.90775,0.599125,0.308625,0.3086,0.30865,4.99999999999945e-05,0.0475021688931629,0.626559030499951,1,0.00516549366484812,0.0232070054469507,0.0179420418284901,0.699044831492239
"Plp1","Plp1","NM_011123","Midbrain","16.5",7,0.0873,0.41815,-0.33085,-0.33085,-0.33085,-1.66533453693773e-16,0.0475428046544394,0.627095020830125,-1,0.000283334764554349,0.00187402199041222,0.00112661225093945,0.063845503291668
"Zfp62","Zfp62","NM_001024846","Midbrain","15.5",6,0.1116,0.25155,-0.13995,-0.13995,-0.13995,0,0.0476095070271307,0.627974832740598,-1,0.0111693454694978,0.0439949175678927,0.0439086162116479,1
"Plp1","Plp1","NM_001290561","Midbrain","16.5",7,0.9127,0.58185,0.33085,0.33085,0.33085,0,0.0476493307408569,0.628500112070881,1,0.000283334764554349,0.00187402199041222,0.00112661225093945,0.063845503291668
"Pdp1","Pdp1","NM_001098230","Midbrain","15.5",6,0.46035,0.72315,-0.2628,-0.2628,-0.2628,0,0.0476493307408569,0.628500112070881,-1,2.11320530160349e-05,0.00019114902500868,4.22641060320699e-05,0.00357735103208704
"B4galnt1","B4galnt1","NM_027739","Midbrain","15.5",6,0.36615,0.17625,0.1899,0.1899,0.1899,2.77555756156289e-17,0.0476493307408569,0.628500112070881,1,1.97085879480433e-07,2.66095006012372e-06,3.94171758960866e-07,4.89402578947874e-05
"Nuak2","Nuak2","NM_028778","Midbrain","15.5",6,1,0.82955,0.17045,0.17045,0.17045,0,0.0476493307408569,0.628500112070881,1,0.0110802153791318,0.0437190911985226,0.044044320258186,1
"Uba3","Uba3","NM_001301859","Midbrain","12.5",3,0.1847,0.0201,0.1646,0.1646,0.1646,0,0.0477344672276344,0.62962307205057,1,0.0552521328383413,0.15925000755736,0.110504265676683,1
"C130046K22Rik","C130046K22Rik","NR_102396","Midbrain","0",8,0.16715,0.2865,-0.11935,-0.11935,-0.11935,-1.11022302462516e-16,0.0477344672276344,0.62962307205057,-1,0.0331609059501394,0.107339085243131,0.0663218119002787,1
"Dhx32","Dhx32","NM_001286030","Midbrain","13.5",4,0.1955,0.0687,0.1268,0.1268,0.1268,-1.38777878078145e-17,0.047761549613171,0.629980291807497,1,0.0190524547047843,0.0688264287164938,0.0664109470170633,1
"Atg9a","Atg9a","NM_001288612","Midbrain","11.5",2,0.612,0.38985,0.22215,0.2222,0.2221,-9.9999999999989e-05,0.0477637001328609,0.630008657407708,1,0.0442874094225441,0.133182308099201,0.0881780394072232,1
"Speg","Speg","NM_001085371","Midbrain","0",8,0.2206,0.11525,0.10535,0.10535,0.10535,1.38777878078145e-17,0.0477649656940106,0.630025350303747,1,3.52675894300239e-14,2.33941676552492e-12,7.05351788600477e-14,4.21381546913519e-11
"Nuak2","Nuak2","NM_001195025","Midbrain","15.5",6,0,0.17045,-0.17045,-0.17045,-0.17045,0,0.0477668523852567,0.630050235976665,-1,0.0110802153791318,0.0437190911985226,0.044044320258186,1
"Oprm1","Oprm1","NM_001304938","Midbrain","13.5",4,0,0.477725,-0.477725,-0.4777,-0.47775,-4.9999999999939e-05,0.0477743420102841,0.630149024985785,-1,0.000103903511135067,0.000768870906762927,0.000207807022270134,0.0145186768669183
"Dach2","Dach2","NM_033605","Midbrain","15.5",6,0.3129,0.69675,-0.38385,-0.38385,-0.38385,1.11022302462516e-16,0.0477743420102841,0.630149024985785,-1,0.000374089481291326,0.00238801611697406,0.000745739779280032,0.0448107307343489
"Eml4","Eml4","NM_199466","Midbrain","15.5",6,0.08715,0.32165,-0.2345,-0.2345,-0.2345,0,0.0477743420102841,0.630149024985785,-1,2.26171802878512e-10,5.68784803173048e-09,4.51601641319676e-10,1.03419358243626e-07
"Myc","Myc","NM_001177353","Midbrain","12.5",3,0,0.1606,-0.1606,-0.1644,-0.1568,0.0076,0.0477743420102841,0.630149024985785,-1,0.0443777569972489,0.133278867307355,0.076398529517709,1
"Zfp62","Zfp62","NM_009562","Midbrain","15.5",6,0.8884,0.74845,0.13995,0.13995,0.13995,0,0.0480105416352005,0.63326452500274,1,0.0111693454694978,0.0439949175678927,0.0439086162116479,1
"Zfp185","Zfp185","NM_001109043","Midbrain","16.5",7,1,0.2115,0.7885,0.7885,0.7885,0,0.0480665487525118,0.634003265273792,1,0.00559502768494125,0.0246947364647793,0.0293171951223601,1
"Zfp185","Zfp185","NM_009549","Midbrain","16.5",7,0,0.7885,-0.7885,-0.7885,-0.7885,-2.22044604925031e-16,0.0480665487525118,0.634003265273792,-1,0.00559502768494125,0.0246947364647793,0.0293171951223601,1
"Naa60","Naa60","NM_029090","Midbrain","13.5",4,0.84215,0.9546,-0.11245,-0.11245,-0.11245,0,0.0480811914001012,0.634196403467086,-1,0.01153448869019,0.0451611246663811,0.0447892219960994,1
"Treml1","Treml1","NM_001289457","Midbrain","14.5",5,0,1,-1,-1,-1,0,0.0481225570856927,0.634742021582302,-1,0.0336323503543692,0.10871134715533,0.0672647007087384,1
"Apbb1","Apbb1","NM_001253885","Midbrain","10.5",1,0.1975,0,0.1975,0.1975,0.1975,0,0.0482563438339785,0.63650668406515,1,0.0449986454605893,0.134966448409644,0.0899972909211787,1
"Cyhr1","Cyhr1","NM_001276333","Midbrain","14.5",5,0.59725,0.80045,-0.2032,-0.2032,-0.2032,0,0.0483386740288536,0.637592628734284,-1,0.0150875918486495,0.0565808732038037,0.0301751836972986,1
"Midn","Midn","NM_021565","Midbrain","15.5",6,0.49385,0.31435,0.1795,0.1795,0.1795,5.55111512312578e-17,0.0485481844174264,0.640356094677052,1,0.0116474371787088,0.0454866211322099,0.0453405988527375,1
"Cbfa2t3","Cbfa2t3","NM_009824","Midbrain","15.5",6,0.4104,0,0.4104,0.4104,0.4104,0,0.0485613991141626,0.640530398035579,1,0.0340263442462861,0.109213588790499,0.0680526884925723,1
"Rnpc3","Rnpc3","NM_026043","Midbrain","0",8,0.52945,0.68815,-0.1587,-0.1587,-0.1587,2.22044604925031e-16,0.0486470741312388,0.641660461291386,-1,0.0170548472522496,0.0625982645337182,0.051491429468435,1
"Gpr12","Gpr12","NM_008151","Midbrain","12.5",3,0.46985,1,-0.53015,-0.53015,-0.53015,0,0.0488144094372897,0.643867633081025,-1,0.00399105026861543,0.0184329334807798,0.0159574083955821,0.632481537358389
"Gpr12","Gpr12","NM_001010941","Midbrain","12.5",3,0.53015,0,0.53015,0.53015,0.53015,0,0.0488162786876866,0.643892288707152,1,0.00399105026861543,0.0184329334807798,0.0159574083955821,0.632481537358389
"Marveld3","Marveld3","NM_028584","Midbrain","15.5",6,0.84605,0.1701,0.67595,0.67595,0.67595,0,0.0489596981244382,0.645784007450521,1,0.0114692271564674,0.0449825644345768,0.0458422674777035,1
"Slc16a10","Slc16a10","NM_028247","Midbrain","13.5",4,0.21385,0.0451,0.16875,0.16875,0.16875,-1.38777878078145e-17,0.0489596981244382,0.645784007450521,1,0.000387048199053174,0.00245703135515448,0.00153761871815997,0.0835075444226215
"Marveld3","Marveld3","NM_212447","Midbrain","15.5",6,0.15395,0.8299,-0.67595,-0.67595,-0.67595,0,0.0489799782727744,0.646051504922238,-1,0.0114692271564674,0.0449825644345768,0.0458422674777035,1
"Rapgef4","Rapgef4","NM_001204166","Midbrain","15.5",6,0.48175,0.15225,0.3295,0.3295,0.3295,0,0.0491079978257681,0.647740097440806,1,8.09543669511792e-09,1.44174372581925e-07,1.61908733902358e-08,2.63796231713569e-06
"Slc16a10","Slc16a10","NM_001114332","Midbrain","13.5",4,0.78615,0.9549,-0.16875,-0.16875,-0.16875,0,0.0491384652027093,0.648141965620785,-1,0.000387048199053174,0.00245703135515448,0.00153761871815997,0.0835075444226215
"Naa60","Naa60","NM_001290689","Midbrain","13.5",4,0.15785,0.0454,0.11245,0.11245,0.11245,0,0.0491831697956423,0.648731624305002,1,0.01153448869019,0.0451611246663811,0.0447892219960994,1
"Gnl3","Gnl3","NR_104298","Midbrain","15.5",6,0.04895,0.2268,-0.17785,-0.17785,-0.17785,0,0.0491832710392777,0.648732959720111,-1,0.0115524551895728,0.0451928097458759,0.0461537670070589,1
"Gnl3","Gnl3","NM_153547","Midbrain","15.5",6,0.95105,0.7732,0.17785,0.17785,0.17785,0,0.0492262405473644,0.64929973243713,1,0.0115524551895728,0.0451928097458759,0.0461537670070589,1
"Eef1d","Eef1d","NM_029663","Midbrain","0",8,0.5391,0.35775,0.18135,0.18135,0.18135,5.55111512312578e-17,0.0492361214900688,0.649430063199398,1,2.73306057274176e-17,5.7516018460452e-15,5.46612114548353e-17,1.03599278197588e-13
"Trim32","Trim32","NM_001161782","Midbrain","16.5",7,0.1823,0.286325,-0.104025,-0.10405,-0.104,5.00000000001055e-05,0.0492904705708284,0.650146933779054,-1,0.00266437802477759,0.0130846118233981,0.00999358067042951,0.424248899607569
"Cenpl","Cenpl","NR_131030","Midbrain","14.5",5,0.038,0.3091,-0.2711,-0.27115,-0.27105,9.9999999999989e-05,0.0494731238227585,0.652556151023521,-1,0.0156019774172877,0.0581043536525028,0.0312039548345753,1
"Midn","Midn","NM_001305798","Midbrain","15.5",6,0.50615,0.68565,-0.1795,-0.1795,-0.1795,1.11022302462516e-16,0.0495339278420232,0.653358162978947,-1,0.0116474371787088,0.0454866211322099,0.0453405988527375,1
"Mitf","Mitf","NM_001113198","Midbrain","14.5",5,1,0.6588,0.3412,0.3412,0.3412,0,0.0495531537064572,0.653611754325637,1,0.00304171097823634,0.0146546433130397,0.00775736800471779,0.339955885042071
"Aldh7a1","Aldh7a1","NM_138600","Midbrain","15.5",6,0.556,0.33135,0.22465,0.22465,0.22465,0,0.049693715051471,0.655465774512709,1,0.0117541558181177,0.045761968186702,0.0467995137035025,1
"Aldh7a1","Aldh7a1","NM_001127338","Midbrain","15.5",6,0.444,0.66865,-0.22465,-0.22465,-0.22465,-1.11022302462516e-16,0.0498819353705304,0.657948422008141,-1,0.0117541558181177,0.045761968186702,0.0467995137035025,1
"Zfp219","Zfp219","NM_001253696","Midbrain","14.5",5,0,0.109525,-0.109525,-0.1095,-0.10955,-4.99999999999945e-05,0.0498819846899679,0.657949072537152,-1,0.00955937148742854,0.0387990348624302,0.0190232845205727,0.732859222801656
